split,dataset,subtask,set,num_of_retained_feature,num_of_compounds,postives,negtives,negtives/postives,tn,fp,fn,tp,se,sp,acc,mcc,auc_prc,auc_roc
1,sider,SIDER1,tr,104,1366,595,511,0.8588235294117647,508,3,4,591,0.9932773109243698,0.9941291585127201,0.9936708860759493,0.9872717229992052,0.9997162282506097,0.9996464339160323
1,sider,SIDER1,va,104,1366,62,61,0.9838709677419355,44,17,20,42,0.6774193548387096,0.7213114754098361,0.6991869918699187,0.3990474927711889,0.707365467520368,0.7440507667900581
1,sider,SIDER1,te,104,1366,77,60,0.7792207792207793,37,23,21,56,0.7272727272727273,0.6166666666666667,0.6788321167883211,0.34536264917244347,0.8324575357963077,0.7781385281385281
2,sider,SIDER1,tr,104,1366,597,509,0.8525963149078727,421,88,73,524,0.8777219430485762,0.8271119842829077,0.8544303797468354,0.7066326041172364,0.9474711125081703,0.9362628466497518
2,sider,SIDER1,va,104,1366,64,59,0.921875,38,21,15,49,0.765625,0.6440677966101694,0.7073170731707317,0.41332089970587543,0.7857041429582187,0.7705243644067796
2,sider,SIDER1,te,104,1366,73,64,0.8767123287671232,39,25,19,54,0.7397260273972602,0.609375,0.6788321167883211,0.3525128896061582,0.8119550171723318,0.7696917808219177
3,sider,SIDER1,tr,104,1366,599,507,0.8464106844741235,473,34,30,569,0.9499165275459098,0.9329388560157791,0.9421338155515371,0.8834140699729502,0.9867554965256401,0.9838833954025942
3,sider,SIDER1,va,104,1366,63,60,0.9523809523809523,38,22,20,43,0.6825396825396826,0.6333333333333333,0.6585365853658537,0.3162916681652619,0.7920370163492279,0.751984126984127
3,sider,SIDER1,te,104,1366,72,65,0.9027777777777778,45,20,24,48,0.6666666666666666,0.6923076923076923,0.6788321167883211,0.3585150185955868,0.7711541961499944,0.7636752136752136
4,sider,SIDER1,tr,104,1366,601,505,0.8402662229617305,503,2,6,595,0.9900166389351082,0.996039603960396,0.9927667269439421,0.9854589890667966,0.9999152919848692,0.9998995074216239
4,sider,SIDER1,va,104,1366,65,58,0.8923076923076924,37,21,16,49,0.7538461538461538,0.6379310344827587,0.6991869918699187,0.39493249181275886,0.7122837670747706,0.7437665782493369
4,sider,SIDER1,te,104,1366,68,69,1.0147058823529411,39,30,18,50,0.7352941176470589,0.5652173913043478,0.6496350364963503,0.30482998843095555,0.6972985216338234,0.7393435635123615
5,sider,SIDER1,tr,104,1366,596,510,0.8557046979865772,464,46,33,563,0.9446308724832215,0.9098039215686274,0.9285714285714286,0.8562494440064106,0.9880029054014936,0.984892749045927
5,sider,SIDER1,va,104,1366,62,61,0.9838709677419355,39,22,21,41,0.6612903225806451,0.639344262295082,0.6504065040650406,0.3007141073172384,0.7383765454189866,0.7554204124801692
5,sider,SIDER1,te,104,1366,76,61,0.8026315789473685,32,29,22,54,0.7105263157894737,0.5245901639344263,0.6277372262773723,0.23912162765219128,0.7247169236651066,0.6655522001725626
6,sider,SIDER1,tr,104,1366,609,497,0.8160919540229885,489,8,7,602,0.9885057471264368,0.9839034205231388,0.9864376130198915,0.9725907382110599,0.9994542012523806,0.9993160936059707
6,sider,SIDER1,va,104,1366,61,62,1.0163934426229508,45,17,12,49,0.8032786885245902,0.7258064516129032,0.7642276422764228,0.530489669128814,0.8142630280871105,0.8381808566895823
6,sider,SIDER1,te,104,1366,64,73,1.140625,38,35,21,43,0.671875,0.5205479452054794,0.5912408759124088,0.1938808734168059,0.5904840708082186,0.6367722602739727
7,sider,SIDER1,tr,104,1366,582,524,0.9003436426116839,523,1,3,579,0.9948453608247423,0.9980916030534351,0.9963833634719711,0.9927546852160289,0.9997748253510041,0.9997180032003358
7,sider,SIDER1,va,104,1366,73,50,0.684931506849315,34,16,22,51,0.6986301369863014,0.68,0.6910569105691057,0.37344804990720704,0.8161085597400526,0.7797260273972603
7,sider,SIDER1,te,104,1366,79,58,0.7341772151898734,38,20,25,54,0.6835443037974683,0.6551724137931034,0.6715328467153284,0.33579794953667386,0.7521424276109123,0.7053688345700567
8,sider,SIDER1,tr,104,1366,598,508,0.8494983277591973,502,6,12,586,0.979933110367893,0.9881889763779528,0.9837251356238698,0.9673199917841367,0.9988571934330273,0.9985516024543755
8,sider,SIDER1,va,104,1366,60,63,1.05,41,22,11,49,0.8166666666666667,0.6507936507936508,0.7317073170731707,0.4729985434894224,0.7046601764623981,0.7748677248677249
8,sider,SIDER1,te,104,1366,76,61,0.8026315789473685,36,25,14,62,0.8157894736842105,0.5901639344262295,0.7153284671532847,0.4190861196065333,0.7031476060249116,0.7288610871440896
9,sider,SIDER1,tr,104,1366,594,512,0.8619528619528619,479,33,44,550,0.9259259259259259,0.935546875,0.930379746835443,0.8603687967023833,0.9838486260463456,0.9799985532407407
9,sider,SIDER1,va,104,1366,67,56,0.835820895522388,39,17,23,44,0.6567164179104478,0.6964285714285714,0.6747967479674797,0.35174157278148427,0.7750470828926562,0.746002132196162
9,sider,SIDER1,te,104,1366,73,64,0.8767123287671232,37,27,20,53,0.726027397260274,0.578125,0.656934306569343,0.3078649440832159,0.6539276221502882,0.6660958904109588
10,sider,SIDER1,tr,104,1366,598,508,0.8494983277591973,496,12,18,580,0.9698996655518395,0.9763779527559056,0.972875226039783,0.9454936216192964,0.9976870037377581,0.9971443525662971
10,sider,SIDER1,va,104,1366,70,53,0.7571428571428571,38,15,19,51,0.7285714285714285,0.7169811320754716,0.7235772357723578,0.4424625349447097,0.8174112245744104,0.7830188679245282
10,sider,SIDER1,te,104,1366,66,71,1.0757575757575757,41,30,11,55,0.8333333333333334,0.5774647887323944,0.7007299270072993,0.42297866001403445,0.7069243705427979,0.763764404609475
11,sider,SIDER1,tr,104,1366,602,504,0.8372093023255814,501,3,8,594,0.9867109634551495,0.9940476190476191,0.9900542495479204,0.9800078949745323,0.9996999078410431,0.9996209724199757
11,sider,SIDER1,va,104,1366,64,59,0.921875,35,24,18,46,0.71875,0.5932203389830508,0.6585365853658537,0.3147330445077707,0.6760916286125493,0.7110699152542372
11,sider,SIDER1,te,104,1366,68,69,1.0147058823529411,38,31,14,54,0.7941176470588235,0.5507246376811594,0.6715328467153284,0.35529441513685756,0.7315860091142596,0.7446717817561808
12,sider,SIDER1,tr,104,1366,590,516,0.8745762711864407,514,2,5,585,0.9915254237288136,0.9961240310077519,0.9936708860759493,0.987304133802636,0.9999299042233293,0.9999195243726186
12,sider,SIDER1,va,104,1366,65,58,0.8923076923076924,40,18,18,47,0.7230769230769231,0.6896551724137931,0.7073170731707317,0.41273209549071604,0.7912779873897007,0.783289124668435
12,sider,SIDER1,te,104,1366,79,58,0.7341772151898734,38,20,23,56,0.7088607594936709,0.6551724137931034,0.6861313868613139,0.36190683910410343,0.8150147723503652,0.7826276735050197
13,sider,SIDER1,tr,104,1366,592,514,0.8682432432432432,513,1,3,589,0.9949324324324325,0.9980544747081712,0.9963833634719711,0.9927389882500611,0.9999758253321398,0.9999720659375329
13,sider,SIDER1,va,104,1366,72,51,0.7083333333333334,40,11,21,51,0.7083333333333334,0.7843137254901961,0.7398373983739838,0.4854298387490222,0.7975939208502688,0.8017429193899782
13,sider,SIDER1,te,104,1366,70,67,0.9571428571428572,44,23,23,47,0.6714285714285714,0.6567164179104478,0.6642335766423357,0.32814498933901914,0.6833815110236812,0.7164179104477612
14,sider,SIDER1,tr,104,1366,610,496,0.8131147540983606,494,2,5,605,0.9918032786885246,0.9959677419354839,0.9936708860759493,0.9872278944949188,0.9999304806516484,0.9999140666314119
14,sider,SIDER1,va,104,1366,61,62,1.0163934426229508,42,20,15,46,0.7540983606557377,0.6774193548387096,0.7154471544715447,0.4326632383899173,0.7570498872661201,0.7776308831306187
14,sider,SIDER1,te,104,1366,63,74,1.1746031746031746,39,35,21,42,0.6666666666666666,0.527027027027027,0.5912408759124088,0.1945721276501669,0.6446034406904145,0.6696696696696697
15,sider,SIDER1,tr,104,1366,593,513,0.8650927487352446,503,10,18,575,0.96964586846543,0.9805068226120858,0.9746835443037974,0.9492544402307798,0.9984053975274139,0.9981394370317774
15,sider,SIDER1,va,104,1366,65,58,0.8923076923076924,38,20,18,47,0.7230769230769231,0.6551724137931034,0.6910569105691057,0.37915556578288695,0.7286610960475957,0.7278514588859416
15,sider,SIDER1,te,104,1366,76,61,0.8026315789473685,50,11,26,50,0.6578947368421053,0.819672131147541,0.7299270072992701,0.47756686798964615,0.8022703569865733,0.7812769628990509
1,sider,SIDER2,tr,104,1366,762,344,0.45144356955380577,305,39,132,630,0.8267716535433071,0.8866279069767442,0.8453887884267631,0.6755161976078865,0.9724433219118662,0.9401952481230543
1,sider,SIDER2,va,104,1366,82,41,0.5,20,21,23,59,0.7195121951219512,0.4878048780487805,0.6422764227642277,0.20495319942242507,0.7620407757607288,0.6387566924449732
1,sider,SIDER2,te,104,1366,112,25,0.22321428571428573,11,14,43,69,0.6160714285714286,0.44,0.583941605839416,0.04431846507559197,0.8704676735859089,0.5657142857142857
2,sider,SIDER2,tr,104,1366,784,322,0.4107142857142857,321,1,12,772,0.9846938775510204,0.9968944099378882,0.9882459312839059,0.9720832752615095,0.9997843772253484,0.9994295854987958
2,sider,SIDER2,va,104,1366,78,45,0.5769230769230769,17,28,13,65,0.8333333333333334,0.37777777777777777,0.6666666666666666,0.2367895586835558,0.7668119008076513,0.6883190883190883
2,sider,SIDER2,te,104,1366,94,43,0.4574468085106383,17,26,13,81,0.8617021276595744,0.3953488372093023,0.7153284671532847,0.2884462364254833,0.8358923320685192,0.7093023255813954
3,sider,SIDER2,tr,104,1366,768,338,0.4401041666666667,297,41,162,606,0.7890625,0.878698224852071,0.8164556962025317,0.6243115203183786,0.9593105049294886,0.9117626664201184
3,sider,SIDER2,va,104,1366,86,37,0.43023255813953487,20,17,27,59,0.686046511627907,0.5405405405405406,0.6422764227642277,0.21385994557082216,0.7604197450797757,0.6016656191074796
3,sider,SIDER2,te,104,1366,102,35,0.3431372549019608,17,18,47,55,0.5392156862745098,0.4857142857142857,0.5255474452554745,0.021792370883520554,0.8000141342255922,0.5546218487394958
4,sider,SIDER2,tr,104,1366,782,324,0.4143222506393862,316,8,50,732,0.9360613810741688,0.9753086419753086,0.9475587703435805,0.8814835634554701,0.9965702335433921,0.9911097691894794
4,sider,SIDER2,va,104,1366,87,36,0.41379310344827586,23,13,20,67,0.7701149425287356,0.6388888888888888,0.7317073170731707,0.39026448546853,0.8401549314401648,0.76213282247765
4,sider,SIDER2,te,104,1366,87,50,0.5747126436781609,23,27,16,71,0.8160919540229885,0.46,0.6861313868613139,0.29454593778673815,0.7948216120775111,0.6864367816091954
5,sider,SIDER2,tr,104,1366,770,336,0.43636363636363634,330,6,64,706,0.9168831168831169,0.9821428571428571,0.9367088607594937,0.8633743315985186,0.9953246660386008,0.9883735312306741
5,sider,SIDER2,va,104,1366,90,33,0.36666666666666664,18,15,25,65,0.7222222222222222,0.5454545454545454,0.6747967479674797,0.24871941222655441,0.7678510658603444,0.6265993265993266
5,sider,SIDER2,te,104,1366,96,41,0.4270833333333333,14,27,26,70,0.7291666666666666,0.34146341463414637,0.6131386861313869,0.0711379569424428,0.7881131274798745,0.6219512195121951
6,sider,SIDER2,tr,104,1366,793,313,0.39470365699873894,246,67,90,703,0.8865069356872636,0.7859424920127795,0.8580470162748643,0.6586480182624361,0.9706689656430518,0.9288784854699064
6,sider,SIDER2,va,104,1366,79,44,0.5569620253164557,20,24,17,62,0.7848101265822784,0.45454545454545453,0.6666666666666666,0.25016892061755425,0.7597250261228206,0.6800920598388952
6,sider,SIDER2,te,104,1366,84,53,0.6309523809523809,27,26,16,68,0.8095238095238095,0.5094339622641509,0.6934306569343066,0.3347438539883957,0.7705088943032927,0.6814914645103324
7,sider,SIDER2,tr,104,1366,766,340,0.44386422976501305,265,75,184,582,0.7597911227154047,0.7794117647058824,0.7658227848101266,0.5066408425163492,0.9307833980359077,0.8624846413761328
7,sider,SIDER2,va,104,1366,91,32,0.3516483516483517,19,13,25,66,0.7252747252747253,0.59375,0.6910569105691057,0.2919981801672859,0.8256616875215392,0.6735920329670328
7,sider,SIDER2,te,104,1366,99,38,0.3838383838383838,24,14,37,62,0.6262626262626263,0.631578947368421,0.6277372262773723,0.2322686656665068,0.8117024765445049,0.662280701754386
8,sider,SIDER2,tr,104,1366,784,322,0.4107142857142857,270,52,137,647,0.8252551020408163,0.8385093167701864,0.8291139240506329,0.6252650342716219,0.963842540419455,0.9151825326403854
8,sider,SIDER2,va,104,1366,74,49,0.6621621621621622,29,20,11,63,0.8513513513513513,0.5918367346938775,0.7479674796747967,0.463162015381631,0.7760280716922002,0.7759238830667402
8,sider,SIDER2,te,104,1366,98,39,0.3979591836734694,14,25,29,69,0.7040816326530612,0.358974358974359,0.6058394160583942,0.061315962032349805,0.7478767776827228,0.5478806907378335
9,sider,SIDER2,tr,104,1366,785,321,0.4089171974522293,315,6,44,741,0.9439490445859873,0.9813084112149533,0.9547920433996383,0.8968966724201455,0.9977600501899164,0.9941643351786813
9,sider,SIDER2,va,104,1366,77,46,0.5974025974025974,26,20,20,57,0.7402597402597403,0.5652173913043478,0.6747967479674797,0.30547713156408796,0.7917872692805047,0.7012987012987013
9,sider,SIDER2,te,104,1366,94,43,0.4574468085106383,17,26,20,74,0.7872340425531915,0.3953488372093023,0.6642335766423357,0.1908346994232927,0.7334067949104235,0.5922810489856506
10,sider,SIDER2,tr,104,1366,764,342,0.4476439790575916,338,4,40,724,0.9476439790575916,0.9883040935672515,0.9602169981916817,0.912010623134374,0.9983686112940086,0.9959603961911759
10,sider,SIDER2,va,104,1366,95,28,0.29473684210526313,17,11,25,70,0.7368421052631579,0.6071428571428571,0.7073170731707317,0.30416771911658824,0.9013653822598344,0.7349624060150375
10,sider,SIDER2,te,104,1366,97,40,0.41237113402061853,17,23,19,78,0.8041237113402062,0.425,0.6934306569343066,0.23668675795666322,0.8159368775219559,0.6778350515463918
11,sider,SIDER2,tr,104,1366,784,322,0.4107142857142857,297,25,85,699,0.8915816326530612,0.922360248447205,0.9005424954792043,0.7776396536490205,0.9874013324031778,0.9691243345164153
11,sider,SIDER2,va,104,1366,85,38,0.4470588235294118,16,22,19,66,0.7764705882352941,0.42105263157894735,0.6666666666666666,0.202275861398187,0.7821057539116099,0.6256965944272447
11,sider,SIDER2,te,104,1366,87,50,0.5747126436781609,22,28,24,63,0.7241379310344828,0.44,0.6204379562043796,0.16732235608353876,0.7484321813586998,0.6273563218390804
12,sider,SIDER2,tr,104,1366,773,333,0.4307891332470893,313,20,71,702,0.908150064683053,0.93993993993994,0.9177215189873418,0.8171835158424084,0.9926538620326086,0.9820480247388397
12,sider,SIDER2,va,104,1366,87,36,0.41379310344827586,19,17,21,66,0.7586206896551724,0.5277777777777778,0.6910569105691057,0.2781714308948191,0.8287862004147836,0.704661558109834
12,sider,SIDER2,te,104,1366,96,41,0.4270833333333333,21,20,24,72,0.75,0.5121951219512195,0.6788321167883211,0.2556536407380556,0.8583297134164345,0.7234502032520326
13,sider,SIDER2,tr,104,1366,769,337,0.43823146944083224,330,7,32,737,0.9583875162548765,0.9792284866468842,0.9647377938517179,0.9197342900987925,0.9984254426946979,0.9961740747743612
13,sider,SIDER2,va,104,1366,92,31,0.33695652173913043,19,12,17,75,0.8152173913043478,0.6129032258064516,0.7642276422764228,0.40853571241459274,0.878736147487849,0.7671809256661991
13,sider,SIDER2,te,104,1366,95,42,0.4421052631578947,17,25,22,73,0.7684210526315789,0.40476190476190477,0.656934306569343,0.176948244419858,0.7578073501605647,0.6256892230576441
14,sider,SIDER2,tr,104,1366,773,333,0.4307891332470893,299,34,81,692,0.8952134540750324,0.8978978978978979,0.8960216998191681,0.7661008093044738,0.9828664713316246,0.9618836171229445
14,sider,SIDER2,va,104,1366,83,40,0.4819277108433735,28,12,30,53,0.6385542168674698,0.7,0.6585365853658537,0.317706861435912,0.8486592906781251,0.7460843373493976
14,sider,SIDER2,te,104,1366,100,37,0.37,21,16,34,66,0.66,0.5675675675675675,0.635036496350365,0.20612134065004745,0.8196870670906529,0.6285135135135136
15,sider,SIDER2,tr,104,1366,782,324,0.4143222506393862,256,68,136,646,0.8260869565217391,0.7901234567901234,0.8155515370705244,0.5862903896799836,0.9504800041009097,0.8927666477218907
15,sider,SIDER2,va,104,1366,81,42,0.5185185185185185,22,20,26,55,0.6790123456790124,0.5238095238095238,0.6260162601626016,0.1971653916182285,0.7481067610980077,0.6701940035273368
15,sider,SIDER2,te,104,1366,93,44,0.4731182795698925,25,19,31,62,0.6666666666666666,0.5681818181818182,0.635036496350365,0.22305864115529409,0.7916060574619705,0.6494379276637341
1,sider,SIDER3,tr,104,1366,16,1090,68.125,898,192,0,16,1.0,0.8238532110091743,0.8264014466546112,0.2517405885505606,0.5384615384615384,0.9119266055045872
1,sider,SIDER3,va,104,1366,3,120,40.0,103,17,3,0,0.0,0.8583333333333333,0.8373983739837398,-0.06332009130018756,0.020533994648122583,0.4694444444444444
1,sider,SIDER3,te,104,1366,2,135,67.5,107,28,2,0,0.0,0.7925925925925926,0.781021897810219,-0.06168987358463432,0.009463588524868442,0.3203703703703704
2,sider,SIDER3,tr,104,1366,17,1089,64.05882352941177,904,185,3,14,0.8235294117647058,0.830119375573921,0.8300180831826401,0.20934022115506734,0.4458044202992689,0.8419489007724301
2,sider,SIDER3,va,104,1366,3,120,40.0,104,16,2,1,0.3333333333333333,0.8666666666666667,0.8536585365853658,0.08939307007085304,0.20281884315497758,0.7166666666666666
2,sider,SIDER3,te,104,1366,1,136,136.0,116,20,0,1,1.0,0.8529411764705882,0.8540145985401459,0.20153472777315132,0.5238095238095238,0.9264705882352942
3,sider,SIDER3,tr,104,1366,16,1090,68.125,1077,13,0,16,1.0,0.9880733944954129,0.9882459312839059,0.7383386362574916,0.7658806618970126,0.9980217889908256
3,sider,SIDER3,va,104,1366,3,120,40.0,116,4,3,0,0.0,0.9666666666666667,0.943089430894309,-0.028988551782621573,0.028913092885991552,0.6111111111111112
3,sider,SIDER3,te,104,1366,2,135,67.5,131,4,2,0,0.0,0.9703703703703703,0.9562043795620438,-0.02110825289537605,0.05538720538720539,0.7851851851851852
4,sider,SIDER3,tr,104,1366,18,1088,60.44444444444444,1086,2,0,18,1.0,0.9981617647058824,0.9981916817359855,0.947810945408046,0.9985380116959065,0.9999744689542484
4,sider,SIDER3,va,104,1366,1,122,122.0,120,2,1,0,0.0,0.9836065573770492,0.975609756097561,-0.011639716357534026,0.045454545454545456,0.9180327868852459
4,sider,SIDER3,te,104,1366,2,135,67.5,134,1,2,0,0.0,0.9925925925925926,0.9781021897810219,-0.010437071518084404,0.022400305714157263,0.6962962962962962
5,sider,SIDER3,tr,104,1366,17,1089,64.05882352941177,1049,40,4,13,0.7647058823529411,0.9632690541781451,0.9602169981916817,0.41927861047473464,0.6262888089226535,0.977502295684114
5,sider,SIDER3,va,104,1366,1,122,122.0,117,5,1,0,0.0,0.9590163934426229,0.9512195121951219,-0.01863648839343776,0.038461538461538464,0.9098360655737705
5,sider,SIDER3,te,104,1366,3,134,44.666666666666664,127,7,3,0,0.0,0.9477611940298507,0.927007299270073,-0.03472046812765363,0.019153058628155237,0.45895522388059695
6,sider,SIDER3,tr,104,1366,14,1092,78.0,976,116,4,10,0.7142857142857143,0.8937728937728938,0.891500904159132,0.2139550135368745,0.39076959313715515,0.7821821036106751
6,sider,SIDER3,va,104,1366,2,121,60.5,97,24,2,0,0.0,0.8016528925619835,0.7886178861788617,-0.06330096580207138,0.01335075493612079,0.43595041322314054
6,sider,SIDER3,te,104,1366,5,132,26.4,114,18,4,1,0.2,0.8636363636363636,0.8394160583941606,0.03452705356125011,0.13866309217862283,0.5734848484848485
7,sider,SIDER3,tr,104,1366,18,1088,60.44444444444444,1032,56,2,16,0.8888888888888888,0.9485294117647058,0.9475587703435805,0.4295034238467174,0.7097241963593024,0.9906811683006537
7,sider,SIDER3,va,104,1366,2,121,60.5,115,6,1,1,0.5,0.9504132231404959,0.943089430894309,0.245889962279156,0.1607142857142857,0.9628099173553719
7,sider,SIDER3,te,104,1366,1,136,136.0,126,10,1,0,0.0,0.9264705882352942,0.9197080291970803,-0.024061831729499585,0.004545454545454545,0.19852941176470584
8,sider,SIDER3,tr,104,1366,17,1089,64.05882352941177,950,139,2,15,0.8823529411764706,0.8723599632690542,0.8725135623869801,0.26818923519483784,0.5144721330792895,0.8906714200831848
8,sider,SIDER3,va,104,1366,1,122,122.0,102,20,1,0,0.0,0.8360655737704918,0.8292682926829268,-0.03989481634448529,0.015151515151515152,0.7663934426229508
8,sider,SIDER3,te,104,1366,3,134,44.666666666666664,111,23,2,1,0.3333333333333333,0.8283582089552238,0.8175182481751825,0.06225231230010244,0.18820693689087217,0.5534825870646767
9,sider,SIDER3,tr,104,1366,18,1088,60.44444444444444,1085,3,0,18,1.0,0.9972426470588235,0.9972875226039783,0.9245428122941121,0.9985380116959065,0.9999744689542485
9,sider,SIDER3,va,104,1366,1,122,122.0,122,0,1,0,0.0,1.0,0.991869918699187,0.0,0.02,0.8032786885245902
9,sider,SIDER3,te,104,1366,2,135,67.5,135,0,2,0,0.0,1.0,0.9854014598540146,0.0,0.06748366013071896,0.9074074074074074
10,sider,SIDER3,tr,104,1366,18,1088,60.44444444444444,1072,16,0,18,1.0,0.9852941176470589,0.9855334538878843,0.7222370092828633,0.9969948018193633,0.9999489379084967
10,sider,SIDER3,va,104,1366,2,121,60.5,119,2,2,0,0.0,0.9834710743801653,0.967479674796748,-0.0165289256198333,0.10555555555555556,0.9338842975206612
10,sider,SIDER3,te,104,1366,1,136,136.0,133,3,1,0,0.0,0.9779411764705882,0.9708029197080292,-0.012830357985666504,0.006172839506172839,0.4117647058823529
11,sider,SIDER3,tr,104,1366,18,1088,60.44444444444444,999,89,0,18,1.0,0.9181985294117647,0.9195298372513563,0.3930181980687333,0.4844842387700811,0.9806729983660131
11,sider,SIDER3,va,104,1366,1,122,122.0,111,11,1,0,0.0,0.9098360655737705,0.9024390243902439,-0.028373140975323247,0.02631578947368421,0.8524590163934427
11,sider,SIDER3,te,104,1366,2,135,67.5,125,10,2,0,0.0,0.9259259259259259,0.9124087591240876,-0.0341543679719035,0.01401765303530607,0.42962962962962964
12,sider,SIDER3,tr,104,1366,17,1089,64.05882352941177,904,185,3,14,0.8235294117647058,0.830119375573921,0.8300180831826401,0.20934022115506734,0.4458044202992689,0.8419489007724301
12,sider,SIDER3,va,104,1366,3,120,40.0,104,16,2,1,0.3333333333333333,0.8666666666666667,0.8536585365853658,0.08939307007085304,0.20281884315497758,0.7166666666666666
12,sider,SIDER3,te,104,1366,1,136,136.0,116,20,0,1,1.0,0.8529411764705882,0.8540145985401459,0.20153472777315132,0.5238095238095238,0.9264705882352942
13,sider,SIDER3,tr,104,1366,17,1089,64.05882352941177,947,142,3,14,0.8235294117647058,0.869605142332415,0.8688969258589512,0.2449806871973612,0.34800051710794033,0.8816507319181117
13,sider,SIDER3,va,104,1366,2,121,60.5,106,15,2,0,0.0,0.8760330578512396,0.8617886178861789,-0.04791329788133847,0.01605392156862745,0.5578512396694215
13,sider,SIDER3,te,104,1366,2,135,67.5,109,26,2,0,0.0,0.8074074074074075,0.7956204379562044,-0.05890786707622414,0.009930272291398312,0.35000000000000003
14,sider,SIDER3,tr,104,1366,15,1091,72.73333333333333,1078,13,5,10,0.6666666666666666,0.9880843263061412,0.9837251356238698,0.5307084764735046,0.49250428949787795,0.9746410021387107
14,sider,SIDER3,va,104,1366,3,120,40.0,118,2,3,0,0.0,0.9833333333333333,0.959349593495935,-0.020327890704542377,0.04375503952031477,0.7486111111111111
14,sider,SIDER3,te,104,1366,3,134,44.666666666666664,132,2,3,0,0.0,0.9850746268656716,0.9635036496350365,-0.01821194549027093,0.018545193426812025,0.4601990049751244
15,sider,SIDER3,tr,104,1366,13,1093,84.07692307692308,1089,4,0,13,1.0,0.9963403476669717,0.9963833634719711,0.8728730289604025,0.9190700858970087,0.9992610317404461
15,sider,SIDER3,va,104,1366,2,121,60.5,121,0,2,0,0.0,1.0,0.983739837398374,0.0,0.02483766233766234,0.6900826446280991
15,sider,SIDER3,te,104,1366,6,131,21.833333333333332,130,1,6,0,0.0,0.9923664122137404,0.948905109489051,-0.01835145584815311,0.06800492763296785,0.5992366412213741
1,sider,SIDER4,tr,104,1366,670,436,0.6507462686567164,309,127,242,428,0.6388059701492538,0.7087155963302753,0.666365280289331,0.33965664554507347,0.8171257511398115,0.7576458304806244
1,sider,SIDER4,va,104,1366,84,39,0.4642857142857143,26,13,33,51,0.6071428571428571,0.6666666666666666,0.6260162601626016,0.2550377707866915,0.8509988355240422,0.7289377289377289
1,sider,SIDER4,te,104,1366,99,38,0.3838383838383838,24,14,37,62,0.6262626262626263,0.631578947368421,0.6277372262773723,0.2322686656665068,0.8141194483076831,0.6221424774056353
2,sider,SIDER4,tr,104,1366,704,402,0.5710227272727273,274,128,143,561,0.796875,0.681592039800995,0.7549728752260397,0.4748689172019427,0.8733967147086095,0.8123480608322026
2,sider,SIDER4,va,104,1366,71,52,0.7323943661971831,29,23,15,56,0.7887323943661971,0.5576923076923077,0.6910569105691057,0.35702597547145326,0.6484815610314288,0.6757854821235103
2,sider,SIDER4,te,104,1366,78,59,0.7564102564102564,26,33,16,62,0.7948717948717948,0.4406779661016949,0.6423357664233577,0.2529702949936784,0.6907754190780027,0.6362451108213821
3,sider,SIDER4,tr,104,1366,695,411,0.5913669064748202,293,118,162,533,0.7669064748201438,0.7128953771289538,0.7468354430379747,0.47117152970607495,0.8677986484383751,0.8111624568957972
3,sider,SIDER4,va,104,1366,68,55,0.8088235294117647,38,17,22,46,0.6764705882352942,0.6909090909090909,0.6829268292682927,0.36543070157999125,0.8121163495539908,0.7656417112299465
3,sider,SIDER4,te,104,1366,90,47,0.5222222222222223,27,20,26,64,0.7111111111111111,0.574468085106383,0.6642335766423357,0.278367912574058,0.7808608076926398,0.6726950354609929
4,sider,SIDER4,tr,104,1366,690,416,0.6028985507246377,289,127,196,494,0.7159420289855073,0.6947115384615384,0.7079566003616636,0.4008945399028951,0.8339080873219042,0.7727755713489409
4,sider,SIDER4,va,104,1366,77,46,0.5974025974025974,25,21,26,51,0.6623376623376623,0.5434782608695652,0.6178861788617886,0.20213983814711226,0.7112172886008188,0.6308582721626199
4,sider,SIDER4,te,104,1366,86,51,0.5930232558139535,29,22,30,56,0.6511627906976745,0.5686274509803921,0.6204379562043796,0.21457020348736724,0.7465040220110997,0.6613087095303237
5,sider,SIDER4,tr,104,1366,685,421,0.6145985401459854,281,140,185,500,0.7299270072992701,0.667458432304038,0.7061482820976492,0.3907647126909994,0.8215253913831569,0.7636735613849541
5,sider,SIDER4,va,104,1366,72,51,0.7083333333333334,24,27,23,49,0.6805555555555556,0.47058823529411764,0.5934959349593496,0.1532448617736125,0.6608090928385453,0.6194172113289761
5,sider,SIDER4,te,104,1366,96,41,0.4270833333333333,17,24,29,67,0.6979166666666666,0.4146341463414634,0.6131386861313869,0.10913814536482894,0.7641916046043105,0.5844766260162602
6,sider,SIDER4,tr,104,1366,694,412,0.5936599423631124,202,210,143,551,0.7939481268011528,0.49029126213592233,0.6808318264014467,0.2966270332594869,0.7995508309488537,0.6991935032595619
6,sider,SIDER4,va,104,1366,74,49,0.6621621621621622,20,29,21,53,0.7162162162162162,0.40816326530612246,0.5934959349593496,0.1291706328827807,0.7388275244196614,0.6218974076116933
6,sider,SIDER4,te,104,1366,85,52,0.611764705882353,28,24,22,63,0.7411764705882353,0.5384615384615384,0.6642335766423357,0.28187899057929916,0.8028274855498094,0.6861990950226244
7,sider,SIDER4,tr,104,1366,697,409,0.5868005738880918,324,85,126,571,0.8192252510760402,0.7921760391198044,0.8092224231464737,0.600822540506659,0.9350134418462149,0.8915909258330321
7,sider,SIDER4,va,104,1366,75,48,0.64,27,21,14,61,0.8133333333333334,0.5625,0.7154471544715447,0.388908729652601,0.8218838087445659,0.7566666666666667
7,sider,SIDER4,te,104,1366,81,56,0.691358024691358,31,25,29,52,0.6419753086419753,0.5535714285714286,0.6058394160583942,0.19376088485457968,0.6707101603031618,0.6195987654320988
8,sider,SIDER4,tr,104,1366,688,418,0.6075581395348837,314,104,158,530,0.7703488372093024,0.7511961722488039,0.7631103074141049,0.511279671900426,0.8992234568232902,0.8482825887392902
8,sider,SIDER4,va,104,1366,74,49,0.6621621621621622,30,19,25,49,0.6621621621621622,0.6122448979591837,0.6422764227642277,0.2701925560257876,0.7175882485973984,0.6578874793160507
8,sider,SIDER4,te,104,1366,91,46,0.5054945054945055,27,19,25,66,0.7252747252747253,0.5869565217391305,0.6788321167883211,0.30385391816680396,0.832400489676427,0.7312470138557096
9,sider,SIDER4,tr,104,1366,701,405,0.5777460770328102,315,90,119,582,0.8302425106990015,0.7777777777777778,0.8110307414104883,0.5998947903196876,0.9355214474690736,0.8887849808914954
9,sider,SIDER4,va,104,1366,73,50,0.684931506849315,30,20,21,52,0.7123287671232876,0.6,0.6666666666666666,0.3113917361180114,0.7701011310858554,0.6857534246575342
9,sider,SIDER4,te,104,1366,79,58,0.7341772151898734,20,38,17,62,0.7848101265822784,0.3448275862068966,0.5985401459854015,0.1442640235319031,0.66617462304389,0.6152335224792667
10,sider,SIDER4,tr,104,1366,690,416,0.6028985507246377,304,112,186,504,0.7304347826086957,0.7307692307692307,0.7305605786618445,0.44975488843453837,0.8541164518117915,0.8025536510590858
10,sider,SIDER4,va,104,1366,79,44,0.5569620253164557,31,13,24,55,0.6962025316455697,0.7045454545454546,0.6991869918699187,0.3863451204246814,0.8417736175526112,0.7553222094361335
10,sider,SIDER4,te,104,1366,84,53,0.6309523809523809,31,22,35,49,0.5833333333333334,0.5849056603773585,0.583941605839416,0.16398461242867274,0.6985112499109766,0.590071877807727
11,sider,SIDER4,tr,104,1366,688,418,0.6075581395348837,319,99,130,558,0.811046511627907,0.7631578947368421,0.7929475587703436,0.5669477363291302,0.9151866208319066,0.8697441443195727
11,sider,SIDER4,va,104,1366,70,53,0.7571428571428571,33,20,21,49,0.7,0.6226415094339622,0.6666666666666666,0.3219480287623361,0.7721438391322014,0.698921832884097
11,sider,SIDER4,te,104,1366,95,42,0.4421052631578947,19,23,34,61,0.6421052631578947,0.4523809523809524,0.583941605839416,0.08944937790744581,0.7696501086076714,0.6007518796992481
12,sider,SIDER4,tr,104,1366,704,402,0.5710227272727273,278,124,154,550,0.78125,0.6915422885572139,0.7486437613019892,0.46612019432824653,0.8537400465854775,0.8032688121890547
12,sider,SIDER4,va,104,1366,70,53,0.7571428571428571,28,25,19,51,0.7285714285714285,0.5283018867924528,0.6422764227642277,0.2617882926604439,0.7221626147704393,0.6607816711590296
12,sider,SIDER4,te,104,1366,79,58,0.7341772151898734,26,32,23,56,0.7088607594936709,0.4482758620689655,0.5985401459854015,0.16198156025884872,0.7235379446385191,0.6343299869052815
13,sider,SIDER4,tr,104,1366,685,421,0.6145985401459854,291,130,302,383,0.5591240875912409,0.6912114014251781,0.6094032549728752,0.24373771002527564,0.7760314698302264,0.6668307991053626
13,sider,SIDER4,va,104,1366,82,41,0.5,29,12,39,43,0.524390243902439,0.7073170731707317,0.5853658536585366,0.21968621277986805,0.7874892155719055,0.6354848304580607
13,sider,SIDER4,te,104,1366,86,51,0.5930232558139535,29,22,40,46,0.5348837209302325,0.5686274509803921,0.5474452554744526,0.1000789032782513,0.7329068357328217,0.5810533515731875
14,sider,SIDER4,tr,104,1366,677,429,0.6336779911373708,325,104,196,481,0.7104874446085672,0.7575757575757576,0.72875226039783,0.45691002315278034,0.8565271166908405,0.8069692493621592
14,sider,SIDER4,va,104,1366,84,39,0.4642857142857143,29,10,36,48,0.5714285714285714,0.7435897435897436,0.6260162601626016,0.29365478076299123,0.8010287742528938,0.701923076923077
14,sider,SIDER4,te,104,1366,92,45,0.4891304347826087,20,25,32,60,0.6521739130434783,0.4444444444444444,0.583941605839416,0.09350798232818427,0.6998503290346734,0.5503623188405796
15,sider,SIDER4,tr,104,1366,693,413,0.5959595959595959,355,58,93,600,0.8658008658008658,0.8595641646489104,0.8634719710669078,0.7147370641601678,0.9637613825908171,0.9373988938153587
15,sider,SIDER4,va,104,1366,71,52,0.7323943661971831,23,29,23,48,0.676056338028169,0.4423076923076923,0.5772357723577236,0.12084433951198036,0.6766774369171503,0.6076652221018418
15,sider,SIDER4,te,104,1366,89,48,0.5393258426966292,28,20,24,65,0.7303370786516854,0.5833333333333334,0.6788321167883211,0.3083742041535143,0.7583670351901408,0.6626872659176031
1,sider,SIDER5,tr,104,1366,893,213,0.23852183650615902,213,0,42,851,0.9529675251959686,1.0,0.9620253164556962,0.8921928984837685,0.9991005093376509,0.9958834755453212
1,sider,SIDER5,va,104,1366,93,30,0.3225806451612903,11,19,12,81,0.8709677419354839,0.36666666666666664,0.7479674796747967,0.2617263862553258,0.8808141739237829,0.6985663082437277
1,sider,SIDER5,te,104,1366,121,16,0.1322314049586777,7,9,15,106,0.8760330578512396,0.4375,0.8248175182481752,0.27426838801132886,0.9436438429516852,0.6895661157024793
2,sider,SIDER5,tr,104,1366,899,207,0.23025583982202447,158,49,172,727,0.8086763070077865,0.7632850241545893,0.8001808318264014,0.48757772458627985,0.964201972598306,0.867418441316976
2,sider,SIDER5,va,104,1366,101,22,0.21782178217821782,12,10,18,83,0.8217821782178217,0.5454545454545454,0.7723577235772358,0.32772987309555685,0.9404295168661618,0.7707020702070206
2,sider,SIDER5,te,104,1366,107,30,0.2803738317757009,17,13,24,83,0.7757009345794392,0.5666666666666667,0.7299270072992701,0.30918444130040473,0.8720793986791949,0.7197819314641744
3,sider,SIDER5,tr,104,1366,898,208,0.23162583518930957,172,36,144,754,0.8396436525612472,0.8269230769230769,0.8372513562386981,0.5765757620542026,0.977372524580489,0.910966678088059
3,sider,SIDER5,va,104,1366,98,25,0.25510204081632654,13,12,29,69,0.7040816326530612,0.52,0.6666666666666666,0.19016130434850753,0.9049807815813601,0.6963265306122448
3,sider,SIDER5,te,104,1366,111,26,0.23423423423423423,15,11,28,83,0.7477477477477478,0.5769230769230769,0.7153284671532847,0.27434261434141427,0.8631091615524675,0.6760221760221761
4,sider,SIDER5,tr,104,1366,909,197,0.21672167216721672,194,3,76,833,0.9163916391639164,0.9847715736040609,0.9285714285714286,0.8026634520776236,0.9973405255344329,0.9870052995147232
4,sider,SIDER5,va,104,1366,92,31,0.33695652173913043,17,14,13,79,0.8586956521739131,0.5483870967741935,0.7804878048780488,0.41158103742607965,0.8884923499630579,0.7535063113604488
4,sider,SIDER5,te,104,1366,106,31,0.29245283018867924,14,17,13,93,0.8773584905660378,0.45161290322580644,0.781021897810219,0.3460299497990121,0.8842880414903665,0.7102860620815582
5,sider,SIDER5,tr,104,1366,889,217,0.2440944881889764,172,45,180,709,0.7975253093363329,0.7926267281105991,0.7965641952983725,0.5031386191957584,0.9694158179033245,0.8864306708205254
5,sider,SIDER5,va,104,1366,105,18,0.17142857142857143,14,4,18,87,0.8285714285714286,0.7777777777777778,0.8211382113821138,0.4884926462197555,0.9671270548821653,0.8507936507936509
5,sider,SIDER5,te,104,1366,113,24,0.21238938053097345,14,10,31,82,0.7256637168141593,0.5833333333333334,0.7007299270072993,0.2500915426715687,0.892709668769976,0.6935840707964601
6,sider,SIDER5,tr,104,1366,906,200,0.22075055187637968,187,13,104,802,0.8852097130242825,0.935,0.8942133815551537,0.7169332221892923,0.9926299960625977,0.966462472406181
6,sider,SIDER5,va,104,1366,94,29,0.30851063829787234,20,9,17,77,0.8191489361702128,0.6896551724137931,0.7886178861788617,0.47093768832749583,0.9209228065032778,0.8297872340425533
6,sider,SIDER5,te,104,1366,107,30,0.2803738317757009,9,21,27,80,0.7476635514018691,0.3,0.6496350364963503,0.04478442239978776,0.8650682168732295,0.6090342679127726
7,sider,SIDER5,tr,104,1366,898,208,0.23162583518930957,165,43,194,704,0.7839643652561247,0.7932692307692307,0.7857142857142857,0.4817413335278047,0.9646446319271722,0.8686959268459825
7,sider,SIDER5,va,104,1366,100,23,0.23,17,6,18,82,0.82,0.7391304347826086,0.8048780487804879,0.48317192603387427,0.9333762161265006,0.7897826086956522
7,sider,SIDER5,te,104,1366,109,28,0.25688073394495414,13,15,27,82,0.7522935779816514,0.4642857142857143,0.6934306569343066,0.1920849469707741,0.8408263565737331,0.6128768020969856
8,sider,SIDER5,tr,104,1366,898,208,0.23162583518930957,197,11,84,814,0.9064587973273942,0.9471153846153846,0.9141048824593129,0.76618028389511,0.9935213824068263,0.9701366284050026
8,sider,SIDER5,va,104,1366,92,31,0.33695652173913043,14,17,19,73,0.7934782608695652,0.45161290322580644,0.7073170731707317,0.24017300421520965,0.9128905654066019,0.7557854137447405
8,sider,SIDER5,te,104,1366,117,20,0.17094017094017094,12,8,22,95,0.811965811965812,0.6,0.781021897810219,0.33675265956213446,0.9428196315504764,0.7444444444444445
9,sider,SIDER5,tr,104,1366,902,204,0.2261640798226164,187,17,122,780,0.8647450110864745,0.9166666666666666,0.8743218806509946,0.6754447793710066,0.9903407785802665,0.9568279640015652
9,sider,SIDER5,va,104,1366,92,31,0.33695652173913043,16,15,19,73,0.7934782608695652,0.5161290322580645,0.7235772357723578,0.2979274947921865,0.883307316507405,0.7261570827489482
9,sider,SIDER5,te,104,1366,113,24,0.21238938053097345,12,12,24,89,0.7876106194690266,0.5,0.7372262773722628,0.24839212495745558,0.913613538333493,0.7171828908554573
10,sider,SIDER5,tr,104,1366,902,204,0.2261640798226164,198,6,84,818,0.9068736141906873,0.9705882352941176,0.918625678119349,0.7808334966129897,0.9958066463217022,0.9810307160558237
10,sider,SIDER5,va,104,1366,99,24,0.24242424242424243,11,13,14,85,0.8585858585858586,0.4583333333333333,0.7804878048780488,0.3120963688920008,0.9344407465384947,0.779882154882155
10,sider,SIDER5,te,104,1366,106,31,0.29245283018867924,13,18,17,89,0.839622641509434,0.41935483870967744,0.7445255474452555,0.26202532258929867,0.8717021702866676,0.711503347534997
11,sider,SIDER5,tr,104,1366,893,213,0.23852183650615902,180,33,135,758,0.8488241881298992,0.8450704225352113,0.8481012658227848,0.606269229881193,0.9818590674178904,0.9244883259992955
11,sider,SIDER5,va,104,1366,100,23,0.23,12,11,33,67,0.67,0.5217391304347826,0.6422764227642277,0.15521050545418777,0.887591918229353,0.65
11,sider,SIDER5,te,104,1366,114,23,0.20175438596491227,12,11,25,89,0.7807017543859649,0.5217391304347826,0.7372262773722628,0.2545985826497419,0.934079586477885,0.7410373760488176
12,sider,SIDER5,tr,104,1366,901,205,0.22752497225305215,137,68,255,646,0.7169811320754716,0.6682926829268293,0.7079566003616636,0.312980067563274,0.9262606494113925,0.7570612598467827
12,sider,SIDER5,va,104,1366,98,25,0.25510204081632654,13,12,21,77,0.7857142857142857,0.52,0.7317073170731707,0.27508335575004733,0.9140883464260372,0.7442857142857143
12,sider,SIDER5,te,104,1366,108,29,0.26851851851851855,13,16,37,71,0.6574074074074074,0.4482758620689655,0.6131386861313869,0.08967522780565025,0.8301249537804477,0.5981800766283525
13,sider,SIDER5,tr,104,1366,893,213,0.23852183650615902,174,39,183,710,0.7950727883538634,0.8169014084507042,0.7992766726943942,0.5161472588752147,0.9747795062579505,0.898929598494288
13,sider,SIDER5,va,104,1366,104,19,0.18269230769230768,10,9,25,79,0.7596153846153846,0.5263157894736842,0.7235772357723578,0.22902327432364436,0.953520459497678,0.777834008097166
13,sider,SIDER5,te,104,1366,110,27,0.24545454545454545,13,14,28,82,0.7454545454545455,0.48148148148148145,0.6934306569343066,0.19713063778205112,0.8603315578131039,0.6437710437710438
14,sider,SIDER5,tr,104,1366,896,210,0.234375,174,36,162,734,0.8191964285714286,0.8285714285714286,0.8209764918625678,0.5524182846999836,0.9781974488126239,0.9115539965986396
14,sider,SIDER5,va,104,1366,100,23,0.23,15,8,27,73,0.73,0.6521739130434783,0.7154471544715447,0.31423734910286905,0.9106545271669294,0.7108695652173914
14,sider,SIDER5,te,104,1366,111,26,0.23423423423423423,13,13,34,77,0.6936936936936937,0.5,0.656934306569343,0.15999022929295986,0.8284746818419162,0.581947331947332
15,sider,SIDER5,tr,104,1366,894,212,0.2371364653243848,211,1,72,822,0.9194630872483222,0.9952830188679245,0.933996383363472,0.8251713179345062,0.997209656894271,0.9875163564222701
15,sider,SIDER5,va,104,1366,99,24,0.24242424242424243,15,9,19,80,0.8080808080808081,0.625,0.7723577235772358,0.3837582232747356,0.9059439973174476,0.7447390572390572
15,sider,SIDER5,te,104,1366,114,23,0.20175438596491227,12,11,26,88,0.7719298245614035,0.5217391304347826,0.7299270072992701,0.2451686783567031,0.9317864600149253,0.7528604118993135
1,sider,SIDER6,tr,104,1366,777,329,0.42342342342342343,269,60,170,607,0.7812097812097812,0.817629179331307,0.7920433996383364,0.559529938589572,0.944769352643077,0.8805025172806329
1,sider,SIDER6,va,104,1366,80,43,0.5375,29,14,25,55,0.6875,0.6744186046511628,0.6829268292682927,0.3477512540975735,0.8004314256176354,0.7162790697674418
1,sider,SIDER6,te,104,1366,105,32,0.3047619047619048,16,16,41,64,0.6095238095238096,0.5,0.583941605839416,0.09401469872102805,0.8618074615777578,0.640922619047619
2,sider,SIDER6,tr,104,1366,784,322,0.4107142857142857,310,12,79,705,0.8992346938775511,0.9627329192546584,0.9177215189873418,0.8200541617763933,0.9928280773166676,0.9817526777791862
2,sider,SIDER6,va,104,1366,84,39,0.4642857142857143,21,18,20,64,0.7619047619047619,0.5384615384615384,0.6910569105691057,0.29649972666444036,0.8439517611875391,0.7289377289377289
2,sider,SIDER6,te,104,1366,94,43,0.4574468085106383,14,29,17,77,0.8191489361702128,0.32558139534883723,0.6642335766423357,0.16051807096809118,0.782707077290557,0.6496783770410688
3,sider,SIDER6,tr,104,1366,777,329,0.42342342342342343,268,61,166,611,0.7863577863577863,0.8145896656534954,0.794755877034358,0.562620374170735,0.9460661795310444,0.8809543368813887
3,sider,SIDER6,va,104,1366,87,36,0.41379310344827586,21,15,31,56,0.6436781609195402,0.5833333333333334,0.6260162601626016,0.20908740753745747,0.8303986909050178,0.6658684546615581
3,sider,SIDER6,te,104,1366,98,39,0.3979591836734694,25,14,39,59,0.6020408163265306,0.6410256410256411,0.6131386861313869,0.21984619608158484,0.8251090104279087,0.6728152799581372
4,sider,SIDER6,tr,104,1366,790,316,0.4,288,28,100,690,0.8734177215189873,0.9113924050632911,0.8842676311030742,0.7429226518051534,0.9839514926788452,0.9593775036051914
4,sider,SIDER6,va,104,1366,80,43,0.5375,25,18,20,60,0.75,0.5813953488372093,0.6910569105691057,0.3280741949622359,0.8282913871845086,0.7069767441860465
4,sider,SIDER6,te,104,1366,92,45,0.4891304347826087,25,20,24,68,0.7391304347826086,0.5555555555555556,0.6788321167883211,0.288748863819882,0.7730277297513438,0.6734299516908212
5,sider,SIDER6,tr,104,1366,769,337,0.43823146944083224,282,55,153,616,0.8010403120936281,0.8367952522255193,0.8119349005424955,0.6010089821995369,0.9586665305293063,0.9059069352853334
5,sider,SIDER6,va,104,1366,95,28,0.29473684210526313,16,12,23,72,0.7578947368421053,0.5714285714285714,0.7154471544715447,0.29675041932418894,0.9089838904737559,0.7616541353383458
5,sider,SIDER6,te,104,1366,98,39,0.3979591836734694,23,16,34,64,0.6530612244897959,0.5897435897435898,0.635036496350365,0.2222901472474331,0.864688641475402,0.7019884877027734
6,sider,SIDER6,tr,104,1366,785,321,0.4089171974522293,238,83,145,640,0.8152866242038217,0.7414330218068536,0.7938517179023508,0.5310743867515377,0.9400669907283293,0.8637716530745878
6,sider,SIDER6,va,104,1366,82,41,0.5,20,21,23,59,0.7195121951219512,0.4878048780487805,0.6422764227642277,0.20495319942242507,0.8006431128612159,0.6696906603212374
6,sider,SIDER6,te,104,1366,95,42,0.4421052631578947,25,17,32,63,0.6631578947368421,0.5952380952380952,0.6423357664233577,0.2417073161506223,0.824480252254407,0.6600250626566415
7,sider,SIDER6,tr,104,1366,777,329,0.42342342342342343,274,55,144,633,0.8146718146718147,0.8328267477203647,0.8200723327305606,0.6104708158147919,0.958262685440346,0.899019297195589
7,sider,SIDER6,va,104,1366,88,35,0.3977272727272727,22,13,20,68,0.7727272727272727,0.6285714285714286,0.7317073170731707,0.38183519642208014,0.8974715730574505,0.7850649350649351
7,sider,SIDER6,te,104,1366,97,40,0.41237113402061853,21,19,28,69,0.711340206185567,0.525,0.656934306569343,0.2241888952000556,0.8625638424614108,0.705798969072165
8,sider,SIDER6,tr,104,1366,775,331,0.4270967741935484,301,30,107,668,0.8619354838709677,0.9093655589123867,0.8761301989150091,0.7320335298384626,0.980728594242361,0.9517649351915018
8,sider,SIDER6,va,104,1366,88,35,0.3977272727272727,16,19,24,64,0.7272727272727273,0.45714285714285713,0.6504065040650406,0.17762493647188765,0.8372021480556332,0.6727272727272727
8,sider,SIDER6,te,104,1366,99,38,0.3838383838383838,21,17,25,74,0.7474747474747475,0.5526315789473685,0.6934306569343066,0.28450174488139135,0.8771405166110555,0.7206273258904837
9,sider,SIDER6,tr,104,1366,787,319,0.40533672172808133,280,39,111,676,0.8589580686149937,0.877742946708464,0.864376130198915,0.6981240130827232,0.9792141944336694,0.9480388603203308
9,sider,SIDER6,va,104,1366,80,43,0.5375,22,21,21,59,0.7375,0.5116279069767442,0.6585365853658537,0.24912790697674408,0.8387325517817684,0.7325581395348837
9,sider,SIDER6,te,104,1366,95,42,0.4421052631578947,22,20,25,70,0.7368421052631579,0.5238095238095238,0.6715328467153284,0.253149286558365,0.8106450607835625,0.662406015037594
10,sider,SIDER6,tr,104,1366,779,327,0.4197689345314506,307,20,95,684,0.8780487804878049,0.9388379204892966,0.8960216998191681,0.7750060178913761,0.9876117029393113,0.9684807229530529
10,sider,SIDER6,va,104,1366,85,38,0.4470588235294118,24,14,24,61,0.7176470588235294,0.631578947368421,0.6910569105691057,0.3307932112465597,0.8685557968221871,0.7284829721362229
10,sider,SIDER6,te,104,1366,98,39,0.3979591836734694,20,19,22,76,0.7755102040816326,0.5128205128205128,0.7007299270072993,0.2821953188866621,0.8734229862552694,0.7150706436420723
11,sider,SIDER6,tr,104,1366,790,316,0.4,264,52,116,674,0.8531645569620253,0.8354430379746836,0.8481012658227848,0.6550414565848944,0.9688390436542429,0.9235639320621694
11,sider,SIDER6,va,104,1366,78,45,0.5769230769230769,24,21,23,55,0.7051282051282052,0.5333333333333333,0.6422764227642277,0.23638296437964876,0.7590720906817399,0.6467236467236467
11,sider,SIDER6,te,104,1366,94,43,0.4574468085106383,16,27,24,70,0.7446808510638298,0.37209302325581395,0.6277372262773723,0.11918675101816448,0.7882142314313161,0.6233300346363186
12,sider,SIDER6,tr,104,1366,779,327,0.4197689345314506,253,74,185,594,0.7625160462130937,0.7737003058103975,0.7658227848101266,0.500330954217128,0.9267416543839785,0.8498290366776192
12,sider,SIDER6,va,104,1366,89,34,0.38202247191011235,18,16,28,61,0.6853932584269663,0.5294117647058824,0.6422764227642277,0.1985430167120867,0.8303625135623507,0.6680436219431591
12,sider,SIDER6,te,104,1366,94,43,0.4574468085106383,23,20,41,53,0.5638297872340425,0.5348837209302325,0.5547445255474452,0.09181704765020883,0.7559923707683125,0.5863433943592281
13,sider,SIDER6,tr,104,1366,770,336,0.43636363636363634,289,47,144,626,0.812987012987013,0.8601190476190477,0.8273056057866185,0.6342303519363124,0.9638922772567642,0.9179131880024736
13,sider,SIDER6,va,104,1366,92,31,0.33695652173913043,19,12,24,68,0.7391304347826086,0.6129032258064516,0.7073170731707317,0.32053815360438664,0.8797781083731542,0.7194950911640954
13,sider,SIDER6,te,104,1366,100,37,0.37,24,13,36,64,0.64,0.6486486486486487,0.6423357664233577,0.25831486741295145,0.7997806100915452,0.6751351351351351
14,sider,SIDER6,tr,104,1366,783,323,0.4125159642401022,274,49,136,647,0.8263090676883781,0.848297213622291,0.8327305605786618,0.6350910238958585,0.9695106887412936,0.9256076296217215
14,sider,SIDER6,va,104,1366,78,45,0.5769230769230769,23,22,23,55,0.7051282051282052,0.5111111111111111,0.6341463414634146,0.21526029902654203,0.7566522711983996,0.6757834757834758
14,sider,SIDER6,te,104,1366,101,36,0.3564356435643564,13,23,30,71,0.7029702970297029,0.3611111111111111,0.6131386861313869,0.06077791944070836,0.7777018297272467,0.5561056105610561
15,sider,SIDER6,tr,104,1366,779,327,0.4197689345314506,284,43,135,644,0.8267008985879333,0.8685015290519877,0.8390596745027125,0.6539860809365196,0.9691938082725671,0.9234472957959903
15,sider,SIDER6,va,104,1366,84,39,0.4642857142857143,24,15,28,56,0.6666666666666666,0.6153846153846154,0.6504065040650406,0.26568631084039807,0.8181890133431728,0.6768925518925519
15,sider,SIDER6,te,104,1366,99,38,0.3838383838383838,24,14,38,61,0.6161616161616161,0.631578947368421,0.6204379562043796,0.22283327351878038,0.8552637838922648,0.6698564593301435
1,sider,SIDER7,tr,104,1366,1012,94,0.09288537549407115,86,8,127,885,0.8745059288537549,0.9148936170212766,0.8779385171790235,0.5582587310957128,0.9951163044954823,0.949016062568329
1,sider,SIDER7,va,104,1366,106,17,0.16037735849056603,8,9,14,92,0.8679245283018868,0.47058823529411764,0.8130081300813008,0.3048459393066835,0.9093860053313113,0.7053274139844616
1,sider,SIDER7,te,104,1366,129,8,0.06201550387596899,3,5,18,111,0.8604651162790697,0.375,0.8321167883211679,0.15325963360861855,0.9548884901586476,0.5891472868217054
2,sider,SIDER7,tr,104,1366,1012,94,0.09288537549407115,70,24,311,701,0.6926877470355731,0.7446808510638298,0.6971066907775768,0.2566671513491298,0.972470120708765,0.7735945252712135
2,sider,SIDER7,va,104,1366,113,10,0.08849557522123894,8,2,34,79,0.6991150442477876,0.8,0.7073170731707317,0.28765553007832445,0.9839078103521588,0.8349557522123894
2,sider,SIDER7,te,104,1366,122,15,0.12295081967213115,7,8,37,85,0.6967213114754098,0.4666666666666667,0.6715328467153284,0.10926418506065881,0.915252601139238,0.5961748633879781
3,sider,SIDER7,tr,104,1366,1011,95,0.09396636993076163,76,19,124,887,0.8773491592482691,0.8,0.8707052441229657,0.493140736956725,0.9944251155259844,0.9421989692331718
3,sider,SIDER7,va,104,1366,115,8,0.06956521739130435,5,3,18,97,0.8434782608695652,0.625,0.8292682926829268,0.29629166772447135,0.9873699337584753,0.841304347826087
3,sider,SIDER7,te,104,1366,121,16,0.1322314049586777,12,4,22,99,0.8181818181818182,0.75,0.8102189781021898,0.42245644276166416,0.971476438233871,0.8290289256198348
4,sider,SIDER7,tr,104,1366,1015,91,0.0896551724137931,61,30,154,861,0.8482758620689655,0.6703296703296703,0.833634719710669,0.3601080092674478,0.9792743131817613,0.8349645428463164
4,sider,SIDER7,va,104,1366,111,12,0.10810810810810811,9,3,22,89,0.8018018018018018,0.75,0.7967479674796748,0.3771034156414821,0.978760058251297,0.846096096096096
4,sider,SIDER7,te,104,1366,121,16,0.1322314049586777,8,8,20,101,0.8347107438016529,0.5,0.7956204379562044,0.26658153524879846,0.9640941578686737,0.7763429752066117
5,sider,SIDER7,tr,104,1366,1007,99,0.09831181727904667,80,19,331,676,0.6713008937437934,0.8080808080808081,0.6835443037974683,0.28320471020413784,0.9770493492657886,0.8225401984091159
5,sider,SIDER7,va,104,1366,112,11,0.09821428571428571,10,1,34,78,0.6964285714285714,0.9090909090909091,0.7154471544715447,0.3604903052837171,0.9835317862969332,0.8835227272727273
5,sider,SIDER7,te,104,1366,128,9,0.0703125,4,5,41,87,0.6796875,0.4444444444444444,0.6642335766423357,0.06548014423305377,0.9561988377184547,0.5920138888888888
6,sider,SIDER7,tr,104,1366,1019,87,0.08537782139352307,60,27,159,860,0.8439646712463199,0.6896551724137931,0.8318264014466547,0.36049132839545006,0.986535224908916,0.8716287096883353
6,sider,SIDER7,va,104,1366,107,16,0.14953271028037382,8,8,15,92,0.8598130841121495,0.5,0.8130081300813008,0.3104308785438629,0.9589012688534437,0.8107476635514019
6,sider,SIDER7,te,104,1366,121,16,0.1322314049586777,10,6,20,101,0.8347107438016529,0.625,0.8102189781021898,0.35701364406829794,0.9493447461887903,0.7753099173553719
7,sider,SIDER7,tr,104,1366,1005,101,0.10049751243781095,77,24,317,688,0.6845771144278607,0.7623762376237624,0.6916817359855335,0.26885480880114626,0.973863247830094,0.8049899019752723
7,sider,SIDER7,va,104,1366,111,12,0.10810810810810811,10,2,36,75,0.6756756756756757,0.8333333333333334,0.6910569105691057,0.31214278651323885,0.9516598619160526,0.7969219219219219
7,sider,SIDER7,te,104,1366,131,6,0.04580152671755725,5,1,45,86,0.6564885496183206,0.8333333333333334,0.6642335766423357,0.2082115551776944,0.9928118245920683,0.8772264631043257
8,sider,SIDER7,tr,104,1366,1004,102,0.10159362549800798,76,26,263,741,0.7380478087649402,0.7450980392156863,0.7386980108499096,0.3032128921530462,0.9790355592992577,0.8350812436528396
8,sider,SIDER7,va,104,1366,112,11,0.09821428571428571,5,6,26,86,0.7678571428571429,0.45454545454545453,0.7398373983739838,0.1461741066534347,0.9541868328891616,0.690340909090909
8,sider,SIDER7,te,104,1366,131,6,0.04580152671755725,4,2,24,107,0.816793893129771,0.6666666666666666,0.8102189781021898,0.24534660848902323,0.9742655366476562,0.7595419847328244
9,sider,SIDER7,tr,104,1366,1014,92,0.09072978303747535,76,16,141,873,0.8609467455621301,0.8260869565217391,0.8580470162748643,0.47776043936349827,0.9923861508353418,0.9220800102907125
9,sider,SIDER7,va,104,1366,112,11,0.09821428571428571,8,3,20,92,0.8214285714285714,0.7272727272727273,0.8130081300813008,0.3734225357370247,0.9907621593875502,0.9107142857142857
9,sider,SIDER7,te,104,1366,121,16,0.1322314049586777,6,10,19,102,0.8429752066115702,0.375,0.7883211678832117,0.18125114501124287,0.9541616040627855,0.753099173553719
10,sider,SIDER7,tr,104,1366,1016,90,0.08858267716535433,79,11,123,893,0.8789370078740157,0.8777777777777778,0.8788426763110307,0.5354765154168654,0.9952442492032315,0.9494203849518811
10,sider,SIDER7,va,104,1366,113,10,0.08849557522123894,8,2,18,95,0.8407079646017699,0.8,0.8373983739837398,0.4288711213036098,0.9781387065997611,0.8380530973451328
10,sider,SIDER7,te,104,1366,118,19,0.16101694915254236,10,9,16,102,0.864406779661017,0.5263157894736842,0.8175182481751825,0.3443801720445518,0.9246386953421754,0.7647190008920606
11,sider,SIDER7,tr,104,1366,1012,94,0.09288537549407115,73,21,173,839,0.8290513833992095,0.776595744680851,0.8245931283905967,0.40612251413700406,0.9874644576924709,0.8876776553696071
11,sider,SIDER7,va,104,1366,112,11,0.09821428571428571,4,7,25,87,0.7767857142857143,0.36363636363636365,0.7398373983739838,0.09440126705979258,0.9220679681514306,0.578327922077922
11,sider,SIDER7,te,104,1366,123,14,0.11382113821138211,6,8,23,100,0.8130081300813008,0.42857142857142855,0.7737226277372263,0.17912899131593518,0.945056140837859,0.7142857142857143
12,sider,SIDER7,tr,104,1366,1015,91,0.0896551724137931,62,29,154,861,0.8482758620689655,0.6813186813186813,0.8345388788426763,0.3670923550705162,0.9880633510461017,0.8835868564932604
12,sider,SIDER7,va,104,1366,107,16,0.14953271028037382,9,7,18,89,0.8317757009345794,0.5625,0.7967479674796748,0.32043090329281054,0.9750147076363481,0.8533878504672896
12,sider,SIDER7,te,104,1366,125,12,0.096,6,6,26,99,0.792,0.5,0.7664233576642335,0.1951007065960696,0.9525655074627096,0.7150000000000001
13,sider,SIDER7,tr,104,1366,1005,101,0.10049751243781095,85,16,189,816,0.8119402985074626,0.8415841584158416,0.8146473779385172,0.4360824591448046,0.9875769569696111,0.8925668686271613
13,sider,SIDER7,va,104,1366,115,8,0.06956521739130435,4,4,23,92,0.8,0.5,0.7804878048780488,0.17873008824605977,0.9853396463081101,0.8184782608695651
13,sider,SIDER7,te,104,1366,127,10,0.07874015748031496,7,3,24,103,0.8110236220472441,0.7,0.8029197080291971,0.31769403218413,0.9183291936919156,0.6783464566929133
14,sider,SIDER7,tr,104,1366,1010,96,0.09504950495049505,63,33,212,798,0.7900990099009901,0.65625,0.7784810126582279,0.29073948736858685,0.9762109382741584,0.8071214933993399
14,sider,SIDER7,va,104,1366,114,9,0.07894736842105263,6,3,32,82,0.7192982456140351,0.6666666666666666,0.7154471544715447,0.2175305432190516,0.9702275720329883,0.7383040935672515
14,sider,SIDER7,te,104,1366,123,14,0.11382113821138211,9,5,30,93,0.7560975609756098,0.6428571428571429,0.7445255474452555,0.26779028788783366,0.9560083321332761,0.7497096399535425
15,sider,SIDER7,tr,104,1366,1015,91,0.0896551724137931,69,22,180,835,0.8226600985221675,0.7582417582417582,0.8173598553345389,0.3821786283594072,0.9855935917797988,0.8675959508471824
15,sider,SIDER7,va,104,1366,110,13,0.11818181818181818,8,5,18,92,0.8363636363636363,0.6153846153846154,0.8130081300813008,0.34016682630472295,0.9657836328681114,0.7800699300699302
15,sider,SIDER7,te,104,1366,122,15,0.12295081967213115,11,4,31,91,0.7459016393442623,0.7333333333333333,0.7445255474452555,0.32455447428205936,0.9477539392267856,0.7453551912568306
1,sider,SIDER8,tr,104,1366,190,916,4.821052631578947,714,202,33,157,0.8263157894736842,0.7794759825327511,0.7875226039783002,0.4880231035526136,0.6365493277603518,0.8857647667202942
1,sider,SIDER8,va,104,1366,24,99,4.125,74,25,8,16,0.6666666666666666,0.7474747474747475,0.7317073170731707,0.3481553119113954,0.43652329058098205,0.7476851851851851
1,sider,SIDER8,te,104,1366,31,106,3.4193548387096775,74,32,21,10,0.3225806451612903,0.6981132075471698,0.6131386861313869,0.018779701515635516,0.22905945133863476,0.527084601339014
2,sider,SIDER8,tr,104,1366,201,905,4.502487562189055,876,29,0,201,1.0,0.9679558011049724,0.9737793851717902,0.9197332222422351,0.9926569661324078,0.9986503944366566
2,sider,SIDER8,va,104,1366,17,106,6.235294117647059,95,11,10,7,0.4117647058823529,0.8962264150943396,0.8292682926829268,0.30073549360227353,0.4160441589487567,0.7519422863485017
2,sider,SIDER8,te,104,1366,27,110,4.074074074074074,89,21,20,7,0.25925925925925924,0.8090909090909091,0.7007299270072993,0.06742571315109104,0.3190405577607354,0.6353535353535354
3,sider,SIDER8,tr,104,1366,194,912,4.701030927835052,823,89,5,189,0.9742268041237113,0.9024122807017544,0.9150090415913201,0.7685666713310244,0.9174237181006325,0.9818457225538071
3,sider,SIDER8,va,104,1366,27,96,3.5555555555555554,78,18,12,15,0.5555555555555556,0.8125,0.7560975609756098,0.34383703367133905,0.43208905564009736,0.7280092592592593
3,sider,SIDER8,te,104,1366,24,113,4.708333333333333,95,18,12,12,0.5,0.8407079646017699,0.781021897810219,0.31316600521121163,0.45886445226277583,0.6921091445427728
4,sider,SIDER8,tr,104,1366,205,901,4.3951219512195125,830,71,4,201,0.9804878048780488,0.9211986681465039,0.9321880650994575,0.8136308425892749,0.9520343515532096,0.9895346633821499
4,sider,SIDER8,va,104,1366,19,104,5.473684210526316,79,25,12,7,0.3684210526315789,0.7596153846153846,0.6991869918699187,0.10547058763923181,0.19884354012885314,0.611336032388664
4,sider,SIDER8,te,104,1366,21,116,5.523809523809524,94,22,13,8,0.38095238095238093,0.8103448275862069,0.7445255474452555,0.1666459481006796,0.2610978928881205,0.6219211822660099
5,sider,SIDER8,tr,104,1366,200,906,4.53,743,163,23,177,0.885,0.8200883002207505,0.8318264014466547,0.5881238095126172,0.7162075107504621,0.9195143487858718
5,sider,SIDER8,va,104,1366,28,95,3.392857142857143,74,21,14,14,0.5,0.7789473684210526,0.7154471544715447,0.2592314736635946,0.4053541424006444,0.7575187969924811
5,sider,SIDER8,te,104,1366,17,120,7.0588235294117645,94,26,9,8,0.47058823529411764,0.7833333333333333,0.7445255474452555,0.1938012639566604,0.19982482905399374,0.6649509803921569
6,sider,SIDER8,tr,104,1366,198,908,4.585858585858586,893,15,0,198,1.0,0.9834801762114538,0.9864376130198915,0.9561490515984519,0.9991783101615772,0.9998220086325813
6,sider,SIDER8,va,104,1366,19,104,5.473684210526316,91,13,13,6,0.3157894736842105,0.875,0.7886178861788617,0.1907894736842103,0.3546211461074918,0.7241902834008097
6,sider,SIDER8,te,104,1366,28,109,3.892857142857143,99,10,24,4,0.14285714285714285,0.908256880733945,0.7518248175182481,0.06804806185731938,0.3009334364506818,0.5923984272608126
7,sider,SIDER8,tr,104,1366,194,912,4.701030927835052,909,3,0,194,1.0,0.9967105263157895,0.9972875226039783,0.9907230659612866,0.9999734978239601,0.9999943479833604
7,sider,SIDER8,va,104,1366,22,101,4.590909090909091,86,15,14,8,0.36363636363636365,0.8514851485148515,0.7642276422764228,0.2114423375073138,0.31213620339652176,0.6984698469846985
7,sider,SIDER8,te,104,1366,29,108,3.7241379310344827,95,13,26,3,0.10344827586206896,0.8796296296296297,0.7153284671532847,-0.021523471343334502,0.2432787866815877,0.5852490421455938
8,sider,SIDER8,tr,104,1366,190,916,4.821052631578947,846,70,3,187,0.9842105263157894,0.9235807860262009,0.933996383363472,0.8107559651879888,0.9398193697726429,0.9887094920707883
8,sider,SIDER8,va,104,1366,24,99,4.125,87,12,18,6,0.25,0.8787878787878788,0.7560975609756098,0.14440003757399375,0.315054069073831,0.688973063973064
8,sider,SIDER8,te,104,1366,31,106,3.4193548387096775,84,22,17,14,0.45161290322580644,0.7924528301886793,0.7153284671532847,0.2320217250876651,0.4320173884163676,0.6332927571515521
9,sider,SIDER8,tr,104,1366,204,902,4.421568627450981,809,93,5,199,0.9754901960784313,0.8968957871396895,0.9113924050632911,0.767579563660378,0.9307510014739259,0.9830007390983001
9,sider,SIDER8,va,104,1366,15,108,7.2,85,23,6,9,0.6,0.7870370370370371,0.7642276422764228,0.2886784390073858,0.2864128600035623,0.6919753086419752
9,sider,SIDER8,te,104,1366,26,111,4.269230769230769,80,31,13,13,0.5,0.7207207207207207,0.6788321167883211,0.18536317361789978,0.38025825004628255,0.6753291753291754
10,sider,SIDER8,tr,104,1366,204,902,4.421568627450981,733,169,24,180,0.8823529411764706,0.8126385809312638,0.825497287522604,0.5800123034833113,0.7759483855993179,0.9297612060345203
10,sider,SIDER8,va,104,1366,14,109,7.785714285714286,76,33,7,7,0.5,0.6972477064220184,0.6747967479674797,0.13372733411485507,0.1842029044965004,0.6634993446920053
10,sider,SIDER8,te,104,1366,27,110,4.074074074074074,85,25,15,12,0.4444444444444444,0.7727272727272727,0.708029197080292,0.19457212765016685,0.4458655061119316,0.7191919191919193
11,sider,SIDER8,tr,104,1366,202,904,4.475247524752476,802,102,2,200,0.9900990099009901,0.8871681415929203,0.9059674502712477,0.7607820758339046,0.9244944977012985,0.9830374353807062
11,sider,SIDER8,va,104,1366,16,107,6.6875,81,26,7,9,0.5625,0.7570093457943925,0.7317073170731707,0.23821005419309935,0.28291272047924915,0.7021028037383178
11,sider,SIDER8,te,104,1366,27,110,4.074074074074074,91,19,18,9,0.3333333333333333,0.8272727272727273,0.7299270072992701,0.1584338185865538,0.2638564354828546,0.6067340067340067
12,sider,SIDER8,tr,104,1366,203,903,4.448275862068965,895,8,0,203,1.0,0.991140642303433,0.9927667269439421,0.9765049155934569,0.9997447356081525,0.9999427196700652
12,sider,SIDER8,va,104,1366,20,103,5.15,96,7,11,9,0.45,0.9320388349514563,0.8536585365853658,0.41907257634522377,0.5617049912905502,0.7966019417475728
12,sider,SIDER8,te,104,1366,22,115,5.2272727272727275,95,20,18,4,0.18181818181818182,0.8260869565217391,0.7226277372262774,0.007635278670939114,0.2043595591557621,0.6015810276679842
13,sider,SIDER8,tr,104,1366,201,905,4.502487562189055,808,97,13,188,0.9353233830845771,0.8928176795580111,0.9005424954792043,0.730184532470486,0.8930365983823779,0.9745224155465765
13,sider,SIDER8,va,104,1366,22,101,4.590909090909091,81,20,10,12,0.5454545454545454,0.801980198019802,0.7560975609756098,0.30349363529214574,0.3239277939025669,0.7245724572457245
13,sider,SIDER8,te,104,1366,22,115,5.2272727272727275,92,23,14,8,0.36363636363636365,0.8,0.7299270072992701,0.14358408368860323,0.2511173119720499,0.6924901185770751
14,sider,SIDER8,tr,104,1366,211,895,4.241706161137441,717,178,8,203,0.9620853080568721,0.8011173184357542,0.8318264014466547,0.6310461340288079,0.8482242136259269,0.9585453678943049
14,sider,SIDER8,va,104,1366,17,106,6.235294117647059,73,33,6,11,0.6470588235294118,0.6886792452830188,0.6829268292682927,0.2417341998337266,0.2209133806687067,0.6895116537180911
14,sider,SIDER8,te,104,1366,17,120,7.0588235294117645,77,43,10,7,0.4117647058823529,0.6416666666666667,0.6131386861313869,0.03659036870903037,0.15777135043200027,0.6090686274509803
15,sider,SIDER8,tr,104,1366,191,915,4.790575916230367,799,116,16,175,0.9162303664921466,0.8732240437158469,0.8806509945750453,0.6776867383514061,0.8674458957645145,0.965299115955712
15,sider,SIDER8,va,104,1366,22,101,4.590909090909091,79,22,14,8,0.36363636363636365,0.7821782178217822,0.7073170731707317,0.13012803784676522,0.22323856219590393,0.6014851485148516
15,sider,SIDER8,te,104,1366,32,105,3.28125,78,27,19,13,0.40625,0.7428571428571429,0.6642335766423357,0.1387561446316832,0.3854633649375162,0.605952380952381
1,sider,SIDER9,tr,104,1366,792,314,0.39646464646464646,301,13,85,707,0.8926767676767676,0.9585987261146497,0.9113924050632911,0.805262816123977,0.9903236201198233,0.9733340571318279
1,sider,SIDER9,va,104,1366,91,32,0.3516483516483517,15,17,22,69,0.7582417582417582,0.46875,0.6829268292682927,0.21714792638935934,0.8557549269842111,0.6686126373626373
1,sider,SIDER9,te,104,1366,104,33,0.3173076923076923,14,19,24,80,0.7692307692307693,0.42424242424242425,0.6861313868613139,0.18479279922655611,0.8869672185049047,0.7182400932400932
2,sider,SIDER9,tr,104,1366,806,300,0.37220843672456577,248,52,110,696,0.8635235732009926,0.8266666666666667,0.8535262206148282,0.6558501912957988,0.9658323688738123,0.913124483043838
2,sider,SIDER9,va,104,1366,86,37,0.43023255813953487,22,15,16,70,0.813953488372093,0.5945945945945946,0.7479674796747967,0.405501069028796,0.8448654211282205,0.7369578881206789
2,sider,SIDER9,te,104,1366,95,42,0.4421052631578947,18,24,27,68,0.7157894736842105,0.42857142857142855,0.6277372262773723,0.14172154069313786,0.7607984929209608,0.6022556390977444
3,sider,SIDER9,tr,104,1366,794,312,0.3929471032745592,307,5,59,735,0.9256926952141058,0.9839743589743589,0.9421338155515371,0.8699886997514448,0.9966077346317895,0.990737825356843
3,sider,SIDER9,va,104,1366,87,36,0.41379310344827586,15,21,25,62,0.7126436781609196,0.4166666666666667,0.6260162601626016,0.12559579655786146,0.7948401936171293,0.6251596424010216
3,sider,SIDER9,te,104,1366,106,31,0.29245283018867924,10,21,26,80,0.7547169811320755,0.3225806451612903,0.656934306569343,0.07348318974098121,0.8722463973942087,0.6643335362142422
4,sider,SIDER9,tr,104,1366,810,296,0.3654320987654321,249,47,97,713,0.8802469135802469,0.8412162162162162,0.8698010849909584,0.6889023415627024,0.9802905234553392,0.9432995495495496
4,sider,SIDER9,va,104,1366,81,42,0.5185185185185185,16,26,18,63,0.7777777777777778,0.38095238095238093,0.6422764227642277,0.16830311083405314,0.8070935352292399,0.6743092298647855
4,sider,SIDER9,te,104,1366,96,41,0.4270833333333333,17,24,21,75,0.78125,0.4146341463414634,0.6715328467153284,0.20036295934696707,0.7695914246172713,0.6060721544715448
5,sider,SIDER9,tr,104,1366,802,304,0.3790523690773067,232,72,139,663,0.8266832917705735,0.7631578947368421,0.8092224231464737,0.5577357026345752,0.9495845956805938,0.8848889289933063
5,sider,SIDER9,va,104,1366,84,39,0.4642857142857143,17,22,14,70,0.8333333333333334,0.4358974358974359,0.7073170731707317,0.28855053109938006,0.8581725630712536,0.7316849816849818
5,sider,SIDER9,te,104,1366,101,36,0.3564356435643564,15,21,22,79,0.7821782178217822,0.4166666666666667,0.6861313868613139,0.19711764321403685,0.8294219439737356,0.661028602860286
6,sider,SIDER9,tr,104,1366,808,298,0.3688118811881188,240,58,115,693,0.8576732673267327,0.8053691275167785,0.8435804701627486,0.6301166645028059,0.9680832731239866,0.9152061598777328
6,sider,SIDER9,va,104,1366,85,38,0.4470588235294118,20,18,27,58,0.6823529411764706,0.5263157894736842,0.6341463414634146,0.19842797953465943,0.802281795766997,0.653250773993808
6,sider,SIDER9,te,104,1366,94,43,0.4574468085106383,11,32,29,65,0.6914893617021277,0.2558139534883721,0.5547445255474452,-0.05378554653997676,0.7463503115592041,0.5502226620484908
7,sider,SIDER9,tr,104,1366,797,309,0.3877038895859473,305,4,62,735,0.9222082810539524,0.9870550161812298,0.9403254972875226,0.8664486114421479,0.9954105884998155,0.9871240452668381
7,sider,SIDER9,va,104,1366,91,32,0.3516483516483517,17,15,25,66,0.7252747252747253,0.53125,0.6747967479674797,0.2373327993896826,0.8562684042427332,0.6840659340659341
7,sider,SIDER9,te,104,1366,99,38,0.3838383838383838,14,24,26,73,0.7373737373737373,0.3684210526315789,0.635036496350365,0.10417363382872563,0.7942340792030795,0.6049973418394471
8,sider,SIDER9,tr,104,1366,789,317,0.4017743979721166,279,38,320,469,0.5944233206590621,0.8801261829652997,0.6763110307414105,0.4306577482628116,0.9244951450538825,0.8331774038134764
8,sider,SIDER9,va,104,1366,95,28,0.29473684210526313,22,6,45,50,0.5263157894736842,0.7857142857142857,0.5853658536585366,0.2627276971671353,0.8768829100953374,0.6851503759398497
8,sider,SIDER9,te,104,1366,103,34,0.3300970873786408,24,10,67,36,0.34951456310679613,0.7058823529411765,0.43795620437956206,0.05066919995902815,0.7623612598538839,0.5444031981724728
9,sider,SIDER9,tr,104,1366,798,308,0.38596491228070173,267,41,133,665,0.8333333333333334,0.8668831168831169,0.8426763110307414,0.6532460121506776,0.9688713537698755,0.9218277023728152
9,sider,SIDER9,va,104,1366,88,35,0.3977272727272727,22,13,25,63,0.7159090909090909,0.6285714285714286,0.6910569105691057,0.31987794738474384,0.8859673643785256,0.7470779220779221
9,sider,SIDER9,te,104,1366,101,36,0.3564356435643564,17,19,24,77,0.7623762376237624,0.4722222222222222,0.6861313868613139,0.22548079065279764,0.8439295575651178,0.6718921892189219
10,sider,SIDER9,tr,104,1366,799,307,0.38423028785982477,306,1,42,757,0.9474342928660826,0.996742671009772,0.961121157323689,0.9104828145751085,0.9986202825260311,0.9959945860664593
10,sider,SIDER9,va,104,1366,91,32,0.3516483516483517,11,21,25,66,0.7252747252747253,0.34375,0.6260162601626016,0.06655634977095647,0.8611250167198921,0.6747939560439561
10,sider,SIDER9,te,104,1366,97,40,0.41237113402061853,18,22,22,75,0.7731958762886598,0.45,0.6788321167883211,0.22319587628865972,0.8098594179222022,0.6287371134020618
11,sider,SIDER9,tr,104,1366,808,298,0.3688118811881188,208,90,103,705,0.8725247524752475,0.697986577181208,0.825497287522604,0.5630076901999481,0.9542759800858038,0.8871498936806432
11,sider,SIDER9,va,104,1366,78,45,0.5769230769230769,18,27,18,60,0.7692307692307693,0.4,0.6341463414634146,0.1791521440457254,0.7644078150303971,0.67008547008547
11,sider,SIDER9,te,104,1366,101,36,0.3564356435643564,14,22,23,78,0.7722772277227723,0.3888888888888889,0.6715328467153284,0.15976616725231757,0.7649722237193405,0.5742574257425743
12,sider,SIDER9,tr,104,1366,800,306,0.3825,247,59,171,629,0.78625,0.8071895424836601,0.7920433996383364,0.5475197983275623,0.9460933271710651,0.874609885620915
12,sider,SIDER9,va,104,1366,90,33,0.36666666666666664,18,15,23,67,0.7444444444444445,0.5454545454545454,0.6910569105691057,0.2724746304565329,0.8333848264921194,0.6732323232323233
12,sider,SIDER9,te,104,1366,97,40,0.41237113402061853,19,21,40,57,0.5876288659793815,0.475,0.5547445255474452,0.05750652218737701,0.7374387056974192,0.5322164948453608
13,sider,SIDER9,tr,104,1366,789,317,0.4017743979721166,280,37,112,677,0.8580481622306717,0.8832807570977917,0.8652802893309223,0.7007884503615713,0.9792146874366894,0.9478035927760653
13,sider,SIDER9,va,104,1366,91,32,0.3516483516483517,16,16,37,54,0.5934065934065934,0.5,0.5691056910569106,0.08275347959165534,0.8132472983509456,0.6037087912087912
13,sider,SIDER9,te,104,1366,107,30,0.2803738317757009,8,22,34,73,0.6822429906542056,0.26666666666666666,0.5912408759124088,-0.04582525433296511,0.7895439078100687,0.5028037383177569
14,sider,SIDER9,tr,104,1366,808,298,0.3688118811881188,243,55,140,668,0.8267326732673267,0.8154362416107382,0.8236889692585895,0.5988175993906775,0.9675319803171756,0.9125398697587879
14,sider,SIDER9,va,104,1366,88,35,0.3977272727272727,23,12,21,67,0.7613636363636364,0.6571428571428571,0.7317073170731707,0.3939468890100821,0.8482397612966861,0.7571428571428572
14,sider,SIDER9,te,104,1366,91,46,0.5054945054945055,20,26,28,63,0.6923076923076923,0.43478260869565216,0.6058394160583942,0.12580456438789678,0.7364135058028313,0.594362159579551
15,sider,SIDER9,tr,104,1366,793,313,0.39470365699873894,293,20,100,693,0.8738965952080706,0.9361022364217252,0.891500904159132,0.7623459804141786,0.9874492092936064,0.9662864763163304
15,sider,SIDER9,va,104,1366,90,33,0.36666666666666664,19,14,25,65,0.7222222222222222,0.5757575757575758,0.6829268292682927,0.2754388282445902,0.8667630613158986,0.7099326599326599
15,sider,SIDER9,te,104,1366,104,33,0.3173076923076923,22,11,35,69,0.6634615384615384,0.6666666666666666,0.6642335766423357,0.28640055085241184,0.8925570964936409,0.7293123543123543
1,sider,SIDER10,tr,104,1366,559,547,0.9785330948121646,544,3,4,555,0.9928443649373881,0.9945155393053017,0.9936708860759493,0.9873421448821215,0.9998790926073071,0.9998773600023547
1,sider,SIDER10,va,104,1366,64,59,0.921875,42,17,18,46,0.71875,0.711864406779661,0.7154471544715447,0.4303865081625977,0.8068686242373739,0.801906779661017
1,sider,SIDER10,te,104,1366,85,52,0.611764705882353,30,22,28,57,0.6705882352941176,0.5769230769230769,0.635036496350365,0.24309646574050384,0.804010358119501,0.7104072398190046
2,sider,SIDER10,tr,104,1366,574,532,0.926829268292683,479,53,23,551,0.9599303135888502,0.900375939849624,0.9312839059674503,0.8633651499088096,0.98701909028704,0.9859923109166645
2,sider,SIDER10,va,104,1366,64,59,0.921875,34,25,11,53,0.828125,0.576271186440678,0.7073170731707317,0.4194396535736747,0.7696975860852737,0.7643008474576269
2,sider,SIDER10,te,104,1366,70,67,0.9571428571428572,33,34,19,51,0.7285714285714285,0.4925373134328358,0.6131386861313869,0.22776196466301019,0.6591282957044602,0.661727078891258
3,sider,SIDER10,tr,104,1366,576,530,0.9201388888888888,527,3,4,572,0.9930555555555556,0.9943396226415094,0.9936708860759493,0.9873224124223836,0.9997775386653414,0.9997461346960167
3,sider,SIDER10,va,104,1366,61,62,1.0163934426229508,42,20,20,41,0.6721311475409836,0.6774193548387096,0.6747967479674797,0.34955050237969315,0.7671481424702078,0.7570068746694871
3,sider,SIDER10,te,104,1366,71,66,0.9295774647887324,40,26,19,52,0.7323943661971831,0.6060606060606061,0.6715328467153284,0.3415299021388087,0.784380553342757,0.7476525821596245
4,sider,SIDER10,tr,104,1366,580,526,0.906896551724138,524,2,2,578,0.996551724137931,0.9961977186311787,0.9963833634719711,0.9927494427691097,0.9997354802116525,0.9996607447226957
4,sider,SIDER10,va,104,1366,61,62,1.0163934426229508,36,26,15,46,0.7540983606557377,0.5806451612903226,0.6666666666666666,0.3397203846634948,0.7091535762049122,0.7239555790586991
4,sider,SIDER10,te,104,1366,67,70,1.044776119402985,40,30,19,48,0.7164179104477612,0.5714285714285714,0.6423357664233577,0.2905855672039515,0.7147379761435587,0.7182302771855011
5,sider,SIDER10,tr,104,1366,567,539,0.9506172839506173,535,4,6,561,0.9894179894179894,0.9925788497217068,0.9909584086799277,0.9819133065017165,0.9995506753941026,0.9994977307902478
5,sider,SIDER10,va,104,1366,64,59,0.921875,30,29,17,47,0.734375,0.5084745762711864,0.6260162601626016,0.24968796957451864,0.7070503063331324,0.7025953389830509
5,sider,SIDER10,te,104,1366,77,60,0.7792207792207793,39,21,19,58,0.7532467532467533,0.65,0.708029197080292,0.4049154281990322,0.7190849814145235,0.7316017316017316
6,sider,SIDER10,tr,104,1366,578,528,0.9134948096885813,440,88,16,562,0.972318339100346,0.8333333333333334,0.9059674502712477,0.8175025081874419,0.9788513350694874,0.9771170834644018
6,sider,SIDER10,va,104,1366,60,63,1.05,36,27,14,46,0.7666666666666667,0.5714285714285714,0.6666666666666666,0.34406343564742636,0.7434079404829362,0.7455026455026454
6,sider,SIDER10,te,104,1366,70,67,0.9571428571428572,34,33,16,54,0.7714285714285715,0.5074626865671642,0.6423357664233577,0.2895854212444722,0.7418747354949937,0.729317697228145
7,sider,SIDER10,tr,104,1366,567,539,0.9506172839506173,536,3,8,559,0.9858906525573192,0.9944341372912802,0.9900542495479204,0.9801403972604105,0.9993591285189397,0.9992196012604176
7,sider,SIDER10,va,104,1366,68,55,0.8088235294117647,32,23,22,46,0.6764705882352942,0.5818181818181818,0.6341463414634146,0.25877355969853116,0.8043097035122756,0.7368983957219252
7,sider,SIDER10,te,104,1366,73,64,0.8767123287671232,44,20,23,50,0.684931506849315,0.6875,0.6861313868613139,0.37171613246955715,0.7935517746636158,0.7628424657534247
8,sider,SIDER10,tr,104,1366,554,552,0.9963898916967509,550,2,4,550,0.9927797833935018,0.9963768115942029,0.9945750452079566,0.9891565949877047,0.9998330193951861,0.999823418615602
8,sider,SIDER10,va,104,1366,65,58,0.8923076923076924,35,23,22,43,0.6615384615384615,0.603448275862069,0.6341463414634146,0.2652683386887081,0.757189077010268,0.7188328912466843
8,sider,SIDER10,te,104,1366,89,48,0.5393258426966292,31,17,35,54,0.6067415730337079,0.6458333333333334,0.6204379562043796,0.24115966979555703,0.8098570545679311,0.6919475655430711
9,sider,SIDER10,tr,104,1366,566,540,0.9540636042402827,533,7,4,562,0.9929328621908127,0.987037037037037,0.9900542495479204,0.9801094025435928,0.999375209378451,0.9992196702002356
9,sider,SIDER10,va,104,1366,67,56,0.835820895522388,41,15,24,43,0.6417910447761194,0.7321428571428571,0.6829268292682927,0.37304015343155006,0.7784065219763521,0.747867803837953
9,sider,SIDER10,te,104,1366,75,62,0.8266666666666667,38,24,27,48,0.64,0.6129032258064516,0.6277372262773723,0.25209133534592765,0.720065305574862,0.6815053763440859
10,sider,SIDER10,tr,104,1366,571,535,0.9369527145359019,531,4,6,565,0.989492119089317,0.9925233644859813,0.9909584086799277,0.9819062050400523,0.9993422201544795,0.9991701720215396
10,sider,SIDER10,va,104,1366,59,64,1.0847457627118644,42,22,15,44,0.7457627118644068,0.65625,0.6991869918699187,0.4027600472546713,0.7644214493320527,0.7661546610169492
10,sider,SIDER10,te,104,1366,78,59,0.7564102564102564,37,22,25,53,0.6794871794871795,0.6271186440677966,0.656934306569343,0.30501923684657484,0.7491867356067073,0.7018687527162102
11,sider,SIDER10,tr,104,1366,572,534,0.9335664335664335,482,52,26,546,0.9545454545454546,0.9026217228464419,0.9294755877034359,0.8595115706314442,0.982499737543808,0.9810196825646265
11,sider,SIDER10,va,104,1366,60,63,1.05,37,26,16,44,0.7333333333333333,0.5873015873015873,0.6585365853658537,0.3236456432188369,0.6961775704023736,0.7067460317460319
11,sider,SIDER10,te,104,1366,76,61,0.8026315789473685,30,31,29,47,0.618421052631579,0.4918032786885246,0.5620437956204379,0.11063075578376683,0.6514195547114472,0.5928602243313201
12,sider,SIDER10,tr,104,1366,577,529,0.9168110918544194,478,51,15,562,0.9740034662045061,0.9035916824196597,0.9403254972875226,0.8819749684272011,0.9890874659026447,0.9883007407455944
12,sider,SIDER10,va,104,1366,64,59,0.921875,34,25,22,42,0.65625,0.576271186440678,0.6178861788617886,0.2332636721614489,0.6788805731884797,0.6861758474576272
12,sider,SIDER10,te,104,1366,67,70,1.044776119402985,41,29,18,49,0.7313432835820896,0.5857142857142857,0.656934306569343,0.32007462106094514,0.6589460211450022,0.6954157782515992
13,sider,SIDER10,tr,104,1366,573,533,0.9301919720767888,532,1,4,569,0.9930191972076788,0.99812382739212,0.9954792043399638,0.9909629596773034,0.9999456301282593,0.9999410626405901
13,sider,SIDER10,va,104,1366,64,59,0.921875,39,20,17,47,0.734375,0.6610169491525424,0.6991869918699187,0.39665451314014033,0.7614110993238665,0.7748940677966101
13,sider,SIDER10,te,104,1366,71,66,0.9295774647887324,36,30,18,53,0.7464788732394366,0.5454545454545454,0.6496350364963503,0.2985032260913074,0.7811372515454111,0.7558685446009389
14,sider,SIDER10,tr,104,1366,577,529,0.9168110918544194,528,1,3,574,0.9948006932409013,0.998109640831758,0.9963833634719711,0.992760731791552,0.9999582784240737,0.9999541333997307
14,sider,SIDER10,va,104,1366,63,60,0.9523809523809523,41,19,15,48,0.7619047619047619,0.6833333333333333,0.7235772357723578,0.44689634341823015,0.7933325783675049,0.7920634920634921
14,sider,SIDER10,te,104,1366,68,69,1.0147058823529411,40,29,26,42,0.6176470588235294,0.5797101449275363,0.5985401459854015,0.19748351237439613,0.6348748139620408,0.6530264279624893
15,sider,SIDER10,tr,104,1366,575,531,0.9234782608695652,530,1,4,571,0.9930434782608696,0.9981167608286252,0.9954792043399638,0.9909606552240714,0.999680668342086,0.9996004257758127
15,sider,SIDER10,va,104,1366,60,63,1.05,42,21,23,37,0.6166666666666667,0.6666666666666666,0.6422764227642277,0.2837088581281369,0.6952258130374909,0.7142857142857142
15,sider,SIDER10,te,104,1366,73,64,0.8767123287671232,44,20,21,52,0.7123287671232876,0.6875,0.7007299270072993,0.3994868869691729,0.7718155320667228,0.7628424657534246
1,sider,SIDER11,tr,104,1366,283,823,2.908127208480565,746,77,30,253,0.8939929328621908,0.9064398541919806,0.903254972875226,0.7633613628103699,0.9068448063893056,0.9644088463734763
1,sider,SIDER11,va,104,1366,33,90,2.727272727272727,71,19,14,19,0.5757575757575758,0.7888888888888889,0.7317073170731707,0.34966242951846527,0.579367603964869,0.7851851851851852
1,sider,SIDER11,te,104,1366,42,95,2.261904761904762,75,20,21,21,0.5,0.7894736842105263,0.7007299270072993,0.29145263863075016,0.5456273850363035,0.7037593984962407
2,sider,SIDER11,tr,104,1366,289,817,2.8269896193771626,677,140,60,229,0.7923875432525952,0.828641370869033,0.8191681735985533,0.5786618395947121,0.7938362571945737,0.9031078339608576
2,sider,SIDER11,va,104,1366,30,93,3.1,79,14,13,17,0.5666666666666667,0.8494623655913979,0.7804878048780488,0.41158103742607965,0.591886606606763,0.821505376344086
2,sider,SIDER11,te,104,1366,39,98,2.5128205128205128,64,34,19,20,0.5128205128205128,0.6530612244897959,0.6131386861313869,0.15318208990373855,0.4254306221240421,0.641810570381999
3,sider,SIDER11,tr,104,1366,292,814,2.787671232876712,702,112,39,253,0.8664383561643836,0.8624078624078624,0.8634719710669078,0.6832568538403512,0.8379490330556296,0.9365533809026959
3,sider,SIDER11,va,104,1366,31,92,2.967741935483871,75,17,16,15,0.4838709677419355,0.8152173913043478,0.7317073170731707,0.2959910540456033,0.4837717761558694,0.7226507713884992
3,sider,SIDER11,te,104,1366,35,102,2.914285714285714,79,23,15,20,0.5714285714285714,0.7745098039215687,0.7226277372262774,0.32511326902108,0.5794260237872556,0.7296918767507004
4,sider,SIDER11,tr,104,1366,294,812,2.761904761904762,777,35,7,287,0.9761904761904762,0.9568965517241379,0.9620253164556962,0.9073772042004405,0.9751576013948662,0.9926066485707583
4,sider,SIDER11,va,104,1366,27,96,3.5555555555555554,84,12,17,10,0.37037037037037035,0.875,0.7642276422764228,0.26501325099383255,0.3787061599887901,0.7133487654320988
4,sider,SIDER11,te,104,1366,37,100,2.7027027027027026,79,21,19,18,0.4864864864864865,0.79,0.708029197080292,0.2720379104443173,0.5550637675175869,0.6972972972972973
5,sider,SIDER11,tr,104,1366,286,820,2.867132867132867,791,29,1,285,0.9965034965034965,0.9646341463414634,0.972875226039783,0.9333576998706166,0.9893694742886352,0.9967273580078458
5,sider,SIDER11,va,104,1366,37,86,2.324324324324324,73,13,18,19,0.5135135135135135,0.8488372093023255,0.7479674796747967,0.3787769427033757,0.6111679339481013,0.809553739786298
5,sider,SIDER11,te,104,1366,35,102,2.914285714285714,78,24,17,18,0.5142857142857142,0.7647058823529411,0.7007299270072993,0.2638996307325516,0.4934055177540738,0.6901960784313725
6,sider,SIDER11,tr,104,1366,292,814,2.787671232876712,722,92,31,261,0.8938356164383562,0.8869778869778869,0.8887884267631103,0.7383565005599936,0.8608681346591215,0.9480958230958231
6,sider,SIDER11,va,104,1366,27,96,3.5555555555555554,78,18,13,14,0.5185185185185185,0.8125,0.7479674796747967,0.3123015242734046,0.43495037185673013,0.7079475308641975
6,sider,SIDER11,te,104,1366,39,98,2.5128205128205128,75,23,20,19,0.48717948717948717,0.7653061224489796,0.6861313868613139,0.2471129607310607,0.5205949804416892,0.7019884877027733
7,sider,SIDER11,tr,104,1366,287,819,2.8536585365853657,778,41,10,277,0.9651567944250871,0.9499389499389499,0.953887884267631,0.8862837083546039,0.9757956382623422,0.9922655741471073
7,sider,SIDER11,va,104,1366,35,88,2.5142857142857142,70,18,15,20,0.5714285714285714,0.7954545454545454,0.7317073170731707,0.3582628893102685,0.4919852831342071,0.7396103896103896
7,sider,SIDER11,te,104,1366,36,101,2.8055555555555554,83,18,28,8,0.2222222222222222,0.8217821782178217,0.6642335766423357,0.04939237188071086,0.4182801060862133,0.5965346534653465
8,sider,SIDER11,tr,104,1366,292,814,2.787671232876712,800,14,0,292,1.0,0.9828009828009828,0.9873417721518988,0.9684194504210863,0.9989204972946137,0.9996255595570664
8,sider,SIDER11,va,104,1366,30,93,3.1,75,18,18,12,0.4,0.8064516129032258,0.7073170731707317,0.20645161290322567,0.5159408857666856,0.7032258064516129
8,sider,SIDER11,te,104,1366,36,101,2.8055555555555554,83,18,20,16,0.4444444444444444,0.8217821782178217,0.7226277372262774,0.2712722372628934,0.5366104871804508,0.7186468646864687
9,sider,SIDER11,tr,104,1366,300,806,2.6866666666666665,578,228,94,206,0.6866666666666666,0.71712158808933,0.7088607594936709,0.36766503399292894,0.5978633155122018,0.7772043010752687
9,sider,SIDER11,va,104,1366,15,108,7.2,69,39,8,7,0.4666666666666667,0.6388888888888888,0.6178861788617886,0.07138620991169214,0.16367715826440282,0.5546296296296297
9,sider,SIDER11,te,104,1366,43,94,2.186046511627907,56,38,17,26,0.6046511627906976,0.5957446808510638,0.5985401459854015,0.18639551026734122,0.49341916932013125,0.6448540326571004
10,sider,SIDER11,tr,104,1366,284,822,2.8943661971830985,738,84,32,252,0.8873239436619719,0.8978102189781022,0.895117540687161,0.745802701635253,0.8922673044807155,0.9595027586443233
10,sider,SIDER11,va,104,1366,33,90,2.727272727272727,78,12,14,19,0.5757575757575758,0.8666666666666667,0.7886178861788617,0.45148401650756154,0.6416395464904445,0.8023569023569025
10,sider,SIDER11,te,104,1366,41,96,2.341463414634146,63,33,20,21,0.5121951219512195,0.65625,0.6131386861313869,0.15785198859064484,0.5093162761923626,0.6631097560975611
11,sider,SIDER11,tr,104,1366,289,817,2.8269896193771626,761,56,9,280,0.9688581314878892,0.9314565483476133,0.9412296564195298,0.8600808535252789,0.9608393740217074,0.9879464493695815
11,sider,SIDER11,va,104,1366,27,96,3.5555555555555554,79,17,14,13,0.48148148148148145,0.8229166666666666,0.7479674796747967,0.2933981715296626,0.4098532671408133,0.6921296296296297
11,sider,SIDER11,te,104,1366,42,95,2.261904761904762,79,16,17,25,0.5952380952380952,0.8315789473684211,0.7591240875912408,0.42973492951356496,0.6028503632994833,0.7416040100250627
12,sider,SIDER11,tr,104,1366,291,815,2.8006872852233675,737,78,18,273,0.9381443298969072,0.9042944785276074,0.9132007233273056,0.7969601937907216,0.9306374327245737,0.9764889422975566
12,sider,SIDER11,va,104,1366,32,91,2.84375,72,19,16,16,0.5,0.7912087912087912,0.7154471544715447,0.2831553741168469,0.49228682708385596,0.7967032967032966
12,sider,SIDER11,te,104,1366,35,102,2.914285714285714,81,21,17,18,0.5142857142857142,0.7941176470588235,0.7226277372262774,0.29806286359457074,0.43573811818329145,0.6588235294117647
13,sider,SIDER11,tr,104,1366,289,817,2.8269896193771626,768,49,5,284,0.9826989619377162,0.9400244798041616,0.9511754068716094,0.8837300847834763,0.9736064010462635,0.9913134812568559
13,sider,SIDER11,va,104,1366,37,86,2.324324324324324,73,13,17,20,0.5405405405405406,0.8488372093023255,0.7560975609756098,0.40303521500038636,0.6353332667258422,0.8205531112507857
13,sider,SIDER11,te,104,1366,32,105,3.28125,83,22,14,18,0.5625,0.7904761904761904,0.7372262773722628,0.3284726298067391,0.500009691672634,0.706845238095238
14,sider,SIDER11,tr,104,1366,295,811,2.7491525423728813,764,47,5,290,0.9830508474576272,0.9420468557336621,0.9529837251356239,0.8888549952942153,0.9832420237986726,0.9942109552968714
14,sider,SIDER11,va,104,1366,30,93,3.1,75,18,15,15,0.5,0.8064516129032258,0.7317073170731707,0.29702006475334297,0.48483232697503437,0.7681003584229391
14,sider,SIDER11,te,104,1366,33,104,3.1515151515151514,82,22,20,13,0.3939393939393939,0.7884615384615384,0.6934306569343066,0.17884079244638942,0.40175770799513305,0.6375291375291375
15,sider,SIDER11,tr,104,1366,286,820,2.867132867132867,807,13,0,286,1.0,0.9841463414634146,0.9882459312839059,0.970235729137739,0.997195385749086,0.999155722326454
15,sider,SIDER11,va,104,1366,35,88,2.5142857142857142,77,11,22,13,0.37142857142857144,0.875,0.7317073170731707,0.28057127097270307,0.47794037397807076,0.7516233766233765
15,sider,SIDER11,te,104,1366,37,100,2.7027027027027026,90,10,22,15,0.40540540540540543,0.9,0.7664233576642335,0.35107391779067787,0.5875167617098006,0.7278378378378378
1,sider,SIDER12,tr,104,1366,995,111,0.11155778894472362,102,9,590,405,0.40703517587939697,0.918918918918919,0.45840867992766726,0.20238403633971866,0.9605987701062849,0.730200552311105
1,sider,SIDER12,va,104,1366,114,9,0.07894736842105263,6,3,71,43,0.37719298245614036,0.6666666666666666,0.3983739837398374,0.023605573436560747,0.9312066806908996,0.5360623781676414
1,sider,SIDER12,te,104,1366,129,8,0.06201550387596899,6,2,78,51,0.3953488372093023,0.75,0.41605839416058393,0.06997998298929013,0.9545888632663205,0.47432170542635654
2,sider,SIDER12,tr,104,1366,1006,100,0.09940357852882704,62,38,316,690,0.6858846918489065,0.62,0.6799276672694394,0.18494608558400963,0.9567517223004653,0.6868190854870776
2,sider,SIDER12,va,104,1366,112,11,0.09821428571428571,7,4,42,70,0.625,0.6363636363636364,0.6260162601626016,0.15234795111814978,0.9482266490687263,0.6659902597402598
2,sider,SIDER12,te,104,1366,120,17,0.14166666666666666,10,7,47,73,0.6083333333333333,0.5882352941176471,0.6058394160583942,0.1314761165088408,0.9033485792541337,0.5678921568627451
3,sider,SIDER12,tr,104,1366,1000,106,0.106,85,21,280,720,0.72,0.8018867924528302,0.7278481012658228,0.3267184819964546,0.9767414215645684,0.827688679245283
3,sider,SIDER12,va,104,1366,112,11,0.09821428571428571,7,4,38,74,0.6607142857142857,0.6363636363636364,0.6585365853658537,0.1760038521662407,0.9612298698398033,0.6968344155844157
3,sider,SIDER12,te,104,1366,126,11,0.0873015873015873,7,4,48,78,0.6190476190476191,0.6363636363636364,0.6204379562043796,0.14159025892526728,0.9457021728799444,0.5714285714285714
4,sider,SIDER12,tr,104,1366,1005,101,0.10049751243781095,98,3,121,884,0.8796019900497513,0.9702970297029703,0.8878842676311031,0.6143660079743161,0.9965905600237652,0.9658982316142063
4,sider,SIDER12,va,104,1366,108,15,0.1388888888888889,5,10,25,83,0.7685185185185185,0.3333333333333333,0.7154471544715447,0.07761118872233855,0.9465532434612484,0.682716049382716
4,sider,SIDER12,te,104,1366,125,12,0.096,3,9,23,102,0.816,0.25,0.7664233576642335,0.047581858560098916,0.9343316437393061,0.5436666666666667
5,sider,SIDER12,tr,104,1366,1000,106,0.106,103,3,124,876,0.876,0.9716981132075472,0.8851717902350814,0.6178553093604552,0.9974117876150437,0.9754622641509435
5,sider,SIDER12,va,104,1366,112,11,0.09821428571428571,5,6,13,99,0.8839285714285714,0.45454545454545453,0.8455284552845529,0.27327493455814966,0.9574444614420328,0.7069805194805194
5,sider,SIDER12,te,104,1366,126,11,0.0873015873015873,4,7,28,98,0.7777777777777778,0.36363636363636365,0.7445255474452555,0.09082487681884426,0.9578326795595318,0.6298701298701299
6,sider,SIDER12,tr,104,1366,1011,95,0.09396636993076163,57,38,227,784,0.7754698318496538,0.6,0.7603978300180831,0.24083375095814852,0.9733241699898432,0.7828726117965537
6,sider,SIDER12,va,104,1366,105,18,0.17142857142857143,10,8,26,79,0.7523809523809524,0.5555555555555556,0.7235772357723578,0.23921103264995594,0.8672132133312345,0.605026455026455
6,sider,SIDER12,te,104,1366,122,15,0.12295081967213115,3,12,22,100,0.819672131147541,0.2,0.7518248175182481,0.01590369141012185,0.9337860955214836,0.5882513661202186
7,sider,SIDER12,tr,104,1366,998,108,0.10821643286573146,99,9,192,806,0.8076152304609219,0.9166666666666666,0.8182640144665461,0.48826936878946203,0.9923084766151049,0.9323276181993618
7,sider,SIDER12,va,104,1366,113,10,0.08849557522123894,4,6,26,87,0.7699115044247787,0.4,0.7398373983739838,0.10813341164091243,0.9455273423523429,0.6743362831858407
7,sider,SIDER12,te,104,1366,127,10,0.07874015748031496,5,5,24,103,0.8110236220472441,0.5,0.7883211678832117,0.19805433764624306,0.9592293916305377,0.6968503937007874
8,sider,SIDER12,tr,104,1366,995,111,0.11155778894472362,111,0,92,903,0.907537688442211,1.0,0.9168173598553345,0.7044429144995343,0.9991395232082725,0.9920231789578523
8,sider,SIDER12,va,104,1366,115,8,0.06956521739130435,4,4,17,98,0.8521739130434782,0.5,0.8292682926829268,0.23080295417007793,0.9627912199219436,0.6782608695652175
8,sider,SIDER12,te,104,1366,128,9,0.0703125,0,9,16,112,0.875,0.0,0.8175182481751825,-0.09642365197998355,0.9274625264398787,0.4809027777777778
9,sider,SIDER12,tr,104,1366,1009,97,0.09613478691774034,89,8,132,877,0.869177403369673,0.9175257731958762,0.8734177215189873,0.5565120620528873,0.9954554032512435,0.9538687891451166
9,sider,SIDER12,va,104,1366,109,14,0.12844036697247707,4,10,17,92,0.8440366972477065,0.2857142857142857,0.7804878048780488,0.10951615561653197,0.9353404054062129,0.673656618610747
9,sider,SIDER12,te,104,1366,120,17,0.14166666666666666,5,12,22,98,0.8166666666666667,0.29411764705882354,0.7518248175182481,0.09181531547373965,0.9248610415751947,0.6205882352941177
10,sider,SIDER12,tr,104,1366,996,110,0.11044176706827309,110,0,66,930,0.9337349397590361,1.0,0.9403254972875226,0.7639269188537589,0.9996084172104146,0.9962988316903978
10,sider,SIDER12,va,104,1366,115,8,0.06956521739130435,2,6,16,99,0.8608695652173913,0.25,0.8211382113821138,0.07735267838285909,0.9601739390428783,0.6760869565217391
10,sider,SIDER12,te,104,1366,127,10,0.07874015748031496,6,4,14,113,0.889763779527559,0.6,0.8686131386861314,0.3608116863679976,0.9724589663494131,0.7661417322834645
11,sider,SIDER12,tr,104,1366,998,108,0.10821643286573146,101,7,192,806,0.8076152304609219,0.9351851851851852,0.8200723327305606,0.4996549606360885,0.9931769823484553,0.9392767015512508
11,sider,SIDER12,va,104,1366,113,10,0.08849557522123894,0,10,25,88,0.7787610619469026,0.0,0.7154471544715447,-0.15025112925416803,0.9146624588776815,0.43539823008849554
11,sider,SIDER12,te,104,1366,127,10,0.07874015748031496,3,7,23,104,0.8188976377952756,0.3,0.781021897810219,0.07887273912331479,0.9651584510857758,0.678740157480315
12,sider,SIDER12,tr,104,1366,1003,103,0.10269192422731804,100,3,142,861,0.8584247258225324,0.970873786407767,0.8688969258589512,0.5829286636539099,0.9960609850527302,0.961223126736296
12,sider,SIDER12,va,104,1366,110,13,0.11818181818181818,6,7,20,90,0.8181818181818182,0.46153846153846156,0.7804878048780488,0.21062961381097395,0.9424648877301403,0.7237762237762237
12,sider,SIDER12,te,104,1366,125,12,0.096,2,10,23,102,0.816,0.16666666666666666,0.7591240875912408,-0.012686700948330914,0.9277633839480859,0.5233333333333333
13,sider,SIDER12,tr,104,1366,999,107,0.10710710710710711,97,10,201,798,0.7987987987987988,0.9065420560747663,0.8092224231464737,0.4699588802770971,0.9915661543060486,0.9236011712647226
13,sider,SIDER12,va,104,1366,115,8,0.06956521739130435,4,4,20,95,0.8260869565217391,0.5,0.8048780487804879,0.2029103139823637,0.9834133973054457,0.7880434782608695
13,sider,SIDER12,te,104,1366,124,13,0.10483870967741936,6,7,29,95,0.7661290322580645,0.46153846153846156,0.7372262773722628,0.15298520664401424,0.9178439157987234,0.5849875930521091
14,sider,SIDER12,tr,104,1366,1004,102,0.10159362549800798,101,1,73,931,0.9272908366533864,0.9901960784313726,0.9330922242314648,0.7290952035180932,0.9991396496831518,0.9911627997812672
14,sider,SIDER12,va,104,1366,110,13,0.11818181818181818,7,6,16,94,0.8545454545454545,0.5384615384615384,0.8211382113821138,0.3098877286667385,0.9624264369260653,0.7674825174825174
14,sider,SIDER12,te,104,1366,124,13,0.10483870967741936,2,11,21,103,0.8306451612903226,0.15384615384615385,0.7664233576642335,-0.012160211994633139,0.9410220957155389,0.6160049627791564
15,sider,SIDER12,tr,104,1366,1007,99,0.09831181727904667,97,2,124,883,0.8768619662363456,0.9797979797979798,0.8860759493670886,0.6116078090828652,0.9970925924334094,0.9702536787938971
15,sider,SIDER12,va,104,1366,105,18,0.17142857142857143,4,14,18,87,0.8285714285714286,0.2222222222222222,0.7398373983739838,0.046845545837381264,0.892018511269185,0.5574074074074075
15,sider,SIDER12,te,104,1366,126,11,0.0873015873015873,4,7,23,103,0.8174603174603174,0.36363636363636365,0.781021897810219,0.12371258500509168,0.9637301420087793,0.7077922077922078
1,sider,SIDER13,tr,104,1366,248,858,3.4596774193548385,830,28,0,248,1.0,0.9673659673659674,0.9746835443037974,0.9323236514035892,0.990432179561697,0.9979885705692157
1,sider,SIDER13,va,104,1366,29,94,3.2413793103448274,80,14,17,12,0.41379310344827586,0.851063829787234,0.7479674796747967,0.27536055650892194,0.3812411876593705,0.7410124724871607
1,sider,SIDER13,te,104,1366,38,99,2.6052631578947367,85,14,22,16,0.42105263157894735,0.8585858585858586,0.7372262773722628,0.30272886178054725,0.5016314294668465,0.732589048378522
2,sider,SIDER13,tr,104,1366,264,842,3.1893939393939394,799,43,0,264,1.0,0.9489311163895487,0.961121157323689,0.9033376669210186,0.9838848061262748,0.9961131505074499
2,sider,SIDER13,va,104,1366,22,101,4.590909090909091,76,25,11,11,0.5,0.7524752475247525,0.7073170731707317,0.21265713434643427,0.437472612696435,0.7448244824482448
2,sider,SIDER13,te,104,1366,29,108,3.7241379310344827,76,32,10,19,0.6551724137931034,0.7037037037037037,0.6934306569343066,0.30326418289970325,0.5155151932953117,0.7043422733077905
3,sider,SIDER13,tr,104,1366,262,844,3.2213740458015265,823,21,0,262,1.0,0.9751184834123223,0.9810126582278481,0.9501367628059848,0.9937769530749793,0.9983923338518866
3,sider,SIDER13,va,104,1366,22,101,4.590909090909091,92,9,16,6,0.2727272727272727,0.9108910891089109,0.7967479674796748,0.21504563344194208,0.3992950212533551,0.693069306930693
3,sider,SIDER13,te,104,1366,31,106,3.4193548387096775,87,19,11,20,0.6451612903225806,0.8207547169811321,0.781021897810219,0.4320122580430098,0.6476744122902491,0.8167985392574559
4,sider,SIDER13,tr,104,1366,252,854,3.388888888888889,809,45,0,252,1.0,0.9473067915690867,0.9593128390596745,0.8965352528000026,0.993055210688056,0.9981134530314858
4,sider,SIDER13,va,104,1366,36,87,2.4166666666666665,72,15,19,17,0.4722222222222222,0.8275862068965517,0.7235772357723578,0.31092742504939364,0.4936963257226151,0.6799169859514687
4,sider,SIDER13,te,104,1366,27,110,4.074074074074074,86,24,12,15,0.5555555555555556,0.7818181818181819,0.7372262773722628,0.29740218539316626,0.4479294096240821,0.7016835016835017
5,sider,SIDER13,tr,104,1366,246,860,3.4959349593495936,854,6,0,246,1.0,0.9930232558139535,0.9945750452079566,0.9845708938218924,0.9998844148937557,0.9999669124598224
5,sider,SIDER13,va,104,1366,37,86,2.324324324324324,77,9,25,12,0.32432432432432434,0.8953488372093024,0.7235772357723578,0.2677425250425404,0.535392024612309,0.7404148334380892
5,sider,SIDER13,te,104,1366,32,105,3.28125,92,13,22,10,0.3125,0.8761904761904762,0.7445255474452555,0.21360099702152505,0.43104798067997296,0.6604166666666667
6,sider,SIDER13,tr,104,1366,253,853,3.3715415019762847,845,8,0,253,1.0,0.9906213364595545,0.9927667269439421,0.9799272748921997,0.9997232580910065,0.9999189097767007
6,sider,SIDER13,va,104,1366,29,94,3.2413793103448274,84,10,16,13,0.4482758620689655,0.8936170212765957,0.7886178861788617,0.3722108841702642,0.5340371592996379,0.747982391782832
6,sider,SIDER13,te,104,1366,33,104,3.1515151515151514,91,13,18,15,0.45454545454545453,0.875,0.7737226277372263,0.3494593788987466,0.5941449914366688,0.7345571095571095
7,sider,SIDER13,tr,104,1366,256,850,3.3203125,833,17,1,255,0.99609375,0.98,0.9837251356238698,0.9559903317638517,0.9984720299161445,0.9995611213235294
7,sider,SIDER13,va,104,1366,29,94,3.2413793103448274,78,16,16,13,0.4482758620689655,0.8297872340425532,0.7398373983739838,0.2780630961115185,0.558861364667878,0.7195524578136464
7,sider,SIDER13,te,104,1366,30,107,3.566666666666667,91,16,16,14,0.4666666666666667,0.8504672897196262,0.7664233576642335,0.3171339563862927,0.49378912563698363,0.7355140186915887
8,sider,SIDER13,tr,104,1366,258,848,3.2868217054263567,780,68,5,253,0.9806201550387597,0.9198113207547169,0.933996383363472,0.8390176606510011,0.9669473206035716,0.9900586880210618
8,sider,SIDER13,va,104,1366,24,99,4.125,85,14,11,13,0.5416666666666666,0.8585858585858586,0.7967479674796748,0.3832126176246956,0.41786170614947893,0.7798821548821548
8,sider,SIDER13,te,104,1366,33,104,3.1515151515151514,81,23,18,15,0.45454545454545453,0.7788461538461539,0.7007299270072993,0.222920229187457,0.44566341617148286,0.6346153846153846
9,sider,SIDER13,tr,104,1366,259,847,3.27027027027027,837,10,1,258,0.9961389961389961,0.9881936245572609,0.9900542495479204,0.9728459129276601,0.9998356997094925,0.9999475778696557
9,sider,SIDER13,va,104,1366,26,97,3.730769230769231,81,16,16,10,0.38461538461538464,0.8350515463917526,0.7398373983739838,0.21966693100713702,0.391153149178853,0.6911181601903251
9,sider,SIDER13,te,104,1366,30,107,3.566666666666667,90,17,17,13,0.43333333333333335,0.8411214953271028,0.7518248175182481,0.274454828660436,0.388419987290351,0.6794392523364485
10,sider,SIDER13,tr,104,1366,262,844,3.2213740458015265,807,37,1,261,0.9961832061068703,0.9561611374407583,0.9656419529837251,0.9126453874378436,0.9725740376007603,0.9942499366882529
10,sider,SIDER13,va,104,1366,25,98,3.92,78,20,8,17,0.68,0.7959183673469388,0.7723577235772358,0.41760474108393375,0.48948402280029735,0.7661224489795918
10,sider,SIDER13,te,104,1366,28,109,3.892857142857143,79,30,15,13,0.4642857142857143,0.7247706422018348,0.6715328467153284,0.16428026469109336,0.3021913700131502,0.6359764089121887
11,sider,SIDER13,tr,104,1366,264,842,3.1893939393939394,833,9,1,263,0.9962121212121212,0.9893111638954869,0.9909584086799277,0.9755677199282905,0.999656623940224,0.9998920319585403
11,sider,SIDER13,va,104,1366,25,98,3.92,88,10,14,11,0.44,0.8979591836734694,0.8048780487804879,0.36144112168540865,0.5531868014577047,0.7391836734693877
11,sider,SIDER13,te,104,1366,26,111,4.269230769230769,99,12,17,9,0.34615384615384615,0.8918918918918919,0.7883211678832117,0.2591015026689593,0.4076945161094897,0.7096327096327096
12,sider,SIDER13,tr,104,1366,245,861,3.5142857142857142,813,48,33,212,0.8653061224489796,0.9442508710801394,0.9267631103074141,0.7927937017371349,0.8871161646561302,0.9655597430609876
12,sider,SIDER13,va,104,1366,32,91,2.84375,80,11,19,13,0.40625,0.8791208791208791,0.7560975609756098,0.3159236368792215,0.46766435262341344,0.711195054945055
12,sider,SIDER13,te,104,1366,38,99,2.6052631578947367,89,10,27,11,0.2894736842105263,0.898989898989899,0.7299270072992701,0.23420609747760676,0.4802473919865966,0.6584263689526847
13,sider,SIDER13,tr,104,1366,247,859,3.477732793522267,795,64,18,229,0.9271255060728745,0.9254947613504074,0.9258589511754068,0.8046770730035622,0.8904943290053919,0.9758899577231788
13,sider,SIDER13,va,104,1366,30,93,3.1,81,12,17,13,0.43333333333333335,0.8709677419354839,0.7642276422764228,0.3247301001134386,0.5058272840062471,0.7743727598566309
13,sider,SIDER13,te,104,1366,38,99,2.6052631578947367,84,15,19,19,0.5,0.8484848484848485,0.7518248175182481,0.36118959031168774,0.5688141405023048,0.7533227006911216
14,sider,SIDER13,tr,104,1366,250,856,3.424,792,64,6,244,0.976,0.9252336448598131,0.9367088607594937,0.8409447801367693,0.9213292023330322,0.98246261682243
14,sider,SIDER13,va,104,1366,28,95,3.392857142857143,72,23,16,12,0.42857142857142855,0.7578947368421053,0.6829268292682927,0.173286807192915,0.29308725335720337,0.6077067669172933
14,sider,SIDER13,te,104,1366,37,100,2.7027027027027026,77,23,19,18,0.4864864864864865,0.77,0.6934306569343066,0.24867825173319874,0.43439610132650436,0.6712162162162163
15,sider,SIDER13,tr,104,1366,246,860,3.4959349593495936,815,45,13,233,0.9471544715447154,0.9476744186046512,0.9475587703435805,0.8578655146395625,0.9455017151258471,0.985921251654377
15,sider,SIDER13,va,104,1366,29,94,3.2413793103448274,79,15,15,14,0.4827586206896552,0.8404255319148937,0.7560975609756098,0.3231841526045486,0.44446171503237275,0.7382611885546589
15,sider,SIDER13,te,104,1366,40,97,2.425,90,7,25,15,0.375,0.9278350515463918,0.7664233576642335,0.3750263155810067,0.5979507538791562,0.7539948453608247
1,sider,SIDER14,tr,104,1366,155,951,6.135483870967742,894,57,3,152,0.9806451612903225,0.9400630914826499,0.945750452079566,0.8164108709475965,0.9043638987174623,0.986720260506767
1,sider,SIDER14,va,104,1366,27,96,3.5555555555555554,84,12,15,12,0.4444444444444444,0.875,0.7804878048780488,0.3336488405817539,0.4433592066795294,0.739969135802469
1,sider,SIDER14,te,104,1366,27,110,4.074074074074074,94,16,20,7,0.25925925925925924,0.8545454545454545,0.7372262773722628,0.12112174858764219,0.21744544323420634,0.5444444444444445
2,sider,SIDER14,tr,104,1366,175,931,5.32,859,72,2,173,0.9885714285714285,0.9226638023630505,0.9330922242314648,0.8008289220751426,0.9423548344982033,0.9901733926653369
2,sider,SIDER14,va,104,1366,19,104,5.473684210526316,84,20,13,6,0.3157894736842105,0.8076923076923077,0.7317073170731707,0.10930091940010894,0.20883826342019196,0.6163967611336032
2,sider,SIDER14,te,104,1366,15,122,8.133333333333333,100,22,12,3,0.2,0.819672131147541,0.7518248175182481,0.01590369141012185,0.1461213486711187,0.66775956284153
3,sider,SIDER14,tr,104,1366,163,943,5.785276073619632,828,115,15,148,0.9079754601226994,0.8780487804878049,0.8824593128390597,0.6544763034091525,0.7818824710145164,0.9548334840510315
3,sider,SIDER14,va,104,1366,23,100,4.3478260869565215,86,14,14,9,0.391304347826087,0.86,0.7723577235772358,0.2513043478260867,0.2724711920922793,0.6426086956521739
3,sider,SIDER14,te,104,1366,23,114,4.956521739130435,95,19,18,5,0.21739130434782608,0.8333333333333334,0.7299270072992701,0.04987586660071081,0.3441242061417935,0.723302822273074
4,sider,SIDER14,tr,104,1366,168,938,5.583333333333333,913,25,0,168,1.0,0.9733475479744137,0.9773960216998192,0.9204706727412296,0.9939590974056773,0.9990163976038178
4,sider,SIDER14,va,104,1366,20,103,5.15,97,6,18,2,0.1,0.941747572815534,0.8048780487804879,0.062469916778571374,0.25872544752735516,0.6262135922330097
4,sider,SIDER14,te,104,1366,21,116,5.523809523809524,102,14,14,7,0.3333333333333333,0.8793103448275862,0.7956204379562044,0.21264367816091934,0.24756002953462852,0.5923645320197044
5,sider,SIDER14,tr,104,1366,167,939,5.622754491017964,903,36,1,166,0.9940119760479041,0.9616613418530351,0.9665461121157324,0.8856060863044,0.9788492184525542,0.9965627849731847
5,sider,SIDER14,va,104,1366,23,100,4.3478260869565215,89,11,19,4,0.17391304347826086,0.89,0.7560975609756098,0.07615455933962553,0.31421059905067394,0.671304347826087
5,sider,SIDER14,te,104,1366,19,118,6.2105263157894735,101,17,11,8,0.42105263157894735,0.8559322033898306,0.7956204379562044,0.24785334266428807,0.23070558076238562,0.6052631578947368
6,sider,SIDER14,tr,104,1366,165,941,5.703030303030303,695,246,55,110,0.6666666666666666,0.7385759829968119,0.7278481012658228,0.30902691007283056,0.374136713180066,0.772250668212411
6,sider,SIDER14,va,104,1366,16,107,6.6875,78,29,8,8,0.5,0.7289719626168224,0.6991869918699187,0.16795158208210645,0.2108309262752228,0.6527453271028038
6,sider,SIDER14,te,104,1366,28,109,3.892857142857143,74,35,19,9,0.32142857142857145,0.6788990825688074,0.6058394160583942,0.00028296969248800573,0.22344391819271733,0.5352228047182176
7,sider,SIDER14,tr,104,1366,173,933,5.393063583815029,651,282,41,132,0.7630057803468208,0.6977491961414791,0.7079566003616636,0.34584435412743525,0.45407090569990505,0.8096264768383422
7,sider,SIDER14,va,104,1366,16,107,6.6875,75,32,7,9,0.5625,0.7009345794392523,0.6829268292682927,0.1879861299317822,0.24842685828968944,0.6766939252336448
7,sider,SIDER14,te,104,1366,20,117,5.85,77,40,10,10,0.5,0.6581196581196581,0.635036496350365,0.11597093720775249,0.17651594381587,0.5989316239316239
8,sider,SIDER14,tr,104,1366,171,935,5.4678362573099415,864,71,1,170,0.9941520467836257,0.9240641711229947,0.9349005424954792,0.8041410724717467,0.9464401533614046,0.990458767238953
8,sider,SIDER14,va,104,1366,18,105,5.833333333333333,90,15,15,3,0.16666666666666666,0.8571428571428571,0.7560975609756098,0.023809523809523777,0.180139774253049,0.6105820105820106
8,sider,SIDER14,te,104,1366,20,117,5.85,99,18,14,6,0.3,0.8461538461538461,0.7664233576642335,0.1357604706010111,0.25848146727854626,0.611965811965812
9,sider,SIDER14,tr,104,1366,175,931,5.32,898,33,0,175,1.0,0.9645542427497314,0.9701627486437613,0.9008462700780173,0.9883251645143843,0.9980727328525396
9,sider,SIDER14,va,104,1366,17,106,6.235294117647059,93,13,12,5,0.29411764705882354,0.8773584905660378,0.7967479674796748,0.16743651805964418,0.40336246958978417,0.6625971143174251
9,sider,SIDER14,te,104,1366,17,120,7.0588235294117645,97,23,16,1,0.058823529411764705,0.8083333333333333,0.7153284671532847,-0.11521509030483897,0.11306991413332124,0.4990196078431373
10,sider,SIDER14,tr,104,1366,172,934,5.430232558139535,788,146,15,157,0.9127906976744186,0.8436830835117773,0.8544303797468354,0.6146847731225136,0.7628071621262473,0.947101737961257
10,sider,SIDER14,va,104,1366,16,107,6.6875,82,25,12,4,0.25,0.7663551401869159,0.6991869918699187,0.012961140708451788,0.15131881402739297,0.5826518691588786
10,sider,SIDER14,te,104,1366,21,116,5.523809523809524,90,26,11,10,0.47619047619047616,0.7758620689655172,0.7299270072992701,0.20630881847959795,0.2812183201192337,0.645320197044335
11,sider,SIDER14,tr,104,1366,171,935,5.4678362573099415,827,108,14,157,0.9181286549707602,0.8844919786096257,0.8896925858951176,0.6798189181316028,0.8376697659568455,0.9667573568502361
11,sider,SIDER14,va,104,1366,17,106,6.235294117647059,91,15,11,6,0.35294117647058826,0.8584905660377359,0.7886178861788617,0.19392680799911138,0.3266795465984149,0.760266370699223
11,sider,SIDER14,te,104,1366,21,116,5.523809523809524,86,30,15,6,0.2857142857142857,0.7413793103448276,0.6715328467153284,0.022176517947318345,0.2640818413851373,0.6313628899835797
12,sider,SIDER14,tr,104,1366,176,930,5.284090909090909,870,60,1,175,0.9943181818181818,0.9354838709677419,0.9448462929475587,0.8314675417729248,0.9500313759746352,0.9913031524926686
12,sider,SIDER14,va,104,1366,17,106,6.235294117647059,88,18,13,4,0.23529411764705882,0.8301886792452831,0.7479674796747967,0.05897019809539124,0.32102155145770933,0.5821309655937846
12,sider,SIDER14,te,104,1366,16,121,7.5625,95,26,11,5,0.3125,0.7851239669421488,0.7299270072992701,0.0749333843984305,0.16065734524243178,0.6379132231404958
13,sider,SIDER14,tr,104,1366,173,933,5.393063583815029,815,118,4,169,0.976878612716763,0.8735262593783494,0.8896925858951176,0.70470396305021,0.7975156569160282,0.9630751692904361
13,sider,SIDER14,va,104,1366,18,105,5.833333333333333,80,25,13,5,0.2777777777777778,0.7619047619047619,0.6910569105691057,0.03266090840290082,0.21015638059794026,0.6661375661375661
13,sider,SIDER14,te,104,1366,18,119,6.611111111111111,97,22,13,5,0.2777777777777778,0.8151260504201681,0.7445255474452555,0.07889784088785137,0.25717838864978604,0.5504201680672269
14,sider,SIDER14,tr,104,1366,172,934,5.430232558139535,798,136,19,153,0.8895348837209303,0.854389721627409,0.8598553345388789,0.6136300725259382,0.7490195292013967,0.9422899755988249
14,sider,SIDER14,va,104,1366,23,100,4.3478260869565215,75,25,13,10,0.43478260869565216,0.75,0.6910569105691057,0.1596796800656272,0.2681919192017923,0.66
14,sider,SIDER14,te,104,1366,14,123,8.785714285714286,95,28,10,4,0.2857142857142857,0.7723577235772358,0.7226277372262774,0.04157323189104628,0.1318215556140545,0.6071428571428571
15,sider,SIDER14,tr,104,1366,162,944,5.827160493827161,776,168,46,116,0.7160493827160493,0.8220338983050848,0.8065099457504521,0.4355097916336667,0.5440604416887976,0.853104075120318
15,sider,SIDER14,va,104,1366,24,99,4.125,88,11,15,9,0.375,0.8888888888888888,0.7886178861788617,0.28340709110399076,0.40810864123899326,0.6717171717171716
15,sider,SIDER14,te,104,1366,23,114,4.956521739130435,91,23,17,6,0.2608695652173913,0.7982456140350878,0.708029197080292,0.054088442733501996,0.19791548985203355,0.6180396643783371
1,sider,SIDER15,tr,104,1366,850,256,0.30117647058823527,256,0,45,805,0.9470588235294117,1.0,0.9593128390596745,0.897480894629156,0.998511516025089,0.9945863970588236
1,sider,SIDER15,va,104,1366,95,28,0.29473684210526313,12,16,12,83,0.8736842105263158,0.42857142857142855,0.7723577235772358,0.31980998003666916,0.9279061395411239,0.7962406015037594
1,sider,SIDER15,te,104,1366,118,19,0.16101694915254236,6,13,27,91,0.7711864406779662,0.3157894736842105,0.708029197080292,0.07029803209217705,0.9166876636140062,0.6297948260481713
2,sider,SIDER15,tr,104,1366,860,246,0.28604651162790695,162,84,238,622,0.7232558139534884,0.6585365853658537,0.7088607594936709,0.33045453115281376,0.9153123840680941,0.7617531669502742
2,sider,SIDER15,va,104,1366,99,24,0.24242424242424243,10,14,26,73,0.7373737373737373,0.4166666666666667,0.6747967479674797,0.13416739591766283,0.8762670788421263,0.6382575757575758
2,sider,SIDER15,te,104,1366,104,33,0.3173076923076923,20,13,36,68,0.6538461538461539,0.6060606060606061,0.6423357664233577,0.22607612041417222,0.8528071198926213,0.6491841491841492
3,sider,SIDER15,tr,104,1366,869,237,0.2727272727272727,180,57,142,727,0.8365937859608745,0.759493670886076,0.8200723327305606,0.5384037515296567,0.95884612677266,0.8712303292498775
3,sider,SIDER15,va,104,1366,89,34,0.38202247191011235,14,20,18,71,0.797752808988764,0.4117647058823529,0.6910569105691057,0.21357927635876586,0.812092280537198,0.6392927957699934
3,sider,SIDER15,te,104,1366,105,32,0.3047619047619048,18,14,17,88,0.8380952380952381,0.5625,0.7737226277372263,0.38863446583202865,0.8922951413256569,0.7482142857142857
4,sider,SIDER15,tr,104,1366,873,233,0.26689576174112256,233,0,32,841,0.9633447880870561,1.0,0.9710669077757685,0.92033491775894,0.9985374498130628,0.9939137402966437
4,sider,SIDER15,va,104,1366,91,32,0.3516483516483517,11,21,14,77,0.8461538461538461,0.34375,0.7154471544715447,0.20703625525257874,0.9001124472127673,0.7441620879120878
4,sider,SIDER15,te,104,1366,99,38,0.3838383838383838,11,27,9,90,0.9090909090909091,0.2894736842105263,0.7372262773722628,0.25176959280582717,0.8305808415319287,0.6562998405103667
5,sider,SIDER15,tr,104,1366,865,241,0.2786127167630058,198,43,101,764,0.8832369942196532,0.8215767634854771,0.8698010849909584,0.6551165729867726,0.9772559526727892,0.9243949823711414
5,sider,SIDER15,va,104,1366,96,27,0.28125,11,16,18,78,0.8125,0.4074074074074074,0.7235772357723578,0.2144343873181216,0.8756861963285703,0.6801697530864198
5,sider,SIDER15,te,104,1366,102,35,0.3431372549019608,9,26,24,78,0.7647058823529411,0.2571428571428571,0.635036496350365,0.022283677014086862,0.7982303744442689,0.5627450980392157
6,sider,SIDER15,tr,104,1366,868,238,0.27419354838709675,207,31,80,788,0.9078341013824884,0.8697478991596639,0.8996383363471971,0.7289733320481674,0.9869667246711931,0.9518791387522754
6,sider,SIDER15,va,104,1366,92,31,0.33695652173913043,13,18,7,85,0.9239130434782609,0.41935483870967744,0.7967479674796748,0.4039004351153925,0.8785544967383341,0.7254558204768583
6,sider,SIDER15,te,104,1366,103,34,0.3300970873786408,18,16,16,87,0.8446601941747572,0.5294117647058824,0.7664233576642335,0.3740719588806395,0.9208263244425281,0.7885494003426614
7,sider,SIDER15,tr,104,1366,858,248,0.289044289044289,219,29,105,753,0.8776223776223776,0.8830645161290323,0.8788426763110307,0.6971071486752949,0.9848500340165847,0.9451932476126024
7,sider,SIDER15,va,104,1366,95,28,0.29473684210526313,15,13,27,68,0.7157894736842105,0.5357142857142857,0.6747967479674797,0.22239147987868582,0.8605122334010471,0.675563909774436
7,sider,SIDER15,te,104,1366,110,27,0.24545454545454545,11,16,26,84,0.7636363636363637,0.4074074074074074,0.6934306569343066,0.1532444044128446,0.8751696977321306,0.6153198653198654
8,sider,SIDER15,tr,104,1366,854,252,0.29508196721311475,247,5,59,795,0.9309133489461359,0.9801587301587301,0.9421338155515371,0.8542327868958721,0.9957743663439604,0.9843035574885691
8,sider,SIDER15,va,104,1366,98,25,0.25510204081632654,12,13,28,70,0.7142857142857143,0.48,0.6666666666666666,0.16689943584909733,0.8991995782598482,0.6828571428571428
8,sider,SIDER15,te,104,1366,111,26,0.23423423423423423,10,16,15,96,0.8648648648648649,0.38461538461538464,0.7737226277372263,0.2532825776717855,0.9093453839418577,0.700970200970201
9,sider,SIDER15,tr,104,1366,864,242,0.2800925925925926,242,0,25,839,0.9710648148148148,1.0,0.9773960216998192,0.9381583784285438,0.9994481660221068,0.9978621441689624
9,sider,SIDER15,va,104,1366,95,28,0.29473684210526313,12,16,15,80,0.8421052631578947,0.42857142857142855,0.7479674796747967,0.27420424855354064,0.9010765919250052,0.7210526315789473
9,sider,SIDER15,te,104,1366,104,33,0.3173076923076923,12,21,11,93,0.8942307692307693,0.36363636363636365,0.7664233576642335,0.29502124229419513,0.824068569912731,0.6346153846153847
10,sider,SIDER15,tr,104,1366,863,243,0.28157589803012745,214,29,108,755,0.8748551564310545,0.8806584362139918,0.8761301989150091,0.6885965614841529,0.983261315697711,0.9414927351711181
10,sider,SIDER15,va,104,1366,95,28,0.29473684210526313,12,16,17,78,0.8210526315789474,0.42857142857142855,0.7317073170731707,0.2465836831934739,0.8785437541275595,0.6894736842105262
10,sider,SIDER15,te,104,1366,105,32,0.3047619047619048,15,17,28,77,0.7333333333333333,0.46875,0.6715328467153284,0.1842476600418816,0.8851026598802807,0.7318452380952382
11,sider,SIDER15,tr,104,1366,858,248,0.289044289044289,192,56,152,706,0.8228438228438228,0.7741935483870968,0.8119349005424955,0.5379157912692526,0.9577390454494233,0.8751245394390555
11,sider,SIDER15,va,104,1366,96,27,0.28125,11,16,25,71,0.7395833333333334,0.4074074074074074,0.6666666666666666,0.13372007157572316,0.8372947686148507,0.6037808641975309
11,sider,SIDER15,te,104,1366,109,28,0.25688073394495414,14,14,15,94,0.8623853211009175,0.5,0.7883211678832117,0.3577272184435093,0.9065367300601166,0.7404980340760157
12,sider,SIDER15,tr,104,1366,865,241,0.2786127167630058,156,85,220,645,0.7456647398843931,0.6473029045643154,0.7242314647377939,0.3424664375267423,0.9080389003839127,0.7573285683448061
12,sider,SIDER15,va,104,1366,92,31,0.33695652173913043,15,16,24,68,0.7391304347826086,0.4838709677419355,0.6747967479674797,0.20807045099683188,0.8615262462132477,0.6993338008415148
12,sider,SIDER15,te,104,1366,106,31,0.29245283018867924,14,17,26,80,0.7547169811320755,0.45161290322580644,0.6861313868613139,0.1898803622215379,0.8212216156328357,0.5940353012781497
13,sider,SIDER15,tr,104,1366,857,249,0.29054842473745623,240,9,50,807,0.941656942823804,0.963855421686747,0.9466546112115732,0.8598850355233514,0.9960842750296865,0.9853111395406597
13,sider,SIDER15,va,104,1366,103,20,0.1941747572815534,5,15,17,86,0.8349514563106796,0.25,0.7398373983739838,0.0817960649670289,0.9227418844440711,0.6902912621359223
13,sider,SIDER15,te,104,1366,103,34,0.3300970873786408,12,22,12,91,0.883495145631068,0.35294117647058826,0.7518248175182481,0.26867510254981125,0.8817116412170427,0.709594517418618
14,sider,SIDER15,tr,104,1366,863,243,0.28157589803012745,217,26,91,772,0.8945538818076477,0.8930041152263375,0.8942133815551537,0.7274686403115264,0.9881157064417259,0.9561582955428714
14,sider,SIDER15,va,104,1366,96,27,0.28125,11,16,18,78,0.8125,0.4074074074074074,0.7235772357723578,0.2144343873181216,0.8579917571775381,0.6851851851851852
14,sider,SIDER15,te,104,1366,104,33,0.3173076923076923,15,18,25,79,0.7596153846153846,0.45454545454545453,0.6861313868613139,0.2014177947374847,0.7802714430728409,0.6244172494172494
15,sider,SIDER15,tr,104,1366,863,243,0.28157589803012745,214,29,83,780,0.9038238702201622,0.8806584362139918,0.8987341772151899,0.7328906851409072,0.9883122682628235,0.9579441034957965
15,sider,SIDER15,va,104,1366,92,31,0.33695652173913043,13,18,18,74,0.8043478260869565,0.41935483870967744,0.7073170731707317,0.2237026647966338,0.8899730130320285,0.7266830294530154
15,sider,SIDER15,te,104,1366,108,29,0.26851851851851855,15,14,23,85,0.7870370370370371,0.5172413793103449,0.7299270072992701,0.2776339860160068,0.9265495609592715,0.7653256704980844
1,sider,SIDER16,tr,104,1366,695,411,0.5913669064748202,404,7,37,658,0.9467625899280575,0.9829683698296837,0.9602169981916817,0.9175727108676781,0.9976716528708351,0.9958952545992403
1,sider,SIDER16,va,104,1366,72,51,0.7083333333333334,36,15,22,50,0.6944444444444444,0.7058823529411765,0.6991869918699187,0.3950893503203652,0.7813640582139433,0.7581699346405228
1,sider,SIDER16,te,104,1366,92,45,0.4891304347826087,24,21,21,71,0.7717391304347826,0.5333333333333333,0.6934306569343066,0.30507246376811586,0.8422121145034928,0.7198067632850241
2,sider,SIDER16,tr,104,1366,704,402,0.5710227272727273,402,0,10,694,0.9857954545454546,1.0,0.9909584086799277,0.9807488875374785,0.9999133400262439,0.9998462940976933
2,sider,SIDER16,va,104,1366,74,49,0.6621621621621622,30,19,20,54,0.7297297297297297,0.6122448979591837,0.6829268292682927,0.34084847327721973,0.8346818354775849,0.7498621070049641
2,sider,SIDER16,te,104,1366,81,56,0.691358024691358,31,25,14,67,0.8271604938271605,0.5535714285714286,0.7153284671532847,0.3985250675482521,0.8168610570413728,0.7709435626102293
3,sider,SIDER16,tr,104,1366,701,405,0.5777460770328102,386,19,59,642,0.9158345221112696,0.9530864197530864,0.9294755877034359,0.8536621965951141,0.9902463163169626,0.9814480195840158
3,sider,SIDER16,va,104,1366,72,51,0.7083333333333334,27,24,20,52,0.7222222222222222,0.5294117647058824,0.6422764227642277,0.2551319860879602,0.8011857524847537,0.7322984749455338
3,sider,SIDER16,te,104,1366,86,51,0.5930232558139535,32,19,21,65,0.7558139534883721,0.6274509803921569,0.708029197080292,0.3804134135333947,0.8313829024414197,0.7509119927040584
4,sider,SIDER16,tr,104,1366,706,400,0.56657223796034,358,42,125,581,0.8229461756373938,0.895,0.849005424954792,0.695515229295183,0.9592218257483665,0.9245308073654391
4,sider,SIDER16,va,104,1366,72,51,0.7083333333333334,32,19,21,51,0.7083333333333334,0.6274509803921569,0.6747967479674797,0.33406023748793123,0.7964089361764797,0.752995642701525
4,sider,SIDER16,te,104,1366,81,56,0.691358024691358,40,16,26,55,0.6790123456790124,0.7142857142857143,0.6934306569343066,0.3869520795398796,0.8158420582372242,0.7819664902998237
5,sider,SIDER16,tr,104,1366,692,414,0.5982658959537572,414,0,7,685,0.9898843930635838,1.0,0.9936708860759493,0.9866232855899091,0.9999001567360197,0.9998307084415403
5,sider,SIDER16,va,104,1366,80,43,0.5375,27,16,16,64,0.8,0.627906976744186,0.7398373983739838,0.4279069767441859,0.8718923501388121,0.8133720930232559
5,sider,SIDER16,te,104,1366,87,50,0.5747126436781609,22,28,20,67,0.7701149425287356,0.44,0.6496350364963503,0.21938913681218142,0.7927616486571796,0.6963218390804597
6,sider,SIDER16,tr,104,1366,703,403,0.5732574679943101,396,7,35,668,0.9502133712660028,0.9826302729528535,0.9620253164556962,0.920552413490377,0.9967484098123945,0.9938371177759973
6,sider,SIDER16,va,104,1366,79,44,0.5569620253164557,30,14,21,58,0.7341772151898734,0.6818181818181818,0.7154471544715447,0.40474088111771367,0.8823300971111647,0.7945914844649021
6,sider,SIDER16,te,104,1366,77,60,0.7792207792207793,31,29,21,56,0.7272727272727273,0.5166666666666667,0.635036496350365,0.24939732649676163,0.7691115437504761,0.7006493506493509
7,sider,SIDER16,tr,104,1366,690,416,0.6028985507246377,416,0,17,673,0.9753623188405797,1.0,0.984629294755877,0.9680230617727942,0.9995641348743782,0.9992074275362319
7,sider,SIDER16,va,104,1366,80,43,0.5375,24,19,22,58,0.725,0.5581395348837209,0.6666666666666666,0.2790329285320623,0.8637912734387044,0.7843023255813953
7,sider,SIDER16,te,104,1366,89,48,0.5393258426966292,32,16,22,67,0.7528089887640449,0.6666666666666666,0.7226277372262774,0.4095306938810127,0.7904948902713168,0.7366573033707865
8,sider,SIDER16,tr,104,1366,702,404,0.5754985754985755,404,0,18,684,0.9743589743589743,1.0,0.9837251356238698,0.9658150128051315,0.9996574365261521,0.9993723731347495
8,sider,SIDER16,va,104,1366,72,51,0.7083333333333334,34,17,17,55,0.7638888888888888,0.6666666666666666,0.7235772357723578,0.4305555555555554,0.8010570092810994,0.7617102396514163
8,sider,SIDER16,te,104,1366,85,52,0.611764705882353,30,22,17,68,0.8,0.5769230769230769,0.7153284671532847,0.3852952710574766,0.7718929781908893,0.7158371040723982
9,sider,SIDER16,tr,104,1366,697,409,0.5868005738880918,406,3,39,658,0.9440459110473458,0.9926650366748166,0.9620253164556962,0.9221528309627474,0.9965237345508742,0.9932999617641796
9,sider,SIDER16,va,104,1366,73,50,0.684931506849315,31,19,22,51,0.6986301369863014,0.62,0.6666666666666666,0.3160431106571047,0.7436666497143811,0.7006849315068493
9,sider,SIDER16,te,104,1366,89,48,0.5393258426966292,29,19,28,61,0.6853932584269663,0.6041666666666666,0.656934306569343,0.28026680088802025,0.825317429079546,0.7258895131086143
10,sider,SIDER16,tr,104,1366,700,406,0.58,386,20,88,612,0.8742857142857143,0.9507389162561576,0.9023508137432188,0.8035839261936376,0.9864110979310301,0.9758216045038706
10,sider,SIDER16,va,104,1366,76,47,0.618421052631579,37,10,27,49,0.6447368421052632,0.7872340425531915,0.6991869918699187,0.420140171268792,0.8085446036003571,0.7463605823068309
10,sider,SIDER16,te,104,1366,83,54,0.6506024096385542,39,15,16,67,0.8072289156626506,0.7222222222222222,0.7737226277372263,0.5278050499722707,0.8537745655270561,0.8369031682284694
11,sider,SIDER16,tr,104,1366,697,409,0.5868005738880918,382,27,62,635,0.9110473457675753,0.9339853300733496,0.9195298372513563,0.8322064278643564,0.98758157275907,0.9778460254040193
11,sider,SIDER16,va,104,1366,79,44,0.5569620253164557,23,21,23,56,0.7088607594936709,0.5227272727272727,0.6422764227642277,0.22942023382120866,0.8439465582979294,0.7456846950517837
11,sider,SIDER16,te,104,1366,83,54,0.6506024096385542,29,25,23,60,0.7228915662650602,0.5370370370370371,0.6496350364963503,0.261745283442292,0.7871236628126405,0.7019187862561357
12,sider,SIDER16,tr,104,1366,698,408,0.5845272206303725,406,2,22,676,0.9684813753581661,0.9950980392156863,0.9783001808318263,0.9545717439928773,0.9990538468143644,0.9983039777515591
12,sider,SIDER16,va,104,1366,77,46,0.5974025974025974,28,18,18,59,0.7662337662337663,0.6086956521739131,0.7073170731707317,0.3749294184076791,0.8445624586560744,0.7744212309429701
12,sider,SIDER16,te,104,1366,84,53,0.6309523809523809,32,21,26,58,0.6904761904761905,0.6037735849056604,0.656934306569343,0.29004552907637504,0.7665405929615066,0.683288409703504
13,sider,SIDER16,tr,104,1366,693,413,0.5959595959595959,413,0,23,670,0.9668109668109668,1.0,0.9792043399638336,0.9569793471414848,0.9995914917353675,0.9992645234775985
13,sider,SIDER16,va,104,1366,82,41,0.5,28,13,15,67,0.8170731707317073,0.6829268292682927,0.7723577235772358,0.4942988927246722,0.9070140315240787,0.8262938726948246
13,sider,SIDER16,te,104,1366,84,53,0.6309523809523809,35,18,18,66,0.7857142857142857,0.660377358490566,0.7372262773722628,0.44609164420485165,0.8455218471340734,0.7929020664869723
14,sider,SIDER16,tr,104,1366,712,394,0.5533707865168539,339,55,98,614,0.8623595505617978,0.8604060913705583,0.8616636528028933,0.7079976720688805,0.9635855854565195,0.9330886756402214
14,sider,SIDER16,va,104,1366,67,56,0.835820895522388,38,18,19,48,0.7164179104477612,0.6785714285714286,0.6991869918699187,0.3944640171495257,0.8066651846695392,0.7671908315565031
14,sider,SIDER16,te,104,1366,80,57,0.7125,35,22,29,51,0.6375,0.6140350877192983,0.6277372262773723,0.24850182326773304,0.7255186244459361,0.6890350877192982
15,sider,SIDER16,tr,104,1366,687,419,0.6098981077147017,379,40,111,576,0.8384279475982532,0.9045346062052506,0.8634719710669078,0.7255442577402229,0.9704595003942127,0.9511504135791533
15,sider,SIDER16,va,104,1366,77,46,0.5974025974025974,28,18,24,53,0.6883116883116883,0.6086956521739131,0.6585365853658537,0.290911316170717,0.8369963048210828,0.756070016939582
15,sider,SIDER16,te,104,1366,95,42,0.4421052631578947,36,6,37,58,0.6105263157894737,0.8571428571428571,0.6861313868613139,0.4321890650982787,0.8736963196433293,0.7522556390977444
1,sider,SIDER17,tr,104,1366,1027,79,0.07692307692307693,69,10,165,862,0.8393378773125608,0.8734177215189873,0.8417721518987342,0.44944156460377105,0.9928613700583699,0.9188369713926515
1,sider,SIDER17,va,104,1366,114,9,0.07894736842105263,4,5,20,94,0.8245614035087719,0.4444444444444444,0.7967479674796748,0.17677147409910762,0.9650257308762731,0.678849902534113
1,sider,SIDER17,te,104,1366,129,8,0.06201550387596899,3,5,27,102,0.7906976744186046,0.375,0.7664233576642335,0.09395150589363989,0.937135354197814,0.4656007751937984
2,sider,SIDER17,tr,104,1366,1034,72,0.06963249516441006,35,37,35,999,0.9661508704061895,0.4861111111111111,0.9349005424954792,0.4582344128642375,0.9953962659771003,0.9379566946056309
2,sider,SIDER17,va,104,1366,110,13,0.11818181818181818,2,11,4,106,0.9636363636363636,0.15384615384615385,0.8780487804878049,0.16767669566555796,0.9395557487543081,0.6349650349650349
2,sider,SIDER17,te,104,1366,126,11,0.0873015873015873,2,9,2,124,0.9841269841269841,0.18181818181818182,0.9197080291970803,0.2678492315481869,0.9313671733401124,0.5616883116883117
3,sider,SIDER17,tr,104,1366,1025,81,0.07902439024390244,78,3,173,852,0.8312195121951219,0.9629629629629629,0.840867992766727,0.49397483347655724,0.9960403104594214,0.9506895513399578
3,sider,SIDER17,va,104,1366,116,7,0.0603448275862069,4,3,30,86,0.7413793103448276,0.5714285714285714,0.7317073170731707,0.1620396289954543,0.9793448704919522,0.750615763546798
3,sider,SIDER17,te,104,1366,129,8,0.06201550387596899,4,4,25,104,0.8062015503875969,0.5,0.7883211678832117,0.17576660218221804,0.9683949314842387,0.7257751937984496
4,sider,SIDER17,tr,104,1366,1028,78,0.07587548638132295,66,12,203,825,0.8025291828793775,0.8461538461538461,0.8056057866184448,0.38711279467827886,0.9892494556064824,0.889622617978649
4,sider,SIDER17,va,104,1366,119,4,0.03361344537815126,1,3,27,92,0.773109243697479,0.25,0.7560975609756098,0.009775711820942522,0.9858241640676653,0.6743697478991597
4,sider,SIDER17,te,104,1366,123,14,0.11382113821138211,5,9,20,103,0.8373983739837398,0.35714285714285715,0.7883211678832117,0.15256299919729865,0.9370665891962777,0.6408246225319396
5,sider,SIDER17,tr,104,1366,1023,83,0.08113391984359726,80,3,103,920,0.8993157380254154,0.963855421686747,0.9041591320072333,0.6119943164904857,0.9975682919168516,0.9696321944670176
5,sider,SIDER17,va,104,1366,115,8,0.06956521739130435,2,6,11,104,0.9043478260869565,0.25,0.8617886178861789,0.12380164403584219,0.9603061960699261,0.6608695652173913
5,sider,SIDER17,te,104,1366,132,5,0.03787878787878788,2,3,16,116,0.8787878787878788,0.4,0.8613138686131386,0.1547519470786573,0.9760915784961568,0.6772727272727272
6,sider,SIDER17,tr,104,1366,1032,74,0.07170542635658915,23,51,20,1012,0.9806201550387597,0.3108108108108108,0.9358047016274864,0.37669559708334205,0.9851482740579386,0.8615257699560024
6,sider,SIDER17,va,104,1366,113,10,0.08849557522123894,3,7,2,111,0.9823008849557522,0.3,0.926829268292683,0.3906838469998246,0.9753601714184083,0.7920353982300885
6,sider,SIDER17,te,104,1366,125,12,0.096,1,11,5,120,0.96,0.08333333333333333,0.8832116788321168,0.059862721099516326,0.9497670742664949,0.648
7,sider,SIDER17,tr,104,1366,1027,79,0.07692307692307693,70,9,452,575,0.5598831548198637,0.8860759493670886,0.5831826401446655,0.23006583313993953,0.9830341166033274,0.8357388485573072
7,sider,SIDER17,va,104,1366,118,5,0.0423728813559322,3,2,62,56,0.4745762711864407,0.6,0.4796747967479675,0.02950230819636596,0.9705285630920973,0.6254237288135593
7,sider,SIDER17,te,104,1366,125,12,0.096,8,4,56,69,0.552,0.6666666666666666,0.5620437956204379,0.12390156646917729,0.9588564113072182,0.6709999999999999
8,sider,SIDER17,tr,104,1366,1023,83,0.08113391984359726,83,0,1023,0,0.0,1.0,0.07504520795660036,0.0,0.9837695929317438,0.8375260573084126
8,sider,SIDER17,va,104,1366,113,10,0.08849557522123894,10,0,113,0,0.0,1.0,0.08130081300813008,0.0,0.9633439502760797,0.7084070796460178
8,sider,SIDER17,te,104,1366,134,3,0.022388059701492536,3,0,134,0,0.0,1.0,0.021897810218978103,0.0,0.9853519358724085,0.6405472636815921
9,sider,SIDER17,tr,104,1366,1023,83,0.08113391984359726,78,5,116,907,0.8866080156402737,0.9397590361445783,0.8905967450271248,0.5724684700383142,0.9963222155626466,0.9562943857541604
9,sider,SIDER17,va,104,1366,118,5,0.0423728813559322,1,4,22,96,0.8135593220338984,0.2,0.7886178861788617,0.006867522060273384,0.9826257715629507,0.6711864406779661
9,sider,SIDER17,te,104,1366,129,8,0.06201550387596899,3,5,16,113,0.875968992248062,0.375,0.8467153284671532,0.17027155855864767,0.9204693374000266,0.48062015503875966
10,sider,SIDER17,tr,104,1366,1029,77,0.07482993197278912,72,5,102,927,0.9008746355685131,0.935064935064935,0.903254972875226,0.584312737221038,0.9966510581614418,0.9561798745472215
10,sider,SIDER17,va,104,1366,112,11,0.09821428571428571,3,8,12,100,0.8928571428571429,0.2727272727272727,0.8373983739837398,0.14440003757399353,0.9580663412679007,0.7313311688311689
10,sider,SIDER17,te,104,1366,129,8,0.06201550387596899,1,7,11,118,0.9147286821705426,0.125,0.8686131386861314,0.03295325951497806,0.9698452350915356,0.6492248062015504
11,sider,SIDER17,tr,104,1366,1030,76,0.07378640776699029,50,26,114,916,0.8893203883495145,0.6578947368421053,0.8734177215189873,0.38952570833012007,0.9915798712362117,0.9007537046499744
11,sider,SIDER17,va,104,1366,112,11,0.09821428571428571,3,8,11,101,0.9017857142857143,0.2727272727272727,0.8455284552845529,0.15680353136777558,0.9651513876038732,0.7110389610389609
11,sider,SIDER17,te,104,1366,128,9,0.0703125,3,6,16,112,0.875,0.3333333333333333,0.8394160583941606,0.14933692277237443,0.9678850151363223,0.7035590277777778
12,sider,SIDER17,tr,104,1366,1025,81,0.07902439024390244,76,5,190,835,0.8146341463414634,0.9382716049382716,0.8236889692585895,0.4589491770165969,0.9951606738044938,0.9424028906955736
12,sider,SIDER17,va,104,1366,117,6,0.05128205128205128,3,3,25,92,0.7863247863247863,0.5,0.7723577235772358,0.1470911972894052,0.979735768843605,0.7008547008547008
12,sider,SIDER17,te,104,1366,128,9,0.0703125,5,4,31,97,0.7578125,0.5555555555555556,0.7445255474452555,0.17638799558863547,0.9258323855204003,0.5989583333333334
13,sider,SIDER17,tr,104,1366,1026,80,0.07797270955165692,75,5,256,770,0.7504873294346979,0.9375,0.7640144665461122,0.3891654400956578,0.9936530832006883,0.9264863547758285
13,sider,SIDER17,va,104,1366,118,5,0.0423728813559322,2,3,35,83,0.7033898305084746,0.4,0.6910569105691057,0.044519855036409206,0.981878947148496,0.6847457627118645
13,sider,SIDER17,te,104,1366,126,11,0.0873015873015873,3,8,27,99,0.7857142857142857,0.2727272727272727,0.7445255474452555,0.03840173864251844,0.9321234659960058,0.5631313131313131
14,sider,SIDER17,tr,104,1366,1034,72,0.06963249516441006,72,0,54,980,0.9477756286266924,1.0,0.9511754068716094,0.7359253178828455,0.9993102813477364,0.9897646679561573
14,sider,SIDER17,va,104,1366,115,8,0.06956521739130435,3,5,11,104,0.9043478260869565,0.375,0.8699186991869918,0.21690119405964597,0.9799853635611369,0.7793478260869565
14,sider,SIDER17,te,104,1366,121,16,0.1322314049586777,5,11,7,114,0.9421487603305785,0.3125,0.8686131386861314,0.2893001196485232,0.9098365637403609,0.6244834710743802
15,sider,SIDER17,tr,104,1366,1025,81,0.07902439024390244,79,2,696,329,0.32097560975609757,0.9753086419753086,0.3688969258589512,0.1685575314039868,0.9846306276811455,0.8470039144835892
15,sider,SIDER17,va,104,1366,115,8,0.06956521739130435,5,3,81,34,0.2956521739130435,0.625,0.3170731707317073,-0.04266569837508822,0.9424822937080667,0.49782608695652175
15,sider,SIDER17,te,104,1366,130,7,0.05384615384615385,7,0,89,41,0.3153846153846154,1.0,0.35036496350364965,0.1516469415181025,0.9673054231319161,0.5868131868131868
1,sider,SIDER18,tr,104,1366,194,912,4.701030927835052,861,51,0,194,1.0,0.944078947368421,0.953887884267631,0.8646134344187834,0.9805844445326559,0.996179236751673
1,sider,SIDER18,va,104,1366,29,94,3.2413793103448274,77,17,16,13,0.4482758620689655,0.8191489361702128,0.7317073170731707,0.26433976582795626,0.42543489266034834,0.7248716067498165
1,sider,SIDER18,te,104,1366,26,111,4.269230769230769,93,18,19,7,0.2692307692307692,0.8378378378378378,0.7299270072992701,0.1087004395841413,0.25437948733582205,0.5453915453915454
2,sider,SIDER18,tr,104,1366,206,900,4.368932038834951,878,22,0,206,1.0,0.9755555555555555,0.9801084990958409,0.9388413081822282,0.9975240037456401,0.9994606256742179
2,sider,SIDER18,va,104,1366,16,107,6.6875,91,16,13,3,0.1875,0.8504672897196262,0.7642276422764228,0.03534011890097525,0.16914025535887806,0.6232476635514019
2,sider,SIDER18,te,104,1366,27,110,4.074074074074074,96,14,22,5,0.18518518518518517,0.8727272727272727,0.7372262773722628,0.06665495170950474,0.2927668239083173,0.6218855218855219
3,sider,SIDER18,tr,104,1366,204,902,4.421568627450981,806,96,8,196,0.9607843137254902,0.893569844789357,0.9059674502712477,0.7517140403667986,0.9119825848650885,0.9791340593887221
3,sider,SIDER18,va,104,1366,21,102,4.857142857142857,78,24,16,5,0.23809523809523808,0.7647058823529411,0.6747967479674797,0.002483010701882367,0.19705703277776285,0.5854341736694678
3,sider,SIDER18,te,104,1366,24,113,4.708333333333333,88,25,17,7,0.2916666666666667,0.7787610619469026,0.6934306569343066,0.06327306695225984,0.28905239968145857,0.6367994100294985
4,sider,SIDER18,tr,104,1366,205,901,4.3951219512195125,780,121,12,193,0.9414634146341463,0.8657047724750278,0.879746835443038,0.6956262273160178,0.8942214525507646,0.9720094204271675
4,sider,SIDER18,va,104,1366,25,98,3.92,75,23,16,9,0.36,0.7653061224489796,0.6829268292682927,0.11493694459772454,0.29717316930841337,0.6234693877551021
4,sider,SIDER18,te,104,1366,19,118,6.2105263157894735,85,33,9,10,0.5263157894736842,0.7203389830508474,0.6934306569343066,0.1837000068860967,0.2744722460711305,0.7016057091882247
5,sider,SIDER18,tr,104,1366,196,910,4.642857142857143,872,38,2,194,0.9897959183673469,0.9582417582417583,0.9638336347197106,0.8891491555248032,0.9915228078185421,0.9980124467369366
5,sider,SIDER18,va,104,1366,29,94,3.2413793103448274,78,16,19,10,0.3448275862068966,0.8297872340425532,0.7154471544715447,0.18153964667347208,0.4603258305843047,0.6647101980924431
5,sider,SIDER18,te,104,1366,24,113,4.708333333333333,89,24,17,7,0.2916666666666667,0.7876106194690266,0.7007299270072993,0.0720211145224679,0.22932652688638255,0.584070796460177
6,sider,SIDER18,tr,104,1366,201,905,4.502487562189055,885,20,0,201,1.0,0.9779005524861878,0.9819168173598554,0.9430815261316896,0.9965282290396491,0.9993128281245706
6,sider,SIDER18,va,104,1366,21,102,4.857142857142857,87,15,16,5,0.23809523809523808,0.8529411764705882,0.7479674796747967,0.09283062360974854,0.2805815503519937,0.6213818860877685
6,sider,SIDER18,te,104,1366,27,110,4.074074074074074,99,11,21,6,0.2222222222222222,0.9,0.7664233576642335,0.14747327219897122,0.31404997808347335,0.5882154882154883
7,sider,SIDER18,tr,104,1366,199,907,4.557788944723618,874,33,0,199,1.0,0.9636163175303197,0.9701627486437613,0.9091480646181082,0.9957783932681032,0.9990886073144111
7,sider,SIDER18,va,104,1366,25,98,3.92,84,14,16,9,0.36,0.8571428571428571,0.7560975609756098,0.22411177335544344,0.4142442056671619,0.6310204081632653
7,sider,SIDER18,te,104,1366,25,112,4.48,93,19,15,10,0.4,0.8303571428571429,0.7518248175182481,0.2178059914646476,0.3223978258722976,0.6814285714285715
8,sider,SIDER18,tr,104,1366,208,898,4.3173076923076925,862,36,0,208,1.0,0.9599109131403119,0.9674502712477396,0.9045909091080462,0.9935552569289382,0.9985250342641768
8,sider,SIDER18,va,104,1366,15,108,7.2,86,22,14,1,0.06666666666666667,0.7962962962962963,0.7073170731707317,-0.11500892634963855,0.1068675805949264,0.4864197530864197
8,sider,SIDER18,te,104,1366,26,111,4.269230769230769,97,14,19,7,0.2692307692307692,0.8738738738738738,0.7591240875912408,0.15576262096401775,0.33486286292234657,0.5918225918225918
9,sider,SIDER18,tr,104,1366,195,911,4.671794871794872,709,202,60,135,0.6923076923076923,0.7782656421514819,0.7631103074141049,0.38960604587710485,0.527813238471312,0.8247853865856061
9,sider,SIDER18,va,104,1366,26,97,3.730769230769231,73,24,14,12,0.46153846153846156,0.7525773195876289,0.6910569105691057,0.19213670650673942,0.28854274137861113,0.6342188739095956
9,sider,SIDER18,te,104,1366,28,109,3.892857142857143,82,27,19,9,0.32142857142857145,0.7522935779816514,0.6642335766423357,0.06754268425356776,0.3126464141391173,0.5701179554390564
10,sider,SIDER18,tr,104,1366,206,900,4.368932038834951,853,47,1,205,0.9951456310679612,0.9477777777777778,0.9566003616636528,0.8751894559496296,0.9814042865565457,0.9956364617044229
10,sider,SIDER18,va,104,1366,16,107,6.6875,89,18,5,11,0.6875,0.8317757009345794,0.8130081300813008,0.41151621749334427,0.37532830998636857,0.7967289719626168
10,sider,SIDER18,te,104,1366,27,110,4.074074074074074,84,26,19,8,0.2962962962962963,0.7636363636363637,0.6715328467153284,0.055192962651206136,0.30966841283240787,0.5838383838383837
11,sider,SIDER18,tr,104,1366,204,902,4.421568627450981,818,84,10,194,0.9509803921568627,0.9068736141906873,0.9150090415913201,0.7669978913557267,0.9315432188545641,0.9820551280379114
11,sider,SIDER18,va,104,1366,21,102,4.857142857142857,87,15,14,7,0.3333333333333333,0.8529411764705882,0.7642276422764228,0.18289049491049802,0.27758731286124155,0.7044817927170869
11,sider,SIDER18,te,104,1366,24,113,4.708333333333333,99,14,17,7,0.2916666666666667,0.8761061946902655,0.7737226277372263,0.17702227267653317,0.2540940896564767,0.5785398230088495
12,sider,SIDER18,tr,104,1366,205,901,4.3951219512195125,769,132,10,195,0.9512195121951219,0.853496115427303,0.8716094032549728,0.6852343985446963,0.8624657994604649,0.9643539698438051
12,sider,SIDER18,va,104,1366,23,100,4.3478260869565215,74,26,9,14,0.6086956521739131,0.74,0.7154471544715447,0.29022940295290023,0.4352603846760448,0.7534782608695653
12,sider,SIDER18,te,104,1366,21,116,5.523809523809524,87,29,19,2,0.09523809523809523,0.75,0.6496350364963503,-0.1332505249621539,0.1759047439369317,0.4478653530377668
13,sider,SIDER18,tr,104,1366,201,905,4.502487562189055,900,5,0,201,1.0,0.994475138121547,0.9954792043399638,0.9850570501502112,0.9998531739462326,0.9999670157499795
13,sider,SIDER18,va,104,1366,19,104,5.473684210526316,95,9,13,6,0.3157894736842105,0.9134615384615384,0.8211382113821138,0.2531903940091988,0.23340821195377864,0.6563765182186234
13,sider,SIDER18,te,104,1366,29,108,3.7241379310344827,94,14,23,6,0.20689655172413793,0.8703703703703703,0.7299270072992701,0.08939156910395936,0.326899580127083,0.5961047254150703
14,sider,SIDER18,tr,104,1366,207,899,4.342995169082125,808,91,4,203,0.9806763285024155,0.8987764182424917,0.9141048824593129,0.7764720875444462,0.9497692503139494,0.988070480888588
14,sider,SIDER18,va,104,1366,20,103,5.15,86,17,9,11,0.55,0.8349514563106796,0.7886178861788617,0.33876517520284416,0.3739526205358071,0.7233009708737864
14,sider,SIDER18,te,104,1366,22,115,5.2272727272727275,81,34,12,10,0.45454545454545453,0.7043478260869566,0.6642335766423357,0.1249389868830383,0.2146419714205889,0.616600790513834
15,sider,SIDER18,tr,104,1366,203,903,4.448275862068965,896,7,1,202,0.9950738916256158,0.9922480620155039,0.9927667269439421,0.9762955806854984,0.9995622436799081,0.9998990775139246
15,sider,SIDER18,va,104,1366,21,102,4.857142857142857,94,8,15,6,0.2857142857142857,0.9215686274509803,0.8130081300813008,0.24558168229161714,0.3069503110059719,0.6783380018674137
15,sider,SIDER18,te,104,1366,25,112,4.48,105,7,21,4,0.16,0.9375,0.7956204379562044,0.1385804656311466,0.308476205081976,0.5571428571428572
1,sider,SIDER19,tr,104,1366,775,331,0.4270967741935484,273,58,161,614,0.792258064516129,0.824773413897281,0.8019891500904159,0.5786855891465815,0.9450333855937282,0.8843699444498587
1,sider,SIDER19,va,104,1366,85,38,0.4470588235294118,23,15,21,64,0.7529411764705882,0.6052631578947368,0.7073170731707317,0.3452965299177916,0.8494835760400741,0.7328173374613003
1,sider,SIDER19,te,104,1366,103,34,0.3300970873786408,18,16,33,70,0.6796116504854369,0.5294117647058824,0.6423357664233577,0.1867749791129096,0.8512776865535272,0.6466304968589377
2,sider,SIDER19,tr,104,1366,782,324,0.4143222506393862,270,54,200,582,0.7442455242966752,0.8333333333333334,0.7703435804701627,0.5317526737248879,0.9372856246538404,0.8717359729721196
2,sider,SIDER19,va,104,1366,87,36,0.41379310344827586,23,13,22,65,0.7471264367816092,0.6388888888888888,0.7154471544715447,0.36463794974963304,0.8909287408956489,0.7627713920817369
2,sider,SIDER19,te,104,1366,94,43,0.4574468085106383,24,19,37,57,0.6063829787234043,0.5581395348837209,0.5912408759124088,0.15362142066218482,0.7885257333470497,0.6288965858485898
3,sider,SIDER19,tr,104,1366,787,319,0.40533672172808133,275,44,159,628,0.7979669631512071,0.8620689655172413,0.8164556962025317,0.6123796964724402,0.9594507455539627,0.9096943673248279
3,sider,SIDER19,va,104,1366,78,45,0.5769230769230769,32,13,28,50,0.6410256410256411,0.7111111111111111,0.6666666666666666,0.3393274649604151,0.8329195158734521,0.7371794871794872
3,sider,SIDER19,te,104,1366,98,39,0.3979591836734694,24,15,28,70,0.7142857142857143,0.6153846153846154,0.6861313868613139,0.3065589988408021,0.8306667435239811,0.6885138670852957
4,sider,SIDER19,tr,104,1366,789,317,0.4017743979721166,258,59,162,627,0.7946768060836502,0.8138801261829653,0.8001808318264014,0.5669994578560629,0.947874465230639,0.8829449089011766
4,sider,SIDER19,va,104,1366,87,36,0.41379310344827586,27,9,24,63,0.7241379310344828,0.75,0.7317073170731707,0.4378892067677062,0.895430621233819,0.7816091954022989
4,sider,SIDER19,te,104,1366,87,50,0.5747126436781609,25,25,28,59,0.6781609195402298,0.5,0.6131386861313869,0.17610816675540933,0.6932124215592842,0.6077011494252874
5,sider,SIDER19,tr,104,1366,775,331,0.4270967741935484,283,48,191,584,0.7535483870967742,0.8549848942598187,0.7839059674502713,0.5631206758406561,0.9448617860241894,0.8844946886268396
5,sider,SIDER19,va,104,1366,90,33,0.36666666666666664,17,16,23,67,0.7444444444444445,0.5151515151515151,0.6829268292682927,0.24553144036431443,0.8398599776064284,0.6865319865319865
5,sider,SIDER19,te,104,1366,98,39,0.3979591836734694,24,15,32,66,0.673469387755102,0.6153846153846154,0.656934306569343,0.26514730002633236,0.7806787936087536,0.6814495028780743
6,sider,SIDER19,tr,104,1366,791,315,0.39823008849557523,256,59,163,628,0.7939317319848294,0.8126984126984127,0.7992766726943942,0.5643936594332328,0.9465570833429647,0.8813918487749082
6,sider,SIDER19,va,104,1366,81,42,0.5185185185185185,30,12,20,61,0.7530864197530864,0.7142857142857143,0.7398373983739838,0.45121500907760376,0.8086756621092576,0.7482363315696648
6,sider,SIDER19,te,104,1366,91,46,0.5054945054945055,23,23,34,57,0.6263736263736264,0.5,0.583941605839416,0.12108034192189446,0.7366901837202171,0.5855231724796942
7,sider,SIDER19,tr,104,1366,772,334,0.4326424870466321,327,7,45,727,0.9417098445595855,0.9790419161676647,0.9529837251356239,0.8947566641310185,0.9974392008838966,0.9937676460550402
7,sider,SIDER19,va,104,1366,88,35,0.3977272727272727,21,14,20,68,0.7727272727272727,0.6,0.7235772357723578,0.35675303400633773,0.8630692213567365,0.7724025974025974
7,sider,SIDER19,te,104,1366,103,34,0.3300970873786408,21,13,25,78,0.7572815533980582,0.6176470588235294,0.7226277372262774,0.3429312347742472,0.9223597735113744,0.780411193603655
8,sider,SIDER19,tr,104,1366,790,316,0.4,166,150,147,643,0.8139240506329114,0.5253164556962026,0.7314647377938517,0.3402170129791485,0.8804995048106469,0.7525036051914756
8,sider,SIDER19,va,104,1366,81,42,0.5185185185185185,21,21,15,66,0.8148148148148148,0.5,0.7073170731707317,0.32810393539594623,0.8384465823276277,0.7488242210464432
8,sider,SIDER19,te,104,1366,92,45,0.4891304347826087,21,24,30,62,0.6739130434782609,0.4666666666666667,0.6058394160583942,0.13658043777812187,0.7625507304950649,0.5969806763285024
9,sider,SIDER19,tr,104,1366,789,317,0.4017743979721166,312,5,36,753,0.9543726235741445,0.9842271293375394,0.9629294755877035,0.9139540116998704,0.9984797976144109,0.996009803568787
9,sider,SIDER19,va,104,1366,82,41,0.5,27,14,20,62,0.7560975609756098,0.6585365853658537,0.7235772357723578,0.40226124563825566,0.8518384162019896,0.7498512790005949
9,sider,SIDER19,te,104,1366,92,45,0.4891304347826087,24,21,24,68,0.7391304347826086,0.5333333333333333,0.6715328467153284,0.2682213271632601,0.7535492714133354,0.6635265700483093
10,sider,SIDER19,tr,104,1366,772,334,0.4326424870466321,308,26,126,646,0.8367875647668394,0.9221556886227545,0.8625678119349005,0.7136112482487225,0.9768574696558365,0.9489195184760013
10,sider,SIDER19,va,104,1366,91,32,0.3516483516483517,18,14,30,61,0.6703296703296703,0.5625,0.6422764227642277,0.209402931956761,0.8886636739449463,0.7074175824175825
10,sider,SIDER19,te,104,1366,100,37,0.37,21,16,26,74,0.74,0.5675675675675675,0.6934306569343066,0.287654529091461,0.8511692915141146,0.6927027027027026
11,sider,SIDER19,tr,104,1366,777,329,0.42342342342342343,321,8,55,722,0.9292149292149292,0.9756838905775076,0.9430379746835443,0.8732792231267352,0.9955933811929218,0.9891543736528539
11,sider,SIDER19,va,104,1366,88,35,0.3977272727272727,14,21,17,71,0.8068181818181818,0.4,0.6910569105691057,0.2149261768772625,0.8445128660436618,0.6988636363636364
11,sider,SIDER19,te,104,1366,98,39,0.3979591836734694,16,23,23,75,0.7653061224489796,0.41025641025641024,0.6642335766423357,0.1755625327053898,0.7633829543010768,0.6138147566718994
12,sider,SIDER19,tr,104,1366,788,318,0.4035532994923858,314,4,43,745,0.9454314720812182,0.9874213836477987,0.9575045207956601,0.9030562385701927,0.9975474079627965,0.993557050729496
12,sider,SIDER19,va,104,1366,82,41,0.5,16,25,18,64,0.7804878048780488,0.3902439024390244,0.6504065040650406,0.1799610738551712,0.7855443553722734,0.6781677572873289
12,sider,SIDER19,te,104,1366,93,44,0.4731182795698925,26,18,18,75,0.8064516129032258,0.5909090909090909,0.7372262773722628,0.3973607038123166,0.8116306474502791,0.739247311827957
13,sider,SIDER19,tr,104,1366,781,325,0.41613316261203587,267,58,168,613,0.7848911651728553,0.8215384615384616,0.7956600361663653,0.565511862248629,0.9494022222530651,0.8924908893922978
13,sider,SIDER19,va,104,1366,83,40,0.4819277108433735,25,15,25,58,0.6987951807228916,0.625,0.6747967479674797,0.30881116244158463,0.8508631008269418,0.7051204819277109
13,sider,SIDER19,te,104,1366,99,38,0.3838383838383838,16,22,31,68,0.6868686868686869,0.42105263157894735,0.6131386861313869,0.10177625217037899,0.7883345775965048,0.5796119085592769
14,sider,SIDER19,tr,104,1366,796,310,0.38944723618090454,256,54,129,667,0.8379396984924623,0.8258064516129032,0.8345388788426763,0.625808415165437,0.9638318781562587,0.9117117847301022
14,sider,SIDER19,va,104,1366,77,46,0.5974025974025974,27,19,21,56,0.7272727272727273,0.5869565217391305,0.6747967479674797,0.311687679394239,0.8100319097632269,0.7213438735177864
14,sider,SIDER19,te,104,1366,90,47,0.5222222222222223,20,27,27,63,0.7,0.425531914893617,0.6058394160583942,0.12553191489361698,0.7056649051970678,0.5848699763593381
15,sider,SIDER19,tr,104,1366,782,324,0.4143222506393862,290,34,109,673,0.860613810741688,0.8950617283950617,0.8707052441229657,0.7161682961250164,0.9774913375664451,0.9477064980581605
15,sider,SIDER19,va,104,1366,80,43,0.5375,27,16,17,63,0.7875,0.627906976744186,0.7317073170731707,0.4132502487081849,0.8351774103549197,0.7627906976744186
15,sider,SIDER19,te,104,1366,101,36,0.3564356435643564,25,11,28,73,0.7227722772277227,0.6944444444444444,0.7153284671532847,0.3770475001048043,0.9122946239022875,0.7753025302530253
1,sider,SIDER20,tr,104,1366,818,288,0.35207823960880197,238,50,259,559,0.6833740831295844,0.8263888888888888,0.720614828209765,0.4497325705332802,0.9338395338574779,0.8323973614506925
1,sider,SIDER20,va,104,1366,95,28,0.29473684210526313,18,10,33,62,0.6526315789473685,0.6428571428571429,0.6504065040650406,0.25149560007453003,0.8973059834250975,0.7099624060150375
1,sider,SIDER20,te,104,1366,108,29,0.26851851851851855,14,15,46,62,0.5740740740740741,0.4827586206896552,0.5547445255474452,0.04679378096269174,0.819234747760725,0.5788633461047253
2,sider,SIDER20,tr,104,1366,829,277,0.3341375150784077,212,65,168,661,0.7973462002412546,0.7653429602888087,0.7893309222423146,0.5133642128448002,0.9487527959314553,0.8609411539282246
2,sider,SIDER20,va,104,1366,91,32,0.3516483516483517,15,17,26,65,0.7142857142857143,0.46875,0.6504065040650406,0.17034628596731163,0.8229868504494506,0.6339285714285714
2,sider,SIDER20,te,104,1366,101,36,0.3564356435643564,20,16,23,78,0.7722772277227723,0.5555555555555556,0.7153284671532847,0.3109325320743535,0.8515218028131364,0.698982398239824
3,sider,SIDER20,tr,104,1366,833,273,0.3277310924369748,263,10,93,740,0.8883553421368547,0.9633699633699634,0.906871609403255,0.7860456058464231,0.9925569228237812,0.9759662106600883
3,sider,SIDER20,va,104,1366,85,38,0.4470588235294118,14,24,24,61,0.7176470588235294,0.3684210526315789,0.6097560975609756,0.08606811145510833,0.7559513230492132,0.5990712074303405
3,sider,SIDER20,te,104,1366,103,34,0.3300970873786408,19,15,28,75,0.7281553398058253,0.5588235294117647,0.6861313868613139,0.2611185991619375,0.8585285048808828,0.6936036550542547
4,sider,SIDER20,tr,104,1366,836,270,0.3229665071770335,218,52,148,688,0.8229665071770335,0.8074074074074075,0.8191681735985533,0.5754755168046297,0.9705986440411363,0.9105506822612085
4,sider,SIDER20,va,104,1366,86,37,0.43023255813953487,21,16,27,59,0.686046511627907,0.5675675675675675,0.6504065040650406,0.23843620268949406,0.8415039043723733,0.7137020741671904
4,sider,SIDER20,te,104,1366,99,38,0.3838383838383838,16,22,27,72,0.7272727272727273,0.42105263157894735,0.6423357664233577,0.14309572150114516,0.7797244747622927,0.6064593301435406
5,sider,SIDER20,tr,104,1366,825,281,0.3406060606060606,263,18,111,714,0.8654545454545455,0.9359430604982206,0.8833634719710669,0.7374572224047046,0.9875943506081889,0.9623595384449477
5,sider,SIDER20,va,104,1366,100,23,0.23,11,12,25,75,0.75,0.4782608695652174,0.6991869918699187,0.19560705237932932,0.8733678655104626,0.6534782608695653
5,sider,SIDER20,te,104,1366,96,41,0.4270833333333333,19,22,21,75,0.78125,0.4634146341463415,0.6861313868613139,0.24642392998407345,0.8174796771357015,0.653709349593496
6,sider,SIDER20,tr,104,1366,834,272,0.3261390887290168,242,30,126,708,0.8489208633093526,0.8897058823529411,0.8589511754068716,0.6750569556140016,0.9778254086855565,0.9331292319085908
6,sider,SIDER20,va,104,1366,88,35,0.3977272727272727,21,14,18,70,0.7954545454545454,0.6,0.7398373983739838,0.38344226687726,0.8124221479239978,0.7045454545454546
6,sider,SIDER20,te,104,1366,99,38,0.3838383838383838,21,17,26,73,0.7373737373737373,0.5526315789473685,0.6861313868613139,0.2734923426548854,0.8532372127201686,0.6859383306751728
7,sider,SIDER20,tr,104,1366,821,285,0.3471376370280146,275,10,95,726,0.8842874543239951,0.9649122807017544,0.9050632911392406,0.787161943531173,0.9912212944128505,0.9729619420048293
7,sider,SIDER20,va,104,1366,90,33,0.36666666666666664,17,16,22,68,0.7555555555555555,0.5151515151515151,0.6910569105691057,0.25775427530356576,0.8632246572749338,0.708080808080808
7,sider,SIDER20,te,104,1366,110,27,0.24545454545454545,16,11,27,83,0.7545454545454545,0.5925925925925926,0.7226277372262774,0.29756530042272583,0.9326273884261804,0.7528619528619529
8,sider,SIDER20,tr,104,1366,822,284,0.34549878345498786,249,35,141,681,0.8284671532846716,0.8767605633802817,0.840867992766727,0.644815749686382,0.9755920487351664,0.9279711113395703
8,sider,SIDER20,va,104,1366,96,27,0.28125,12,15,26,70,0.7291666666666666,0.4444444444444444,0.6666666666666666,0.15552268806044975,0.8903830470744272,0.6832561728395061
8,sider,SIDER20,te,104,1366,103,34,0.3300970873786408,14,20,22,81,0.7864077669902912,0.4117647058823529,0.6934306569343066,0.194486500682281,0.8404087964925417,0.655625356938892
9,sider,SIDER20,tr,104,1366,835,271,0.32455089820359284,234,37,121,714,0.8550898203592814,0.8634686346863468,0.8571428571428571,0.66199672679908,0.9771922864228237,0.9305985814349161
9,sider,SIDER20,va,104,1366,87,36,0.41379310344827586,18,18,19,68,0.7816091954022989,0.5,0.6991869918699187,0.2793879176534733,0.8635590772402939,0.7298850574712644
9,sider,SIDER20,te,104,1366,99,38,0.3838383838383838,11,27,30,69,0.696969696969697,0.2894736842105263,0.583941605839416,-0.01325358096847642,0.7318200630375546,0.5103668261562999
10,sider,SIDER20,tr,104,1366,821,285,0.3471376370280146,234,51,170,651,0.7929354445797807,0.8210526315789474,0.8001808318264014,0.5576923754527767,0.9633717633230215,0.9004273778233647
10,sider,SIDER20,va,104,1366,97,26,0.26804123711340205,16,10,30,67,0.6907216494845361,0.6153846153846154,0.6747967479674797,0.25829766535858667,0.9000327482199829,0.7004361617763679
10,sider,SIDER20,te,104,1366,103,34,0.3300970873786408,23,11,27,76,0.7378640776699029,0.6764705882352942,0.7226277372262774,0.371761757917912,0.8700121438116213,0.7284408909194746
11,sider,SIDER20,tr,104,1366,821,285,0.3471376370280146,264,21,121,700,0.8526187576126675,0.9263157894736842,0.8716094032549728,0.7151497273862949,0.9831545056242446,0.9502147573562408
11,sider,SIDER20,va,104,1366,95,28,0.29473684210526313,11,17,23,72,0.7578947368421053,0.39285714285714285,0.6747967479674797,0.14134130357973956,0.815231953106353,0.6078947368421053
11,sider,SIDER20,te,104,1366,105,32,0.3047619047619048,13,19,24,81,0.7714285714285715,0.40625,0.6861313868613139,0.16931827310180547,0.8029354762198799,0.5742559523809524
12,sider,SIDER20,tr,104,1366,829,277,0.3341375150784077,276,1,34,795,0.9589867310012062,0.9963898916967509,0.9683544303797469,0.921625280860227,0.999015652514887,0.9968275465634295
12,sider,SIDER20,va,104,1366,93,30,0.3225806451612903,17,13,20,73,0.7849462365591398,0.5666666666666667,0.7317073170731707,0.32924320305539473,0.8915333470463915,0.7508960573476702
12,sider,SIDER20,te,104,1366,99,38,0.3838383838383838,12,26,21,78,0.7878787878787878,0.3157894736842105,0.656934306569343,0.10853793930475435,0.8008981102935195,0.5927698032961191
13,sider,SIDER20,tr,104,1366,819,287,0.3504273504273504,249,38,195,624,0.7619047619047619,0.867595818815331,0.7893309222423146,0.5629353929693107,0.9617853394470359,0.8950045308930327
13,sider,SIDER20,va,104,1366,96,27,0.28125,19,8,31,65,0.6770833333333334,0.7037037037037037,0.6829268292682927,0.3208878118960578,0.9297441670693957,0.7710262345679012
13,sider,SIDER20,te,104,1366,106,31,0.29245283018867924,15,16,32,74,0.6981132075471698,0.4838709677419355,0.6496350364963503,0.1603973617916228,0.8034637459270573,0.605143031040779
14,sider,SIDER20,tr,104,1366,831,275,0.3309265944645006,244,31,132,699,0.8411552346570397,0.8872727272727273,0.8526220614828209,0.66465781397021,0.977436394195105,0.9321780986762938
14,sider,SIDER20,va,104,1366,96,27,0.28125,13,14,25,71,0.7395833333333334,0.48148148148148145,0.6829268292682927,0.19803222279697266,0.8434238707450826,0.6597222222222222
14,sider,SIDER20,te,104,1366,94,43,0.4574468085106383,18,25,23,71,0.7553191489361702,0.4186046511627907,0.6496350364963503,0.17625020286960694,0.739434759178534,0.5526966848095003
15,sider,SIDER20,tr,104,1366,839,267,0.3182359952324195,141,126,107,732,0.8724672228843862,0.5280898876404494,0.7893309222423146,0.4109903003162772,0.9356270588866006,0.8269386151696555
15,sider,SIDER20,va,104,1366,87,36,0.41379310344827586,11,25,19,68,0.7816091954022989,0.3055555555555556,0.6422764227642277,0.09235271527387114,0.8341678356596698,0.6590038314176244
15,sider,SIDER20,te,104,1366,95,42,0.4421052631578947,20,22,23,72,0.7578947368421053,0.47619047619047616,0.6715328467153284,0.23257459523440865,0.8082856107255513,0.668922305764411
1,sider,SIDER21,tr,104,1366,776,330,0.4252577319587629,293,37,204,572,0.7371134020618557,0.8878787878787879,0.7820976491862568,0.574877856056158,0.9527262357837638,0.8931525304592315
1,sider,SIDER21,va,104,1366,90,33,0.36666666666666664,22,11,30,60,0.6666666666666666,0.6666666666666666,0.6666666666666666,0.29896897587772886,0.8433935914637292,0.7185185185185184
1,sider,SIDER21,te,104,1366,116,21,0.1810344827586207,13,8,41,75,0.646551724137931,0.6190476190476191,0.6423357664233577,0.19580767586118875,0.9056456687040308,0.6923234811165845
2,sider,SIDER21,tr,104,1366,798,308,0.38596491228070173,267,41,148,650,0.8145363408521303,0.8668831168831169,0.8291139240506329,0.6308531304013375,0.9665381757472463,0.9161113009797222
2,sider,SIDER21,va,104,1366,92,31,0.33695652173913043,15,16,28,64,0.6956521739130435,0.4838709677419355,0.6422764227642277,0.16346168789387047,0.8381654958294086,0.6512973352033662
2,sider,SIDER21,te,104,1366,92,45,0.4891304347826087,21,24,22,70,0.7608695652173914,0.4666666666666667,0.6642335766423357,0.23027806827195132,0.8006930048127021,0.6780193236714976
3,sider,SIDER21,tr,104,1366,800,306,0.3825,242,64,139,661,0.82625,0.7908496732026143,0.8164556962025317,0.5809376613037139,0.9551531797802009,0.8879718137254902
3,sider,SIDER21,va,104,1366,85,38,0.4470588235294118,24,14,24,61,0.7176470588235294,0.631578947368421,0.6910569105691057,0.3307932112465597,0.803880595847,0.679876160990712
3,sider,SIDER21,te,104,1366,97,40,0.41237113402061853,24,16,30,67,0.6907216494845361,0.6,0.6642335766423357,0.2704937973071661,0.851840148417417,0.7007731958762886
4,sider,SIDER21,tr,104,1366,796,310,0.38944723618090454,302,8,57,739,0.928391959798995,0.9741935483870968,0.9412296564195298,0.8658012566878387,0.9965824510503346,0.9908879072783271
4,sider,SIDER21,va,104,1366,88,35,0.3977272727272727,20,15,18,70,0.7954545454545454,0.5714285714285714,0.7317073170731707,0.3582628893102685,0.8904139265300814,0.7616883116883117
4,sider,SIDER21,te,104,1366,98,39,0.3979591836734694,12,27,18,80,0.8163265306122449,0.3076923076923077,0.6715328467153284,0.13532576290117262,0.838068328826256,0.652537938252224
5,sider,SIDER21,tr,104,1366,785,321,0.4089171974522293,290,31,146,639,0.8140127388535032,0.9034267912772586,0.8399638336347197,0.6663340411633768,0.9668072606091938,0.922217592317003
5,sider,SIDER21,va,104,1366,87,36,0.41379310344827586,19,17,22,65,0.7471264367816092,0.5277777777777778,0.6829268292682927,0.2653343152526161,0.8574282930734441,0.7089719029374202
5,sider,SIDER21,te,104,1366,110,27,0.24545454545454545,14,13,34,76,0.6909090909090909,0.5185185185185185,0.656934306569343,0.17462102696424078,0.8692908170699105,0.6294612794612795
6,sider,SIDER21,tr,104,1366,807,299,0.3705080545229244,273,26,81,726,0.8996282527881041,0.9130434782608695,0.903254972875226,0.7737077787371912,0.9892804409037607,0.9698126344319976
6,sider,SIDER21,va,104,1366,84,39,0.4642857142857143,22,17,23,61,0.7261904761904762,0.5641025641025641,0.6747967479674797,0.2804497209122131,0.8468054293637761,0.7249694749694751
6,sider,SIDER21,te,104,1366,91,46,0.5054945054945055,17,29,20,71,0.7802197802197802,0.3695652173913043,0.6423357664233577,0.15931881474047815,0.7532307043893091,0.6368848542761585
7,sider,SIDER21,tr,104,1366,795,311,0.39119496855345914,307,4,29,766,0.9635220125786164,0.9871382636655949,0.9701627486437613,0.9293388755214186,0.9986568446684878,0.9962709053772575
7,sider,SIDER21,va,104,1366,83,40,0.4819277108433735,14,26,18,65,0.7831325301204819,0.35,0.6422764227642277,0.14215349513466666,0.8059538003609589,0.6623493975903615
7,sider,SIDER21,te,104,1366,104,33,0.3173076923076923,17,16,20,84,0.8076923076923077,0.5151515151515151,0.7372262773722628,0.31093188430689545,0.9283512639493323,0.8047785547785548
8,sider,SIDER21,tr,104,1366,793,313,0.39470365699873894,271,42,148,645,0.8133669609079445,0.865814696485623,0.8282097649186256,0.6306803948595523,0.9683950272526806,0.9229379273112579
8,sider,SIDER21,va,104,1366,83,40,0.4819277108433735,24,16,21,62,0.7469879518072289,0.6,0.6991869918699187,0.3374658874738694,0.8574203487980253,0.740512048192771
8,sider,SIDER21,te,104,1366,106,31,0.29245283018867924,12,19,24,82,0.7735849056603774,0.3870967741935484,0.6861313868613139,0.15275245741432317,0.8554180899897869,0.6272063298843579
9,sider,SIDER21,tr,104,1366,801,305,0.3807740324594257,264,41,110,691,0.8626716604244694,0.8655737704918033,0.8634719710669078,0.687943235446116,0.9730247343683369,0.9298929616667689
9,sider,SIDER21,va,104,1366,84,39,0.4642857142857143,26,13,18,66,0.7857142857142857,0.6666666666666666,0.7479674796747967,0.439173749345391,0.9226576816349065,0.82997557997558
9,sider,SIDER21,te,104,1366,97,40,0.41237113402061853,15,25,22,75,0.7731958762886598,0.375,0.656934306569343,0.15175783417685054,0.8021251359927388,0.6337628865979381
10,sider,SIDER21,tr,104,1366,788,318,0.4035532994923858,316,2,34,754,0.9568527918781726,0.9937106918238994,0.9674502712477396,0.9250450328436626,0.9986149167882608,0.996258739584331
10,sider,SIDER21,va,104,1366,91,32,0.3516483516483517,17,15,23,68,0.7472527472527473,0.53125,0.6910569105691057,0.26082915057514633,0.920212388994348,0.7767857142857143
10,sider,SIDER21,te,104,1366,103,34,0.3300970873786408,22,12,16,87,0.8446601941747572,0.6470588235294118,0.7956204379562044,0.4744229401348027,0.9117979072438951,0.7871216447744146
11,sider,SIDER21,tr,104,1366,797,309,0.3877038895859473,302,7,37,760,0.9535759096612296,0.9773462783171522,0.9602169981916817,0.9059917665274944,0.997663420402491,0.9933589959110418
11,sider,SIDER21,va,104,1366,87,36,0.41379310344827586,17,19,22,65,0.7471264367816092,0.4722222222222222,0.6666666666666666,0.21447363566530056,0.850026704911893,0.7139208173690933
11,sider,SIDER21,te,104,1366,98,39,0.3979591836734694,15,24,12,86,0.8775510204081632,0.38461538461538464,0.7372262773722628,0.29740218539316626,0.8480500939946253,0.7488226059654631
12,sider,SIDER21,tr,104,1366,803,303,0.37733499377334995,250,53,106,697,0.8679950186799502,0.8250825082508251,0.85623869801085,0.6616148939302805,0.9701284251464126,0.9235437242354373
12,sider,SIDER21,va,104,1366,89,34,0.38202247191011235,14,20,18,71,0.797752808988764,0.4117647058823529,0.6910569105691057,0.21357927635876586,0.8946873274396264,0.7303370786516854
12,sider,SIDER21,te,104,1366,90,47,0.5222222222222223,21,26,20,70,0.7777777777777778,0.44680851063829785,0.6642335766423357,0.23282299772822368,0.7701014876021349,0.6760047281323877
13,sider,SIDER21,tr,104,1366,785,321,0.4089171974522293,267,54,215,570,0.7261146496815286,0.8317757009345794,0.7567811934900542,0.5106465245390077,0.9382335691921074,0.8633212294382602
13,sider,SIDER21,va,104,1366,100,23,0.23,17,6,41,59,0.59,0.7391304347826086,0.6178861788617886,0.2570758535224696,0.9104880365998871,0.7115217391304347
13,sider,SIDER21,te,104,1366,97,40,0.41237113402061853,22,18,28,69,0.711340206185567,0.55,0.6642335766423357,0.24681836081414285,0.860000758111018,0.7230670103092783
14,sider,SIDER21,tr,104,1366,804,302,0.3756218905472637,302,0,36,768,0.9552238805970149,1.0,0.9674502712477396,0.9238420097586849,0.9992574442301954,0.9979098711739316
14,sider,SIDER21,va,104,1366,85,38,0.4470588235294118,19,19,11,74,0.8705882352941177,0.5,0.7560975609756098,0.3987409025926226,0.8623533929095089,0.736842105263158
14,sider,SIDER21,te,104,1366,93,44,0.4731182795698925,15,29,22,71,0.7634408602150538,0.3409090909090909,0.6277372262773723,0.1097385457053088,0.7427306074378379,0.603128054740958
15,sider,SIDER21,tr,104,1366,793,313,0.39470365699873894,312,1,40,753,0.9495586380832283,0.9968051118210862,0.9629294755877035,0.9151870247939335,0.999076541768937,0.9973973546487034
15,sider,SIDER21,va,104,1366,88,35,0.3977272727272727,16,19,21,67,0.7613636363636364,0.45714285714285713,0.6747967479674797,0.21497582204387827,0.7953761101370717,0.6413961038961038
15,sider,SIDER21,te,104,1366,101,36,0.3564356435643564,22,14,20,81,0.801980198019802,0.6111111111111112,0.7518248175182481,0.39434064962736104,0.8721074921362971,0.7684268426842684
1,sider,SIDER22,tr,104,1366,705,401,0.5687943262411348,377,24,70,635,0.900709219858156,0.940149625935162,0.9150090415913201,0.8237461033909151,0.9879137744925958,0.9767089368776639
1,sider,SIDER22,va,104,1366,72,51,0.7083333333333334,30,21,18,54,0.75,0.5882352941176471,0.6829268292682927,0.3416009023269525,0.8142490228240389,0.7728758169934641
1,sider,SIDER22,te,104,1366,104,33,0.3173076923076923,18,15,29,75,0.7211538461538461,0.5454545454545454,0.6788321167883211,0.24014705813794934,0.831730722278627,0.6532634032634032
2,sider,SIDER22,tr,104,1366,715,391,0.5468531468531469,388,3,26,689,0.9636363636363636,0.9923273657289002,0.9737793851717902,0.9443426329782714,0.9994321428952319,0.9989537316903045
2,sider,SIDER22,va,104,1366,75,48,0.64,28,20,16,59,0.7866666666666666,0.5833333333333334,0.7073170731707317,0.3765417100117808,0.876792568321306,0.8016666666666666
2,sider,SIDER22,te,104,1366,91,46,0.5054945054945055,22,24,23,68,0.7472527472527473,0.4782608695652174,0.656934306569343,0.22676300929725182,0.7630304261172636,0.6445293836598185
3,sider,SIDER22,tr,104,1366,719,387,0.5382475660639777,353,34,54,665,0.9248956884561892,0.9121447028423773,0.9204339963833634,0.8278097753609965,0.9854364699479452,0.9713318454787551
3,sider,SIDER22,va,104,1366,72,51,0.7083333333333334,26,25,21,51,0.7083333333333334,0.5098039215686274,0.6260162601626016,0.22116961131651097,0.7655577354110705,0.6745642701525054
3,sider,SIDER22,te,104,1366,90,47,0.5222222222222223,28,19,27,63,0.7,0.5957446808510638,0.6642335766423357,0.2864170419067407,0.7816752729078229,0.6737588652482269
4,sider,SIDER22,tr,104,1366,725,381,0.5255172413793103,379,2,19,706,0.9737931034482759,0.994750656167979,0.9810126582278481,0.9589425147761897,0.9987471142454458,0.9974079102181193
4,sider,SIDER22,va,104,1366,79,44,0.5569620253164557,20,24,19,60,0.759493670886076,0.45454545454545453,0.6504065040650406,0.22047589035962947,0.731856797287901,0.6320483314154199
4,sider,SIDER22,te,104,1366,77,60,0.7792207792207793,27,33,23,54,0.7012987012987013,0.45,0.5912408759124088,0.1559234945084362,0.7623288055998243,0.6867965367965368
5,sider,SIDER22,tr,104,1366,711,395,0.5555555555555556,355,40,122,589,0.8284106891701828,0.8987341772151899,0.8535262206148282,0.703509195290982,0.9642350033453444,0.9339066032865102
5,sider,SIDER22,va,104,1366,76,47,0.618421052631579,29,18,26,50,0.6578947368421053,0.6170212765957447,0.6422764227642277,0.2686704864072378,0.693928123861114,0.6482362821948489
5,sider,SIDER22,te,104,1366,94,43,0.4574468085106383,25,18,26,68,0.723404255319149,0.5813953488372093,0.6788321167883211,0.2926026395620295,0.745185256149719,0.6657595249876298
6,sider,SIDER22,tr,104,1366,720,386,0.5361111111111111,371,15,46,674,0.9361111111111111,0.961139896373057,0.9448462929475587,0.8824624137210938,0.9923242405254145,0.9840115860679332
6,sider,SIDER22,va,104,1366,79,44,0.5569620253164557,22,22,26,53,0.6708860759493671,0.5,0.6097560975609756,0.16791724905930763,0.7828797246085749,0.6516110471806674
6,sider,SIDER22,te,104,1366,82,55,0.6707317073170732,29,26,23,59,0.7195121951219512,0.5272727272727272,0.6423357664233577,0.24928477719561096,0.7700393726286097,0.671729490022173
7,sider,SIDER22,tr,104,1366,701,405,0.5777460770328102,404,1,16,685,0.9771754636233951,0.9975308641975309,0.984629294755877,0.9675504139239332,0.9994299035232751,0.99877071555626
7,sider,SIDER22,va,104,1366,86,37,0.43023255813953487,18,19,18,68,0.7906976744186046,0.4864864864864865,0.6991869918699187,0.2793879176534733,0.8364108890441596,0.7190446260213702
7,sider,SIDER22,te,104,1366,94,43,0.4574468085106383,26,17,25,69,0.7340425531914894,0.6046511627906976,0.6934306569343066,0.32514043308475515,0.867116029640475,0.7493814943097477
8,sider,SIDER22,tr,104,1366,699,407,0.5822603719599427,386,21,78,621,0.8884120171673819,0.9484029484029484,0.9104882459312839,0.8177842210169423,0.9816874898663506,0.9665422347825781
8,sider,SIDER22,va,104,1366,83,40,0.4819277108433735,21,19,29,54,0.6506024096385542,0.525,0.6097560975609756,0.1674761932125059,0.8495146990932259,0.7012048192771084
8,sider,SIDER22,te,104,1366,99,38,0.3838383838383838,22,16,30,69,0.696969696969697,0.5789473684210527,0.6642335766423357,0.2545521814756783,0.8313746919377499,0.6504518872939926
9,sider,SIDER22,tr,104,1366,718,388,0.5403899721448467,374,14,54,664,0.924791086350975,0.9639175257731959,0.9385171790235082,0.8707645544684153,0.9922473162041519,0.9834197225971341
9,sider,SIDER22,va,104,1366,76,47,0.618421052631579,23,24,22,54,0.7105263157894737,0.48936170212765956,0.6260162601626016,0.2016456828758294,0.7377548066652265,0.6416573348264278
9,sider,SIDER22,te,104,1366,87,50,0.5747126436781609,30,20,20,67,0.7701149425287356,0.6,0.708029197080292,0.37011494252873556,0.751006237517417,0.6673563218390806
10,sider,SIDER22,tr,104,1366,715,391,0.5468531468531469,390,1,9,706,0.9874125874125874,0.9974424552429667,0.9909584086799277,0.9804321809994134,0.9997956135705135,0.9995922236331444
10,sider,SIDER22,va,104,1366,80,43,0.5375,22,21,25,55,0.6875,0.5116279069767442,0.6260162601626016,0.1954139777459835,0.7974033986743254,0.6805232558139536
10,sider,SIDER22,te,104,1366,86,51,0.5930232558139535,25,26,19,67,0.7790697674418605,0.49019607843137253,0.6715328467153284,0.2787711145457071,0.7458198507563435,0.6528727770177838
11,sider,SIDER22,tr,104,1366,717,389,0.5425383542538355,372,17,59,658,0.9177126917712691,0.9562982005141388,0.9312839059674503,0.8557771810691769,0.9911616629297897,0.9821539333053676
11,sider,SIDER22,va,104,1366,72,51,0.7083333333333334,27,24,21,51,0.7083333333333334,0.5294117647058824,0.6341463414634146,0.24011077917184342,0.7424035325606106,0.6921296296296295
11,sider,SIDER22,te,104,1366,92,45,0.4891304347826087,24,21,31,61,0.6630434782608695,0.5333333333333333,0.6204379562043796,0.18814908217501583,0.7570730526554575,0.634903381642512
12,sider,SIDER22,tr,104,1366,722,384,0.5318559556786704,376,8,40,682,0.9445983379501385,0.9791666666666666,0.9566003616636528,0.9078717572358256,0.9963659002946601,0.9922848857340719
12,sider,SIDER22,va,104,1366,75,48,0.64,22,26,15,60,0.8,0.4583333333333333,0.6666666666666666,0.2747777800510898,0.7428696607481228,0.6986111111111111
12,sider,SIDER22,te,104,1366,84,53,0.6309523809523809,26,27,20,64,0.7619047619047619,0.49056603773584906,0.656934306569343,0.26036890785710565,0.682723569017574,0.643867924528302
13,sider,SIDER22,tr,104,1366,705,401,0.5687943262411348,388,13,76,629,0.8921985815602836,0.9675810473815462,0.9195298372513563,0.8375821078318657,0.9858753176088757,0.9724536177287277
13,sider,SIDER22,va,104,1366,84,39,0.4642857142857143,24,15,27,57,0.6785714285714286,0.6153846153846154,0.6585365853658537,0.27765340532482624,0.8517359527339156,0.7103174603174603
13,sider,SIDER22,te,104,1366,92,45,0.4891304347826087,24,21,24,68,0.7391304347826086,0.5333333333333333,0.6715328467153284,0.2682213271632601,0.8036985740844714,0.6791062801932367
14,sider,SIDER22,tr,104,1366,720,386,0.5361111111111111,385,1,11,709,0.9847222222222223,0.9974093264248705,0.9891500904159132,0.9764562626502505,0.99971512314515,0.9994224956822106
14,sider,SIDER22,va,104,1366,71,52,0.7323943661971831,25,27,16,55,0.7746478873239436,0.4807692307692308,0.6504065040650406,0.2676590868665433,0.7989651250511965,0.7234561213434454
14,sider,SIDER22,te,104,1366,90,47,0.5222222222222223,27,20,28,62,0.6888888888888889,0.574468085106383,0.6496350364963503,0.2550508270856188,0.7925150436471788,0.6640661938534279
15,sider,SIDER22,tr,104,1366,706,400,0.56657223796034,400,0,14,692,0.9801699716713881,1.0,0.9873417721518988,0.9731516465683715,0.9996416030235991,0.9992917847025495
15,sider,SIDER22,va,104,1366,80,43,0.5375,20,23,29,51,0.6375,0.46511627906976744,0.5772357723577236,0.09994972055297467,0.7675023128363603,0.6388081395348838
15,sider,SIDER22,te,104,1366,95,42,0.4421052631578947,28,14,30,65,0.6842105263157895,0.6666666666666666,0.6788321167883211,0.32742666558945777,0.863897366314399,0.743107769423559
1,sider,SIDER23,tr,104,1366,96,1010,10.520833333333334,955,55,5,91,0.9479166666666666,0.9455445544554455,0.945750452079566,0.7431217396833931,0.8309472541579294,0.9840088696369638
1,sider,SIDER23,va,104,1366,12,111,9.25,102,9,7,5,0.4166666666666667,0.918918918918919,0.8699186991869918,0.313529307992652,0.4426235203258206,0.7447447447447447
1,sider,SIDER23,te,104,1366,12,125,10.416666666666666,110,15,10,2,0.16666666666666666,0.88,0.8175182481751825,0.040016336533252,0.11912412240674015,0.5863333333333334
2,sider,SIDER23,tr,104,1366,99,1007,10.171717171717171,846,161,12,87,0.8787878787878788,0.8401191658391262,0.8435804701627486,0.4920798567146611,0.6233705112247058,0.9421323463031506
2,sider,SIDER23,va,104,1366,12,111,9.25,89,22,7,5,0.4166666666666667,0.8018018018018018,0.7642276422764228,0.1566114021965341,0.1526229484700323,0.5604354354354354
2,sider,SIDER23,te,104,1366,9,128,14.222222222222221,91,37,5,4,0.4444444444444444,0.7109375,0.6934306569343066,0.08406190864868239,0.0873034421610773,0.6519097222222221
3,sider,SIDER23,tr,104,1366,100,1006,10.06,914,92,4,96,0.96,0.9085487077534792,0.9132007233273056,0.663121186350389,0.7785547313962891,0.9781361829025845
3,sider,SIDER23,va,104,1366,12,111,9.25,89,22,8,4,0.3333333333333333,0.8018018018018018,0.7560975609756098,0.09820822269891519,0.1453368144741159,0.5915915915915916
3,sider,SIDER23,te,104,1366,8,129,16.125,101,28,4,4,0.5,0.7829457364341085,0.7664233576642335,0.15680985892721683,0.1353143870023942,0.6463178294573644
4,sider,SIDER23,tr,104,1366,97,1009,10.402061855670103,874,135,13,84,0.865979381443299,0.8662041625371655,0.8661844484629295,0.5197177465115089,0.5920029430396874,0.9420626730558991
4,sider,SIDER23,va,104,1366,11,112,10.181818181818182,98,14,9,2,0.18181818181818182,0.875,0.8130081300813008,0.04819930831459189,0.1321053592346675,0.6473214285714286
4,sider,SIDER23,te,104,1366,12,125,10.416666666666666,102,23,6,6,0.5,0.816,0.7883211678832117,0.218686430281515,0.24892539927952623,0.5973333333333334
5,sider,SIDER23,tr,104,1366,97,1009,10.402061855670103,887,122,25,72,0.7422680412371134,0.8790882061446977,0.8670886075949367,0.4621402930477402,0.48440609942349244,0.8980311219641781
5,sider,SIDER23,va,104,1366,12,111,9.25,94,17,8,4,0.3333333333333333,0.8468468468468469,0.7967479674796748,0.14208538095938322,0.13398014125306976,0.6257507507507508
5,sider,SIDER23,te,104,1366,11,126,11.454545454545455,100,26,11,0,0.0,0.7936507936507936,0.7299270072992701,-0.14300007150005345,0.07253341345707692,0.4830447330447331
6,sider,SIDER23,tr,104,1366,102,1004,9.843137254901961,804,200,6,96,0.9411764705882353,0.8007968127490039,0.8137432188065099,0.48491636948030525,0.5960426145621652,0.9434565658932896
6,sider,SIDER23,va,104,1366,7,116,16.571428571428573,80,36,4,3,0.42857142857142855,0.6896551724137931,0.6747967479674797,0.05886013744281186,0.08073901735349726,0.6126847290640395
6,sider,SIDER23,te,104,1366,11,126,11.454545454545455,83,43,7,4,0.36363636363636365,0.6587301587301587,0.635036496350365,0.01280294544791792,0.13624568337617418,0.544011544011544
7,sider,SIDER23,tr,104,1366,98,1008,10.285714285714286,990,18,0,98,1.0,0.9821428571428571,0.9837251356238698,0.9109014103130727,0.9947363472821092,0.999519152899255
7,sider,SIDER23,va,104,1366,12,111,9.25,104,7,8,4,0.3333333333333333,0.9369369369369369,0.8780487804878049,0.28102505044048737,0.26754343510089346,0.6516516516516517
7,sider,SIDER23,te,104,1366,10,127,12.7,118,9,9,1,0.1,0.9291338582677166,0.8686131386861314,0.02913385826771645,0.07498117751557046,0.46299212598425193
8,sider,SIDER23,tr,104,1366,97,1009,10.402061855670103,986,23,0,97,1.0,0.977205153617443,0.9792043399638336,0.8887674044282339,0.9784674363594404,0.9981813166041706
8,sider,SIDER23,va,104,1366,11,112,10.181818181818182,110,2,9,2,0.18181818181818182,0.9821428571428571,0.9105691056910569,0.2637804101315699,0.2610825249715427,0.7167207792207791
8,sider,SIDER23,te,104,1366,12,125,10.416666666666666,111,14,10,2,0.16666666666666666,0.888,0.8248175182481752,0.04811888399833449,0.119477095650861,0.5786666666666667
9,sider,SIDER23,tr,104,1366,92,1014,11.021739130434783,775,239,21,71,0.7717391304347826,0.7642998027613412,0.7649186256781193,0.32958834419735794,0.24814744170109101,0.8132771631935511
9,sider,SIDER23,va,104,1366,13,110,8.461538461538462,82,28,9,4,0.3076923076923077,0.7454545454545455,0.6991869918699187,0.037243448605057204,0.10115560112190344,0.5213286713286713
9,sider,SIDER23,te,104,1366,15,122,8.133333333333333,96,26,10,5,0.3333333333333333,0.7868852459016393,0.7372262773722628,0.08971464777543217,0.2222762470804221,0.6125683060109289
10,sider,SIDER23,tr,104,1366,99,1007,10.171717171717171,769,238,34,65,0.6565656565656566,0.7636544190665343,0.7540687160940326,0.2689862264066767,0.27287168019483626,0.765073776493836
10,sider,SIDER23,va,104,1366,10,113,11.3,77,36,4,6,0.6,0.6814159292035398,0.6747967479674797,0.1621887563207574,0.12589295478184492,0.6513274336283186
10,sider,SIDER23,te,104,1366,11,126,11.454545454545455,95,31,9,2,0.18181818181818182,0.753968253968254,0.708029197080292,-0.04080700788448739,0.06740922066919285,0.43109668109668114
11,sider,SIDER23,tr,104,1366,100,1006,10.06,779,227,11,89,0.89,0.7743538767395626,0.7848101265822784,0.42173668209659565,0.4093281230596567,0.8647166998011928
11,sider,SIDER23,va,104,1366,9,114,12.666666666666666,68,46,6,3,0.3333333333333333,0.5964912280701754,0.5772357723577236,-0.03732887625508643,0.08427277688594716,0.5282651072124757
11,sider,SIDER23,te,104,1366,11,126,11.454545454545455,91,35,5,6,0.5454545454545454,0.7222222222222222,0.708029197080292,0.1588417816174915,0.19475439285048776,0.6922799422799423
12,sider,SIDER23,tr,104,1366,94,1012,10.76595744680851,976,36,0,94,1.0,0.9644268774703557,0.9674502712477396,0.8350777323662448,0.9573427099665859,0.996977756286267
12,sider,SIDER23,va,104,1366,10,113,11.3,108,5,9,1,0.1,0.9557522123893806,0.8861788617886179,0.07073474164772206,0.12163218436265265,0.5893805309734513
12,sider,SIDER23,te,104,1366,16,121,7.5625,109,12,12,4,0.25,0.9008264462809917,0.8248175182481752,0.15082644628099154,0.19065853095887342,0.6523760330578512
13,sider,SIDER23,tr,104,1366,96,1010,10.520833333333334,862,148,12,84,0.875,0.8534653465346534,0.8553345388788427,0.5037389025047871,0.6346965153248695,0.942032797029703
13,sider,SIDER23,va,104,1366,10,113,11.3,91,22,6,4,0.4,0.8053097345132744,0.7723577235772358,0.1374283151138639,0.1438068462854036,0.7207964601769912
13,sider,SIDER23,te,104,1366,14,123,8.785714285714286,102,21,10,4,0.2857142857142857,0.8292682926829268,0.7737226277372263,0.09017156370467204,0.17012503864403006,0.6245644599303136
14,sider,SIDER23,tr,104,1366,103,1003,9.737864077669903,925,78,1,102,0.9902912621359223,0.922233300099701,0.9285714285714286,0.7184092178153901,0.8579285623988695,0.9867775314832202
14,sider,SIDER23,va,104,1366,7,116,16.571428571428573,103,13,5,2,0.2857142857142857,0.8879310344827587,0.8536585365853658,0.12293727736247533,0.0920693773872466,0.6650246305418719
14,sider,SIDER23,te,104,1366,10,127,12.7,105,22,7,3,0.3,0.8267716535433071,0.7883211678832117,0.08537780788202598,0.23325212660443176,0.6952755905511812
15,sider,SIDER23,tr,104,1366,92,1014,11.021739130434783,961,53,0,92,1.0,0.9477317554240631,0.9520795660036167,0.775447908381916,0.8871781331665867,0.9918371065946316
15,sider,SIDER23,va,104,1366,14,109,7.785714285714286,100,9,10,4,0.2857142857142857,0.9174311926605505,0.8455284552845529,0.20985359248071545,0.2113148125298806,0.6775884665792922
15,sider,SIDER23,te,104,1366,14,123,8.785714285714286,112,11,12,2,0.14285714285714285,0.9105691056910569,0.8321167883211679,0.055219025127228254,0.14377044611337264,0.6114982578397212
1,sider,SIDER24,tr,104,1366,503,603,1.1988071570576542,600,3,6,497,0.9880715705765407,0.9950248756218906,0.9918625678119349,0.9835976003127794,0.9995915240952752,0.9996686547382372
1,sider,SIDER24,va,104,1366,60,63,1.05,47,16,26,34,0.5666666666666667,0.746031746031746,0.6585365853658537,0.3182182949415164,0.7218498523329587,0.7312169312169312
1,sider,SIDER24,te,104,1366,78,59,0.7564102564102564,31,28,35,43,0.5512820512820513,0.5254237288135594,0.5401459854014599,0.07601516737389626,0.6969767461459773,0.5886571056062583
2,sider,SIDER24,tr,104,1366,528,578,1.0946969696969697,574,4,4,524,0.9924242424242424,0.9930795847750865,0.9927667269439421,0.9855038271993289,0.9998145447996901,0.9998279726329035
2,sider,SIDER24,va,104,1366,55,68,1.2363636363636363,44,24,23,32,0.5818181818181818,0.6470588235294118,0.6178861788617886,0.22851070422405453,0.6008174145420498,0.6828877005347593
2,sider,SIDER24,te,104,1366,58,79,1.3620689655172413,47,32,22,36,0.6206896551724138,0.5949367088607594,0.6058394160583942,0.21308378396956335,0.5350781869545499,0.6464426014840681
3,sider,SIDER24,tr,104,1366,527,579,1.0986717267552182,430,149,68,459,0.8709677419354839,0.7426597582037997,0.8037974683544303,0.6160031642613246,0.8888502230056594,0.8974348890483822
3,sider,SIDER24,va,104,1366,47,76,1.6170212765957446,48,28,14,33,0.7021276595744681,0.631578947368421,0.6585365853658537,0.324309572727099,0.5936486937750444,0.691909294512878
3,sider,SIDER24,te,104,1366,67,70,1.044776119402985,39,31,27,40,0.5970149253731343,0.5571428571428572,0.5766423357664233,0.15422356352283245,0.5394423793257862,0.588592750533049
4,sider,SIDER24,tr,104,1366,525,581,1.1066666666666667,577,4,8,517,0.9847619047619047,0.9931153184165232,0.9891500904159132,0.9782621573952475,0.9993120402149553,0.999334480780264
4,sider,SIDER24,va,104,1366,59,64,1.0847457627118644,42,22,28,31,0.5254237288135594,0.65625,0.5934959349593496,0.1832825709102977,0.559285962411469,0.6120233050847457
4,sider,SIDER24,te,104,1366,57,80,1.4035087719298245,43,37,21,36,0.631578947368421,0.5375,0.5766423357664233,0.16704002244064706,0.5202692058177156,0.6359649122807018
5,sider,SIDER24,tr,104,1366,517,589,1.1392649903288201,544,45,24,493,0.9535783365570599,0.9235993208828522,0.9376130198915009,0.8756391576151394,0.9827846046016401,0.9834062913570192
5,sider,SIDER24,va,104,1366,53,70,1.320754716981132,36,34,17,36,0.6792452830188679,0.5142857142857142,0.5853658536585366,0.19353099730458215,0.5943764000610773,0.6679245283018869
5,sider,SIDER24,te,104,1366,71,66,0.9295774647887324,31,35,27,44,0.6197183098591549,0.4696969696969697,0.5474452554744526,0.0904243380937304,0.6224998367779428,0.600085360648741
6,sider,SIDER24,tr,104,1366,527,579,1.0986717267552182,568,11,8,519,0.9848197343453511,0.9810017271157168,0.9828209764918626,0.9655888997960793,0.9990995700237685,0.9991642988467323
6,sider,SIDER24,va,104,1366,55,68,1.2363636363636363,43,25,24,31,0.5636363636363636,0.6323529411764706,0.6016260162601627,0.19567563807971025,0.5819641954899315,0.6393048128342246
6,sider,SIDER24,te,104,1366,59,78,1.3220338983050848,42,36,24,35,0.5932203389830508,0.5384615384615384,0.5620437956204379,0.1304962929988134,0.5601343694936041,0.6241851368970014
7,sider,SIDER24,tr,104,1366,505,601,1.19009900990099,507,94,59,446,0.8831683168316832,0.8435940099833611,0.8616636528028933,0.724219536680981,0.9290878707932922,0.9369993904548526
7,sider,SIDER24,va,104,1366,65,58,0.8923076923076924,39,19,21,44,0.676923076923077,0.6724137931034483,0.6747967479674797,0.3488744782023868,0.6979640683730743,0.7242705570291778
7,sider,SIDER24,te,104,1366,71,66,0.9295774647887324,41,25,30,41,0.5774647887323944,0.6212121212121212,0.5985401459854015,0.19867690994451553,0.6060008044588914,0.5956039265898421
8,sider,SIDER24,tr,104,1366,515,591,1.1475728155339806,586,5,2,513,0.996116504854369,0.9915397631133672,0.9936708860759493,0.987301135037685,0.9998178216552691,0.9998373663200434
8,sider,SIDER24,va,104,1366,54,69,1.2777777777777777,47,22,19,35,0.6481481481481481,0.6811594202898551,0.6666666666666666,0.32772814653492105,0.7403867177500362,0.7211486849168008
8,sider,SIDER24,te,104,1366,72,65,0.9027777777777778,40,25,27,45,0.625,0.6153846153846154,0.6204379562043796,0.24012820505523164,0.6737194663786759,0.6792735042735043
9,sider,SIDER24,tr,104,1366,523,583,1.1147227533460804,562,21,12,511,0.9770554493307839,0.9639794168096055,0.9701627486437613,0.9403273633298217,0.9947971755804769,0.994703337717155
9,sider,SIDER24,va,104,1366,49,74,1.510204081632653,46,28,13,36,0.7346938775510204,0.6216216216216216,0.6666666666666666,0.34916654128317626,0.6785292951778316,0.726696083838941
9,sider,SIDER24,te,104,1366,69,68,0.9855072463768116,41,27,27,42,0.6086956521739131,0.6029411764705882,0.6058394160583942,0.21163682864450123,0.6996328138108354,0.6483375959079285
10,sider,SIDER24,tr,104,1366,525,581,1.1066666666666667,571,10,6,519,0.9885714285714285,0.9827882960413081,0.9855334538878843,0.97102870330311,0.999177340508386,0.9992049831980985
10,sider,SIDER24,va,104,1366,48,75,1.5625,53,22,19,29,0.6041666666666666,0.7066666666666667,0.6666666666666666,0.3077708612752495,0.6691420562170116,0.7108333333333334
10,sider,SIDER24,te,104,1366,68,69,1.0147058823529411,39,30,30,38,0.5588235294117647,0.5652173913043478,0.5620437956204379,0.1240409207161125,0.6132637264299491,0.646845694799659
11,sider,SIDER24,tr,104,1366,533,573,1.075046904315197,535,38,14,519,0.9737335834896811,0.9336823734729494,0.9529837251356239,0.9068460335387042,0.9898688247848771,0.9896450333814656
11,sider,SIDER24,va,104,1366,50,73,1.46,44,29,21,29,0.58,0.6027397260273972,0.5934959349593496,0.17980788248808,0.5497043838225563,0.6528767123287672
11,sider,SIDER24,te,104,1366,58,79,1.3620689655172413,40,39,24,34,0.5862068965517241,0.5063291139240507,0.5401459854014599,0.0916403833188296,0.6229647049535523,0.6397861195984287
12,sider,SIDER24,tr,104,1366,522,584,1.1187739463601531,514,70,38,484,0.9272030651340997,0.8801369863013698,0.9023508137432188,0.8060718444768354,0.9672620798368887,0.9703655592295176
12,sider,SIDER24,va,104,1366,55,68,1.2363636363636363,36,32,15,40,0.7272727272727273,0.5294117647058824,0.6178861788617886,0.25905029767679066,0.6904594710730612,0.7117647058823529
12,sider,SIDER24,te,104,1366,64,73,1.140625,50,23,28,36,0.5625,0.684931506849315,0.6277372262773723,0.24930621765275598,0.6218111050091779,0.6497217465753425
13,sider,SIDER24,tr,104,1366,517,589,1.1392649903288201,585,4,4,513,0.9922630560928434,0.9932088285229203,0.9927667269439421,0.9854718846157635,0.9997285872929116,0.9997586309944074
13,sider,SIDER24,va,104,1366,63,60,0.9523809523809523,38,22,29,34,0.5396825396825397,0.6333333333333333,0.5853658536585366,0.17366025466162954,0.725006255416957,0.6526455026455027
13,sider,SIDER24,te,104,1366,61,76,1.2459016393442623,43,33,23,38,0.6229508196721312,0.5657894736842105,0.5912408759124088,0.18773065578705098,0.6816329552663314,0.6852890422778257
14,sider,SIDER24,tr,104,1366,518,588,1.135135135135135,585,3,4,514,0.9922779922779923,0.9948979591836735,0.9936708860759493,0.9872910293196355,0.9997427407937074,0.9997685367583328
14,sider,SIDER24,va,104,1366,63,60,0.9523809523809523,41,19,30,33,0.5238095238095238,0.6833333333333333,0.6016260162601627,0.20959697767527885,0.7275221453935967,0.6679894179894179
14,sider,SIDER24,te,104,1366,60,77,1.2833333333333334,49,28,27,33,0.55,0.6363636363636364,0.5985401459854015,0.18604176455800361,0.5970983702138163,0.638961038961039
15,sider,SIDER24,tr,104,1366,521,585,1.1228406909788868,504,81,48,473,0.9078694817658349,0.8615384615384616,0.8833634719710669,0.7681199395702447,0.950931489753832,0.9546024246600062
15,sider,SIDER24,va,104,1366,57,66,1.1578947368421053,39,27,28,29,0.5087719298245614,0.5909090909090909,0.5528455284552846,0.09981376952164113,0.5458559311633773,0.5684476342371079
15,sider,SIDER24,te,104,1366,63,74,1.1746031746031746,46,28,20,43,0.6825396825396826,0.6216216216216216,0.6496350364963503,0.30338140209786535,0.7207877161306971,0.7239382239382239
1,sider,SIDER25,tr,104,1366,751,355,0.47270306258322237,299,56,192,559,0.7443408788282291,0.8422535211267606,0.7757685352622061,0.55118038479544,0.9311279518740988,0.869411676450179
1,sider,SIDER25,va,104,1366,89,34,0.38202247191011235,25,9,36,53,0.5955056179775281,0.7352941176470589,0.6341463414634146,0.29589583586051105,0.9008689683621466,0.7501652346331791
1,sider,SIDER25,te,104,1366,107,30,0.2803738317757009,13,17,37,70,0.6542056074766355,0.43333333333333335,0.6058394160583942,0.0751984995686722,0.8052591961809883,0.5876947040498443
2,sider,SIDER25,tr,104,1366,771,335,0.4345006485084306,335,0,15,756,0.980544747081712,1.0,0.9864376130198915,0.9687731420607253,0.9998957338815693,0.9997580192423099
2,sider,SIDER25,va,104,1366,91,32,0.3516483516483517,15,17,17,74,0.8131868131868132,0.46875,0.7235772357723578,0.281936813186813,0.8762467461902113,0.7103365384615384
2,sider,SIDER25,te,104,1366,85,52,0.611764705882353,24,28,10,75,0.8823529411764706,0.46153846153846156,0.7226277372262774,0.3863441872086586,0.8067071214767907,0.7524886877828054
3,sider,SIDER25,tr,104,1366,780,326,0.41794871794871796,321,5,42,738,0.9461538461538461,0.9846625766871165,0.9575045207956601,0.9038001709271216,0.9982052000559827,0.995542315557653
3,sider,SIDER25,va,104,1366,75,48,0.64,20,28,19,56,0.7466666666666667,0.4166666666666667,0.6178861788617886,0.17121985666457992,0.7691754902969811,0.6741666666666667
3,sider,SIDER25,te,104,1366,92,45,0.4891304347826087,26,19,14,78,0.8478260869565217,0.5777777777777777,0.7591240875912408,0.4396325813834492,0.857071149944997,0.7652173913043477
4,sider,SIDER25,tr,104,1366,779,327,0.4197689345314506,324,3,29,750,0.962772785622593,0.9908256880733946,0.9710669077757685,0.9335193225063911,0.9990536833218394,0.9977034777590653
4,sider,SIDER25,va,104,1366,77,46,0.5974025974025974,24,22,8,69,0.8961038961038961,0.5217391304347826,0.7560975609756098,0.46083106934871,0.8542187375208357,0.8003952569169961
4,sider,SIDER25,te,104,1366,91,46,0.5054945054945055,18,28,19,72,0.7912087912087912,0.391304347826087,0.656934306569343,0.19413010280976925,0.8004333057849529,0.6607740086000955
5,sider,SIDER25,tr,104,1366,764,342,0.4476439790575916,323,19,102,662,0.8664921465968587,0.9444444444444444,0.8905967450271248,0.7705105834581866,0.9843475118991487,0.962977633875264
5,sider,SIDER25,va,104,1366,85,38,0.4470588235294118,20,18,22,63,0.7411764705882353,0.5263157894736842,0.6747967479674797,0.26064255645989154,0.8253620920386935,0.6848297213622292
5,sider,SIDER25,te,104,1366,98,39,0.3979591836734694,13,26,27,71,0.7244897959183674,0.3333333333333333,0.6131386861313869,0.057389318765853306,0.8350761955703149,0.6439037153322867
6,sider,SIDER25,tr,104,1366,776,330,0.4252577319587629,329,1,24,752,0.9690721649484536,0.996969696969697,0.9773960216998192,0.9481977841348801,0.9996001356458615,0.9990569353327086
6,sider,SIDER25,va,104,1366,75,48,0.64,22,26,12,63,0.84,0.4583333333333333,0.6910569105691057,0.32540076464851764,0.7778033591124829,0.71
6,sider,SIDER25,te,104,1366,96,41,0.4270833333333333,17,24,13,83,0.8645833333333334,0.4146341463414634,0.7299270072992701,0.30918444130040473,0.8582352777120472,0.7296747967479675
7,sider,SIDER25,tr,104,1366,763,343,0.44954128440366975,339,4,51,712,0.9331585845347313,0.9883381924198251,0.9502712477396021,0.892101634114066,0.9971041508034381,0.9931909105151141
7,sider,SIDER25,va,104,1366,79,44,0.5569620253164557,26,18,14,65,0.8227848101265823,0.5909090909090909,0.7398373983739838,0.4233016490057572,0.8439286689425893,0.7761795166858458
7,sider,SIDER25,te,104,1366,105,32,0.3047619047619048,17,15,27,78,0.7428571428571429,0.53125,0.6934306569343066,0.2483831777203216,0.8726464492815631,0.7074404761904761
8,sider,SIDER25,tr,104,1366,767,339,0.44198174706649285,339,0,14,753,0.9817470664928292,1.0,0.9873417721518988,0.9709845118294422,0.9999246339621368,0.9998288547111105
8,sider,SIDER25,va,104,1366,83,40,0.4819277108433735,21,19,13,70,0.8433734939759037,0.525,0.7398373983739838,0.3858539525273024,0.8434321128229182,0.7496987951807229
8,sider,SIDER25,te,104,1366,97,40,0.41237113402061853,24,16,15,82,0.845360824742268,0.6,0.7737226277372263,0.44872734311038237,0.8959606601459339,0.8028350515463918
9,sider,SIDER25,tr,104,1366,765,341,0.44575163398692813,291,50,158,607,0.7934640522875817,0.8533724340175953,0.8119349005424955,0.6082702291379379,0.9584012638983872,0.9071761255821977
9,sider,SIDER25,va,104,1366,85,38,0.4470588235294118,31,7,25,60,0.7058823529411765,0.8157894736842105,0.7398373983739838,0.484024370923746,0.9001279536391344,0.8105263157894737
9,sider,SIDER25,te,104,1366,97,40,0.41237113402061853,22,18,33,64,0.6597938144329897,0.55,0.6277372262773723,0.1945898893673641,0.8673483863265952,0.7154639175257732
10,sider,SIDER25,tr,104,1366,760,346,0.45526315789473687,342,4,42,718,0.9447368421052632,0.9884393063583815,0.9584086799276673,0.9088124428419849,0.9977268263616867,0.994729236385762
10,sider,SIDER25,va,104,1366,92,31,0.33695652173913043,24,7,25,67,0.7282608695652174,0.7741935483870968,0.7398373983739838,0.4456126693780397,0.9120015099586807,0.77945301542777
10,sider,SIDER25,te,104,1366,95,42,0.4421052631578947,19,23,18,77,0.8105263157894737,0.4523809523809524,0.7007299270072993,0.27301604957810993,0.811956808052909,0.661904761904762
11,sider,SIDER25,tr,104,1366,780,326,0.41794871794871796,325,1,30,750,0.9615384615384616,0.9969325153374233,0.9719710669077758,0.9360540421958857,0.9992813884460917,0.9981791725656757
11,sider,SIDER25,va,104,1366,74,49,0.6621621621621622,18,31,11,63,0.8513513513513513,0.3673469387755102,0.6585365853658537,0.2522297803489204,0.7205658201988189,0.6778819635962493
11,sider,SIDER25,te,104,1366,93,44,0.4731182795698925,25,19,22,71,0.7634408602150538,0.5681818181818182,0.7007299270072993,0.32616837614100086,0.882952797346204,0.770039100684262
12,sider,SIDER25,tr,104,1366,773,333,0.4307891332470893,333,0,18,755,0.9767141009055628,1.0,0.9837251356238698,0.9626142520734985,0.9997985850448399,0.9995279885318695
12,sider,SIDER25,va,104,1366,81,42,0.5185185185185185,25,17,13,68,0.8395061728395061,0.5952380952380952,0.7560975609756098,0.4461693761622449,0.9257432594425221,0.852145796590241
12,sider,SIDER25,te,104,1366,93,44,0.4731182795698925,21,23,14,79,0.8494623655913979,0.4772727272727273,0.7299270072992701,0.34980779803034545,0.8600088129419803,0.7430351906158358
13,sider,SIDER25,tr,104,1366,759,347,0.45718050065876153,345,2,27,732,0.9644268774703557,0.9942363112391931,0.9737793851717902,0.9415256951902546,0.999531479239429,0.9989482596925274
13,sider,SIDER25,va,104,1366,87,36,0.41379310344827586,19,17,24,63,0.7241379310344828,0.5277777777777778,0.6666666666666666,0.24037367606141308,0.8523412665414966,0.6954022988505747
13,sider,SIDER25,te,104,1366,101,36,0.3564356435643564,21,15,19,82,0.8118811881188119,0.5833333333333334,0.7518248175182481,0.3825859068433352,0.86708790292541,0.7263476347634763
14,sider,SIDER25,tr,104,1366,776,330,0.4252577319587629,328,2,13,763,0.9832474226804123,0.9939393939393939,0.9864376130198915,0.9681831559639194,0.9999103963370257,0.9997891283973758
14,sider,SIDER25,va,104,1366,77,46,0.5974025974025974,20,26,14,63,0.8181818181818182,0.43478260869565216,0.6747967479674797,0.27368391226773797,0.7772169311202669,0.6928289102202145
14,sider,SIDER25,te,104,1366,94,43,0.4574468085106383,24,19,11,83,0.8829787234042553,0.5581395348837209,0.781021897810219,0.4693740555988548,0.8228750391514172,0.7498762988619495
15,sider,SIDER25,tr,104,1366,774,332,0.4289405684754522,332,0,11,763,0.9857881136950905,1.0,0.9900542495479204,0.9768182623339241,0.9999418368975934,0.9998637962703526
15,sider,SIDER25,va,104,1366,81,42,0.5185185185185185,22,20,19,62,0.7654320987654321,0.5238095238095238,0.6829268292682927,0.29095718698132306,0.8335289058862543,0.7279541446208113
15,sider,SIDER25,te,104,1366,92,45,0.4891304347826087,25,20,20,72,0.782608695652174,0.5555555555555556,0.708029197080292,0.3381642512077294,0.8713771829933593,0.7722222222222223
1,sider,SIDER26,tr,104,1366,1012,94,0.09288537549407115,81,13,226,786,0.7766798418972332,0.8617021276595744,0.7839059674502713,0.39755042124253565,0.9908079208017009,0.907472037675553
1,sider,SIDER26,va,104,1366,111,12,0.10810810810810811,6,6,26,85,0.7657657657657657,0.5,0.7398373983739838,0.17974443957481265,0.959556068919222,0.7094594594594594
1,sider,SIDER26,te,104,1366,134,3,0.022388059701492536,3,0,36,98,0.7313432835820896,1.0,0.7372262773722628,0.23718595165009326,0.9959869040104553,0.835820895522388
2,sider,SIDER26,tr,104,1366,1023,83,0.08113391984359726,70,13,157,866,0.8465298142717498,0.8433734939759037,0.8462929475587704,0.4500468480341407,0.9940563634318351,0.9297718734174235
2,sider,SIDER26,va,104,1366,116,7,0.0603448275862069,1,6,23,93,0.8017241379310345,0.14285714285714285,0.7642276422764228,-0.032397483772190754,0.9734164284261365,0.6798029556650247
2,sider,SIDER26,te,104,1366,118,19,0.16101694915254236,6,13,18,100,0.847457627118644,0.3157894736842105,0.7737226277372263,0.148428889658789,0.933865021273006,0.6884478144513826
3,sider,SIDER26,tr,104,1366,1020,86,0.08431372549019608,70,16,200,820,0.803921568627451,0.813953488372093,0.8047016274864376,0.3851810868278703,0.9902750064711858,0.8968308253533974
3,sider,SIDER26,va,104,1366,109,14,0.12844036697247707,8,6,25,84,0.7706422018348624,0.5714285714285714,0.7479674796747967,0.24519692054815934,0.9427716514458219,0.7526212319790302
3,sider,SIDER26,te,104,1366,128,9,0.0703125,5,4,33,95,0.7421875,0.5555555555555556,0.7299270072992701,0.1647625424347662,0.9747936983171404,0.7118055555555556
4,sider,SIDER26,tr,104,1366,1022,84,0.0821917808219178,59,25,182,840,0.821917808219178,0.7023809523809523,0.8128390596745028,0.33645527915052875,0.9869264572016477,0.8611091696952753
4,sider,SIDER26,va,104,1366,109,14,0.12844036697247707,7,7,16,93,0.8532110091743119,0.5,0.8130081300813008,0.2877051131801099,0.9545225244535323,0.7355832241153344
4,sider,SIDER26,te,104,1366,126,11,0.0873015873015873,4,7,23,103,0.8174603174603174,0.36363636363636365,0.781021897810219,0.12371258500509168,0.9464330294476202,0.612914862914863
5,sider,SIDER26,tr,104,1366,1018,88,0.08644400785854617,80,8,197,821,0.806483300589391,0.9090909090909091,0.8146473779385172,0.4469436329970143,0.9935142539484674,0.930802375424183
5,sider,SIDER26,va,104,1366,114,9,0.07894736842105263,7,2,20,94,0.8245614035087719,0.7777777777777778,0.8211382113821138,0.3789634243824979,0.9818520124358733,0.8235867446393763
5,sider,SIDER26,te,104,1366,125,12,0.096,5,7,25,100,0.8,0.4166666666666667,0.7664233576642335,0.1481102841886769,0.9511309572177293,0.648
6,sider,SIDER26,tr,104,1366,1025,81,0.07902439024390244,77,4,169,856,0.8351219512195122,0.9506172839506173,0.8435804701627486,0.4922277599224765,0.9954928012397098,0.9447576031315867
6,sider,SIDER26,va,104,1366,103,20,0.1941747572815534,14,6,15,88,0.8543689320388349,0.7,0.8292682926829268,0.48191402760561197,0.9534925829639489,0.8169902912621361
6,sider,SIDER26,te,104,1366,129,8,0.06201550387596899,4,4,18,111,0.8604651162790697,0.5,0.8394160583941606,0.23021988394309498,0.9845932323623593,0.7984496124031008
7,sider,SIDER26,tr,104,1366,1015,91,0.0896551724137931,79,12,212,803,0.7911330049261084,0.8681318681318682,0.7974683544303798,0.41142279923637226,0.9908294276420717,0.9043198181129215
7,sider,SIDER26,va,104,1366,112,11,0.09821428571428571,6,5,25,87,0.7767857142857143,0.5454545454545454,0.7560975609756098,0.21179241000515903,0.9814049472151342,0.8262987012987013
7,sider,SIDER26,te,104,1366,130,7,0.05384615384615385,4,3,32,98,0.7538461538461538,0.5714285714285714,0.7445255474452555,0.16272679754246502,0.9787066288848303,0.7076923076923077
8,sider,SIDER26,tr,104,1366,1013,93,0.09180651530108588,80,13,252,761,0.7512339585389931,0.8602150537634409,0.7603978300180831,0.37022600657715654,0.9869126683437882,0.8761954802619707
8,sider,SIDER26,va,104,1366,114,9,0.07894736842105263,7,2,26,88,0.7719298245614035,0.7777777777777778,0.7723577235772358,0.3230927396646446,0.9782549691776535,0.8221247563352827
8,sider,SIDER26,te,104,1366,130,7,0.05384615384615385,3,4,38,92,0.7076923076923077,0.42857142857142855,0.6934306569343066,0.06551993292071329,0.962803505415663,0.6505494505494506
9,sider,SIDER26,tr,104,1366,1021,85,0.0832517140058766,62,23,212,809,0.7923604309500489,0.7294117647058823,0.7875226039783002,0.32193361173869556,0.9882474984547385,0.8740104856830098
9,sider,SIDER26,va,104,1366,109,14,0.12844036697247707,8,6,21,88,0.8073394495412844,0.5714285714285714,0.7804878048780488,0.28339203893749976,0.9718566696498718,0.8076671035386631
9,sider,SIDER26,te,104,1366,127,10,0.07874015748031496,5,5,31,96,0.7559055118110236,0.5,0.7372262773722628,0.15124100800497337,0.9541245829486624,0.6177165354330709
10,sider,SIDER26,tr,104,1366,1020,86,0.08431372549019608,71,15,210,810,0.7941176470588235,0.8255813953488372,0.7965641952983725,0.3811974636435554,0.990402216774711,0.8971557227542181
10,sider,SIDER26,va,104,1366,116,7,0.0603448275862069,4,3,17,99,0.853448275862069,0.5714285714285714,0.8373983739837398,0.2615961494975901,0.9913353415837411,0.8780788177339901
10,sider,SIDER26,te,104,1366,121,16,0.1322314049586777,7,9,31,90,0.743801652892562,0.4375,0.708029197080292,0.1300603877300196,0.9364287506281704,0.6779442148760331
11,sider,SIDER26,tr,104,1366,1011,95,0.09396636993076163,95,0,124,887,0.8773491592482691,1.0,0.8878842676311031,0.6169159194968964,0.9980931785982909,0.9791399864646779
11,sider,SIDER26,va,104,1366,118,5,0.0423728813559322,0,5,21,97,0.8220338983050848,0.0,0.7886178861788617,-0.09340143743249653,0.9644234743908527,0.49322033898305084
11,sider,SIDER26,te,104,1366,128,9,0.0703125,6,3,30,98,0.765625,0.6666666666666666,0.7591240875912408,0.24332748421922565,0.9845094414460491,0.8038194444444445
12,sider,SIDER26,tr,104,1366,1018,88,0.08644400785854617,75,13,246,772,0.7583497053045186,0.8522727272727273,0.7658227848101266,0.36408319657678145,0.9876526971686574,0.8814911144847294
12,sider,SIDER26,va,104,1366,114,9,0.07894736842105263,7,2,31,83,0.7280701754385965,0.7777777777777778,0.7317073170731707,0.28509684830981763,0.9781967316630731,0.8235867446393762
12,sider,SIDER26,te,104,1366,125,12,0.096,8,4,49,76,0.608,0.6666666666666666,0.6131386861313869,0.15753213725778561,0.9340531920294117,0.6486666666666667
13,sider,SIDER26,tr,104,1366,1016,90,0.08858267716535433,83,7,176,840,0.8267716535433071,0.9222222222222223,0.8345388788426763,0.4835649205674386,0.9947363006555738,0.9423720472440945
13,sider,SIDER26,va,104,1366,113,10,0.08849557522123894,6,4,27,86,0.7610619469026548,0.6,0.7479674796747967,0.2227115378004819,0.9824983155718947,0.8212389380530973
13,sider,SIDER26,te,104,1366,128,9,0.0703125,3,6,21,107,0.8359375,0.3333333333333333,0.8029197080291971,0.11032235633931842,0.9568700662020767,0.6323784722222223
14,sider,SIDER26,tr,104,1366,1020,86,0.08431372549019608,78,8,173,847,0.8303921568627451,0.9069767441860465,0.8363471971066908,0.4714267375538623,0.9950980128804255,0.9442373461012312
14,sider,SIDER26,va,104,1366,111,12,0.10810810810810811,8,4,23,88,0.7927927927927928,0.6666666666666666,0.7804878048780488,0.3139963134320912,0.965744879407606,0.7762762762762763
14,sider,SIDER26,te,104,1366,126,11,0.0873015873015873,5,6,22,104,0.8253968253968254,0.45454545454545453,0.7956204379562044,0.19123698399193456,0.9542159746116129,0.6637806637806638
15,sider,SIDER26,tr,104,1366,1020,86,0.08431372549019608,80,6,156,864,0.8470588235294118,0.9302325581395349,0.8535262206148282,0.5080629623749094,0.9955881400874504,0.9485978112175104
15,sider,SIDER26,va,104,1366,112,11,0.09821428571428571,3,8,27,85,0.7589285714285714,0.2727272727272727,0.7154471544715447,0.021035708862307344,0.9397553841190971,0.6254058441558441
15,sider,SIDER26,te,104,1366,125,12,0.096,8,4,25,100,0.8,0.6666666666666666,0.7883211678832117,0.30851676645296766,0.9674069953673164,0.7576666666666667
1,sider,SIDER27,tr,104,1366,721,385,0.5339805825242718,381,4,45,676,0.9375866851595007,0.9896103896103896,0.9556962025316456,0.9076340789995807,0.9975192560169129,0.9950159410630978
1,sider,SIDER27,va,104,1366,79,44,0.5569620253164557,23,21,24,55,0.6962025316455697,0.5227272727272727,0.6341463414634146,0.21596782163037265,0.7302771645116692,0.6329113924050633
1,sider,SIDER27,te,104,1366,108,29,0.26851851851851855,9,20,31,77,0.7129629629629629,0.3103448275862069,0.6277372262773723,0.020940937501103016,0.8397476149087457,0.55970625798212
2,sider,SIDER27,tr,104,1366,738,368,0.4986449864498645,362,6,51,687,0.9308943089430894,0.9836956521739131,0.9484629294755877,0.8909162434744535,0.9966933987940558,0.9931973164840344
2,sider,SIDER27,va,104,1366,85,38,0.4470588235294118,23,15,30,55,0.6470588235294118,0.6052631578947368,0.6341463414634146,0.23543411463595362,0.8264427176919704,0.6808049535603716
2,sider,SIDER27,te,104,1366,85,52,0.611764705882353,22,30,22,63,0.7411764705882353,0.4230769230769231,0.6204379562043796,0.17070949339196395,0.7317095774280327,0.6481900452488688
3,sider,SIDER27,tr,104,1366,735,371,0.5047619047619047,299,72,169,566,0.7700680272108843,0.8059299191374663,0.7820976491862568,0.5504505290292689,0.9256095628026699,0.8623008232942773
3,sider,SIDER27,va,104,1366,76,47,0.618421052631579,28,19,27,49,0.6447368421052632,0.5957446808510638,0.6260162601626016,0.2350182768063312,0.7029585155145209,0.6142217245240761
3,sider,SIDER27,te,104,1366,97,40,0.41237113402061853,23,17,41,56,0.5773195876288659,0.575,0.5766423357664233,0.1388098231892824,0.7599642218573464,0.5582474226804124
4,sider,SIDER27,tr,104,1366,734,372,0.5068119891008175,224,148,183,551,0.7506811989100818,0.6021505376344086,0.7007233273056058,0.3456617700989632,0.8434552581771328,0.7493480999677713
4,sider,SIDER27,va,104,1366,86,37,0.43023255813953487,21,16,24,62,0.7209302325581395,0.5675675675675675,0.6747967479674797,0.2746875876374976,0.7982712632861746,0.6565053425518541
4,sider,SIDER27,te,104,1366,88,49,0.5568181818181818,21,28,37,51,0.5795454545454546,0.42857142857142855,0.5255474452554745,0.007874103623694034,0.6470753834953678,0.5088126159554731
5,sider,SIDER27,tr,104,1366,731,375,0.5129958960328317,367,8,66,665,0.9097127222982216,0.9786666666666667,0.9330922242314648,0.8616310007282645,0.9942051688983676,0.9879872321021431
5,sider,SIDER27,va,104,1366,81,42,0.5185185185185185,21,21,21,60,0.7407407407407407,0.5,0.6585365853658537,0.24074074074074064,0.7854008069836562,0.6646090534979423
5,sider,SIDER27,te,104,1366,96,41,0.4270833333333333,14,27,21,75,0.78125,0.34146341463414637,0.6496350364963503,0.12885031298520191,0.7527492542947807,0.6186483739837398
6,sider,SIDER27,tr,104,1366,736,370,0.5027173913043478,297,73,143,593,0.8057065217391305,0.8027027027027027,0.8047016274864376,0.5865055233536021,0.9444294411686011,0.8919543184488836
6,sider,SIDER27,va,104,1366,79,44,0.5569620253164557,26,18,25,54,0.6835443037974683,0.5909090909090909,0.6504065040650406,0.2670282161730974,0.7409935577790072,0.628596087456847
6,sider,SIDER27,te,104,1366,93,44,0.4731182795698925,19,25,32,61,0.6559139784946236,0.4318181818181818,0.583941605839416,0.08474075370187031,0.6962442254506607,0.5298142717497556
7,sider,SIDER27,tr,104,1366,731,375,0.5129958960328317,372,3,39,692,0.9466484268125855,0.992,0.9620253164556962,0.9195258985819733,0.9974541356231302,0.9947250341997265
7,sider,SIDER27,va,104,1366,74,49,0.6621621621621622,18,31,12,62,0.8378378378378378,0.3673469387755102,0.6504065040650406,0.23391438696716815,0.7279658398558885,0.6632653061224489
7,sider,SIDER27,te,104,1366,103,34,0.3300970873786408,17,17,37,66,0.6407766990291263,0.5,0.6058394160583942,0.12443797132000385,0.8456381454393969,0.6284980011422043
8,sider,SIDER27,tr,104,1366,731,375,0.5129958960328317,371,4,47,684,0.9357045143638851,0.9893333333333333,0.953887884267631,0.9031324864270532,0.9972607023616533,0.9941997264021888
8,sider,SIDER27,va,104,1366,80,43,0.5375,19,24,27,53,0.6625,0.4418604651162791,0.5853658536585366,0.1028468391612016,0.7504288307376187,0.5761627906976744
8,sider,SIDER27,te,104,1366,97,40,0.41237113402061853,17,23,27,70,0.7216494845360825,0.425,0.635036496350365,0.1428001261436589,0.8155388717206491,0.6358247422680412
9,sider,SIDER27,tr,104,1366,751,355,0.47270306258322237,325,30,72,679,0.9041278295605859,0.9154929577464789,0.9077757685352622,0.797680064834823,0.9846020816908223,0.9657489544457155
9,sider,SIDER27,va,104,1366,76,47,0.618421052631579,27,20,23,53,0.6973684210526315,0.574468085106383,0.6504065040650406,0.2689162661755682,0.7873333152054949,0.7018477043673013
9,sider,SIDER27,te,104,1366,81,56,0.691358024691358,24,32,17,64,0.7901234567901234,0.42857142857142855,0.6423357664233577,0.23477270527023222,0.7261374587564642,0.6684303350970017
10,sider,SIDER27,tr,104,1366,737,369,0.5006784260515604,368,1,25,712,0.966078697421981,0.997289972899729,0.976491862567812,0.9490703492477341,0.9995285221507417,0.9990310825767688
10,sider,SIDER27,va,104,1366,84,39,0.4642857142857143,24,15,26,58,0.6904761904761905,0.6153846153846154,0.6666666666666666,0.2897672790704128,0.8400843883168142,0.692002442002442
10,sider,SIDER27,te,104,1366,87,50,0.5747126436781609,20,30,21,66,0.7586206896551724,0.4,0.6277372262773723,0.16675425228765062,0.7070946846453764,0.6273563218390805
11,sider,SIDER27,tr,104,1366,740,366,0.4945945945945946,363,3,46,694,0.9378378378378378,0.9918032786885246,0.9556962025316456,0.9061366222504145,0.9979564087632047,0.9956930290946684
11,sider,SIDER27,va,104,1366,82,41,0.5,13,28,16,66,0.8048780487804879,0.3170731707317073,0.6422764227642277,0.13543224462197154,0.7723545403962824,0.6502082093991671
11,sider,SIDER27,te,104,1366,86,51,0.5930232558139535,22,29,20,66,0.7674418604651163,0.43137254901960786,0.6423357664233577,0.20844703568144304,0.7163179856818231,0.6256269949840402
12,sider,SIDER27,tr,104,1366,745,361,0.48456375838926175,342,19,50,695,0.9328859060402684,0.9473684210526315,0.9376130198915009,0.8628747618854816,0.9929184188968505,0.9843982970495826
12,sider,SIDER27,va,104,1366,79,44,0.5569620253164557,16,28,21,58,0.7341772151898734,0.36363636363636365,0.6016260162601627,0.10223249159851976,0.7764386488618181,0.6475834292289989
12,sider,SIDER27,te,104,1366,84,53,0.6309523809523809,26,27,25,59,0.7023809523809523,0.49056603773584906,0.6204379562043796,0.1943932910322344,0.7429056944022141,0.6404986522911051
13,sider,SIDER27,tr,104,1366,730,376,0.5150684931506849,285,91,223,507,0.6945205479452055,0.7579787234042553,0.7160940325497287,0.4301211403961018,0.8784303490352305,0.7974879772661032
13,sider,SIDER27,va,104,1366,87,36,0.41379310344827586,21,15,34,53,0.6091954022988506,0.5833333333333334,0.6016260162601627,0.17618569110550003,0.796815858293316,0.6331417624521072
13,sider,SIDER27,te,104,1366,91,46,0.5054945054945055,20,26,36,55,0.6043956043956044,0.43478260869565216,0.5474452554744526,0.03763636858827911,0.7157282434971783,0.5533922599139991
14,sider,SIDER27,tr,104,1366,743,363,0.48855989232839836,362,1,12,731,0.9838492597577388,0.9972451790633609,0.9882459312839059,0.9737942184673368,0.9997974859032053,0.9995699068255046
14,sider,SIDER27,va,104,1366,80,43,0.5375,15,28,22,58,0.725,0.3488372093023256,0.5934959349593496,0.07677227453904022,0.7880985575664138,0.6133720930232559
14,sider,SIDER27,te,104,1366,85,52,0.611764705882353,23,29,26,59,0.6941176470588235,0.4423076923076923,0.5985401459854015,0.13812325405675388,0.7064258804650316,0.564027149321267
15,sider,SIDER27,tr,104,1366,741,365,0.4925775978407557,364,1,26,715,0.9649122807017544,0.9972602739726028,0.9755877034358047,0.9469339476853302,0.9994804707440911,0.9989296212079197
15,sider,SIDER27,va,104,1366,78,45,0.5769230769230769,23,22,15,63,0.8076923076923077,0.5111111111111111,0.6991869918699187,0.3323343767493181,0.760198838106234,0.6625356125356126
15,sider,SIDER27,te,104,1366,89,48,0.5393258426966292,26,22,27,62,0.6966292134831461,0.5416666666666666,0.6423357664233577,0.2334288756352735,0.7702891458649739,0.6474719101123595
