split,dataset,subtask,set,num_of_retained_feature,num_of_compounds,postives,negtives,negtives/postives,tn,fp,fn,tp,se,sp,acc,mcc,auc_prc,auc_roc
1,sider,SIDER1,tr,104,1366,595,511,0.8588235294117647,511,0,6,589,0.9899159663865547,1.0,0.9945750452079566,0.9891549827653183,0.998364488775378,0.9973605880708448
1,sider,SIDER1,va,104,1366,62,61,0.9838709677419355,40,21,23,39,0.6290322580645161,0.6557377049180327,0.6422764227642277,0.28484528898915196,0.7353585011510192,0.7381015335801163
1,sider,SIDER1,te,104,1366,77,60,0.7792207792207793,33,27,18,59,0.7662337662337663,0.55,0.6715328467153284,0.3245599400563166,0.7350095571381308,0.7300865800865801
2,sider,SIDER1,tr,104,1366,597,509,0.8525963149078727,509,0,6,591,0.9899497487437185,1.0,0.9945750452079566,0.9891493080484481,0.9978299469671338,0.996361967005953
2,sider,SIDER1,va,104,1366,64,59,0.921875,33,26,15,49,0.765625,0.559322033898305,0.6666666666666666,0.33279540369473093,0.6778729712752749,0.699020127118644
2,sider,SIDER1,te,104,1366,73,64,0.8767123287671232,32,32,17,56,0.7671232876712328,0.5,0.6423357664233577,0.27805057159617186,0.6650236121538027,0.6831121575342466
3,sider,SIDER1,tr,104,1366,599,507,0.8464106844741235,507,0,6,593,0.989983305509182,1.0,0.9945750452079566,0.9891433432005512,0.9975545741755669,0.9956090525629501
3,sider,SIDER1,va,104,1366,63,60,0.9523809523809523,28,32,15,48,0.7619047619047619,0.4666666666666667,0.6178861788617886,0.23960099723029976,0.7065675459017642,0.7153439153439154
3,sider,SIDER1,te,104,1366,72,65,0.9027777777777778,37,28,18,54,0.75,0.5692307692307692,0.6642335766423357,0.3251916607747207,0.662606885516016,0.6841880341880342
4,sider,SIDER1,tr,104,1366,601,505,0.8402662229617305,505,0,5,596,0.9916805324459235,1.0,0.9954792043399638,0.9909380274692706,0.9977761594117495,0.9957578952570799
4,sider,SIDER1,va,104,1366,65,58,0.8923076923076924,33,25,12,53,0.8153846153846154,0.5689655172413793,0.6991869918699187,0.3983310417897344,0.7122387357524167,0.7527851458885941
4,sider,SIDER1,te,104,1366,68,69,1.0147058823529411,35,34,19,49,0.7205882352941176,0.5072463768115942,0.6131386861313869,0.2331110053532955,0.6417459181008711,0.6572890025575447
5,sider,SIDER1,tr,104,1366,596,510,0.8557046979865772,510,0,3,593,0.9949664429530202,1.0,0.9972875226039783,0.9945591615096453,0.9988037609737841,0.9977990525069088
5,sider,SIDER1,va,104,1366,62,61,0.9838709677419355,31,30,12,50,0.8064516129032258,0.5081967213114754,0.6585365853658537,0.32991873458311327,0.6944101560228478,0.7481491274457959
5,sider,SIDER1,te,104,1366,76,61,0.8026315789473685,26,35,18,58,0.7631578947368421,0.4262295081967213,0.6131386861313869,0.20158350387888174,0.6522350228712074,0.6264020707506471
6,sider,SIDER1,tr,104,1366,609,497,0.8160919540229885,497,0,6,603,0.9901477832512315,1.0,0.9945750452079566,0.9891091321486849,0.997167598035293,0.9947286345329779
6,sider,SIDER1,va,104,1366,61,62,1.0163934426229508,31,31,11,50,0.819672131147541,0.5,0.6585365853658537,0.33705314509913115,0.7089250215646936,0.74034902168165
6,sider,SIDER1,te,104,1366,64,73,1.140625,31,42,16,48,0.75,0.4246575342465753,0.5766423357664233,0.18355598855028588,0.547246606999102,0.6089469178082192
7,sider,SIDER1,tr,104,1366,582,524,0.9003436426116839,524,0,4,578,0.993127147766323,1.0,0.9963833634719711,0.9927756328863746,0.9988651503152862,0.9982375200020985
7,sider,SIDER1,va,104,1366,73,50,0.684931506849315,33,17,17,56,0.7671232876712328,0.66,0.7235772357723578,0.4271232876712327,0.8115974114928279,0.7701369863013698
7,sider,SIDER1,te,104,1366,79,58,0.7341772151898734,33,25,17,62,0.7848101265822784,0.5689655172413793,0.6934306569343066,0.363087120617346,0.7236307030820848,0.7031863814927979
8,sider,SIDER1,tr,104,1366,598,508,0.8494983277591973,508,0,2,596,0.9966555183946488,1.0,0.9981916817359855,0.9963669331031296,0.9988122872668956,0.9977829642114134
8,sider,SIDER1,va,104,1366,60,63,1.05,38,25,10,50,0.8333333333333334,0.6031746031746031,0.7154471544715447,0.4472875334347442,0.7013351862167897,0.7611111111111111
8,sider,SIDER1,te,104,1366,76,61,0.8026315789473685,31,30,16,60,0.7894736842105263,0.5081967213114754,0.6642335766423357,0.311628514227306,0.7332072078723282,0.7088006902502157
9,sider,SIDER1,tr,104,1366,594,512,0.8619528619528619,512,0,4,590,0.9932659932659933,1.0,0.9963833634719711,0.9927568971727602,0.9987506955378374,0.9978052004419192
9,sider,SIDER1,va,104,1366,67,56,0.835820895522388,32,24,19,48,0.7164179104477612,0.5714285714285714,0.6504065040650406,0.2909651696743567,0.7345907894255335,0.6950959488272923
9,sider,SIDER1,te,104,1366,73,64,0.8767123287671232,34,30,13,60,0.821917808219178,0.53125,0.6861313868613139,0.3711610062597692,0.6959488628608989,0.7159674657534247
10,sider,SIDER1,tr,104,1366,598,508,0.8494983277591973,508,0,5,593,0.9916387959866221,1.0,0.9954792043399638,0.9909458615429855,0.9980324945857493,0.9966719774576673
10,sider,SIDER1,va,104,1366,70,53,0.7571428571428571,29,24,22,48,0.6857142857142857,0.5471698113207547,0.6260162601626016,0.23408600583095912,0.6607589366460255,0.6570080862533693
10,sider,SIDER1,te,104,1366,66,71,1.0757575757575757,39,32,11,55,0.8333333333333334,0.5492957746478874,0.6861313868613139,0.3971316671581927,0.6930064230344748,0.7398634229620145
11,sider,SIDER1,tr,104,1366,602,504,0.8372093023255814,504,0,5,597,0.9916943521594684,1.0,0.9954792043399638,0.9909352942268947,0.9989339634443521,0.9984674102199019
11,sider,SIDER1,va,104,1366,64,59,0.921875,29,30,16,48,0.75,0.4915254237288136,0.6260162601626016,0.25051012708525955,0.6078418100767299,0.6468485169491525
11,sider,SIDER1,te,104,1366,68,69,1.0147058823529411,34,35,22,46,0.6764705882352942,0.4927536231884058,0.583941605839416,0.17210955343655643,0.638376590854044,0.6453537936913896
12,sider,SIDER1,tr,104,1366,590,516,0.8745762711864407,516,0,7,583,0.988135593220339,1.0,0.9936708860759493,0.9873753435386654,0.9976570363171506,0.9962028642753908
12,sider,SIDER1,va,104,1366,65,58,0.8923076923076924,36,22,14,51,0.7846153846153846,0.6206896551724138,0.7073170731707317,0.4119137098077755,0.8286786134745607,0.8114058355437666
12,sider,SIDER1,te,104,1366,79,58,0.7341772151898734,29,29,22,57,0.7215189873417721,0.5,0.6277372262773723,0.2264144737920289,0.783644288888479,0.7088607594936708
13,sider,SIDER1,tr,104,1366,592,514,0.8682432432432432,514,0,4,588,0.9932432432432432,1.0,0.9963833634719711,0.9927605004476593,0.9981386805211379,0.9968401645809234
13,sider,SIDER1,va,104,1366,72,51,0.7083333333333334,30,21,13,59,0.8194444444444444,0.5882352941176471,0.7235772357723578,0.42120279344474226,0.8206318273932249,0.7905773420479303
13,sider,SIDER1,te,104,1366,70,67,0.9571428571428572,36,31,17,53,0.7571428571428571,0.5373134328358209,0.6496350364963503,0.302224508094606,0.6784912624957713,0.68454157782516
14,sider,SIDER1,tr,104,1366,610,496,0.8131147540983606,496,0,7,603,0.9885245901639345,1.0,0.9936708860759493,0.9873032901405167,0.9979303792942976,0.9964172395557905
14,sider,SIDER1,va,104,1366,61,62,1.0163934426229508,41,21,12,49,0.8032786885245902,0.6612903225806451,0.7317073170731707,0.4690552966303733,0.7315200950260778,0.79613960867266
14,sider,SIDER1,te,104,1366,63,74,1.1746031746031746,35,39,18,45,0.7142857142857143,0.47297297297297297,0.583941605839416,0.1916242778882626,0.5474503152551189,0.6205491205491205
15,sider,SIDER1,tr,104,1366,593,513,0.8650927487352446,513,0,4,589,0.9932546374367622,1.0,0.9963833634719711,0.9927587229641405,0.9979869243177122,0.9961260186253529
15,sider,SIDER1,va,104,1366,65,58,0.8923076923076924,28,30,20,45,0.6923076923076923,0.4827586206896552,0.5934959349593496,0.1791521440457254,0.6530850451754745,0.6607427055702918
15,sider,SIDER1,te,104,1366,76,61,0.8026315789473685,41,20,26,50,0.6578947368421053,0.6721311475409836,0.6642335766423357,0.3281204479773198,0.751743673947562,0.7232528041415013
1,sider,SIDER2,tr,104,1366,762,344,0.45144356955380577,344,0,5,757,0.9934383202099738,1.0,0.9954792043399638,0.9895482199060773,0.9986703854445036,0.996124031007752
1,sider,SIDER2,va,104,1366,82,41,0.5,11,30,10,72,0.8780487804878049,0.2682926829268293,0.6747967479674797,0.18333969940564213,0.6749346668076143,0.5510113027959548
1,sider,SIDER2,te,104,1366,112,25,0.22321428571428573,1,24,15,97,0.8660714285714286,0.04,0.7153284671532847,-0.11295983681980303,0.8562221325113337,0.5253571428571429
2,sider,SIDER2,tr,104,1366,784,322,0.4107142857142857,3,319,0,784,1.0,0.009316770186335404,0.7115732368896925,0.08137724195800514,0.9986982480129682,0.9959734281911522
2,sider,SIDER2,va,104,1366,78,45,0.5769230769230769,0,45,2,76,0.9743589743589743,0.0,0.6178861788617886,-0.0976520282781039,0.7781222692187695,0.6703703703703703
2,sider,SIDER2,te,104,1366,94,43,0.4574468085106383,2,41,2,92,0.9787234042553191,0.046511627906976744,0.6861313868613139,0.06955785821989789,0.7560425624698629,0.6684809500247402
3,sider,SIDER2,tr,104,1366,768,338,0.4401041666666667,338,0,5,763,0.9934895833333334,1.0,0.9954792043399638,0.9894479409706993,0.9986093419262987,0.9958934294871795
3,sider,SIDER2,va,104,1366,86,37,0.43023255813953487,2,35,3,83,0.9651162790697675,0.05405405405405406,0.6910569105691057,0.044519855036409206,0.7543094351246052,0.5840666247642992
3,sider,SIDER2,te,104,1366,102,35,0.3431372549019608,3,32,7,95,0.9313725490196079,0.08571428571428572,0.7153284671532847,0.028647970874915447,0.7466392119425298,0.5156862745098039
4,sider,SIDER2,tr,104,1366,782,324,0.4143222506393862,7,317,0,782,1.0,0.021604938271604937,0.713381555153707,0.12398839700474493,0.9985322531861467,0.9954335196236304
4,sider,SIDER2,va,104,1366,87,36,0.41379310344827586,0,36,1,86,0.9885057471264368,0.0,0.6991869918699187,-0.05823870490984447,0.7969382843579761,0.6641123882503193
4,sider,SIDER2,te,104,1366,87,50,0.5747126436781609,0,50,0,87,1.0,0.0,0.635036496350365,0.0,0.6366801149644876,0.5475862068965517
5,sider,SIDER2,tr,104,1366,770,336,0.43636363636363634,336,0,3,767,0.9961038961038962,1.0,0.9972875226039783,0.9936240825268443,0.9991520139551386,0.9974837662337663
5,sider,SIDER2,va,104,1366,90,33,0.36666666666666664,4,29,4,86,0.9555555555555556,0.12121212121212122,0.7317073170731707,0.137931261641719,0.790378515864129,0.5626262626262626
5,sider,SIDER2,te,104,1366,96,41,0.4270833333333333,3,38,3,93,0.96875,0.07317073170731707,0.7007299270072993,0.09380913389793681,0.788939568258423,0.6056910569105692
6,sider,SIDER2,tr,104,1366,793,313,0.39470365699873894,313,0,8,785,0.9899117276166457,1.0,0.9927667269439421,0.9824668087804146,0.9978101388508185,0.9926654553219263
6,sider,SIDER2,va,104,1366,79,44,0.5569620253164557,3,41,2,77,0.9746835443037974,0.06818181818181818,0.6504065040650406,0.10404479975730062,0.6779775122696925,0.5654487917146146
6,sider,SIDER2,te,104,1366,84,53,0.6309523809523809,6,47,1,83,0.9880952380952381,0.11320754716981132,0.6496350364963503,0.2240671900665659,0.6832211853933177,0.6453279424977538
7,sider,SIDER2,tr,104,1366,766,340,0.44386422976501305,12,328,0,766,1.0,0.03529411764705882,0.7034358047016275,0.15720157333704018,0.9982036918063559,0.994943173091691
7,sider,SIDER2,va,104,1366,91,32,0.3516483516483517,0,32,2,89,0.978021978021978,0.0,0.7235772357723578,-0.07623889721613897,0.8041367009083802,0.623282967032967
7,sider,SIDER2,te,104,1366,99,38,0.3838383838383838,2,36,3,96,0.9696969696969697,0.05263157894736842,0.7153284671532847,0.053308679237124776,0.7673509978032322,0.6196172248803827
8,sider,SIDER2,tr,104,1366,784,322,0.4107142857142857,11,311,0,784,1.0,0.034161490683229816,0.7188065099457505,0.15639374467997375,0.9989433651743347,0.9966547566231462
8,sider,SIDER2,va,104,1366,74,49,0.6621621621621622,1,48,0,74,1.0,0.02040816326530612,0.6097560975609756,0.11125970510744326,0.7526568995001128,0.6594043022614451
8,sider,SIDER2,te,104,1366,98,39,0.3979591836734694,0,39,2,96,0.9795918367346939,0.0,0.7007299270072993,-0.07678340712665248,0.7723943984355395,0.5614861329147044
9,sider,SIDER2,tr,104,1366,785,321,0.4089171974522293,2,319,0,785,1.0,0.006230529595015576,0.7115732368896925,0.06655991724313022,0.9987493591347927,0.9959342818024883
9,sider,SIDER2,va,104,1366,77,46,0.5974025974025974,1,45,0,77,1.0,0.021739130434782608,0.6341463414634146,0.11713495941449166,0.7541965984100892,0.7168266516092604
9,sider,SIDER2,te,104,1366,94,43,0.4574468085106383,0,43,0,94,1.0,0.0,0.6861313868613139,0.0,0.7351019022847558,0.5596239485403265
10,sider,SIDER2,tr,104,1366,764,342,0.4476439790575916,9,333,0,764,1.0,0.02631578947368421,0.6989150090415913,0.1353790827337687,0.9983370434964565,0.9950648326750559
10,sider,SIDER2,va,104,1366,95,28,0.29473684210526313,3,25,1,94,0.9894736842105263,0.10714285714285714,0.7886178861788617,0.22839617618020255,0.8608932592773602,0.6883458646616541
10,sider,SIDER2,te,104,1366,97,40,0.41237113402061853,0,40,3,94,0.9690721649484536,0.0,0.6861313868613139,-0.09608428366609041,0.7223999445792584,0.5742268041237113
11,sider,SIDER2,tr,104,1366,784,322,0.4107142857142857,10,312,0,784,1.0,0.031055900621118012,0.7179023508137432,0.14904754203732812,0.9986503816195846,0.9957773482063632
11,sider,SIDER2,va,104,1366,85,38,0.4470588235294118,2,36,2,83,0.9764705882352941,0.05263157894736842,0.6910569105691057,0.07580940989421399,0.7518161798396361,0.6340557275541796
11,sider,SIDER2,te,104,1366,87,50,0.5747126436781609,1,49,0,87,1.0,0.02,0.6423357664233577,0.11311108542958381,0.7404347252670778,0.5990804597701149
12,sider,SIDER2,tr,104,1366,773,333,0.4307891332470893,333,0,8,765,0.9896507115135834,1.0,0.9927667269439421,0.9830732930525907,0.9987146276742707,0.996350166466596
12,sider,SIDER2,va,104,1366,87,36,0.41379310344827586,5,31,5,82,0.9425287356321839,0.1388888888888889,0.7073170731707317,0.13554705368839587,0.841598759655734,0.6960408684546614
12,sider,SIDER2,te,104,1366,96,41,0.4270833333333333,5,36,4,92,0.9583333333333334,0.12195121951219512,0.708029197080292,0.1483997940390147,0.7802809275471565,0.6049288617886178
13,sider,SIDER2,tr,104,1366,769,337,0.43823146944083224,337,0,6,763,0.9921976592977894,1.0,0.9945750452079566,0.987340585624557,0.9982328240041214,0.9947463467526905
13,sider,SIDER2,va,104,1366,92,31,0.33695652173913043,6,25,2,90,0.9782608695652174,0.1935483870967742,0.7804878048780488,0.30250141171854483,0.8067140791256926,0.6400771388499299
13,sider,SIDER2,te,104,1366,95,42,0.4421052631578947,6,36,2,93,0.9789473684210527,0.14285714285714285,0.7226277372262774,0.2395024568201149,0.7420409057445068,0.5776942355889725
14,sider,SIDER2,tr,104,1366,773,333,0.4307891332470893,12,321,0,773,1.0,0.036036036036036036,0.7097649186256781,0.1595693927202334,0.9987774309775213,0.9961850595744515
14,sider,SIDER2,va,104,1366,83,40,0.4819277108433735,1,39,2,81,0.9759036144578314,0.025,0.6666666666666666,0.0027441064997422476,0.7479774978164777,0.5927710843373494
14,sider,SIDER2,te,104,1366,100,37,0.37,0,37,2,98,0.98,0.0,0.7153284671532847,-0.07403702777314487,0.7861107264965902,0.6091891891891892
15,sider,SIDER2,tr,104,1366,782,324,0.4143222506393862,3,321,0,782,1.0,0.009259259259259259,0.7097649186256781,0.08102214610979144,0.9987181066462218,0.9959742351046699
15,sider,SIDER2,va,104,1366,81,42,0.5185185185185185,1,41,0,81,1.0,0.023809523809523808,0.6666666666666666,0.12572972015109882,0.7954159395229794,0.7034097589653144
15,sider,SIDER2,te,104,1366,93,44,0.4731182795698925,2,42,1,92,0.989247311827957,0.045454545454545456,0.6861313868613139,0.11071526536734438,0.788858294373379,0.6581133919843598
1,sider,SIDER3,tr,104,1366,16,1090,68.125,1090,0,16,0,0.0,1.0,0.9855334538878843,0.0,0.8493662026290703,0.99911123853211
1,sider,SIDER3,va,104,1366,3,120,40.0,120,0,3,0,0.0,1.0,0.975609756097561,0.0,0.02694740949582499,0.5763888888888888
1,sider,SIDER3,te,104,1366,2,135,67.5,135,0,2,0,0.0,1.0,0.9854014598540146,0.0,0.02022739291380222,0.6666666666666667
2,sider,SIDER3,tr,104,1366,19,1087,57.21052631578947,1087,0,19,0,0.0,1.0,0.9828209764918626,0.0,0.9898941755834374,0.9998305330944657
2,sider,SIDER3,va,104,1366,1,122,122.0,122,0,1,0,0.0,1.0,0.991869918699187,0.0,0.021739130434782608,0.819672131147541
2,sider,SIDER3,te,104,1366,1,136,136.0,136,0,1,0,0.0,1.0,0.9927007299270073,0.0,0.008620689655172414,0.5808823529411764
3,sider,SIDER3,tr,104,1366,16,1090,68.125,1090,0,16,0,0.0,1.0,0.9855334538878843,0.0,0.007268323030622291,8.600917431192401e-05
3,sider,SIDER3,va,104,1366,3,120,40.0,120,0,3,0,0.0,1.0,0.975609756097561,0.0,0.023951118099677385,0.5277777777777778
3,sider,SIDER3,te,104,1366,2,135,67.5,135,0,2,0,0.0,1.0,0.9854014598540146,0.0,0.13082909399224807,0.5259259259259259
4,sider,SIDER3,tr,104,1366,18,1088,60.44444444444444,1088,0,18,0,0.0,1.0,0.9837251356238698,0.0,0.008182502690893179,0.0002808415032679898
4,sider,SIDER3,va,104,1366,1,122,122.0,122,0,1,0,0.0,1.0,0.991869918699187,0.0,0.006024096385542169,0.3278688524590164
4,sider,SIDER3,te,104,1366,2,135,67.5,135,0,2,0,0.0,1.0,0.9854014598540146,0.0,0.020490020695219054,0.4666666666666666
5,sider,SIDER3,tr,104,1366,17,1089,64.05882352941177,1089,0,17,0,0.0,1.0,0.984629294755877,0.0,0.9559133436728593,0.9994868470804299
5,sider,SIDER3,va,104,1366,1,122,122.0,122,0,1,0,0.0,1.0,0.991869918699187,0.0,0.015625,0.7459016393442623
5,sider,SIDER3,te,104,1366,3,134,44.666666666666664,134,0,3,0,0.0,1.0,0.9781021897810219,0.0,0.015606153943570848,0.33582089552238803
6,sider,SIDER3,tr,104,1366,19,1087,57.21052631578947,1087,0,19,0,0.0,1.0,0.9828209764918626,0.0,0.9898941755834374,0.9998305330944657
6,sider,SIDER3,va,104,1366,1,122,122.0,122,0,1,0,0.0,1.0,0.991869918699187,0.0,0.021739130434782608,0.819672131147541
6,sider,SIDER3,te,104,1366,1,136,136.0,136,0,1,0,0.0,1.0,0.9927007299270073,0.0,0.008620689655172414,0.5808823529411764
7,sider,SIDER3,tr,104,1366,18,1088,60.44444444444444,1088,0,18,0,0.0,1.0,0.9837251356238698,0.0,0.9201060814257409,0.9992595996732027
7,sider,SIDER3,va,104,1366,2,121,60.5,121,0,2,0,0.0,1.0,0.983739837398374,0.0,0.010353398785256677,0.24380165289256195
7,sider,SIDER3,te,104,1366,1,136,136.0,136,0,1,0,0.0,1.0,0.9927007299270073,0.0,0.005,0.2720588235294118
8,sider,SIDER3,tr,104,1366,17,1089,64.05882352941177,1089,0,17,0,0.0,1.0,0.984629294755877,0.0,0.007724897179502817,0.0
8,sider,SIDER3,va,104,1366,1,122,122.0,122,0,1,0,0.0,1.0,0.991869918699187,0.0,0.006493506493506494,0.3770491803278688
8,sider,SIDER3,te,104,1366,3,134,44.666666666666664,134,0,3,0,0.0,1.0,0.9781021897810219,0.0,0.017560486483334765,0.4253731343283582
9,sider,SIDER3,tr,104,1366,18,1088,60.44444444444444,1088,0,18,0,0.0,1.0,0.9837251356238698,0.0,0.008183106091896809,0.00038296568627453154
9,sider,SIDER3,va,104,1366,1,122,122.0,122,0,1,0,0.0,1.0,0.991869918699187,0.0,0.0047169811320754715,0.139344262295082
9,sider,SIDER3,te,104,1366,2,135,67.5,135,0,2,0,0.0,1.0,0.9854014598540146,0.0,0.130487870330614,0.4962962962962963
10,sider,SIDER3,tr,104,1366,18,1088,60.44444444444444,1088,0,18,0,0.0,1.0,0.9837251356238698,0.0,0.008181802787066834,0.0
10,sider,SIDER3,va,104,1366,2,121,60.5,121,0,2,0,0.0,1.0,0.983739837398374,0.0,0.010784610454351232,0.2892561983471075
10,sider,SIDER3,te,104,1366,1,136,136.0,136,0,1,0,0.0,1.0,0.9927007299270073,0.0,0.0049504950495049506,0.2647058823529411
11,sider,SIDER3,tr,104,1366,18,1088,60.44444444444444,1088,0,18,0,0.0,1.0,0.9837251356238698,0.0,1.0,0.9999999999999999
11,sider,SIDER3,va,104,1366,1,122,122.0,122,0,1,0,0.0,1.0,0.991869918699187,0.0,0.029411764705882353,0.8688524590163934
11,sider,SIDER3,te,104,1366,2,135,67.5,135,0,2,0,0.0,1.0,0.9854014598540146,0.0,0.01907076984763432,0.6000000000000001
12,sider,SIDER3,tr,104,1366,19,1087,57.21052631578947,1087,0,19,0,0.0,1.0,0.9828209764918626,0.0,0.9898941755834374,0.9998305330944657
12,sider,SIDER3,va,104,1366,1,122,122.0,122,0,1,0,0.0,1.0,0.991869918699187,0.0,0.021739130434782608,0.819672131147541
12,sider,SIDER3,te,104,1366,1,136,136.0,136,0,1,0,0.0,1.0,0.9927007299270073,0.0,0.008620689655172414,0.5808823529411764
13,sider,SIDER3,tr,104,1366,17,1089,64.05882352941177,1089,0,17,0,0.0,1.0,0.984629294755877,0.0,0.007724897179502817,0.0
13,sider,SIDER3,va,104,1366,2,121,60.5,121,0,2,0,0.0,1.0,0.983739837398374,0.0,0.009498606995191028,0.16942148760330578
13,sider,SIDER3,te,104,1366,2,135,67.5,135,0,2,0,0.0,1.0,0.9854014598540146,0.0,0.029552306521484606,0.6925925925925925
14,sider,SIDER3,tr,104,1366,15,1091,72.73333333333333,1091,0,15,0,0.0,1.0,0.9864376130198915,0.0,0.006815570868581561,0.0007027192178429952
14,sider,SIDER3,va,104,1366,3,120,40.0,120,0,3,0,0.0,1.0,0.975609756097561,0.0,0.02004301204195186,0.4361111111111111
14,sider,SIDER3,te,104,1366,3,134,44.666666666666664,134,0,3,0,0.0,1.0,0.9781021897810219,0.0,0.015458588254916788,0.3383084577114428
15,sider,SIDER3,tr,104,1366,13,1093,84.07692307692308,1093,0,13,0,0.0,1.0,0.9882459312839059,0.0,0.005877034358047016,0.00045745654162854255
15,sider,SIDER3,va,104,1366,2,121,60.5,121,0,2,0,0.0,1.0,0.983739837398374,0.0,0.012225531752396226,0.36363636363636365
15,sider,SIDER3,te,104,1366,6,131,21.833333333333332,131,0,6,0,0.0,1.0,0.9562043795620438,0.0,0.19106964360684986,0.28753180661577604
1,sider,SIDER4,tr,104,1366,670,436,0.6507462686567164,435,1,3,667,0.9955223880597015,0.9977064220183486,0.9963833634719711,0.9924409320189068,0.998561284457556,0.9973914829522115
1,sider,SIDER4,va,104,1366,84,39,0.4642857142857143,13,26,5,79,0.9404761904761905,0.3333333333333333,0.7479674796747967,0.3604869889976382,0.8544125766307801,0.7657203907203907
1,sider,SIDER4,te,104,1366,99,38,0.3838383838383838,5,33,17,82,0.8282828282828283,0.13157894736842105,0.635036496350365,-0.04894488259539716,0.7968306475467353,0.6334396597554491
2,sider,SIDER4,tr,104,1366,704,402,0.5710227272727273,402,0,3,701,0.9957386363636364,1.0,0.9972875226039783,0.9941643700177525,0.998833083566173,0.9971679245816374
2,sider,SIDER4,va,104,1366,71,52,0.7323943661971831,12,40,8,63,0.8873239436619719,0.23076923076923078,0.6097560975609756,0.1580964189826819,0.737711838602018,0.693661971830986
2,sider,SIDER4,te,104,1366,78,59,0.7564102564102564,12,47,3,75,0.9615384615384616,0.2033898305084746,0.635036496350365,0.261542893350383,0.7308172394284154,0.6690569317687961
3,sider,SIDER4,tr,104,1366,695,411,0.5913669064748202,411,0,5,690,0.9928057553956835,1.0,0.9954792043399638,0.9903903240200614,0.9980655940029055,0.9952388454200143
3,sider,SIDER4,va,104,1366,68,55,0.8088235294117647,11,44,5,63,0.9264705882352942,0.2,0.6016260162601627,0.18692761267514427,0.701879706325391,0.6796791443850267
3,sider,SIDER4,te,104,1366,90,47,0.5222222222222223,11,36,6,84,0.9333333333333333,0.23404255319148937,0.6934306569343066,0.24101717421067162,0.7711841645964803,0.6429078014184397
4,sider,SIDER4,tr,104,1366,690,416,0.6028985507246377,416,0,3,687,0.9956521739130435,1.0,0.9972875226039783,0.994245140495116,0.9989805830804896,0.9976745401337793
4,sider,SIDER4,va,104,1366,77,46,0.5974025974025974,11,35,8,69,0.8961038961038961,0.2391304347826087,0.6504065040650406,0.1810580192181396,0.6846058450503171,0.6058723884810842
4,sider,SIDER4,te,104,1366,86,51,0.5930232558139535,12,39,6,80,0.9302325581395349,0.23529411764705882,0.6715328467153284,0.2368604629482538,0.7643254633588974,0.6908344733242134
5,sider,SIDER4,tr,104,1366,685,421,0.6145985401459854,421,0,5,680,0.9927007299270073,1.0,0.9954792043399638,0.9904793349227861,0.9990970056160634,0.9982107252457652
5,sider,SIDER4,va,104,1366,72,51,0.7083333333333334,13,38,4,68,0.9444444444444444,0.2549019607843137,0.6585365853658537,0.2845655689929809,0.6919001367807918,0.667755991285403
5,sider,SIDER4,te,104,1366,96,41,0.4270833333333333,9,32,9,87,0.90625,0.21951219512195122,0.7007299270072993,0.1704778347763448,0.740104747409179,0.5957825203252033
6,sider,SIDER4,tr,104,1366,694,412,0.5936599423631124,412,0,3,691,0.9956772334293948,1.0,0.9972875226039783,0.9942230970369339,0.9988442543717827,0.9973472342687669
6,sider,SIDER4,va,104,1366,74,49,0.6621621621621622,11,38,11,63,0.8513513513513513,0.22448979591836735,0.6016260162601627,0.09688281892414127,0.76438064077295,0.6312741312741312
6,sider,SIDER4,te,104,1366,85,52,0.611764705882353,9,43,7,78,0.9176470588235294,0.17307692307692307,0.635036496350365,0.1370820408386766,0.8234284660883712,0.7239819004524888
7,sider,SIDER4,tr,104,1366,697,409,0.5868005738880918,409,0,5,692,0.9928263988522238,1.0,0.9954792043399638,0.9903715170890443,0.9991906560268953,0.9983705927955296
7,sider,SIDER4,va,104,1366,75,48,0.64,8,40,9,66,0.88,0.16666666666666666,0.6016260162601627,0.06595999864041631,0.7453628528252478,0.653888888888889
7,sider,SIDER4,te,104,1366,81,56,0.691358024691358,14,42,6,75,0.9259259259259259,0.25,0.6496350364963503,0.2449392815820245,0.7538067815748744,0.681657848324515
8,sider,SIDER4,tr,104,1366,688,418,0.6075581395348837,418,0,5,683,0.9927325581395349,1.0,0.9954792043399638,0.9904534975143247,0.9984022426705292,0.9965940386113273
8,sider,SIDER4,va,104,1366,74,49,0.6621621621621622,13,36,12,62,0.8378378378378378,0.2653061224489796,0.6097560975609756,0.12548004337184407,0.6981869202863763,0.628792057363486
8,sider,SIDER4,te,104,1366,91,46,0.5054945054945055,8,38,3,88,0.967032967032967,0.17391304347826086,0.7007299270072993,0.24494624406823312,0.8448500462111134,0.7761586239847109
9,sider,SIDER4,tr,104,1366,701,405,0.5777460770328102,405,0,6,695,0.9914407988587732,1.0,0.9945750452079566,0.9884165167348558,0.9979632762413791,0.9951709198499499
9,sider,SIDER4,va,104,1366,73,50,0.684931506849315,15,35,9,64,0.8767123287671232,0.3,0.6422764227642277,0.21902317195838308,0.7596017192085889,0.7153424657534247
9,sider,SIDER4,te,104,1366,79,58,0.7341772151898734,16,42,11,68,0.8607594936708861,0.27586206896551724,0.6131386861313869,0.16969481242444373,0.6647350922515798,0.6366215626364032
10,sider,SIDER4,tr,104,1366,690,416,0.6028985507246377,416,0,5,685,0.9927536231884058,1.0,0.9954792043399638,0.9904358637035305,0.9984297122306209,0.9964168756967671
10,sider,SIDER4,va,104,1366,79,44,0.5569620253164557,8,36,5,74,0.9367088607594937,0.18181818181818182,0.6666666666666666,0.18479461580190093,0.8145633310375008,0.7131760644418872
10,sider,SIDER4,te,104,1366,84,53,0.6309523809523809,9,44,5,79,0.9404761904761905,0.16981132075471697,0.6423357664233577,0.17733209331865324,0.6888394401098946,0.6106244384546271
11,sider,SIDER4,tr,104,1366,688,418,0.6075581395348837,417,1,3,685,0.9956395348837209,0.9976076555023924,0.9963833634719711,0.9923228735627895,0.9974456834604158,0.9958446923333705
11,sider,SIDER4,va,104,1366,70,53,0.7571428571428571,9,44,11,59,0.8428571428571429,0.16981132075471697,0.5528455284552846,0.017001110611314808,0.6862803858857266,0.6035040431266847
11,sider,SIDER4,te,104,1366,95,42,0.4421052631578947,8,34,11,84,0.8842105263157894,0.19047619047619047,0.6715328467153284,0.0996350199514112,0.7698699383331926,0.6010025062656641
12,sider,SIDER4,tr,104,1366,704,402,0.5710227272727273,402,0,5,699,0.9928977272727273,1.0,0.9954792043399638,0.9903029670234362,0.9985721217854592,0.9965902023971054
12,sider,SIDER4,va,104,1366,70,53,0.7571428571428571,11,42,12,58,0.8285714285714286,0.20754716981132076,0.5609756097560976,0.04587266015020088,0.6481696735173603,0.5948787061994609
12,sider,SIDER4,te,104,1366,79,58,0.7341772151898734,15,43,2,77,0.9746835443037974,0.25862068965517243,0.6715328467153284,0.3496512450818999,0.7171912441344244,0.7267568747271933
13,sider,SIDER4,tr,104,1366,685,421,0.6145985401459854,420,1,3,682,0.9956204379562044,0.997624703087886,0.9963833634719711,0.9923439980188965,0.9993060296835099,0.9985020025313383
13,sider,SIDER4,va,104,1366,82,41,0.5,12,29,9,73,0.8902439024390244,0.2926829268292683,0.6910569105691057,0.22917462425705265,0.776481108745297,0.6740035693039858
13,sider,SIDER4,te,104,1366,86,51,0.5930232558139535,12,39,13,73,0.8488372093023255,0.23529411764705882,0.6204379562043796,0.10529628206080963,0.7538201616738918,0.6566347469220246
14,sider,SIDER4,tr,104,1366,677,429,0.6336779911373708,428,1,3,674,0.9955686853766618,0.9976689976689976,0.9963833634719711,0.9923974669750681,0.9987301658879107,0.9971301470562919
14,sider,SIDER4,va,104,1366,84,39,0.4642857142857143,10,29,12,72,0.8571428571428571,0.2564102564102564,0.6666666666666666,0.13787926703467415,0.8011641978435667,0.6758241758241759
14,sider,SIDER4,te,104,1366,92,45,0.4891304347826087,9,36,10,82,0.8913043478260869,0.2,0.6642335766423357,0.1240720120497293,0.8246105307255274,0.6925120772946861
15,sider,SIDER4,tr,104,1366,693,413,0.5959595959595959,413,0,4,689,0.9942279942279942,1.0,0.9963833634719711,0.9923159955632819,0.9987040106142986,0.9970458650846059
15,sider,SIDER4,va,104,1366,71,52,0.7323943661971831,13,39,4,67,0.9436619718309859,0.25,0.6504065040650406,0.27720292100065547,0.7612748251021997,0.704631635969664
15,sider,SIDER4,te,104,1366,89,48,0.5393258426966292,13,35,4,85,0.9550561797752809,0.2708333333333333,0.7153284671532847,0.3268862158498782,0.8030001578883174,0.7350187265917604
1,sider,SIDER5,tr,104,1366,893,213,0.23852183650615902,5,208,0,893,1.0,0.023474178403755867,0.8119349005424955,0.1379835361006363,0.9990828980777426,0.9955811764953288
1,sider,SIDER5,va,104,1366,93,30,0.3225806451612903,1,29,0,93,1.0,0.03333333333333333,0.7642276422764228,0.15940463000042696,0.904721834196783,0.7636200716845879
1,sider,SIDER5,te,104,1366,121,16,0.1322314049586777,1,15,0,121,1.0,0.0625,0.8905109489051095,0.23581055457094516,0.9399962200581514,0.6776859504132232
2,sider,SIDER5,tr,104,1366,899,207,0.23025583982202447,7,200,0,899,1.0,0.033816425120772944,0.8191681735985533,0.1663201419311205,0.9992413002616185,0.996195450661766
2,sider,SIDER5,va,104,1366,101,22,0.21782178217821782,1,21,0,101,1.0,0.045454545454545456,0.8292682926829268,0.1939855726194589,0.9049776216238921,0.6734923492349234
2,sider,SIDER5,te,104,1366,107,30,0.2803738317757009,0,30,0,107,1.0,0.0,0.781021897810219,0.0,0.8383084554786199,0.6442367601246106
3,sider,SIDER5,tr,104,1366,898,208,0.23162583518930957,208,0,9,889,0.9899777282850779,1.0,0.9918625678119349,0.9741246040228403,0.9993327472793015,0.9967957640911427
3,sider,SIDER5,va,104,1366,98,25,0.25510204081632654,2,23,2,96,0.9795918367346939,0.08,0.7967479674796748,0.1351967766265937,0.8426681304747167,0.6097959183673469
3,sider,SIDER5,te,104,1366,111,26,0.23423423423423423,5,21,4,107,0.963963963963964,0.19230769230769232,0.8175182481751825,0.24734443234186215,0.8679031317434506,0.6077616077616077
4,sider,SIDER5,tr,104,1366,909,197,0.21672167216721672,0,197,0,909,1.0,0.0,0.8218806509945751,0.0,0.9992674336394581,0.9962613012570293
4,sider,SIDER5,va,104,1366,92,31,0.33695652173913043,0,31,0,92,1.0,0.0,0.7479674796747967,0.0,0.8195517024994614,0.6518232819074334
4,sider,SIDER5,te,104,1366,106,31,0.29245283018867924,0,31,0,106,1.0,0.0,0.7737226277372263,0.0,0.8571951892888695,0.699939135727328
5,sider,SIDER5,tr,104,1366,889,217,0.2440944881889764,7,210,0,889,1.0,0.03225806451612903,0.810126582278481,0.16153669287075398,0.9993321377158093,0.9969468102201511
5,sider,SIDER5,va,104,1366,105,18,0.17142857142857143,0,18,2,103,0.9809523809523809,0.0,0.8373983739837398,-0.05323091306991941,0.907078708110242,0.6174603174603175
5,sider,SIDER5,te,104,1366,113,24,0.21238938053097345,0,24,2,111,0.9823008849557522,0.0,0.8102189781021898,-0.05609375492155578,0.8773582253754725,0.6106194690265487
6,sider,SIDER5,tr,104,1366,906,200,0.22075055187637968,1,199,0,906,1.0,0.005,0.8200723327305606,0.06402770893380628,0.9986068508438913,0.9928614790286976
6,sider,SIDER5,va,104,1366,94,29,0.30851063829787234,0,29,0,94,1.0,0.0,0.7642276422764228,0.0,0.9001098336240824,0.7505502567865003
6,sider,SIDER5,te,104,1366,107,30,0.2803738317757009,0,30,0,107,1.0,0.0,0.781021897810219,0.0,0.8895802821088696,0.6956386292834892
7,sider,SIDER5,tr,104,1366,898,208,0.23162583518930957,4,204,0,898,1.0,0.019230769230769232,0.8155515370705244,0.12518309918090417,0.9986924751392429,0.9936182970704128
7,sider,SIDER5,va,104,1366,100,23,0.23,1,22,0,100,1.0,0.043478260869565216,0.8211382113821138,0.1887800803727554,0.854275348587763,0.606086956521739
7,sider,SIDER5,te,104,1366,109,28,0.25688073394495414,0,28,0,109,1.0,0.0,0.7956204379562044,0.0,0.8825067486721967,0.7346002621231978
8,sider,SIDER5,tr,104,1366,898,208,0.23162583518930957,3,205,0,898,1.0,0.014423076923076924,0.8146473779385172,0.1083625888350854,0.9991614602383813,0.9959097138941236
8,sider,SIDER5,va,104,1366,92,31,0.33695652173913043,0,31,0,92,1.0,0.0,0.7479674796747967,0.0,0.8176974988539425,0.6125525946704067
8,sider,SIDER5,te,104,1366,117,20,0.17094017094017094,0,20,0,117,1.0,0.0,0.8540145985401459,0.0,0.9203974658100389,0.661965811965812
9,sider,SIDER5,tr,104,1366,902,204,0.2261640798226164,3,201,0,902,1.0,0.014705882352941176,0.8182640144665461,0.10966323576592023,0.9989379622767198,0.9946415373244641
9,sider,SIDER5,va,104,1366,92,31,0.33695652173913043,0,31,0,92,1.0,0.0,0.7479674796747967,0.0,0.8795033472923783,0.7082748948106592
9,sider,SIDER5,te,104,1366,113,24,0.21238938053097345,1,23,1,112,0.9911504424778761,0.041666666666666664,0.8248175182481752,0.10400717058371801,0.8588390394564624,0.6279498525073747
10,sider,SIDER5,tr,104,1366,902,204,0.2261640798226164,0,204,0,902,1.0,0.0,0.8155515370705244,0.0,0.9986805297845359,0.9931687752706404
10,sider,SIDER5,va,104,1366,99,24,0.24242424242424243,0,24,0,99,1.0,0.0,0.8048780487804879,0.0,0.8759187069812592,0.648989898989899
10,sider,SIDER5,te,104,1366,106,31,0.29245283018867924,0,31,0,106,1.0,0.0,0.7737226277372263,0.0,0.8370212234600567,0.5998174071819842
11,sider,SIDER5,tr,104,1366,893,213,0.23852183650615902,213,0,9,884,0.9899216125419933,1.0,0.9918625678119349,0.9745715239410484,0.9994672553806518,0.9975421772891924
11,sider,SIDER5,va,104,1366,100,23,0.23,0,23,2,98,0.98,0.0,0.7967479674796748,-0.06165754530113825,0.8738864433322008,0.5965217391304348
11,sider,SIDER5,te,104,1366,114,23,0.20175438596491227,3,20,3,111,0.9736842105263158,0.13043478260869565,0.8321167883211679,0.19016694529082667,0.9160236544958791,0.6929824561403509
12,sider,SIDER5,tr,104,1366,901,205,0.22752497225305215,9,196,0,901,1.0,0.04390243902439024,0.8227848101265823,0.18989057339466006,0.9991322841145427,0.9956958393113343
12,sider,SIDER5,va,104,1366,98,25,0.25510204081632654,3,22,1,97,0.9897959183673469,0.12,0.8130081300813008,0.24909543090790212,0.8798363394653894,0.6951020408163265
12,sider,SIDER5,te,104,1366,108,29,0.26851851851851855,1,28,1,107,0.9907407407407407,0.034482758620689655,0.7883211678832117,0.0859081432252987,0.8142798558689781,0.6232439335887611
13,sider,SIDER5,tr,104,1366,893,213,0.23852183650615902,5,208,0,893,1.0,0.023474178403755867,0.8119349005424955,0.1379835361006363,0.9988290014769291,0.9943167778601434
13,sider,SIDER5,va,104,1366,104,19,0.18269230769230768,1,18,1,103,0.9903846153846154,0.05263157894736842,0.8455284552845529,0.1229186473930467,0.9166511191938211,0.6821862348178138
13,sider,SIDER5,te,104,1366,110,27,0.24545454545454545,0,27,0,110,1.0,0.0,0.8029197080291971,0.0,0.8703895943840149,0.6429292929292929
14,sider,SIDER5,tr,104,1366,896,210,0.234375,3,207,0,896,1.0,0.014285714285714285,0.8128390596745028,0.10772518004269561,0.9991712735026073,0.9960220025510205
14,sider,SIDER5,va,104,1366,100,23,0.23,0,23,0,100,1.0,0.0,0.8130081300813008,0.0,0.8942597740625461,0.71
14,sider,SIDER5,te,104,1366,111,26,0.23423423423423423,1,25,0,111,1.0,0.038461538461538464,0.8175182481751825,0.1771761911627274,0.8969626369110215,0.6673596673596673
15,sider,SIDER5,tr,104,1366,894,212,0.2371364653243848,3,209,0,894,1.0,0.014150943396226415,0.8110307414104883,0.1070961108933169,0.9990615605755522,0.9954544974884977
15,sider,SIDER5,va,104,1366,99,24,0.24242424242424243,0,24,0,99,1.0,0.0,0.8048780487804879,0.0,0.86640904351065,0.6963383838383838
15,sider,SIDER5,te,104,1366,114,23,0.20175438596491227,1,22,0,114,1.0,0.043478260869565216,0.8394160583941606,0.1909057693934962,0.9429223154279363,0.7673531655225019
1,sider,SIDER6,tr,104,1366,777,329,0.42342342342342343,25,304,0,777,1.0,0.07598784194528875,0.7251356238698011,0.23370592223237335,0.9805076298672503,0.955983773612953
1,sider,SIDER6,va,104,1366,80,43,0.5375,2,41,0,80,1.0,0.046511627906976744,0.6666666666666666,0.17536102624378516,0.8337863105126398,0.7154069767441861
1,sider,SIDER6,te,104,1366,105,32,0.3047619047619048,0,32,4,101,0.9619047619047619,0.0,0.7372262773722628,-0.0957380361809587,0.7806888930343285,0.5422619047619047
2,sider,SIDER6,tr,104,1366,784,322,0.4107142857142857,11,311,0,784,1.0,0.034161490683229816,0.7188065099457505,0.15639374467997375,0.9822908444493389,0.9582329826340473
2,sider,SIDER6,va,104,1366,84,39,0.4642857142857143,1,38,3,81,0.9642857142857143,0.02564102564102564,0.6666666666666666,-0.026426431192712194,0.7912892313992455,0.6666666666666667
2,sider,SIDER6,te,104,1366,94,43,0.4574468085106383,0,43,2,92,0.9787234042553191,0.0,0.6715328467153284,-0.08232247418362193,0.7092765350606376,0.5447798119742702
3,sider,SIDER6,tr,104,1366,777,329,0.42342342342342343,15,314,0,777,1.0,0.04559270516717325,0.7160940325497287,0.18019627733055096,0.9777080479996301,0.9455801872215247
3,sider,SIDER6,va,104,1366,87,36,0.41379310344827586,2,34,2,85,0.9770114942528736,0.05555555555555555,0.7073170731707317,0.08353833569312727,0.8146096954543565,0.632183908045977
3,sider,SIDER6,te,104,1366,98,39,0.3979591836734694,4,35,1,97,0.9897959183673469,0.10256410256410256,0.7372262773722628,0.22225799705693364,0.7798735310935221,0.6416797488226059
4,sider,SIDER6,tr,104,1366,790,316,0.4,7,309,0,790,1.0,0.022151898734177215,0.720614828209765,0.1261886162812672,0.9841606503775928,0.9592132671046307
4,sider,SIDER6,va,104,1366,80,43,0.5375,0,43,0,80,1.0,0.0,0.6504065040650406,0.0,0.7953612937226116,0.6668604651162792
4,sider,SIDER6,te,104,1366,92,45,0.4891304347826087,3,42,1,91,0.9891304347826086,0.06666666666666667,0.6861313868613139,0.15565246155196275,0.7480814709196147,0.6536231884057971
5,sider,SIDER6,tr,104,1366,769,337,0.43823146944083224,21,316,0,769,1.0,0.06231454005934718,0.7142857142857143,0.21015658262777817,0.9824344169172461,0.9600853549833495
5,sider,SIDER6,va,104,1366,95,28,0.29473684210526313,1,27,3,92,0.968421052631579,0.03571428571428571,0.7560975609756098,0.009775711820942522,0.8731452069205264,0.6802631578947368
5,sider,SIDER6,te,104,1366,98,39,0.3979591836734694,0,39,1,97,0.9897959183673469,0.0,0.708029197080292,-0.0540940890318639,0.815819999397813,0.6295133437990581
6,sider,SIDER6,tr,104,1366,785,321,0.4089171974522293,1,320,0,785,1.0,0.003115264797507788,0.7106690777576854,0.04704366765147907,0.9792372074344184,0.9501240153183721
6,sider,SIDER6,va,104,1366,82,41,0.5,1,40,0,82,1.0,0.024390243902439025,0.6747967479674797,0.1280368799328944,0.7309944923692275,0.6207614515169542
6,sider,SIDER6,te,104,1366,95,42,0.4421052631578947,1,41,0,95,1.0,0.023809523809523808,0.7007299270072993,0.12896376491504938,0.8492939580404572,0.6795739348370927
7,sider,SIDER6,tr,104,1366,777,329,0.42342342342342343,6,323,0,777,1.0,0.0182370820668693,0.7079566003616636,0.11349894979873541,0.9820389491718802,0.9555084828641061
7,sider,SIDER6,va,104,1366,88,35,0.3977272727272727,0,35,1,87,0.9886363636363636,0.0,0.7073170731707317,-0.057096931725956535,0.7978256350341003,0.6399350649350649
7,sider,SIDER6,te,104,1366,97,40,0.41237113402061853,0,40,0,97,1.0,0.0,0.708029197080292,0.0,0.8207168859278064,0.6371134020618556
8,sider,SIDER6,tr,104,1366,775,331,0.4270967741935484,6,325,0,775,1.0,0.01812688821752266,0.7061482820976492,0.11300980797572018,0.9808211404754251,0.9535288958191208
8,sider,SIDER6,va,104,1366,88,35,0.3977272727272727,1,34,0,88,1.0,0.02857142857142857,0.7235772357723578,0.14355799976811928,0.8227453969504727,0.6370129870129869
8,sider,SIDER6,te,104,1366,99,38,0.3838383838383838,1,37,1,98,0.98989898989899,0.02631578947368421,0.7226277372262774,0.06052552390071453,0.7486076781927989,0.5667198298777246
9,sider,SIDER6,tr,104,1366,787,319,0.40533672172808133,7,312,0,787,1.0,0.0219435736677116,0.7179023508137432,0.12535515506457603,0.983583983219434,0.9543223940761513
9,sider,SIDER6,va,104,1366,80,43,0.5375,0,43,0,80,1.0,0.0,0.6504065040650406,0.0,0.7709494253076181,0.6729651162790696
9,sider,SIDER6,te,104,1366,95,42,0.4421052631578947,0,42,2,93,0.9789473684210527,0.0,0.6788321167883211,-0.08093026382225083,0.7406926979370654,0.562155388471178
10,sider,SIDER6,tr,104,1366,779,327,0.4197689345314506,1,326,0,779,1.0,0.0030581039755351682,0.705244122965642,0.04643160685222453,0.9830866167800156,0.9577557678039359
10,sider,SIDER6,va,104,1366,85,38,0.4470588235294118,2,36,1,84,0.9882352941176471,0.05263157894736842,0.6991869918699187,0.12241127449642407,0.7685168279264638,0.6376160990712074
10,sider,SIDER6,te,104,1366,98,39,0.3979591836734694,2,37,0,98,1.0,0.05128205128205128,0.7299270072992701,0.19294292047210113,0.8291476434658493,0.6554160125588697
11,sider,SIDER6,tr,104,1366,790,316,0.4,16,300,0,790,1.0,0.05063291139240506,0.72875226039783,0.19156525704423027,0.9850195582050874,0.9644367889761257
11,sider,SIDER6,va,104,1366,78,45,0.5769230769230769,0,45,2,76,0.9743589743589743,0.0,0.6178861788617886,-0.0976520282781039,0.7095660627127687,0.5766381766381766
11,sider,SIDER6,te,104,1366,94,43,0.4574468085106383,0,43,4,90,0.9574468085106383,0.0,0.656934306569343,-0.11729364327276899,0.7874240345228054,0.6307521029193468
12,sider,SIDER6,tr,104,1366,779,327,0.4197689345314506,19,308,1,778,0.9987163029525032,0.0581039755351682,0.720614828209765,0.19458799924178424,0.985423729951568,0.9608688312860916
12,sider,SIDER6,va,104,1366,89,34,0.38202247191011235,0,34,1,88,0.9887640449438202,0.0,0.7154471544715447,-0.05595830355691681,0.7828037975596104,0.5994712491738269
12,sider,SIDER6,te,104,1366,94,43,0.4574468085106383,1,42,4,90,0.9574468085106383,0.023255813953488372,0.6642335766423357,-0.047755619180683606,0.7418123930348467,0.5512122711528946
13,sider,SIDER6,tr,104,1366,770,336,0.43636363636363634,16,320,0,770,1.0,0.047619047619047616,0.7106690777576854,0.18340976999845687,0.9803124809908991,0.9550962430426716
13,sider,SIDER6,va,104,1366,92,31,0.33695652173913043,2,29,2,90,0.9782608695652174,0.06451612903225806,0.7479674796747967,0.10470841695730966,0.8110725058225134,0.6076437587657784
13,sider,SIDER6,te,104,1366,100,37,0.37,4,33,1,99,0.99,0.10810810810810811,0.7518248175182481,0.2322917550397759,0.8309763279168332,0.714054054054054
14,sider,SIDER6,tr,104,1366,783,323,0.4125159642401022,4,319,0,783,1.0,0.01238390092879257,0.7115732368896925,0.09380345143989546,0.9821788984232094,0.9563637513888394
14,sider,SIDER6,va,104,1366,78,45,0.5769230769230769,0,45,0,78,1.0,0.0,0.6341463414634146,0.0,0.7857247644118905,0.6931623931623931
14,sider,SIDER6,te,104,1366,101,36,0.3564356435643564,0,36,0,101,1.0,0.0,0.7372262773722628,0.0,0.7687468451339732,0.5561056105610561
15,sider,SIDER6,tr,104,1366,779,327,0.4197689345314506,11,316,1,778,0.9987163029525032,0.03363914373088685,0.713381555153707,0.14252489213630698,0.9820505879157446,0.9569078211303601
15,sider,SIDER6,va,104,1366,84,39,0.4642857142857143,1,38,2,82,0.9761904761904762,0.02564102564102564,0.6747967479674797,0.005524946201098275,0.7765948098662172,0.6381257631257631
15,sider,SIDER6,te,104,1366,99,38,0.3838383838383838,4,34,2,97,0.9797979797979798,0.10526315789473684,0.7372262773722628,0.1860926882714039,0.7937774560383063,0.593833067517278
1,sider,SIDER7,tr,104,1366,1012,94,0.09288537549407115,5,89,1,1011,0.9990118577075099,0.05319148936170213,0.918625678119349,0.19818946458013767,0.993210675574939,0.9426772348835254
1,sider,SIDER7,va,104,1366,106,17,0.16037735849056603,1,16,0,106,1.0,0.058823529411764705,0.8699186991869918,0.22607292667949558,0.9272243117036744,0.7291897891231964
1,sider,SIDER7,te,104,1366,129,8,0.06201550387596899,0,8,1,128,0.9922480620155039,0.0,0.9343065693430657,-0.021354071087948342,0.9350840389192248,0.4777131782945736
2,sider,SIDER7,tr,104,1366,1012,94,0.09288537549407115,0,94,0,1012,1.0,0.0,0.9150090415913201,0.0,0.9923387708971386,0.9322807165082835
2,sider,SIDER7,va,104,1366,113,10,0.08849557522123894,0,10,0,113,1.0,0.0,0.9186991869918699,0.0,0.9755874122253574,0.7716814159292036
2,sider,SIDER7,te,104,1366,122,15,0.12295081967213115,0,15,0,122,1.0,0.0,0.8905109489051095,0.0,0.955953530990528,0.7601092896174864
3,sider,SIDER7,tr,104,1366,1011,95,0.09396636993076163,3,92,0,1011,1.0,0.031578947368421054,0.9168173598553345,0.17013225027426465,0.9938743292998471,0.9408610547139362
3,sider,SIDER7,va,104,1366,115,8,0.06956521739130435,0,8,0,115,1.0,0.0,0.9349593495934959,0.0,0.9888136838610244,0.8532608695652175
3,sider,SIDER7,te,104,1366,121,16,0.1322314049586777,0,16,0,121,1.0,0.0,0.8832116788321168,0.0,0.9431691880575612,0.7670454545454545
4,sider,SIDER7,tr,104,1366,1015,91,0.0896551724137931,0,91,0,1015,1.0,0.0,0.9177215189873418,0.0,0.9950593513138923,0.948378714881178
4,sider,SIDER7,va,104,1366,111,12,0.10810810810810811,0,12,0,111,1.0,0.0,0.9024390243902439,0.0,0.9670368417167169,0.8310810810810811
4,sider,SIDER7,te,104,1366,121,16,0.1322314049586777,0,16,0,121,1.0,0.0,0.8832116788321168,0.0,0.9009871471683142,0.7014462809917356
5,sider,SIDER7,tr,104,1366,1007,99,0.09831181727904667,2,97,0,1007,1.0,0.020202020202020204,0.9122965641952984,0.1357461743910541,0.9920012535151775,0.9332550931359274
5,sider,SIDER7,va,104,1366,112,11,0.09821428571428571,1,10,0,112,1.0,0.09090909090909091,0.9186991869918699,0.2888901626578367,0.9892906486611928,0.9001623376623376
5,sider,SIDER7,te,104,1366,128,9,0.0703125,0,9,0,128,1.0,0.0,0.9343065693430657,0.0,0.9498679608279949,0.6137152777777778
6,sider,SIDER7,tr,104,1366,1019,87,0.08537782139352307,0,87,0,1019,1.0,0.0,0.9213381555153707,0.0,0.9942619059604945,0.9429573731289409
6,sider,SIDER7,va,104,1366,107,16,0.14953271028037382,0,16,0,107,1.0,0.0,0.8699186991869918,0.0,0.956126347871123,0.8358644859813085
6,sider,SIDER7,te,104,1366,121,16,0.1322314049586777,0,16,0,121,1.0,0.0,0.8832116788321168,0.0,0.9517820714977046,0.7623966942148761
7,sider,SIDER7,tr,104,1366,1005,101,0.10049751243781095,0,101,0,1005,1.0,0.0,0.9086799276672695,0.0,0.9928978081841704,0.9359735973597361
7,sider,SIDER7,va,104,1366,111,12,0.10810810810810811,0,12,0,111,1.0,0.0,0.9024390243902439,0.0,0.9440279359845791,0.8198198198198199
7,sider,SIDER7,te,104,1366,131,6,0.04580152671755725,0,6,0,131,1.0,0.0,0.9562043795620438,0.0,0.9945585112043829,0.8994910941475827
8,sider,SIDER7,tr,104,1366,1004,102,0.10159362549800798,7,95,2,1002,0.99800796812749,0.06862745098039216,0.9122965641952984,0.2146087907075112,0.9923301439740786,0.9317875556597142
8,sider,SIDER7,va,104,1366,112,11,0.09821428571428571,0,11,0,112,1.0,0.0,0.9105691056910569,0.0,0.9501855301826432,0.661525974025974
8,sider,SIDER7,te,104,1366,131,6,0.04580152671755725,0,6,0,131,1.0,0.0,0.9562043795620438,0.0,0.9789911499284346,0.7099236641221374
9,sider,SIDER7,tr,104,1366,1014,92,0.09072978303747535,2,90,1,1013,0.9990138067061144,0.021739130434782608,0.9177215189873418,0.11019048084355233,0.9944136662485576,0.9454967412743331
9,sider,SIDER7,va,104,1366,112,11,0.09821428571428571,0,11,0,112,1.0,0.0,0.9105691056910569,0.0,0.987991222590089,0.8912337662337662
9,sider,SIDER7,te,104,1366,121,16,0.1322314049586777,1,15,0,121,1.0,0.0625,0.8905109489051095,0.23581055457094516,0.9185669325036596,0.65650826446281
10,sider,SIDER7,tr,104,1366,1016,90,0.08858267716535433,0,90,0,1016,1.0,0.0,0.918625678119349,0.0,0.9934865263387616,0.9388670166229222
10,sider,SIDER7,va,104,1366,113,10,0.08849557522123894,0,10,0,113,1.0,0.0,0.9186991869918699,0.0,0.975040101470656,0.7929203539823009
10,sider,SIDER7,te,104,1366,118,19,0.16101694915254236,0,19,0,118,1.0,0.0,0.8613138686131386,0.0,0.9465572199780156,0.8075379125780553
11,sider,SIDER7,tr,104,1366,1012,94,0.09288537549407115,9,85,3,1009,0.9970355731225297,0.09574468085106383,0.9204339963833634,0.24975285187139665,0.9938435263183122,0.9452106635270373
11,sider,SIDER7,va,104,1366,112,11,0.09821428571428571,0,11,0,112,1.0,0.0,0.9105691056910569,0.0,0.9268283804431497,0.6444805194805195
11,sider,SIDER7,te,104,1366,123,14,0.11382113821138211,1,13,1,122,0.991869918699187,0.07142857142857142,0.8978102189781022,0.15985566897494705,0.9148276310673439,0.6318234610917538
12,sider,SIDER7,tr,104,1366,1015,91,0.0896551724137931,4,87,1,1014,0.9990147783251232,0.04395604395604396,0.9204339963833634,0.17601461092124424,0.9953480621602029,0.9521355491798841
12,sider,SIDER7,va,104,1366,107,16,0.14953271028037382,0,16,0,107,1.0,0.0,0.8699186991869918,0.0,0.9594202600042522,0.7797897196261682
12,sider,SIDER7,te,104,1366,125,12,0.096,1,11,1,124,0.992,0.08333333333333333,0.9124087591240876,0.17756236949795307,0.9298929217739361,0.696
13,sider,SIDER7,tr,104,1366,1005,101,0.10049751243781095,5,96,0,1005,1.0,0.04950495049504951,0.9132007233273056,0.21257573368090973,0.9937203036728375,0.9419979311363971
13,sider,SIDER7,va,104,1366,115,8,0.06956521739130435,0,8,0,115,1.0,0.0,0.9349593495934959,0.0,0.9796071436425754,0.773913043478261
13,sider,SIDER7,te,104,1366,127,10,0.07874015748031496,0,10,0,127,1.0,0.0,0.927007299270073,0.0,0.9454828864048659,0.7582677165354331
14,sider,SIDER7,tr,104,1366,1010,96,0.09504950495049505,3,93,0,1010,1.0,0.03125,0.9159132007233273,0.16916010323311645,0.9933166625694072,0.9430589933993399
14,sider,SIDER7,va,104,1366,114,9,0.07894736842105263,1,8,0,114,1.0,0.1111111111111111,0.9349593495934959,0.3222190817006553,0.9598791877865994,0.6803118908382066
14,sider,SIDER7,te,104,1366,123,14,0.11382113821138211,1,13,0,123,1.0,0.07142857142857142,0.9051094890510949,0.2541669536665451,0.9276581745694986,0.6666666666666666
15,sider,SIDER7,tr,104,1366,1015,91,0.0896551724137931,2,89,0,1015,1.0,0.02197802197802198,0.9195298372513563,0.14214866524990655,0.9939356585269936,0.9460618199534456
15,sider,SIDER7,va,104,1366,110,13,0.11818181818181818,0,13,0,110,1.0,0.0,0.8943089430894309,0.0,0.9484747098349677,0.7776223776223776
15,sider,SIDER7,te,104,1366,122,15,0.12295081967213115,0,15,0,122,1.0,0.0,0.8905109489051095,0.0,0.9645713541115307,0.7743169398907104
1,sider,SIDER8,tr,104,1366,190,916,4.821052631578947,916,0,190,0,0.0,1.0,0.8282097649186256,0.0,0.99098877689431,0.9989082969432315
1,sider,SIDER8,va,104,1366,24,99,4.125,99,0,24,0,0.0,1.0,0.8048780487804879,0.0,0.30297808016983035,0.63510101010101
1,sider,SIDER8,te,104,1366,31,106,3.4193548387096775,106,0,31,0,0.0,1.0,0.7737226277372263,0.0,0.2738939191782045,0.6046865489957395
2,sider,SIDER8,tr,104,1366,201,905,4.502487562189055,905,0,201,0,0.0,1.0,0.8182640144665461,0.0,0.9955262636570892,0.9991918858744949
2,sider,SIDER8,va,104,1366,17,106,6.235294117647059,106,0,17,0,0.0,1.0,0.8617886178861789,0.0,0.28578037464328615,0.6714761376248612
2,sider,SIDER8,te,104,1366,27,110,4.074074074074074,110,0,27,0,0.0,1.0,0.8029197080291971,0.0,0.2480010045355812,0.5858585858585859
3,sider,SIDER8,tr,104,1366,194,912,4.701030927835052,912,0,194,0,0.0,1.0,0.8245931283905967,0.0,0.983163705123562,0.9982252667751854
3,sider,SIDER8,va,104,1366,27,96,3.5555555555555554,96,0,27,0,0.0,1.0,0.7804878048780488,0.0,0.3324940252461891,0.5860339506172839
3,sider,SIDER8,te,104,1366,24,113,4.708333333333333,113,0,24,0,0.0,1.0,0.8248175182481752,0.0,0.30090809019135745,0.6095132743362832
4,sider,SIDER8,tr,104,1366,205,901,4.3951219512195125,901,0,203,2,0.00975609756097561,1.0,0.8164556962025317,0.08923103410731849,0.9856392252237033,0.9982160742806095
4,sider,SIDER8,va,104,1366,19,104,5.473684210526316,104,0,19,0,0.0,1.0,0.8455284552845529,0.0,0.17947268067353533,0.6052631578947368
4,sider,SIDER8,te,104,1366,21,116,5.523809523809524,116,0,21,0,0.0,1.0,0.8467153284671532,0.0,0.2047808103143436,0.6149425287356322
5,sider,SIDER8,tr,104,1366,200,906,4.53,906,0,199,1,0.005,1.0,0.8200723327305606,0.06402770893380628,0.9925121247189876,0.9988300220750551
5,sider,SIDER8,va,104,1366,28,95,3.392857142857143,95,0,28,0,0.0,1.0,0.7723577235772358,0.0,0.24509439291680854,0.49812030075187974
5,sider,SIDER8,te,104,1366,17,120,7.0588235294117645,120,0,17,0,0.0,1.0,0.8759124087591241,0.0,0.2077253320808239,0.6303921568627452
6,sider,SIDER8,tr,104,1366,198,908,4.585858585858586,908,0,198,0,0.0,1.0,0.8209764918625678,0.0,0.9972122043601224,0.9994715881279759
6,sider,SIDER8,va,104,1366,19,104,5.473684210526316,104,0,19,0,0.0,1.0,0.8455284552845529,0.0,0.20226612154013834,0.6153846153846155
6,sider,SIDER8,te,104,1366,28,109,3.892857142857143,109,0,28,0,0.0,1.0,0.7956204379562044,0.0,0.2475990462576614,0.5511140235910877
7,sider,SIDER8,tr,104,1366,194,912,4.701030927835052,912,0,193,1,0.005154639175257732,1.0,0.825497287522604,0.06522519935979447,1.0,1.0
7,sider,SIDER8,va,104,1366,22,101,4.590909090909091,101,0,22,0,0.0,1.0,0.8211382113821138,0.0,0.2575910647665284,0.6521152115211521
7,sider,SIDER8,te,104,1366,29,108,3.7241379310344827,108,0,29,0,0.0,1.0,0.7883211678832117,0.0,0.21124130631148308,0.5098978288633461
8,sider,SIDER8,tr,104,1366,190,916,4.821052631578947,916,0,184,6,0.031578947368421054,1.0,0.833634719710669,0.16216242079379348,0.9998177870724035,0.9999626522638473
8,sider,SIDER8,va,104,1366,24,99,4.125,99,0,24,0,0.0,1.0,0.8048780487804879,0.0,0.32019168718427743,0.5618686868686869
8,sider,SIDER8,te,104,1366,31,106,3.4193548387096775,106,0,31,0,0.0,1.0,0.7737226277372263,0.0,0.2576925319997765,0.5730371272063299
9,sider,SIDER8,tr,104,1366,204,902,4.421568627450981,902,0,204,0,0.0,1.0,0.8155515370705244,0.0,0.9916733458957042,0.9990897134907177
9,sider,SIDER8,va,104,1366,15,108,7.2,108,0,15,0,0.0,1.0,0.8780487804878049,0.0,0.13376879895496774,0.5425925925925925
9,sider,SIDER8,te,104,1366,26,111,4.269230769230769,111,0,26,0,0.0,1.0,0.8102189781021898,0.0,0.28134603514092876,0.6386001386001385
10,sider,SIDER8,tr,104,1366,204,902,4.421568627450981,902,0,204,0,0.0,1.0,0.8155515370705244,0.0,0.9974826044100595,0.9994945871918612
10,sider,SIDER8,va,104,1366,14,109,7.785714285714286,109,0,14,0,0.0,1.0,0.8861788617886179,0.0,0.1393832080822341,0.5072083879423329
10,sider,SIDER8,te,104,1366,27,110,4.074074074074074,110,0,26,1,0.037037037037037035,1.0,0.8102189781021898,0.17307925067797642,0.35417692660023636,0.6767676767676767
11,sider,SIDER8,tr,104,1366,202,904,4.475247524752476,904,0,199,3,0.01485148514851485,1.0,0.8200723327305606,0.1103268965062847,0.9958517312251365,0.9993264260054324
11,sider,SIDER8,va,104,1366,16,107,6.6875,106,1,16,0,0.0,0.9906542056074766,0.8617886178861789,-0.03500968370490884,0.18845419684147158,0.6682242990654206
11,sider,SIDER8,te,104,1366,27,110,4.074074074074074,110,0,27,0,0.0,1.0,0.8029197080291971,0.0,0.2312870604367596,0.5316498316498317
12,sider,SIDER8,tr,104,1366,203,903,4.448275862068965,903,0,203,0,0.0,1.0,0.8164556962025317,0.0,0.988575316929875,0.9983934231270696
12,sider,SIDER8,va,104,1366,20,103,5.15,103,0,20,0,0.0,1.0,0.8373983739837398,0.0,0.3642256265217547,0.7432038834951455
12,sider,SIDER8,te,104,1366,22,115,5.2272727272727275,115,0,22,0,0.0,1.0,0.8394160583941606,0.0,0.19834319687422652,0.5541501976284585
13,sider,SIDER8,tr,104,1366,201,905,4.502487562189055,905,0,201,0,0.0,1.0,0.8182640144665461,0.0,0.9850052618037686,0.9986146614991342
13,sider,SIDER8,va,104,1366,22,101,4.590909090909091,101,0,22,0,0.0,1.0,0.8211382113821138,0.0,0.20127006767116223,0.5220522052205221
13,sider,SIDER8,te,104,1366,22,115,5.2272727272727275,115,0,22,0,0.0,1.0,0.8394160583941606,0.0,0.36291882286953325,0.7260869565217392
14,sider,SIDER8,tr,104,1366,211,895,4.241706161137441,895,0,210,1,0.004739336492890996,1.0,0.810126582278481,0.06195682456054896,0.9951447282514669,0.9990494850274034
14,sider,SIDER8,va,104,1366,17,106,6.235294117647059,106,0,16,1,0.058823529411764705,1.0,0.8699186991869918,0.22607292667949558,0.2822912992426988,0.6082130965593785
14,sider,SIDER8,te,104,1366,17,120,7.0588235294117645,120,0,17,0,0.0,1.0,0.8759124087591241,0.0,0.1657300191800344,0.6397058823529411
15,sider,SIDER8,tr,104,1366,191,915,4.790575916230367,915,0,191,0,0.0,1.0,0.8273056057866185,0.0,1.0,1.0
15,sider,SIDER8,va,104,1366,22,101,4.590909090909091,101,0,22,0,0.0,1.0,0.8211382113821138,0.0,0.19338027601812352,0.5648064806480648
15,sider,SIDER8,te,104,1366,32,105,3.28125,105,0,32,0,0.0,1.0,0.7664233576642335,0.0,0.38286622966603884,0.6133928571428572
1,sider,SIDER9,tr,104,1366,792,314,0.39646464646464646,314,0,5,787,0.9936868686868687,1.0,0.9954792043399638,0.9889953687440128,0.9992644861074421,0.9977783407321623
1,sider,SIDER9,va,104,1366,91,32,0.3516483516483517,2,30,0,91,1.0,0.0625,0.7560975609756098,0.2168043639583952,0.7808606257227722,0.6287774725274725
1,sider,SIDER9,te,104,1366,104,33,0.3173076923076923,2,31,3,101,0.9711538461538461,0.06060606060606061,0.7518248175182481,0.07242373038217119,0.8385018073065291,0.6372377622377624
2,sider,SIDER9,tr,104,1366,806,300,0.37220843672456577,0,300,0,806,1.0,0.0,0.72875226039783,0.0,0.9985596120833983,0.9960835401157981
2,sider,SIDER9,va,104,1366,86,37,0.43023255813953487,0,37,0,86,1.0,0.0,0.6991869918699187,0.0,0.8098070730938105,0.6407919547454433
2,sider,SIDER9,te,104,1366,95,42,0.4421052631578947,0,42,0,95,1.0,0.0,0.6934306569343066,0.0,0.7658916090228183,0.5982456140350877
3,sider,SIDER9,tr,104,1366,794,312,0.3929471032745592,0,312,0,794,1.0,0.0,0.7179023508137432,0.0,0.9983576681056625,0.995289188141833
3,sider,SIDER9,va,104,1366,87,36,0.41379310344827586,0,36,0,87,1.0,0.0,0.7073170731707317,0.0,0.7075381699250959,0.5051085568326947
3,sider,SIDER9,te,104,1366,106,31,0.29245283018867924,0,31,0,106,1.0,0.0,0.7737226277372263,0.0,0.8670078937821317,0.6600730371272063
4,sider,SIDER9,tr,104,1366,810,296,0.3654320987654321,296,0,8,802,0.9901234567901235,1.0,0.9927667269439421,0.9818694293786104,0.99819986042355,0.9939731398064732
4,sider,SIDER9,va,104,1366,81,42,0.5185185185185185,1,41,0,81,1.0,0.023809523809523808,0.6666666666666666,0.12572972015109882,0.6942356021532187,0.5734861845972957
4,sider,SIDER9,te,104,1366,96,41,0.4270833333333333,1,40,0,96,1.0,0.024390243902439025,0.708029197080292,0.1312122050522074,0.6963629297068774,0.5176575203252032
5,sider,SIDER9,tr,104,1366,802,304,0.3790523690773067,303,1,6,796,0.9925187032418953,0.9967105263157895,0.9936708860759493,0.9842660737828758,0.9980784001665672,0.9954841514634466
5,sider,SIDER9,va,104,1366,84,39,0.4642857142857143,1,38,1,83,0.9880952380952381,0.02564102564102564,0.6829268292682927,0.05053972613598385,0.7726773274340277,0.6272893772893773
5,sider,SIDER9,te,104,1366,101,36,0.3564356435643564,2,34,0,101,1.0,0.05555555555555555,0.7518248175182481,0.20387198436330095,0.7735804712723993,0.5547304730473047
6,sider,SIDER9,tr,104,1366,808,298,0.3688118811881188,297,1,7,801,0.9913366336633663,0.9966442953020134,0.9927667269439421,0.9818347476438635,0.9978964279809995,0.9932262941059207
6,sider,SIDER9,va,104,1366,85,38,0.4470588235294118,2,36,2,83,0.9764705882352941,0.05263157894736842,0.6910569105691057,0.07580940989421399,0.7345144230381538,0.5739938080495356
6,sider,SIDER9,te,104,1366,94,43,0.4574468085106383,1,42,3,91,0.9680851063829787,0.023255813953488372,0.6715328467153284,-0.02386789252643555,0.7116890956892226,0.5638297872340425
7,sider,SIDER9,tr,104,1366,797,309,0.3877038895859473,308,1,7,790,0.9912170639899623,0.9967637540453075,0.9927667269439421,0.9822304521662653,0.9980076959411903,0.9942259200155924
7,sider,SIDER9,va,104,1366,91,32,0.3516483516483517,1,31,0,91,1.0,0.03125,0.7479674796747967,0.15267424874387803,0.7973169011591944,0.5985576923076923
7,sider,SIDER9,te,104,1366,99,38,0.3838383838383838,1,37,1,98,0.98989898989899,0.02631578947368421,0.7226277372262774,0.06052552390071453,0.7449134361684097,0.5433280170122275
8,sider,SIDER9,tr,104,1366,789,317,0.4017743979721166,316,1,4,785,0.9949302915082383,0.9968454258675079,0.9954792043399638,0.9889978360650769,0.9984682396509038,0.9954940366954137
8,sider,SIDER9,va,104,1366,95,28,0.29473684210526313,3,25,4,91,0.9578947368421052,0.10714285714285714,0.7642276422764228,0.11771377032190032,0.7102781760628916,0.4481203007518797
8,sider,SIDER9,te,104,1366,103,34,0.3300970873786408,3,31,3,100,0.970873786407767,0.08823529411764706,0.7518248175182481,0.12476736453446535,0.7789189749537692,0.5359794403198173
9,sider,SIDER9,tr,104,1366,798,308,0.38596491228070173,0,308,0,798,1.0,0.0,0.7215189873417721,0.0,0.9981132804281293,0.9956811672037237
9,sider,SIDER9,va,104,1366,88,35,0.3977272727272727,0,35,0,88,1.0,0.0,0.7154471544715447,0.0,0.7473915171082954,0.6162337662337664
9,sider,SIDER9,te,104,1366,101,36,0.3564356435643564,0,36,0,101,1.0,0.0,0.7372262773722628,0.0,0.8203760529310796,0.6474147414741475
10,sider,SIDER9,tr,104,1366,799,307,0.38423028785982477,306,1,6,793,0.9924906132665833,0.996742671009772,0.9936708860759493,0.9843595285883008,0.9972750391112525,0.9937727534010348
10,sider,SIDER9,va,104,1366,91,32,0.3516483516483517,1,31,2,89,0.978021978021978,0.03125,0.7317073170731707,0.02637040674029024,0.8223112206448495,0.6387362637362638
10,sider,SIDER9,te,104,1366,97,40,0.41237113402061853,3,37,2,95,0.979381443298969,0.075,0.7153284671532847,0.13185439935939916,0.7978488487075146,0.628479381443299
11,sider,SIDER9,tr,104,1366,808,298,0.3688118811881188,0,298,0,808,1.0,0.0,0.7305605786618445,0.0,0.9984174385386275,0.9947857831085123
11,sider,SIDER9,va,104,1366,78,45,0.5769230769230769,0,45,0,78,1.0,0.0,0.6341463414634146,0.0,0.6422111980747728,0.5364672364672365
11,sider,SIDER9,te,104,1366,101,36,0.3564356435643564,0,36,0,101,1.0,0.0,0.7372262773722628,0.0,0.7981451560864226,0.61001100110011
12,sider,SIDER9,tr,104,1366,800,306,0.3825,306,0,8,792,0.99,1.0,0.9927667269439421,0.9822306603154344,0.9987329409918833,0.9960559640522876
12,sider,SIDER9,va,104,1366,90,33,0.36666666666666664,1,32,2,88,0.9777777777777777,0.030303030303030304,0.7235772357723578,0.02321035412742627,0.7789181060481851,0.5915824915824917
12,sider,SIDER9,te,104,1366,97,40,0.41237113402061853,1,39,2,95,0.979381443298969,0.025,0.7007299270072993,0.013611940186029476,0.6955027240875321,0.4891752577319587
13,sider,SIDER9,tr,104,1366,789,317,0.4017743979721166,317,0,7,782,0.991128010139417,1.0,0.9936708860759493,0.9847409561204897,0.9989318429738332,0.9967994466501141
13,sider,SIDER9,va,104,1366,91,32,0.3516483516483517,3,29,3,88,0.967032967032967,0.09375,0.7398373983739838,0.12379668773003383,0.8449157881846383,0.674793956043956
13,sider,SIDER9,te,104,1366,107,30,0.2803738317757009,0,30,7,100,0.9345794392523364,0.0,0.7299270072992701,-0.12287006340126141,0.760063224914642,0.46791277258566977
14,sider,SIDER9,tr,104,1366,808,298,0.3688118811881188,298,0,7,801,0.9913366336633663,1.0,0.9936708860759493,0.9841669804203862,0.9988838274977145,0.9961916074157752
14,sider,SIDER9,va,104,1366,88,35,0.3977272727272727,4,31,3,85,0.9659090909090909,0.11428571428571428,0.7235772357723578,0.15618653147655168,0.8122996773319382,0.6607142857142857
14,sider,SIDER9,te,104,1366,91,46,0.5054945054945055,2,44,2,89,0.978021978021978,0.043478260869565216,0.6642335766423357,0.06030968793730942,0.6708903963302668,0.5222169135212613
15,sider,SIDER9,tr,104,1366,793,313,0.39470365699873894,0,313,0,793,1.0,0.0,0.716998191681736,0.0,0.9985187827359083,0.9953083893009519
15,sider,SIDER9,va,104,1366,90,33,0.36666666666666664,0,33,0,90,1.0,0.0,0.7317073170731707,0.0,0.7749086175109641,0.6227272727272727
15,sider,SIDER9,te,104,1366,104,33,0.3173076923076923,0,33,0,104,1.0,0.0,0.7591240875912408,0.0,0.804937675219925,0.5728438228438228
1,sider,SIDER10,tr,104,1366,559,547,0.9785330948121646,546,1,3,556,0.9946332737030411,0.9981718464351006,0.9963833634719711,0.9927726530328137,0.9974423348333352,0.9963796672695104
1,sider,SIDER10,va,104,1366,64,59,0.921875,43,16,28,36,0.5625,0.7288135593220338,0.6422764227642277,0.2946088888925006,0.6716329724573246,0.715042372881356
1,sider,SIDER10,te,104,1366,85,52,0.611764705882353,37,15,34,51,0.6,0.7115384615384616,0.6423357664233577,0.30256707264380545,0.7676262632272098,0.7072398190045249
2,sider,SIDER10,tr,104,1366,574,532,0.926829268292683,532,0,4,570,0.9930313588850174,1.0,0.9963833634719711,0.9927843054270618,0.9983757779013772,0.9972557700872391
2,sider,SIDER10,va,104,1366,64,59,0.921875,25,34,13,51,0.796875,0.423728813559322,0.6178861788617886,0.23852161840019065,0.8035066121235741,0.7597987288135593
2,sider,SIDER10,te,104,1366,70,67,0.9571428571428572,30,37,15,55,0.7857142857142857,0.44776119402985076,0.6204379562043796,0.2485006489750511,0.7135190741206403,0.6868869936034115
3,sider,SIDER10,tr,104,1366,576,530,0.9201388888888888,530,0,5,571,0.9913194444444444,1.0,0.9954792043399638,0.9909867692049962,0.9985684750701445,0.9981197589098533
3,sider,SIDER10,va,104,1366,61,62,1.0163934426229508,32,30,20,41,0.6721311475409836,0.5161290322580645,0.5934959349593496,0.19054097589024654,0.6481246578657012,0.6647276573241672
3,sider,SIDER10,te,104,1366,71,66,0.9295774647887324,30,36,18,53,0.7464788732394366,0.45454545454545453,0.6058394160583942,0.21053976732846594,0.7328093013451478,0.7017712334613743
4,sider,SIDER10,tr,104,1366,580,526,0.906896551724138,526,0,1,579,0.9982758620689656,1.0,0.9990958408679927,0.9981891606660092,0.999265109734094,0.99858889471614
4,sider,SIDER10,va,104,1366,61,62,1.0163934426229508,27,35,15,46,0.7540983606557377,0.43548387096774194,0.5934959349593496,0.19989007860717706,0.5995477174970827,0.6170015864621894
4,sider,SIDER10,te,104,1366,67,70,1.044776119402985,30,40,19,48,0.7164179104477612,0.42857142857142855,0.5693430656934306,0.15121090590380937,0.6599441375951811,0.6412579957356077
5,sider,SIDER10,tr,104,1366,567,539,0.9506172839506173,539,0,4,563,0.9929453262786596,1.0,0.9963833634719711,0.9927894096456709,0.9979616087914183,0.9964644828590407
5,sider,SIDER10,va,104,1366,64,59,0.921875,39,20,20,44,0.6875,0.6610169491525424,0.6747967479674797,0.3485169491525422,0.7028682581784039,0.699417372881356
5,sider,SIDER10,te,104,1366,77,60,0.7792207792207793,42,18,34,43,0.5584415584415584,0.7,0.6204379562043796,0.25799519963095974,0.6998953577978385,0.6915584415584415
6,sider,SIDER10,tr,104,1366,578,528,0.9134948096885813,528,0,3,575,0.9948096885813149,1.0,0.9972875226039783,0.9945799590080813,0.9985658046342492,0.9975441045402117
6,sider,SIDER10,va,104,1366,60,63,1.05,30,33,17,43,0.7166666666666667,0.47619047619047616,0.5934959349593496,0.19839279837637344,0.6877849235657761,0.6796296296296296
6,sider,SIDER10,te,104,1366,70,67,0.9571428571428572,28,39,17,53,0.7571428571428571,0.417910447761194,0.5912408759124088,0.18631875142330315,0.6433176941589192,0.6587420042643924
7,sider,SIDER10,tr,104,1366,567,539,0.9506172839506173,539,0,5,562,0.9911816578483245,1.0,0.9954792043399638,0.9909952231553039,0.9975539003226083,0.9961078226384349
7,sider,SIDER10,va,104,1366,68,55,0.8088235294117647,34,21,25,43,0.6323529411764706,0.6181818181818182,0.6260162601626016,0.24933761269730703,0.7170009741996217,0.6489304812834225
7,sider,SIDER10,te,104,1366,73,64,0.8767123287671232,41,23,22,51,0.6986301369863014,0.640625,0.6715328467153284,0.3396187935779911,0.738826897077954,0.7211044520547945
8,sider,SIDER10,tr,104,1366,554,552,0.9963898916967509,551,1,3,551,0.9945848375451264,0.9981884057971014,0.9963833634719711,0.9927732433422278,0.9992298414447224,0.9986887197195626
8,sider,SIDER10,va,104,1366,65,58,0.8923076923076924,45,13,31,34,0.5230769230769231,0.7758620689655172,0.6422764227642277,0.3071125159177383,0.697038866324313,0.6718832891246685
8,sider,SIDER10,te,104,1366,89,48,0.5393258426966292,31,17,35,54,0.6067415730337079,0.6458333333333334,0.6204379562043796,0.24115966979555703,0.7705502810510231,0.6582397003745318
9,sider,SIDER10,tr,104,1366,566,540,0.9540636042402827,539,1,3,563,0.9946996466431095,0.9981481481481481,0.9963833634719711,0.9927698418374383,0.9989397837737943,0.9983575448239759
9,sider,SIDER10,va,104,1366,67,56,0.835820895522388,43,13,33,34,0.5074626865671642,0.7678571428571429,0.6260162601626016,0.28217152255283334,0.7039230733947639,0.6716417910447761
9,sider,SIDER10,te,104,1366,75,62,0.8266666666666667,43,19,32,43,0.5733333333333334,0.6935483870967742,0.6277372262773723,0.2668817204301075,0.7862318642269728,0.7329032258064517
10,sider,SIDER10,tr,104,1366,571,535,0.9369527145359019,535,0,3,568,0.9947460595446584,1.0,0.9972875226039783,0.9945849126303676,0.9983409916920699,0.996836178535771
10,sider,SIDER10,va,104,1366,59,64,1.0847457627118644,30,34,16,43,0.7288135593220338,0.46875,0.5934959349593496,0.203985151898054,0.6371469983854567,0.693061440677966
10,sider,SIDER10,te,104,1366,78,59,0.7564102564102564,28,31,20,58,0.7435897435897436,0.4745762711864407,0.6277372262773723,0.22643563981471193,0.7135812783970334,0.6799217731421122
11,sider,SIDER10,tr,104,1366,572,534,0.9335664335664335,534,0,4,568,0.993006993006993,1.0,0.9963833634719711,0.9927859997935724,0.9978287146346829,0.9960402425290065
11,sider,SIDER10,va,104,1366,60,63,1.05,27,36,17,43,0.7166666666666667,0.42857142857142855,0.5691056910569106,0.15145602715127296,0.6467278872516034,0.6256613756613756
11,sider,SIDER10,te,104,1366,76,61,0.8026315789473685,24,37,20,56,0.7368421052631579,0.39344262295081966,0.583941605839416,0.13867475665472048,0.7039626817148409,0.6303925798101812
12,sider,SIDER10,tr,104,1366,577,529,0.9168110918544194,529,0,4,573,0.9930675909878682,1.0,0.9963833634719711,0.992781409042257,0.9991373393953007,0.998766516071329
12,sider,SIDER10,va,104,1366,64,59,0.921875,28,31,17,47,0.734375,0.4745762711864407,0.6097560975609756,0.2167242217875765,0.6387769981158871,0.635593220338983
12,sider,SIDER10,te,104,1366,67,70,1.044776119402985,25,45,19,48,0.7164179104477612,0.35714285714285715,0.5328467153284672,0.07875259281176455,0.583548889663238,0.5973347547974414
13,sider,SIDER10,tr,104,1366,573,533,0.9301919720767888,533,0,5,568,0.9912739965095986,1.0,0.9954792043399638,0.9909901174577447,0.9973900289022452,0.9951311192531983
13,sider,SIDER10,va,104,1366,64,59,0.921875,39,20,21,43,0.671875,0.6610169491525424,0.6666666666666666,0.3327157692253292,0.776311501262523,0.7515889830508474
13,sider,SIDER10,te,104,1366,71,66,0.9295774647887324,39,27,26,45,0.6338028169014085,0.5909090909090909,0.6131386861313869,0.22485590776620107,0.6821146210138521,0.6516218523260777
14,sider,SIDER10,tr,104,1366,577,529,0.9168110918544194,529,0,4,573,0.9930675909878682,1.0,0.9963833634719711,0.992781409042257,0.9984431846315239,0.9975723463714605
14,sider,SIDER10,va,104,1366,63,60,0.9523809523809523,36,24,19,44,0.6984126984126984,0.6,0.6504065040650406,0.30000424409187054,0.699290250838325,0.68994708994709
14,sider,SIDER10,te,104,1366,68,69,1.0147058823529411,33,36,18,50,0.7352941176470589,0.4782608695652174,0.6058394160583942,0.22087898917358545,0.6568624332091214,0.6516410912190964
15,sider,SIDER10,tr,104,1366,575,531,0.9234782608695652,531,0,2,573,0.9965217391304347,1.0,0.9981916817359855,0.9963846875329869,0.999189812232322,0.9988471301072628
15,sider,SIDER10,va,104,1366,60,63,1.05,30,33,16,44,0.7333333333333333,0.47619047619047616,0.6016260162601627,0.21644871070434282,0.5936558392601586,0.6296296296296297
15,sider,SIDER10,te,104,1366,73,64,0.8767123287671232,38,26,26,47,0.6438356164383562,0.59375,0.6204379562043796,0.23758561643835613,0.7446189857124319,0.6915667808219178
1,sider,SIDER11,tr,104,1366,283,823,2.908127208480565,821,2,0,283,1.0,0.9975698663426489,0.9981916817359855,0.9952735182112127,0.9998344327958147,0.9999441842092834
1,sider,SIDER11,va,104,1366,33,90,2.727272727272727,89,1,30,3,0.09090909090909091,0.9888888888888889,0.7479674796747967,0.19932723618283574,0.5253678261971778,0.7491582491582491
1,sider,SIDER11,te,104,1366,42,95,2.261904761904762,94,1,37,5,0.11904761904761904,0.9894736842105263,0.7226277372262774,0.24450636855320312,0.5993947509064008,0.7248120300751879
2,sider,SIDER11,tr,104,1366,289,817,2.8269896193771626,815,2,0,289,1.0,0.9975520195838433,0.9981916817359855,0.9953371247762426,1.0,1.0
2,sider,SIDER11,va,104,1366,30,93,3.1,90,3,25,5,0.16666666666666666,0.967741935483871,0.7723577235772358,0.23406433946035526,0.5462797433140284,0.7666666666666667
2,sider,SIDER11,te,104,1366,39,98,2.5128205128205128,96,2,34,5,0.1282051282051282,0.9795918367346939,0.7372262773722628,0.22091803849164565,0.5912663169971408,0.7485609628466771
3,sider,SIDER11,tr,104,1366,292,814,2.787671232876712,814,0,0,292,1.0,1.0,1.0,1.0,1.0,1.0
3,sider,SIDER11,va,104,1366,31,92,2.967741935483871,90,2,27,4,0.12903225806451613,0.9782608695652174,0.7642276422764228,0.21626095168387877,0.4156625427544367,0.6427068723702665
3,sider,SIDER11,te,104,1366,35,102,2.914285714285714,97,5,27,8,0.22857142857142856,0.9509803921568627,0.7664233576642335,0.2672030448469022,0.548337666681396,0.7728291316526611
4,sider,SIDER11,tr,104,1366,294,812,2.761904761904762,811,1,0,294,1.0,0.9987684729064039,0.9990958408679927,0.9976887375660022,0.9997488183593249,0.9999120337790288
4,sider,SIDER11,va,104,1366,27,96,3.5555555555555554,94,2,26,1,0.037037037037037035,0.9791666666666666,0.7723577235772358,0.043479099562495675,0.37634202500820974,0.6693672839506173
4,sider,SIDER11,te,104,1366,37,100,2.7027027027027026,97,3,31,6,0.16216216216216217,0.97,0.7518248175182481,0.23685456394053148,0.4896157848011498,0.6383783783783784
5,sider,SIDER11,tr,104,1366,286,820,2.867132867132867,819,1,0,286,1.0,0.998780487804878,0.9990958408679927,0.9976474409423393,1.0,0.9999999999999999
5,sider,SIDER11,va,104,1366,37,86,2.324324324324324,86,0,33,4,0.10810810810810811,1.0,0.7317073170731707,0.2795148452529552,0.6980869032176098,0.8136392206159648
5,sider,SIDER11,te,104,1366,35,102,2.914285714285714,97,5,29,6,0.17142857142857143,0.9509803921568627,0.7518248175182481,0.19645618843188717,0.4784779309298035,0.6705882352941177
6,sider,SIDER11,tr,104,1366,292,814,2.787671232876712,812,2,0,292,1.0,0.9975429975429976,0.9981916817359855,0.9953677665852911,0.9999051935479165,0.999966342432096
6,sider,SIDER11,va,104,1366,27,96,3.5555555555555554,93,3,23,4,0.14814814814814814,0.96875,0.7886178861788617,0.2088560765230494,0.33598543160600225,0.6010802469135803
6,sider,SIDER11,te,104,1366,39,98,2.5128205128205128,97,1,32,7,0.1794871794871795,0.9897959183673469,0.7591240875912408,0.32577600307293453,0.5934482966887193,0.7158555729984302
7,sider,SIDER11,tr,104,1366,287,819,2.8536585365853657,817,2,0,287,1.0,0.9975579975579976,0.9981916817359855,0.99531627234963,1.0,1.0
7,sider,SIDER11,va,104,1366,35,88,2.5142857142857142,82,6,29,6,0.17142857142857143,0.9318181818181818,0.7154471544715447,0.1569999988821643,0.5545486249477475,0.7441558441558441
7,sider,SIDER11,te,104,1366,36,101,2.8055555555555554,101,0,31,5,0.1388888888888889,1.0,0.7737226277372263,0.32599239833321775,0.5134847798961968,0.6993949394939494
8,sider,SIDER11,tr,104,1366,292,814,2.787671232876712,813,1,0,292,1.0,0.9987714987714987,0.9990958408679927,0.997678666868837,0.9998323255922699,0.9999410992561677
8,sider,SIDER11,va,104,1366,30,93,3.1,89,4,26,4,0.13333333333333333,0.956989247311828,0.7560975609756098,0.15729123611735873,0.42162832175842907,0.7078853046594983
8,sider,SIDER11,te,104,1366,36,101,2.8055555555555554,98,3,29,7,0.19444444444444445,0.9702970297029703,0.7664233576642335,0.2787488116768586,0.5152460397914898,0.71012101210121
9,sider,SIDER11,tr,104,1366,300,806,2.6866666666666665,804,2,0,300,1.0,0.9975186104218362,0.9981916817359855,0.9954458935116006,0.9998643878179816,0.9999503722084366
9,sider,SIDER11,va,104,1366,15,108,7.2,106,2,14,1,0.06666666666666667,0.9814814814814815,0.8699186991869918,0.10213764617138933,0.27456350554975034,0.7197530864197531
9,sider,SIDER11,te,104,1366,43,94,2.186046511627907,90,4,36,7,0.16279069767441862,0.9574468085106383,0.708029197080292,0.205331934845721,0.5196642091732913,0.6835724888668976
10,sider,SIDER11,tr,104,1366,284,822,2.8943661971830985,820,2,0,284,1.0,0.9975669099756691,0.9981916817359855,0.9952843400748436,0.9997171291305904,0.9999057605976491
10,sider,SIDER11,va,104,1366,33,90,2.727272727272727,88,2,24,9,0.2727272727272727,0.9777777777777777,0.7886178861788617,0.3889460425384173,0.5692487970150043,0.7296296296296296
10,sider,SIDER11,te,104,1366,41,96,2.341463414634146,95,1,36,5,0.12195121951219512,0.9895833333333334,0.7299270072992701,0.24958915018905614,0.6002650472222643,0.7404725609756098
11,sider,SIDER11,tr,104,1366,289,817,2.8269896193771626,815,2,0,289,1.0,0.9975520195838433,0.9981916817359855,0.9953371247762426,0.9998661964677044,0.9999534121374087
11,sider,SIDER11,va,104,1366,27,96,3.5555555555555554,93,3,24,3,0.1111111111111111,0.96875,0.7804878048780488,0.1534561473965414,0.40549036946349887,0.642361111111111
11,sider,SIDER11,te,104,1366,42,95,2.261904761904762,91,4,37,5,0.11904761904761904,0.9578947368421052,0.7007299270072993,0.143194285928928,0.4984660682407856,0.6907268170426065
12,sider,SIDER11,tr,104,1366,291,815,2.8006872852233675,814,1,0,291,1.0,0.9987730061349693,0.9990958408679927,0.9976735691770666,0.9999999999999999,1.0
12,sider,SIDER11,va,104,1366,32,91,2.84375,88,3,28,4,0.125,0.967032967032967,0.7479674796747967,0.17428543474592248,0.6003401492166961,0.7815934065934066
12,sider,SIDER11,te,104,1366,35,102,2.914285714285714,100,2,29,6,0.17142857142857143,0.9803921568627451,0.7737226277372263,0.2823744056650724,0.49305058362397114,0.7156862745098038
13,sider,SIDER11,tr,104,1366,289,817,2.8269896193771626,816,1,0,289,1.0,0.9987760097919217,0.9990958408679927,0.9976632470857802,1.0,1.0
13,sider,SIDER11,va,104,1366,37,86,2.324324324324324,84,2,32,5,0.13513513513513514,0.9767441860465116,0.7235772357723578,0.2214735646265859,0.5968820539161839,0.7209302325581394
13,sider,SIDER11,te,104,1366,32,105,3.28125,101,4,21,11,0.34375,0.9619047619047619,0.8175182481751825,0.41416677857934514,0.4977306933449215,0.7181547619047619
14,sider,SIDER11,tr,104,1366,295,811,2.7491525423728813,809,2,0,295,1.0,0.9975339087546239,0.9981916817359855,0.9953976635976549,0.9993589771304051,0.9997868294008234
14,sider,SIDER11,va,104,1366,30,93,3.1,89,4,24,6,0.2,0.956989247311828,0.7723577235772358,0.2466793453058315,0.5139769264589736,0.760752688172043
14,sider,SIDER11,te,104,1366,33,104,3.1515151515151514,99,5,28,5,0.15151515151515152,0.9519230769230769,0.7591240875912408,0.1700406878024305,0.39209090964953963,0.6655011655011654
15,sider,SIDER11,tr,104,1366,286,820,2.867132867132867,819,1,0,286,1.0,0.998780487804878,0.9990958408679927,0.9976474409423393,0.9991953245519118,0.999748422309398
15,sider,SIDER11,va,104,1366,35,88,2.5142857142857142,84,4,32,3,0.08571428571428572,0.9545454545454546,0.7073170731707317,0.07840943280604214,0.45863778391538396,0.7292207792207792
15,sider,SIDER11,te,104,1366,37,100,2.7027027027027026,97,3,31,6,0.16216216216216217,0.97,0.7518248175182481,0.23685456394053148,0.5909113548479578,0.7648648648648648
1,sider,SIDER12,tr,104,1366,995,111,0.11155778894472362,0,111,0,995,1.0,0.0,0.8996383363471971,0.0,0.9995998871695251,0.9961157137036533
1,sider,SIDER12,va,104,1366,114,9,0.07894736842105263,0,9,0,114,1.0,0.0,0.926829268292683,0.0,0.9347121382932861,0.621832358674464
1,sider,SIDER12,te,104,1366,129,8,0.06201550387596899,0,8,0,129,1.0,0.0,0.9416058394160584,0.0,0.9511961868260409,0.5736434108527132
2,sider,SIDER12,tr,104,1366,1006,100,0.09940357852882704,0,100,0,1006,1.0,0.0,0.9095840867992767,0.0,0.9998156850202984,0.998061630218688
2,sider,SIDER12,va,104,1366,112,11,0.09821428571428571,0,11,0,112,1.0,0.0,0.9105691056910569,0.0,0.9557154434557793,0.7053571428571429
2,sider,SIDER12,te,104,1366,120,17,0.14166666666666666,0,17,0,120,1.0,0.0,0.8759124087591241,0.0,0.9347559054717609,0.6725490196078432
3,sider,SIDER12,tr,104,1366,1000,106,0.106,0,106,0,1000,1.0,0.0,0.9041591320072333,0.0,0.9995390314161566,0.9953867924528301
3,sider,SIDER12,va,104,1366,112,11,0.09821428571428571,0,11,0,112,1.0,0.0,0.9105691056910569,0.0,0.9270446733273385,0.575487012987013
3,sider,SIDER12,te,104,1366,126,11,0.0873015873015873,0,11,0,126,1.0,0.0,0.9197080291970803,0.0,0.9470660932812267,0.6046176046176045
4,sider,SIDER12,tr,104,1366,1005,101,0.10049751243781095,101,0,8,997,0.9920398009950249,1.0,0.9927667269439421,0.9587645906955141,0.9995446562120169,0.9951874291906803
4,sider,SIDER12,va,104,1366,108,15,0.1388888888888889,0,15,1,107,0.9907407407407407,0.0,0.8699186991869918,-0.03374068042412064,0.8832166844384943,0.4759259259259259
4,sider,SIDER12,te,104,1366,125,12,0.096,0,12,0,125,1.0,0.0,0.9124087591240876,0.0,0.9191516376733229,0.5036666666666667
5,sider,SIDER12,tr,104,1366,1000,106,0.106,0,106,0,1000,1.0,0.0,0.9041591320072333,0.0,0.9997902903677156,0.997943396226415
5,sider,SIDER12,va,104,1366,112,11,0.09821428571428571,0,11,0,112,1.0,0.0,0.9105691056910569,0.0,0.8928903918437974,0.4788961038961039
5,sider,SIDER12,te,104,1366,126,11,0.0873015873015873,0,11,0,126,1.0,0.0,0.9197080291970803,0.0,0.9287559733428827,0.4704184704184704
6,sider,SIDER12,tr,104,1366,1011,95,0.09396636993076163,95,0,7,1004,0.9930761622156281,1.0,0.9936708860759493,0.9617296275842702,0.9997026380698393,0.996538081107814
6,sider,SIDER12,va,104,1366,105,18,0.17142857142857143,0,18,1,104,0.9904761904761905,0.0,0.8455284552845529,-0.037485360139983916,0.8720825393057896,0.5216931216931218
6,sider,SIDER12,te,104,1366,122,15,0.12295081967213115,1,14,0,122,1.0,0.06666666666666667,0.8978102189781022,0.24454840332462824,0.8765713959581465,0.426775956284153
7,sider,SIDER12,tr,104,1366,998,108,0.10821643286573146,0,108,0,998,1.0,0.0,0.9023508137432188,0.0,0.9994993664202954,0.9950781192013657
7,sider,SIDER12,va,104,1366,113,10,0.08849557522123894,0,10,0,113,1.0,0.0,0.9186991869918699,0.0,0.9231798624342256,0.5929203539823009
7,sider,SIDER12,te,104,1366,127,10,0.07874015748031496,0,10,0,127,1.0,0.0,0.927007299270073,0.0,0.9158480932315463,0.3905511811023622
8,sider,SIDER12,tr,104,1366,995,111,0.11155778894472362,0,111,0,995,1.0,0.0,0.8996383363471971,0.0,0.9994922661398138,0.9951604871202862
8,sider,SIDER12,va,104,1366,115,8,0.06956521739130435,0,8,0,115,1.0,0.0,0.9349593495934959,0.0,0.9449825789051864,0.6684782608695652
8,sider,SIDER12,te,104,1366,128,9,0.0703125,0,9,0,128,1.0,0.0,0.9343065693430657,0.0,0.9570979281686777,0.6206597222222222
9,sider,SIDER12,tr,104,1366,1009,97,0.09613478691774034,0,97,0,1009,1.0,0.0,0.9122965641952984,0.0,0.9996274625477679,0.995969266294075
9,sider,SIDER12,va,104,1366,109,14,0.12844036697247707,0,14,0,109,1.0,0.0,0.8861788617886179,0.0,0.9239888308956334,0.6428571428571429
9,sider,SIDER12,te,104,1366,120,17,0.14166666666666666,0,17,0,120,1.0,0.0,0.8759124087591241,0.0,0.8987875162406344,0.5416666666666667
10,sider,SIDER12,tr,104,1366,996,110,0.11044176706827309,0,110,0,996,1.0,0.0,0.9005424954792043,0.0,0.9996547689610433,0.9967597663380795
10,sider,SIDER12,va,104,1366,115,8,0.06956521739130435,0,8,0,115,1.0,0.0,0.9349593495934959,0.0,0.9424301514869768,0.5717391304347826
10,sider,SIDER12,te,104,1366,127,10,0.07874015748031496,0,10,0,127,1.0,0.0,0.927007299270073,0.0,0.9477299808897299,0.6732283464566929
11,sider,SIDER12,tr,104,1366,998,108,0.10821643286573146,108,0,9,989,0.9909819639278558,1.0,0.9918625678119349,0.9564269873269216,0.9996657611722561,0.9967202924367253
11,sider,SIDER12,va,104,1366,113,10,0.08849557522123894,0,10,2,111,0.9823008849557522,0.0,0.9024390243902439,-0.038245741991969416,0.9400235375419252,0.5734513274336284
11,sider,SIDER12,te,104,1366,127,10,0.07874015748031496,1,9,1,126,0.9921259842519685,0.1,0.927007299270073,0.1998030526356355,0.9537142385574746,0.6070866141732284
12,sider,SIDER12,tr,104,1366,1003,103,0.10269192422731804,0,103,0,1003,1.0,0.0,0.906871609403255,0.0,0.9996409500971497,0.9962587964262553
12,sider,SIDER12,va,104,1366,110,13,0.11818181818181818,0,13,0,110,1.0,0.0,0.8943089430894309,0.0,0.9453832261882974,0.7048951048951049
12,sider,SIDER12,te,104,1366,125,12,0.096,0,12,0,125,1.0,0.0,0.9124087591240876,0.0,0.9477969952758494,0.6126666666666667
13,sider,SIDER12,tr,104,1366,999,107,0.10710710710710711,0,107,0,999,1.0,0.0,0.903254972875226,0.0,0.9996944252300153,0.9970297400203942
13,sider,SIDER12,va,104,1366,115,8,0.06956521739130435,0,8,0,115,1.0,0.0,0.9349593495934959,0.0,0.9387101769200691,0.6369565217391304
13,sider,SIDER12,te,104,1366,124,13,0.10483870967741936,0,13,0,124,1.0,0.0,0.9051094890510949,0.0,0.9590804793517125,0.6985111662531017
14,sider,SIDER12,tr,104,1366,1004,102,0.10159362549800798,102,0,3,1001,0.9970119521912351,1.0,0.9972875226039783,0.9841371329313525,0.9997847278546956,0.9977150222638856
14,sider,SIDER12,va,104,1366,110,13,0.11818181818181818,3,10,4,106,0.9636363636363636,0.23076923076923078,0.8861788617886179,0.25798755851917204,0.953726144737419,0.6968531468531467
14,sider,SIDER12,te,104,1366,124,13,0.10483870967741936,0,13,2,122,0.9838709677419355,0.0,0.8905109489051095,-0.03941022797821735,0.9058139358237218,0.5266749379652605
15,sider,SIDER12,tr,104,1366,1007,99,0.09831181727904667,0,99,0,1007,1.0,0.0,0.9104882459312839,0.0,0.9997562665139701,0.9973869780225292
15,sider,SIDER12,va,104,1366,105,18,0.17142857142857143,0,18,0,105,1.0,0.0,0.8536585365853658,0.0,0.8660886528046573,0.578042328042328
15,sider,SIDER12,te,104,1366,126,11,0.0873015873015873,0,11,0,126,1.0,0.0,0.9197080291970803,0.0,0.924451191097979,0.5043290043290044
1,sider,SIDER13,tr,104,1366,248,858,3.4596774193548385,856,2,234,14,0.056451612903225805,0.9976689976689976,0.786618444846293,0.1890422734611869,0.9638475986015664,0.9954014399578915
1,sider,SIDER13,va,104,1366,29,94,3.2413793103448274,94,0,28,1,0.034482758620689655,1.0,0.7723577235772358,0.16299902721083373,0.3562522450745734,0.5792369772560528
1,sider,SIDER13,te,104,1366,38,99,2.6052631578947367,98,1,35,3,0.07894736842105263,0.98989898989899,0.7372262773722628,0.18307732252857278,0.4509935131365715,0.694843168527379
2,sider,SIDER13,tr,104,1366,264,842,3.1893939393939394,839,3,235,29,0.10984848484848485,0.996437054631829,0.7848101265822784,0.2703056108320022,0.9395528322722865,0.9906292737349744
2,sider,SIDER13,va,104,1366,22,101,4.590909090909091,97,4,21,1,0.045454545454545456,0.9603960396039604,0.7967479674796748,0.011353906649447371,0.2854271974965486,0.7047704770477048
2,sider,SIDER13,te,104,1366,29,108,3.7241379310344827,104,4,24,5,0.1724137931034483,0.9629629629629629,0.7956204379562044,0.22321775727601015,0.4999805226321459,0.7589399744572158
3,sider,SIDER13,tr,104,1366,262,844,3.2213740458015265,843,1,253,9,0.03435114503816794,0.9988151658767772,0.7703435804701627,0.14897512537008847,0.9146575502204581,0.9881177417604283
3,sider,SIDER13,va,104,1366,22,101,4.590909090909091,101,0,22,0,0.0,1.0,0.8211382113821138,0.0,0.33626347563244147,0.6732673267326733
3,sider,SIDER13,te,104,1366,31,106,3.4193548387096775,105,1,28,3,0.0967741935483871,0.9905660377358491,0.7883211678832117,0.217066248759926,0.49785809998806,0.7221545952525867
4,sider,SIDER13,tr,104,1366,252,854,3.388888888888889,854,0,239,13,0.051587301587301584,1.0,0.7839059674502713,0.20076604336375556,0.9472260700738601,0.9928511021895097
4,sider,SIDER13,va,104,1366,36,87,2.4166666666666665,87,0,35,1,0.027777777777777776,1.0,0.7154471544715447,0.14074353686545749,0.5051179578258971,0.6736909323116219
4,sider,SIDER13,te,104,1366,27,110,4.074074074074074,109,1,27,0,0.0,0.990909090909091,0.7956204379562044,-0.04248308880277603,0.4245187956666595,0.7755892255892256
5,sider,SIDER13,tr,104,1366,246,860,3.4959349593495936,858,2,233,13,0.052845528455284556,0.9976744186046511,0.7875226039783002,0.18164425269105433,0.9452305328856316,0.9933021365097373
5,sider,SIDER13,va,104,1366,37,86,2.324324324324324,84,2,32,5,0.13513513513513514,0.9767441860465116,0.7235772357723578,0.2214735646265859,0.4794092453291884,0.6624764299182904
5,sider,SIDER13,te,104,1366,32,105,3.28125,102,3,26,6,0.1875,0.9714285714285714,0.7883211678832117,0.27142220778881043,0.3741545597290809,0.6005952380952381
6,sider,SIDER13,tr,104,1366,253,853,3.3715415019762847,853,0,246,7,0.02766798418972332,1.0,0.7775768535262206,0.14654278090984768,0.9504435848945642,0.9930563600220566
6,sider,SIDER13,va,104,1366,29,94,3.2413793103448274,93,1,28,1,0.034482758620689655,0.9893617021276596,0.7642276422764228,0.08002814454934626,0.43933355211188974,0.7006603081438004
6,sider,SIDER13,te,104,1366,33,104,3.1515151515151514,103,1,31,2,0.06060606060606061,0.9903846153846154,0.7664233576642335,0.1489880316603667,0.5142268831003178,0.7170745920745921
7,sider,SIDER13,tr,104,1366,256,850,3.3203125,846,4,231,25,0.09765625,0.9952941176470588,0.7875226039783002,0.24534301997887623,0.914975349359549,0.9884627757352941
7,sider,SIDER13,va,104,1366,29,94,3.2413793103448274,91,3,25,4,0.13793103448275862,0.9680851063829787,0.7723577235772358,0.19424815495189196,0.5196710187389095,0.7773294203961848
7,sider,SIDER13,te,104,1366,30,107,3.566666666666667,106,1,28,2,0.06666666666666667,0.9906542056074766,0.7883211678832117,0.16197660062599764,0.42919802016037756,0.6445482866043614
8,sider,SIDER13,tr,104,1366,258,848,3.2868217054263567,846,2,235,23,0.08914728682170543,0.9976415094339622,0.7857142857142857,0.24693837882033842,0.9301004829367101,0.9898530057042563
8,sider,SIDER13,va,104,1366,24,99,4.125,98,1,23,1,0.041666666666666664,0.98989898989899,0.8048780487804879,0.09890775906573654,0.42734204770725315,0.7436868686868687
8,sider,SIDER13,te,104,1366,33,104,3.1515151515151514,103,1,32,1,0.030303030303030304,0.9903846153846154,0.7591240875912408,0.0737569292117779,0.4160987224769722,0.673951048951049
9,sider,SIDER13,tr,104,1366,259,847,3.27027027027027,845,2,230,29,0.11196911196911197,0.9976387249114522,0.7902350813743219,0.28122123760469253,0.9529122940687429,0.9930962333559736
9,sider,SIDER13,va,104,1366,26,97,3.730769230769231,96,1,23,3,0.11538461538461539,0.9896907216494846,0.8048780487804879,0.24186323447178112,0.3821259933090253,0.6637589214908802
9,sider,SIDER13,te,104,1366,30,107,3.566666666666667,104,3,30,0,0.0,0.9719626168224299,0.7591240875912408,-0.07922768508880319,0.3469329265306603,0.6828660436137072
10,sider,SIDER13,tr,104,1366,262,844,3.2213740458015265,843,1,245,17,0.0648854961832061,0.9988151658767772,0.7775768535262206,0.21404994217696555,0.9432911961300304,0.9916111935168771
10,sider,SIDER13,va,104,1366,25,98,3.92,97,1,23,2,0.08,0.9897959183673469,0.8048780487804879,0.18207982102498185,0.4087366519505855,0.7293877551020409
10,sider,SIDER13,te,104,1366,28,109,3.892857142857143,108,1,26,2,0.07142857142857142,0.9908256880733946,0.8029197080291971,0.17153324747258508,0.3561432042788286,0.70478374836173
11,sider,SIDER13,tr,104,1366,264,842,3.1893939393939394,842,0,250,14,0.05303030303030303,1.0,0.7739602169981917,0.20221193310402302,0.9478200721799978,0.9914975167350464
11,sider,SIDER13,va,104,1366,25,98,3.92,96,2,22,3,0.12,0.9795918367346939,0.8048780487804879,0.20294613196636785,0.37345779518600486,0.670204081632653
11,sider,SIDER13,te,104,1366,26,111,4.269230769230769,109,2,24,2,0.07692307692307693,0.9819819819819819,0.8102189781021898,0.13719710324505577,0.35794753432883863,0.6569646569646569
12,sider,SIDER13,tr,104,1366,245,861,3.5142857142857142,861,0,238,7,0.02857142857142857,1.0,0.7848101265822784,0.14961278501956404,0.9442028152554731,0.99262366967693
12,sider,SIDER13,va,104,1366,32,91,2.84375,90,1,32,0,0.0,0.989010989010989,0.7317073170731707,-0.053687647909935125,0.41635734689215526,0.700206043956044
12,sider,SIDER13,te,104,1366,38,99,2.6052631578947367,99,0,37,1,0.02631578947368421,1.0,0.7299270072992701,0.1384064548683537,0.4645132356075997,0.6597554492291334
13,sider,SIDER13,tr,104,1366,247,859,3.477732793522267,859,0,241,6,0.024291497975708502,1.0,0.7820976491862568,0.13772963225475682,0.9413767027584011,0.9917685096595703
13,sider,SIDER13,va,104,1366,30,93,3.1,93,0,30,0,0.0,1.0,0.7560975609756098,0.0,0.6247663018137268,0.7376344086021505
13,sider,SIDER13,te,104,1366,38,99,2.6052631578947367,99,0,37,1,0.02631578947368421,1.0,0.7299270072992701,0.1384064548683537,0.6088011022913463,0.7464114832535885
14,sider,SIDER13,tr,104,1366,250,856,3.424,853,3,217,33,0.132,0.9964953271028038,0.8010849909584087,0.30286639048392033,0.9480436774525813,0.9928060747663552
14,sider,SIDER13,va,104,1366,28,95,3.392857142857143,92,3,26,2,0.07142857142857142,0.968421052631579,0.7642276422764228,0.08461337946027206,0.3711672844705742,0.6419172932330828
14,sider,SIDER13,te,104,1366,37,100,2.7027027027027026,98,2,35,2,0.05405405405405406,0.98,0.7299270072992701,0.08980776054945083,0.41588168199828085,0.6697297297297299
15,sider,SIDER13,tr,104,1366,246,860,3.4959349593495936,859,1,239,7,0.028455284552845527,0.9988372093023256,0.783001808318264,0.13394109245371855,0.9019954332279491,0.9883035545471733
15,sider,SIDER13,va,104,1366,29,94,3.2413793103448274,93,1,28,1,0.034482758620689655,0.9893617021276596,0.7642276422764228,0.08002814454934626,0.43469141203034706,0.6757153338224505
15,sider,SIDER13,te,104,1366,40,97,2.425,95,2,39,1,0.025,0.979381443298969,0.7007299270072993,0.013611940186029476,0.5342028955973629,0.7749999999999999
1,sider,SIDER14,tr,104,1366,155,951,6.135483870967742,951,0,155,0,0.0,1.0,0.8598553345388789,0.0,0.9809285875645553,0.9970625148400665
1,sider,SIDER14,va,104,1366,27,96,3.5555555555555554,96,0,27,0,0.0,1.0,0.7804878048780488,0.0,0.45957202534257163,0.7293595679012346
1,sider,SIDER14,te,104,1366,27,110,4.074074074074074,110,0,27,0,0.0,1.0,0.8029197080291971,0.0,0.2572694097021062,0.5777777777777777
2,sider,SIDER14,tr,104,1366,175,931,5.32,931,0,175,0,0.0,1.0,0.8417721518987342,0.0,0.9302984117654033,0.9927972993708762
2,sider,SIDER14,va,104,1366,19,104,5.473684210526316,104,0,19,0,0.0,1.0,0.8455284552845529,0.0,0.2342960455800872,0.5986842105263157
2,sider,SIDER14,te,104,1366,15,122,8.133333333333333,122,0,15,0,0.0,1.0,0.8905109489051095,0.0,0.14977423488627717,0.6502732240437159
3,sider,SIDER14,tr,104,1366,163,943,5.785276073619632,943,0,163,0,0.0,1.0,0.8526220614828209,0.0,0.958715581107335,0.9946294621655206
3,sider,SIDER14,va,104,1366,23,100,4.3478260869565215,100,0,23,0,0.0,1.0,0.8130081300813008,0.0,0.2529279776679978,0.5639130434782609
3,sider,SIDER14,te,104,1366,23,114,4.956521739130435,114,0,23,0,0.0,1.0,0.8321167883211679,0.0,0.36816964858226714,0.7034706331045004
4,sider,SIDER14,tr,104,1366,168,938,5.583333333333333,938,0,168,0,0.0,1.0,0.8481012658227848,0.0,0.9764794814203269,0.9954119707584527
4,sider,SIDER14,va,104,1366,20,103,5.15,103,0,20,0,0.0,1.0,0.8373983739837398,0.0,0.2189528449335843,0.5407766990291263
4,sider,SIDER14,te,104,1366,21,116,5.523809523809524,116,0,21,0,0.0,1.0,0.8467153284671532,0.0,0.20928842953233392,0.6018062397372742
5,sider,SIDER14,tr,104,1366,167,939,5.622754491017964,939,0,167,0,0.0,1.0,0.849005424954792,0.0,0.9602617994459688,0.9946177931676583
5,sider,SIDER14,va,104,1366,23,100,4.3478260869565215,100,0,23,0,0.0,1.0,0.8130081300813008,0.0,0.2891281327431045,0.6782608695652175
5,sider,SIDER14,te,104,1366,19,118,6.2105263157894735,118,0,19,0,0.0,1.0,0.8613138686131386,0.0,0.2550086638944901,0.607493309545049
6,sider,SIDER14,tr,104,1366,165,941,5.703030303030303,941,0,165,0,0.0,1.0,0.8508137432188065,0.0,0.9499164958905828,0.9951888706405179
6,sider,SIDER14,va,104,1366,16,107,6.6875,107,0,16,0,0.0,1.0,0.8699186991869918,0.0,0.1812467523181411,0.5642523364485982
6,sider,SIDER14,te,104,1366,28,109,3.892857142857143,109,0,28,0,0.0,1.0,0.7956204379562044,0.0,0.3011941617959666,0.6202490170380079
7,sider,SIDER14,tr,104,1366,173,933,5.393063583815029,933,0,173,0,0.0,1.0,0.8435804701627486,0.0,0.9568061882728083,0.9934545161670043
7,sider,SIDER14,va,104,1366,16,107,6.6875,107,0,16,0,0.0,1.0,0.8699186991869918,0.0,0.20116926054446088,0.5531542056074766
7,sider,SIDER14,te,104,1366,20,117,5.85,117,0,20,0,0.0,1.0,0.8540145985401459,0.0,0.2426753843984259,0.6837606837606838
8,sider,SIDER14,tr,104,1366,171,935,5.4678362573099415,935,0,171,0,0.0,1.0,0.8453887884267631,0.0,0.9563434862195105,0.9941489195359164
8,sider,SIDER14,va,104,1366,18,105,5.833333333333333,105,0,18,0,0.0,1.0,0.8536585365853658,0.0,0.23889673283478938,0.6037037037037037
8,sider,SIDER14,te,104,1366,20,117,5.85,117,0,20,0,0.0,1.0,0.8540145985401459,0.0,0.350668125008363,0.6692307692307693
9,sider,SIDER14,tr,104,1366,175,931,5.32,931,0,175,0,0.0,1.0,0.8417721518987342,0.0,0.9605243455645006,0.9944943992634648
9,sider,SIDER14,va,104,1366,17,106,6.235294117647059,106,0,17,0,0.0,1.0,0.8617886178861789,0.0,0.39406560267678686,0.6415094339622641
9,sider,SIDER14,te,104,1366,17,120,7.0588235294117645,120,0,17,0,0.0,1.0,0.8759124087591241,0.0,0.12773937756158413,0.5240196078431372
10,sider,SIDER14,tr,104,1366,172,934,5.430232558139535,934,0,172,0,0.0,1.0,0.8444846292947559,0.0,0.9749273948577549,0.9960939445246749
10,sider,SIDER14,va,104,1366,16,107,6.6875,107,0,16,0,0.0,1.0,0.8699186991869918,0.0,0.18431904835250465,0.47488317757009346
10,sider,SIDER14,te,104,1366,21,116,5.523809523809524,116,0,21,0,0.0,1.0,0.8467153284671532,0.0,0.21119068187622914,0.6867816091954023
11,sider,SIDER14,tr,104,1366,171,935,5.4678362573099415,935,0,171,0,0.0,1.0,0.8453887884267631,0.0,0.9696476298362824,0.9957062888951433
11,sider,SIDER14,va,104,1366,17,106,6.235294117647059,106,0,17,0,0.0,1.0,0.8617886178861789,0.0,0.3413631140665673,0.6642619311875694
11,sider,SIDER14,te,104,1366,21,116,5.523809523809524,116,0,21,0,0.0,1.0,0.8467153284671532,0.0,0.3284309344970904,0.7623152709359606
12,sider,SIDER14,tr,104,1366,176,930,5.284090909090909,930,0,176,0,0.0,1.0,0.840867992766727,0.0,0.9722567977689436,0.9954270527859237
12,sider,SIDER14,va,104,1366,17,106,6.235294117647059,106,0,17,0,0.0,1.0,0.8617886178861789,0.0,0.22535612331292215,0.6520532741398446
12,sider,SIDER14,te,104,1366,16,121,7.5625,121,0,16,0,0.0,1.0,0.8832116788321168,0.0,0.1496622757828448,0.5872933884297521
13,sider,SIDER14,tr,104,1366,173,933,5.393063583815029,933,0,172,1,0.005780346820809248,1.0,0.8444846292947559,0.06986129492315035,0.9704025680852908,0.9958056861761116
13,sider,SIDER14,va,104,1366,18,105,5.833333333333333,105,0,18,0,0.0,1.0,0.8536585365853658,0.0,0.24758403141826135,0.6640211640211641
13,sider,SIDER14,te,104,1366,18,119,6.611111111111111,119,0,18,0,0.0,1.0,0.8686131386861314,0.0,0.24671259648113542,0.5546218487394958
14,sider,SIDER14,tr,104,1366,172,934,5.430232558139535,934,0,172,0,0.0,1.0,0.8444846292947559,0.0,0.959429233566335,0.9942296200388426
14,sider,SIDER14,va,104,1366,23,100,4.3478260869565215,100,0,23,0,0.0,1.0,0.8130081300813008,0.0,0.29944667920344725,0.6904347826086956
14,sider,SIDER14,te,104,1366,14,123,8.785714285714286,123,0,14,0,0.0,1.0,0.8978102189781022,0.0,0.250563295013934,0.5389082462253194
15,sider,SIDER14,tr,104,1366,162,944,5.827160493827161,944,0,162,0,0.0,1.0,0.8535262206148282,0.0,0.9788702287419564,0.9963316070307596
15,sider,SIDER14,va,104,1366,24,99,4.125,99,0,24,0,0.0,1.0,0.8048780487804879,0.0,0.31938584852496715,0.6942340067340067
15,sider,SIDER14,te,104,1366,23,114,4.956521739130435,114,0,23,0,0.0,1.0,0.8321167883211679,0.0,0.23912195614205894,0.6022120518688023
1,sider,SIDER15,tr,104,1366,850,256,0.30117647058823527,256,0,8,842,0.9905882352941177,1.0,0.9927667269439421,0.9800869400120454,0.9989170398542684,0.9955951286764706
1,sider,SIDER15,va,104,1366,95,28,0.29473684210526313,3,25,1,94,0.9894736842105263,0.10714285714285714,0.7886178861788617,0.22839617618020255,0.9086564920942186,0.7789473684210527
1,sider,SIDER15,te,104,1366,118,19,0.16101694915254236,2,17,4,114,0.9661016949152542,0.10526315789473684,0.8467153284671532,0.1205288202081206,0.9027950760107397,0.5918822479928635
2,sider,SIDER15,tr,104,1366,860,246,0.28604651162790695,246,0,6,854,0.9930232558139535,1.0,0.9945750452079566,0.9845708938218924,0.9987863886814887,0.9948312535450935
2,sider,SIDER15,va,104,1366,99,24,0.24242424242424243,1,23,1,98,0.98989898989899,0.041666666666666664,0.8048780487804879,0.09890775906573654,0.8268261941834146,0.5382996632996633
2,sider,SIDER15,te,104,1366,104,33,0.3173076923076923,1,32,2,102,0.9807692307692307,0.030303030303030304,0.7518248175182481,0.03235168687482248,0.8390686497977364,0.6582167832167832
3,sider,SIDER15,tr,104,1366,869,237,0.2727272727272727,237,0,8,861,0.9907940161104718,1.0,0.9927667269439421,0.9790002852101518,0.9987439012071953,0.9945303054580414
3,sider,SIDER15,va,104,1366,89,34,0.38202247191011235,2,32,1,88,0.9887640449438202,0.058823529411764705,0.7317073170731707,0.13796749523795013,0.7532675180634993,0.5393258426966292
3,sider,SIDER15,te,104,1366,105,32,0.3047619047619048,3,29,0,105,1.0,0.09375,0.7883211678832117,0.27103656745081806,0.863570260088431,0.7132440476190476
4,sider,SIDER15,tr,104,1366,873,233,0.26689576174112256,233,0,8,865,0.9908361970217641,1.0,0.9927667269439421,0.978746835961608,0.9990177792804782,0.9957720651495264
4,sider,SIDER15,va,104,1366,91,32,0.3516483516483517,2,30,1,90,0.989010989010989,0.0625,0.7479674796747967,0.14650225966827912,0.8602044848611436,0.6974587912087912
4,sider,SIDER15,te,104,1366,99,38,0.3838383838383838,3,35,0,99,1.0,0.07894736842105263,0.7445255474452555,0.2415093934343879,0.7983617412820784,0.6679957469431154
5,sider,SIDER15,tr,104,1366,865,241,0.2786127167630058,241,0,8,857,0.9907514450867052,1.0,0.9927667269439421,0.979244644283037,0.9991970873156288,0.9966924903461013
5,sider,SIDER15,va,104,1366,96,27,0.28125,4,23,1,95,0.9895833333333334,0.14814814814814814,0.8048780487804879,0.2886853277458751,0.8919482555919914,0.769483024691358
5,sider,SIDER15,te,104,1366,102,35,0.3431372549019608,2,33,0,102,1.0,0.05714285714285714,0.7591240875912408,0.20778499265972683,0.7422555449476379,0.5319327731092437
6,sider,SIDER15,tr,104,1366,868,238,0.27419354838709675,238,0,6,862,0.9930875576036866,1.0,0.9945750452079566,0.9842090081689828,0.9992076048799857,0.9966865778569494
6,sider,SIDER15,va,104,1366,92,31,0.33695652173913043,3,28,3,89,0.967391304347826,0.0967741935483871,0.7479674796747967,0.12933252992859418,0.8040660703222605,0.5838008415147264
6,sider,SIDER15,te,104,1366,103,34,0.3300970873786408,2,32,2,101,0.9805825242718447,0.058823529411764705,0.7518248175182481,0.1011032693255002,0.8462089672655198,0.6414905768132495
7,sider,SIDER15,tr,104,1366,858,248,0.289044289044289,248,0,8,850,0.9906759906759907,1.0,0.9927667269439421,0.979651655420112,0.999133875140751,0.9966092375366569
7,sider,SIDER15,va,104,1366,95,28,0.29473684210526313,5,23,1,94,0.9894736842105263,0.17857142857142858,0.8048780487804879,0.32711325964360266,0.8778933714885111,0.687218045112782
7,sider,SIDER15,te,104,1366,110,27,0.24545454545454545,2,25,4,106,0.9636363636363636,0.07407407407407407,0.7883211678832117,0.07330414371273121,0.8329531781840958,0.5767676767676767
8,sider,SIDER15,tr,104,1366,854,252,0.29508196721311475,252,0,6,848,0.9929742388758782,1.0,0.9945750452079566,0.9848257788644517,0.9989026387061233,0.9954392959369541
8,sider,SIDER15,va,104,1366,98,25,0.25510204081632654,4,21,2,96,0.9795918367346939,0.16,0.8130081300813008,0.2607801361968554,0.8768621834292134,0.6693877551020407
8,sider,SIDER15,te,104,1366,111,26,0.23423423423423423,1,25,3,108,0.972972972972973,0.038461538461538464,0.7956204379562044,0.02663237886521671,0.8446004541426853,0.5537075537075538
9,sider,SIDER15,tr,104,1366,864,242,0.2800925925925926,242,0,9,855,0.9895833333333334,1.0,0.9918625678119349,0.9767805616433252,0.9984696759364768,0.9934788223140496
9,sider,SIDER15,va,104,1366,95,28,0.29473684210526313,4,24,3,92,0.968421052631579,0.14285714285714285,0.7804878048780488,0.20140621974151732,0.8799924666271735,0.693609022556391
9,sider,SIDER15,te,104,1366,104,33,0.3173076923076923,3,30,0,104,1.0,0.09090909090909091,0.781021897810219,0.2656243764459109,0.8524770258186979,0.6462703962703963
10,sider,SIDER15,tr,104,1366,863,243,0.28157589803012745,243,0,8,855,0.9907300115874855,1.0,0.9927667269439421,0.9793635481399818,0.9986750077135509,0.9944327615886777
10,sider,SIDER15,va,104,1366,95,28,0.29473684210526313,3,25,0,95,1.0,0.10714285714285714,0.7967479674796748,0.2912411862553572,0.81417279187876,0.592857142857143
10,sider,SIDER15,te,104,1366,105,32,0.3047619047619048,2,30,0,105,1.0,0.0625,0.781021897810219,0.220479275922048,0.7770642418576088,0.5555059523809524
11,sider,SIDER15,tr,104,1366,858,248,0.289044289044289,248,0,9,849,0.9895104895104895,1.0,0.9918625678119349,0.9771685480001818,0.9981900489593021,0.9923138017896084
11,sider,SIDER15,va,104,1366,96,27,0.28125,2,25,1,95,0.9895833333333334,0.07407407407407407,0.7886178861788617,0.17081074828123302,0.8448793990464827,0.6408179012345678
11,sider,SIDER15,te,104,1366,109,28,0.25688073394495414,3,25,1,108,0.9908256880733946,0.10714285714285714,0.8102189781021898,0.23465137722575932,0.879511040508818,0.6246723460026212
12,sider,SIDER15,tr,104,1366,865,241,0.2786127167630058,241,0,7,858,0.991907514450867,1.0,0.9936708860759493,0.9817892466971089,0.9992140171552886,0.9968028206173699
12,sider,SIDER15,va,104,1366,92,31,0.33695652173913043,4,27,3,89,0.967391304347826,0.12903225806451613,0.7560975609756098,0.18070905658615624,0.7881981722747353,0.5718793828892006
12,sider,SIDER15,te,104,1366,106,31,0.29245283018867924,1,30,1,105,0.9905660377358491,0.03225806451612903,0.7737226277372263,0.07962429530819834,0.8638378681098646,0.6841144248326233
13,sider,SIDER15,tr,104,1366,857,249,0.29054842473745623,249,0,8,849,0.9906651108518086,1.0,0.9927667269439421,0.9797077556034225,0.9991115872005327,0.9964666132441082
13,sider,SIDER15,va,104,1366,103,20,0.1941747572815534,5,15,1,102,0.9902912621359223,0.25,0.8699186991869918,0.41162622168405744,0.8808900306229218,0.5963592233009709
13,sider,SIDER15,te,104,1366,103,34,0.3300970873786408,4,30,2,101,0.9805825242718447,0.11764705882352941,0.7664233576642335,0.2073428666659714,0.8466732626544038,0.6382067390062821
14,sider,SIDER15,tr,104,1366,863,243,0.28157589803012745,243,0,9,854,0.9895712630359212,1.0,0.9918625678119349,0.9768466779455258,0.9984753179612298,0.9936054246598858
14,sider,SIDER15,va,104,1366,96,27,0.28125,3,24,3,93,0.96875,0.1111111111111111,0.7804878048780488,0.1534561473965414,0.8320241848063115,0.6157407407407407
14,sider,SIDER15,te,104,1366,104,33,0.3173076923076923,3,30,1,103,0.9903846153846154,0.09090909090909091,0.7737226277372263,0.20647845768655,0.8424020502910952,0.6433566433566433
15,sider,SIDER15,tr,104,1366,863,243,0.28157589803012745,243,0,9,854,0.9895712630359212,1.0,0.9918625678119349,0.9768466779455258,0.998863276409351,0.9952887095928167
15,sider,SIDER15,va,104,1366,92,31,0.33695652173913043,3,28,3,89,0.967391304347826,0.0967741935483871,0.7479674796747967,0.12933252992859418,0.8365176873665078,0.6642706872370266
15,sider,SIDER15,te,104,1366,108,29,0.26851851851851855,1,28,1,107,0.9907407407407407,0.034482758620689655,0.7883211678832117,0.0859081432252987,0.9203051725710993,0.7538314176245211
1,sider,SIDER16,tr,104,1366,695,411,0.5913669064748202,246,165,74,621,0.8935251798561151,0.5985401459854015,0.7839059674502713,0.5243844611089856,0.9034847087732114,0.85434192791752
1,sider,SIDER16,va,104,1366,72,51,0.7083333333333334,26,25,16,56,0.7777777777777778,0.5098039215686274,0.6666666666666666,0.2987758064388243,0.8020043479500699,0.7199074074074073
1,sider,SIDER16,te,104,1366,92,45,0.4891304347826087,17,28,17,75,0.8152173913043478,0.37777777777777777,0.6715328467153284,0.2098401257691556,0.8405967805584156,0.6980676328502414
2,sider,SIDER16,tr,104,1366,704,402,0.5710227272727273,235,167,77,627,0.890625,0.5845771144278606,0.779385171790235,0.5079139865625434,0.9096257169549575,0.8517321065128901
2,sider,SIDER16,va,104,1366,74,49,0.6621621621621622,22,27,13,61,0.8243243243243243,0.4489795918367347,0.6747967479674797,0.29654076005702457,0.7903397360765048,0.7382790954219526
2,sider,SIDER16,te,104,1366,81,56,0.691358024691358,25,31,7,74,0.9135802469135802,0.44642857142857145,0.7226277372262774,0.4182924473780893,0.7459725102364936,0.7182539682539683
3,sider,SIDER16,tr,104,1366,701,405,0.5777460770328102,225,180,65,636,0.9072753209700428,0.5555555555555556,0.7784810126582279,0.5069495785084185,0.9016602825969687,0.8447086173191737
3,sider,SIDER16,va,104,1366,72,51,0.7083333333333334,27,24,6,66,0.9166666666666666,0.5294117647058824,0.7560975609756098,0.49600303796052725,0.8612763125725094,0.829248366013072
3,sider,SIDER16,te,104,1366,86,51,0.5930232558139535,28,23,13,73,0.8488372093023255,0.5490196078431373,0.7372262773722628,0.41998479995688565,0.8509625090594262,0.7696078431372548
4,sider,SIDER16,tr,104,1366,706,400,0.56657223796034,240,160,92,614,0.8696883852691218,0.6,0.7721518987341772,0.4923825405378624,0.8999543653511969,0.8410481586402265
4,sider,SIDER16,va,104,1366,72,51,0.7083333333333334,27,24,11,61,0.8472222222222222,0.5294117647058824,0.7154471544715447,0.40157769506903157,0.8212297518451964,0.7629357298474945
4,sider,SIDER16,te,104,1366,81,56,0.691358024691358,30,26,12,69,0.8518518518518519,0.5357142857142857,0.7226277372262774,0.41323385996050954,0.8344690432272952,0.773478835978836
5,sider,SIDER16,tr,104,1366,692,414,0.5982658959537572,263,151,83,609,0.880057803468208,0.6352657004830918,0.7884267631103075,0.5378836253561955,0.9086907227802952,0.8542975622015581
5,sider,SIDER16,va,104,1366,80,43,0.5375,21,22,11,69,0.8625,0.4883720930232558,0.7317073170731707,0.3813575628661046,0.8519271549492274,0.7668604651162789
5,sider,SIDER16,te,104,1366,87,50,0.5747126436781609,18,32,15,72,0.8275862068965517,0.36,0.656934306569343,0.211189290270729,0.7261960866268208,0.6632183908045975
6,sider,SIDER16,tr,104,1366,703,403,0.5732574679943101,255,148,76,627,0.8918918918918919,0.6327543424317618,0.7974683544303798,0.5513557364875626,0.906951341789911,0.8536986117631278
6,sider,SIDER16,va,104,1366,79,44,0.5569620253164557,24,20,14,65,0.8227848101265823,0.5454545454545454,0.7235772357723578,0.3820048040577124,0.8302848489219512,0.7514384349827388
6,sider,SIDER16,te,104,1366,77,60,0.7792207792207793,25,35,14,63,0.8181818181818182,0.4166666666666667,0.6423357664233577,0.258204263461008,0.7231977847686685,0.6909090909090909
7,sider,SIDER16,tr,104,1366,690,416,0.6028985507246377,270,146,84,606,0.8782608695652174,0.6490384615384616,0.7920433996383364,0.5475425570213613,0.9019529364080883,0.8477999581939799
7,sider,SIDER16,va,104,1366,80,43,0.5375,22,21,16,64,0.8,0.5116279069767442,0.6991869918699187,0.32159871360771825,0.8367024551925768,0.7392441860465117
7,sider,SIDER16,te,104,1366,89,48,0.5393258426966292,24,24,20,69,0.7752808988764045,0.5,0.6788321167883211,0.28127030700172295,0.808496347314811,0.7075140449438202
8,sider,SIDER16,tr,104,1366,702,404,0.5754985754985755,249,155,81,621,0.8846153846153846,0.6163366336633663,0.786618444846293,0.5271904551741903,0.9096855527639993,0.8543482553383545
8,sider,SIDER16,va,104,1366,72,51,0.7083333333333334,28,23,11,61,0.8472222222222222,0.5490196078431373,0.7235772357723578,0.41950748156554746,0.8061941600597815,0.7701525054466231
8,sider,SIDER16,te,104,1366,85,52,0.611764705882353,26,26,15,70,0.8235294117647058,0.5,0.7007299270072993,0.34284463508532687,0.7721466400751991,0.7009049773755656
9,sider,SIDER16,tr,104,1366,697,409,0.5868005738880918,247,162,75,622,0.8923959827833573,0.6039119804400978,0.7857142857142857,0.5274038786093174,0.9087249885820232,0.8554773689546187
9,sider,SIDER16,va,104,1366,73,50,0.684931506849315,21,29,12,61,0.8356164383561644,0.42,0.6666666666666666,0.2833720335936435,0.7650593741076641,0.6812328767123287
9,sider,SIDER16,te,104,1366,89,48,0.5393258426966292,25,23,18,71,0.797752808988764,0.5208333333333334,0.7007299270072993,0.3275249195245201,0.7897798977155034,0.7385299625468165
10,sider,SIDER16,tr,104,1366,700,406,0.58,238,168,84,616,0.88,0.5862068965517241,0.7721518987341772,0.4946576880170915,0.9012784837399401,0.8393965517241379
10,sider,SIDER16,va,104,1366,76,47,0.618421052631579,22,25,13,63,0.8289473684210527,0.46808510638297873,0.6910569105691057,0.31987794738474384,0.7893898982177663,0.68994960806271
10,sider,SIDER16,te,104,1366,83,54,0.6506024096385542,31,23,4,79,0.9518072289156626,0.5740740740740741,0.8029197080291971,0.5892363740663976,0.8486612277484555,0.8269745649263722
11,sider,SIDER16,tr,104,1366,697,409,0.5868005738880918,257,152,79,618,0.8866571018651362,0.628361858190709,0.7911392405063291,0.5406127192687519,0.9026486437032677,0.8503155332142995
11,sider,SIDER16,va,104,1366,79,44,0.5569620253164557,24,20,13,66,0.8354430379746836,0.5454545454545454,0.7317073170731707,0.39810534963658867,0.8557303072360412,0.7597813578826237
11,sider,SIDER16,te,104,1366,83,54,0.6506024096385542,22,32,18,65,0.7831325301204819,0.4074074074074074,0.635036496350365,0.20478874370595732,0.7885269195844093,0.6952253458277554
12,sider,SIDER16,tr,104,1366,698,408,0.5845272206303725,228,180,57,641,0.9183381088825215,0.5588235294117647,0.7857142857142857,0.5264162720898444,0.9075397896524986,0.8581345862127085
12,sider,SIDER16,va,104,1366,77,46,0.5974025974025974,25,21,13,64,0.8311688311688312,0.5434782608695652,0.7235772357723578,0.3923244578503094,0.8280161074307559,0.7651044607566346
12,sider,SIDER16,te,104,1366,84,53,0.6309523809523809,29,24,20,64,0.7619047619047619,0.5471698113207547,0.6788321167883211,0.3140519396048248,0.7894209228553952,0.7215858041329739
13,sider,SIDER16,tr,104,1366,693,413,0.5959595959595959,237,176,69,624,0.9004329004329005,0.5738498789346247,0.7784810126582279,0.5128298460410264,0.9003119499764902,0.8469143178586277
13,sider,SIDER16,va,104,1366,82,41,0.5,17,24,15,67,0.8170731707317073,0.4146341463414634,0.6829268292682927,0.24896764872145546,0.889744604606645,0.7712671029149316
13,sider,SIDER16,te,104,1366,84,53,0.6309523809523809,24,29,12,72,0.8571428571428571,0.4528301886792453,0.7007299270072993,0.3429964074783322,0.7925347409800265,0.7468553459119497
14,sider,SIDER16,tr,104,1366,712,394,0.5533707865168539,238,156,73,639,0.8974719101123596,0.6040609137055838,0.7929475587703436,0.5342243882848566,0.9037201035859141,0.8528150487651855
14,sider,SIDER16,va,104,1366,67,56,0.835820895522388,27,29,11,56,0.835820895522388,0.48214285714285715,0.6747967479674797,0.34269499971040296,0.7892917280503589,0.7492004264392323
14,sider,SIDER16,te,104,1366,80,57,0.7125,25,32,17,63,0.7875,0.43859649122807015,0.6423357664233577,0.2417073161506223,0.7471448925008894,0.6736842105263158
15,sider,SIDER16,tr,104,1366,687,419,0.6098981077147017,256,163,78,609,0.8864628820960698,0.6109785202863962,0.7820976491862568,0.5255879811932356,0.9003345923678525,0.8504479717077814
15,sider,SIDER16,va,104,1366,77,46,0.5974025974025974,24,22,15,62,0.8051948051948052,0.5217391304347826,0.6991869918699187,0.33994787786356084,0.8599608727383184,0.7653867871259177
15,sider,SIDER16,te,104,1366,95,42,0.4421052631578947,26,16,27,68,0.7157894736842105,0.6190476190476191,0.6861313868613139,0.31698771587360103,0.8466836688255861,0.7112781954887217
1,sider,SIDER17,tr,104,1366,1027,79,0.07692307692307693,0,79,0,1027,1.0,0.0,0.9285714285714286,0.0,0.9999286968874832,0.999032452886002
1,sider,SIDER17,va,104,1366,114,9,0.07894736842105263,0,9,0,114,1.0,0.0,0.926829268292683,0.0,0.9500853017777324,0.5497076023391814
1,sider,SIDER17,te,104,1366,129,8,0.06201550387596899,0,8,0,129,1.0,0.0,0.9416058394160584,0.0,0.9550581371623008,0.5901162790697674
2,sider,SIDER17,tr,104,1366,1034,72,0.06963249516441006,0,72,0,1034,1.0,0.0,0.9349005424954792,0.0,0.9997429147107186,0.9960845153664304
2,sider,SIDER17,va,104,1366,110,13,0.11818181818181818,0,13,0,110,1.0,0.0,0.8943089430894309,0.0,0.9314204908371426,0.6499999999999999
2,sider,SIDER17,te,104,1366,126,11,0.0873015873015873,0,11,0,126,1.0,0.0,0.9197080291970803,0.0,0.9627938942751414,0.6753246753246754
3,sider,SIDER17,tr,104,1366,1025,81,0.07902439024390244,0,81,0,1025,1.0,0.0,0.9267631103074141,0.0,0.9997769103080072,0.9970129479072569
3,sider,SIDER17,va,104,1366,116,7,0.0603448275862069,0,7,0,116,1.0,0.0,0.943089430894309,0.0,0.9355559071859579,0.46182266009852224
3,sider,SIDER17,te,104,1366,129,8,0.06201550387596899,0,8,0,129,1.0,0.0,0.9416058394160584,0.0,0.9562432675914911,0.6482558139534884
4,sider,SIDER17,tr,104,1366,1028,78,0.07587548638132295,0,78,0,1028,1.0,0.0,0.9294755877034359,0.0,0.9998766771125067,0.9983039010276364
4,sider,SIDER17,va,104,1366,119,4,0.03361344537815126,0,4,0,119,1.0,0.0,0.967479674796748,0.0,0.9749038696222796,0.5777310924369747
4,sider,SIDER17,te,104,1366,123,14,0.11382113821138211,0,14,0,123,1.0,0.0,0.8978102189781022,0.0,0.9048659144132453,0.5490708478513356
5,sider,SIDER17,tr,104,1366,1023,83,0.08113391984359726,0,83,0,1023,1.0,0.0,0.9249547920433996,0.0,0.9998476268965057,0.9980567431014381
5,sider,SIDER17,va,104,1366,115,8,0.06956521739130435,0,8,0,115,1.0,0.0,0.9349593495934959,0.0,0.9465868809323196,0.5076086956521739
5,sider,SIDER17,te,104,1366,132,5,0.03787878787878788,0,5,0,132,1.0,0.0,0.9635036496350365,0.0,0.9675917851844247,0.48030303030303034
6,sider,SIDER17,tr,104,1366,1032,74,0.07170542635658915,0,74,0,1032,1.0,0.0,0.9330922242314648,0.0,0.9998568513820711,0.9979310706054892
6,sider,SIDER17,va,104,1366,113,10,0.08849557522123894,0,10,0,113,1.0,0.0,0.9186991869918699,0.0,0.9560208601174844,0.6884955752212389
6,sider,SIDER17,te,104,1366,125,12,0.096,0,12,0,125,1.0,0.0,0.9124087591240876,0.0,0.9450425064845978,0.658
7,sider,SIDER17,tr,104,1366,1027,79,0.07692307692307693,0,79,0,1027,1.0,0.0,0.9285714285714286,0.0,0.9998261630515988,0.9976458407799539
7,sider,SIDER17,va,104,1366,118,5,0.0423728813559322,0,5,0,118,1.0,0.0,0.959349593495935,0.0,0.9224249040862191,0.3423728813559322
7,sider,SIDER17,te,104,1366,125,12,0.096,0,12,0,125,1.0,0.0,0.9124087591240876,0.0,0.9342516537321123,0.5886666666666667
8,sider,SIDER17,tr,104,1366,1023,83,0.08113391984359726,0,83,0,1023,1.0,0.0,0.9249547920433996,0.0,0.9997137407201108,0.996272479949122
8,sider,SIDER17,va,104,1366,113,10,0.08849557522123894,0,10,0,113,1.0,0.0,0.9186991869918699,0.0,0.9478562229559824,0.6123893805309735
8,sider,SIDER17,te,104,1366,134,3,0.022388059701492536,0,3,0,134,1.0,0.0,0.9781021897810219,0.0,0.9616054646689691,0.4651741293532339
9,sider,SIDER17,tr,104,1366,1023,83,0.08113391984359726,0,83,0,1023,1.0,0.0,0.9249547920433996,0.0,0.999718175826286,0.9963254778645374
9,sider,SIDER17,va,104,1366,118,5,0.0423728813559322,0,5,0,118,1.0,0.0,0.959349593495935,0.0,0.9697330840551757,0.5949152542372882
9,sider,SIDER17,te,104,1366,129,8,0.06201550387596899,0,8,0,129,1.0,0.0,0.9416058394160584,0.0,0.9609724814626097,0.5765503875968991
10,sider,SIDER17,tr,104,1366,1023,83,0.08113391984359726,0,83,0,1023,1.0,0.0,0.9249547920433996,0.0,0.9998674888665389,0.9982687347630994
10,sider,SIDER17,va,104,1366,115,8,0.06956521739130435,0,8,0,115,1.0,0.0,0.9349593495934959,0.0,0.9266997807463935,0.42228260869565215
10,sider,SIDER17,te,104,1366,132,5,0.03787878787878788,0,5,0,132,1.0,0.0,0.9635036496350365,0.0,0.9817871900577061,0.6787878787878787
11,sider,SIDER17,tr,104,1366,1030,76,0.07378640776699029,0,76,0,1030,1.0,0.0,0.9312839059674503,0.0,0.9997889098344297,0.9969787940725601
11,sider,SIDER17,va,104,1366,112,11,0.09821428571428571,0,11,0,112,1.0,0.0,0.9105691056910569,0.0,0.9362168435303827,0.5811688311688312
11,sider,SIDER17,te,104,1366,128,9,0.0703125,0,9,0,128,1.0,0.0,0.9343065693430657,0.0,0.9483282508487054,0.568576388888889
12,sider,SIDER17,tr,104,1366,1025,81,0.07902439024390244,0,81,0,1025,1.0,0.0,0.9267631103074141,0.0,0.9999035968160568,0.9987172538392051
12,sider,SIDER17,va,104,1366,117,6,0.05128205128205128,0,6,0,117,1.0,0.0,0.9512195121951219,0.0,0.9653540599080367,0.603988603988604
12,sider,SIDER17,te,104,1366,128,9,0.0703125,0,9,0,128,1.0,0.0,0.9343065693430657,0.0,0.9155797734362456,0.46527777777777785
13,sider,SIDER17,tr,104,1366,1026,80,0.07797270955165692,0,80,0,1026,1.0,0.0,0.9276672694394213,0.0,0.9997832919951193,0.9970882066276803
13,sider,SIDER17,va,104,1366,118,5,0.0423728813559322,0,5,0,118,1.0,0.0,0.959349593495935,0.0,0.9548733872678302,0.5694915254237288
13,sider,SIDER17,te,104,1366,126,11,0.0873015873015873,0,11,0,126,1.0,0.0,0.9197080291970803,0.0,0.9104410420947973,0.5981240981240982
14,sider,SIDER17,tr,104,1366,1034,72,0.06963249516441006,0,72,0,1034,1.0,0.0,0.9349005424954792,0.0,0.9998875555285653,0.9983276918117343
14,sider,SIDER17,va,104,1366,115,8,0.06956521739130435,0,8,0,115,1.0,0.0,0.9349593495934959,0.0,0.9665364116218332,0.7097826086956522
14,sider,SIDER17,te,104,1366,121,16,0.1322314049586777,0,16,0,121,1.0,0.0,0.8832116788321168,0.0,0.874711415539613,0.5490702479338843
15,sider,SIDER17,tr,104,1366,1025,81,0.07902439024390244,0,81,0,1025,1.0,0.0,0.9267631103074141,0.0,0.999883703659419,0.9984582956940681
15,sider,SIDER17,va,104,1366,115,8,0.06956521739130435,0,8,0,115,1.0,0.0,0.9349593495934959,0.0,0.9210983183289004,0.4179347826086956
15,sider,SIDER17,te,104,1366,130,7,0.05384615384615385,0,7,0,130,1.0,0.0,0.948905109489051,0.0,0.9473340835370505,0.6351648351648351
1,sider,SIDER18,tr,104,1366,194,912,4.701030927835052,910,2,0,194,1.0,0.9978070175438597,0.9981916817359855,0.9937933956729678,0.9933214586590766,0.9990391571712788
1,sider,SIDER18,va,104,1366,29,94,3.2413793103448274,90,4,29,0,0.0,0.9574468085106383,0.7317073170731707,-0.10183371489346753,0.4436597625987348,0.7787967718268526
1,sider,SIDER18,te,104,1366,26,111,4.269230769230769,111,0,26,0,0.0,1.0,0.8102189781021898,0.0,0.21621964001345984,0.5675675675675675
2,sider,SIDER18,tr,104,1366,206,900,4.368932038834951,896,4,0,206,1.0,0.9955555555555555,0.9963833634719711,0.9882269944666522,0.9786145555175729,0.997497303128371
2,sider,SIDER18,va,104,1366,16,107,6.6875,104,3,15,1,0.0625,0.9719626168224299,0.8536585365853658,0.06535768413162321,0.1726454722860544,0.5975467289719627
2,sider,SIDER18,te,104,1366,27,110,4.074074074074074,110,0,27,0,0.0,1.0,0.8029197080291971,0.0,0.30080123543131293,0.6104377104377103
3,sider,SIDER18,tr,104,1366,204,902,4.421568627450981,897,5,0,204,1.0,0.9944567627494457,0.9954792043399638,0.9852237974717837,0.9874140333283346,0.9984538715708012
3,sider,SIDER18,va,104,1366,21,102,4.857142857142857,102,0,21,0,0.0,1.0,0.8292682926829268,0.0,0.28158449657289464,0.6199813258636788
3,sider,SIDER18,te,104,1366,24,113,4.708333333333333,112,1,23,1,0.041666666666666664,0.9911504424778761,0.8248175182481752,0.10400717058371801,0.2547255521733179,0.650811209439528
4,sider,SIDER18,tr,104,1366,205,901,4.3951219512195125,895,6,0,205,1.0,0.9933407325194229,0.9945750452079566,0.9823920177904525,0.9742769178392653,0.996183102785523
4,sider,SIDER18,va,104,1366,25,98,3.92,98,0,25,0,0.0,1.0,0.7967479674796748,0.0,0.2589173697273786,0.6387755102040816
4,sider,SIDER18,te,104,1366,19,118,6.2105263157894735,116,2,18,1,0.05263157894736842,0.9830508474576272,0.8540145985401459,0.0842673150106464,0.34432583436766784,0.7488849241748439
5,sider,SIDER18,tr,104,1366,196,910,4.642857142857143,906,4,0,196,1.0,0.9956043956043956,0.9963833634719711,0.9877713843254965,0.9915209070173477,0.998637586902893
5,sider,SIDER18,va,104,1366,29,94,3.2413793103448274,94,0,29,0,0.0,1.0,0.7642276422764228,0.0,0.3903274968563302,0.6858033749082906
5,sider,SIDER18,te,104,1366,24,113,4.708333333333333,111,2,24,0,0.0,0.9823008849557522,0.8102189781021898,-0.05609375492155578,0.16860556162365242,0.504424778761062
6,sider,SIDER18,tr,104,1366,201,905,4.502487562189055,902,3,0,201,1.0,0.9966850828729282,0.9972875226039783,0.9909732333929446,0.9882138118414692,0.9984030125615019
6,sider,SIDER18,va,104,1366,21,102,4.857142857142857,101,1,21,0,0.0,0.9901960784313726,0.8211382113821138,-0.04107992538953276,0.16974826129093012,0.4771241830065359
6,sider,SIDER18,te,104,1366,27,110,4.074074074074074,110,0,27,0,0.0,1.0,0.8029197080291971,0.0,0.2795749976551789,0.6053872053872054
7,sider,SIDER18,tr,104,1366,199,907,4.557788944723618,902,5,0,199,1.0,0.9944873208379272,0.9954792043399638,0.9849429585522724,0.9900128519112332,0.9983794385377827
7,sider,SIDER18,va,104,1366,25,98,3.92,98,0,25,0,0.0,1.0,0.7967479674796748,0.0,0.5175154916311729,0.7289795918367348
7,sider,SIDER18,te,104,1366,25,112,4.48,111,1,25,0,0.0,0.9910714285714286,0.8102189781021898,-0.04051273272200974,0.3257512725604689,0.6821428571428572
8,sider,SIDER18,tr,104,1366,208,898,4.3173076923076925,893,5,0,208,1.0,0.9944320712694877,0.9954792043399638,0.9854382758032546,0.9703555895489825,0.9960194663354462
8,sider,SIDER18,va,104,1366,15,108,7.2,107,1,15,0,0.0,0.9907407407407407,0.8699186991869918,-0.03374068042412064,0.1378551440406341,0.5709876543209876
8,sider,SIDER18,te,104,1366,26,111,4.269230769230769,110,1,25,1,0.038461538461538464,0.990990990990991,0.8102189781021898,0.09629170579767408,0.4455685375994358,0.725918225918226
9,sider,SIDER18,tr,104,1366,195,911,4.671794871794872,907,4,0,195,1.0,0.995609220636663,0.9963833634719711,0.9877231266887118,0.9925766704842535,0.9990486644712769
9,sider,SIDER18,va,104,1366,26,97,3.730769230769231,95,2,26,0,0.0,0.979381443298969,0.7723577235772358,-0.06656150292245383,0.30025690199934607,0.6609833465503568
9,sider,SIDER18,te,104,1366,28,109,3.892857142857143,109,0,28,0,0.0,1.0,0.7956204379562044,0.0,0.3990593528620884,0.696264744429882
10,sider,SIDER18,tr,104,1366,206,900,4.368932038834951,895,5,0,206,1.0,0.9944444444444445,0.9954792043399638,0.9853321319311084,0.9931433570880832,0.9989023732470335
10,sider,SIDER18,va,104,1366,16,107,6.6875,106,1,14,2,0.125,0.9906542056074766,0.8780487804878049,0.25220985921274197,0.3014419016711141,0.6629672897196262
10,sider,SIDER18,te,104,1366,27,110,4.074074074074074,109,1,27,0,0.0,0.990909090909091,0.7956204379562044,-0.04248308880277603,0.36238178183654024,0.6468013468013468
11,sider,SIDER18,tr,104,1366,204,902,4.421568627450981,897,5,0,204,1.0,0.9944567627494457,0.9954792043399638,0.9852237974717837,0.9795384535374309,0.9977854223729404
11,sider,SIDER18,va,104,1366,21,102,4.857142857142857,100,2,21,0,0.0,0.9803921568627451,0.8130081300813008,-0.0583353589017947,0.31182077422901805,0.7128851540616247
11,sider,SIDER18,te,104,1366,24,113,4.708333333333333,112,1,23,1,0.041666666666666664,0.9911504424778761,0.8248175182481752,0.10400717058371801,0.22403002331021069,0.5449852507374631
12,sider,SIDER18,tr,104,1366,205,901,4.3951219512195125,897,4,0,205,1.0,0.9955604883462819,0.9963833634719711,0.9881835351267675,0.9768245151590335,0.9974662299342195
12,sider,SIDER18,va,104,1366,23,100,4.3478260869565215,99,1,22,1,0.043478260869565216,0.99,0.8130081300813008,0.10320936930842707,0.33368363608266893,0.7165217391304348
12,sider,SIDER18,te,104,1366,21,116,5.523809523809524,115,1,20,1,0.047619047619047616,0.9913793103448276,0.8467153284671532,0.11713942320487453,0.1885388387854624,0.5500821018062397
13,sider,SIDER18,tr,104,1366,201,905,4.502487562189055,901,4,0,201,1.0,0.9955801104972376,0.9963833634719711,0.9880051402303947,0.9974017784487627,0.9994502624996564
13,sider,SIDER18,va,104,1366,19,104,5.473684210526316,102,2,19,0,0.0,0.9807692307692307,0.8292682926829268,-0.054951865893362054,0.2420674915694837,0.6518218623481781
13,sider,SIDER18,te,104,1366,29,108,3.7241379310344827,108,0,27,2,0.06896551724137931,1.0,0.8029197080291971,0.23488808780588002,0.35025761934572663,0.6082375478927202
14,sider,SIDER18,tr,104,1366,207,899,4.342995169082125,899,0,206,1,0.004830917874396135,1.0,0.8137432188065099,0.06269220342442965,0.9882645155409716,0.9972325665124426
14,sider,SIDER18,va,104,1366,20,103,5.15,103,0,20,0,0.0,1.0,0.8373983739837398,0.0,0.5305886066763247,0.745631067961165
14,sider,SIDER18,te,104,1366,22,115,5.2272727272727275,115,0,22,0,0.0,1.0,0.8394160583941606,0.0,0.30107030523364275,0.6656126482213439
15,sider,SIDER18,tr,104,1366,203,903,4.448275862068965,898,5,0,203,1.0,0.9944629014396457,0.9954792043399638,0.9851687892092207,0.9584816285630342,0.9954148459704651
15,sider,SIDER18,va,104,1366,21,102,4.857142857142857,101,1,21,0,0.0,0.9901960784313726,0.8211382113821138,-0.04107992538953276,0.2469495972988318,0.6148459383753501
15,sider,SIDER18,te,104,1366,25,112,4.48,112,0,25,0,0.0,1.0,0.8175182481751825,0.0,0.23062882201073764,0.6128571428571429
1,sider,SIDER19,tr,104,1366,775,331,0.4270967741935484,331,0,6,769,0.9922580645161291,1.0,0.9945750452079566,0.98721413524494,0.9986274066946712,0.9959282720982361
1,sider,SIDER19,va,104,1366,85,38,0.4470588235294118,6,32,9,76,0.8941176470588236,0.15789473684210525,0.6666666666666666,0.07344301770069907,0.7790706859207552,0.6541795665634675
1,sider,SIDER19,te,104,1366,103,34,0.3300970873786408,5,29,5,98,0.9514563106796117,0.14705882352941177,0.7518248175182481,0.16359090829644027,0.853518048351604,0.6479154768703598
2,sider,SIDER19,tr,104,1366,782,324,0.4143222506393862,323,1,6,776,0.9923273657289002,0.9969135802469136,0.9936708860759493,0.9848486804019795,0.9975770883771874,0.994144880174292
2,sider,SIDER19,va,104,1366,87,36,0.41379310344827586,5,31,2,85,0.9770114942528736,0.1388888888888889,0.7317073170731707,0.22762383378064677,0.8663814089664519,0.7132822477650064
2,sider,SIDER19,te,104,1366,94,43,0.4574468085106383,4,39,3,91,0.9680851063829787,0.09302325581395349,0.6934306569343066,0.12878880173933208,0.8395323457268565,0.6855517070757051
3,sider,SIDER19,tr,104,1366,787,319,0.40533672172808133,318,1,3,784,0.9961880559085133,0.9968652037617555,0.9963833634719711,0.9912150887093,0.9962847835075911,0.9952480153593064
3,sider,SIDER19,va,104,1366,78,45,0.5769230769230769,4,41,2,76,0.9743589743589743,0.08888888888888889,0.6504065040650406,0.14142652165383257,0.7485553906923714,0.6692307692307693
3,sider,SIDER19,te,104,1366,98,39,0.3979591836734694,3,36,1,97,0.9897959183673469,0.07692307692307693,0.7299270072992701,0.17882944261810332,0.8189992360628318,0.6479591836734693
4,sider,SIDER19,tr,104,1366,789,317,0.4017743979721166,317,0,7,782,0.991128010139417,1.0,0.9936708860759493,0.9847409561204897,0.9982503273921034,0.9942805851755007
4,sider,SIDER19,va,104,1366,87,36,0.41379310344827586,3,33,2,85,0.9770114942528736,0.08333333333333333,0.7154471544715447,0.1390352498517701,0.8119541727325227,0.6765644955300127
4,sider,SIDER19,te,104,1366,87,50,0.5747126436781609,6,44,3,84,0.9655172413793104,0.12,0.656934306569343,0.16617744289985803,0.6942275058312917,0.5660919540229885
5,sider,SIDER19,tr,104,1366,775,331,0.4270967741935484,330,1,6,769,0.9922580645161291,0.9969788519637462,0.9936708860759493,0.985031597602117,0.9978693170839519,0.9944332911022318
5,sider,SIDER19,va,104,1366,90,33,0.36666666666666664,3,30,5,85,0.9444444444444444,0.09090909090909091,0.7154471544715447,0.06352097575605481,0.7869581537907134,0.6313131313131313
5,sider,SIDER19,te,104,1366,98,39,0.3979591836734694,5,34,3,95,0.9693877551020408,0.1282051282051282,0.7299270072992701,0.1878121316015527,0.8152442652779519,0.6527995813710099
6,sider,SIDER19,tr,104,1366,791,315,0.39823008849557523,314,1,5,786,0.9936788874841972,0.9968253968253968,0.9945750452079566,0.9867727988090494,0.9980252243086687,0.9947103325105854
6,sider,SIDER19,va,104,1366,81,42,0.5185185185185185,4,38,5,76,0.9382716049382716,0.09523809523809523,0.6504065040650406,0.061018849707252805,0.8046218502280547,0.6725455614344502
6,sider,SIDER19,te,104,1366,91,46,0.5054945054945055,3,43,3,88,0.967032967032967,0.06521739130434782,0.6642335766423357,0.07442569236419598,0.7912560926792871,0.6605351170568562
7,sider,SIDER19,tr,104,1366,772,334,0.4326424870466321,333,1,6,766,0.9922279792746114,0.9970059880239521,0.9936708860759493,0.9851069267289583,0.9972299540083123,0.99319560361143
7,sider,SIDER19,va,104,1366,88,35,0.3977272727272727,3,32,1,87,0.9886363636363636,0.08571428571428572,0.7317073170731707,0.18912835611499862,0.8324475432256376,0.686038961038961
7,sider,SIDER19,te,104,1366,103,34,0.3300970873786408,6,28,3,100,0.970873786407767,0.17647058823529413,0.7737226277372263,0.25690076127213846,0.8947104319678617,0.7233009708737864
8,sider,SIDER19,tr,104,1366,790,316,0.4,315,1,3,787,0.9962025316455696,0.9968354430379747,0.9963833634719711,0.9911657234933138,0.9962746030339481,0.9949827751962826
8,sider,SIDER19,va,104,1366,81,42,0.5185185185185185,4,38,3,78,0.9629629629629629,0.09523809523809523,0.6666666666666666,0.1191296925623989,0.7343519223288952,0.6172839506172839
8,sider,SIDER19,te,104,1366,92,45,0.4891304347826087,5,40,8,84,0.9130434782608695,0.1111111111111111,0.6496350364963503,0.038709477629018114,0.7418574189695495,0.5801932367149758
9,sider,SIDER19,tr,104,1366,789,317,0.4017743979721166,316,1,3,786,0.9961977186311787,0.9968454258675079,0.9963833634719711,0.9911823103958047,0.9991198329164306,0.9972132596066577
9,sider,SIDER19,va,104,1366,82,41,0.5,9,32,6,76,0.926829268292683,0.21951219512195122,0.6910569105691057,0.21081851067789176,0.7723074731554593,0.6754907792980369
9,sider,SIDER19,te,104,1366,92,45,0.4891304347826087,8,37,3,89,0.967391304347826,0.17777777777777778,0.708029197080292,0.2508953927305671,0.7556255895994705,0.6263285024154588
10,sider,SIDER19,tr,104,1366,772,334,0.4326424870466321,333,1,3,769,0.9961139896373057,0.9970059880239521,0.9963833634719711,0.991444939872514,0.9961298209007023,0.9947915050727562
10,sider,SIDER19,va,104,1366,91,32,0.3516483516483517,5,27,2,89,0.978021978021978,0.15625,0.7642276422764228,0.2542746454688645,0.8600466058057827,0.6875
10,sider,SIDER19,te,104,1366,100,37,0.37,2,35,9,91,0.91,0.05405405405405406,0.6788321167883211,-0.058731239126707024,0.7160051828536964,0.49162162162162165
11,sider,SIDER19,tr,104,1366,777,329,0.42342342342342343,329,0,7,770,0.990990990990991,1.0,0.9936708860759493,0.9850610871135583,0.9982146367738444,0.9945879444359688
11,sider,SIDER19,va,104,1366,88,35,0.3977272727272727,7,28,4,84,0.9545454545454546,0.2,0.7398373983739838,0.24435781919482902,0.780438777858626,0.6076298701298701
11,sider,SIDER19,te,104,1366,98,39,0.3979591836734694,5,34,4,94,0.9591836734693877,0.1282051282051282,0.7226277372262774,0.1591750100324376,0.7797483870588655,0.6070120355834641
12,sider,SIDER19,tr,104,1366,788,318,0.4035532994923858,318,0,8,780,0.9898477157360406,1.0,0.9927667269439421,0.982627586751759,0.9988272743682118,0.9963784599176324
12,sider,SIDER19,va,104,1366,82,41,0.5,3,38,2,80,0.975609756097561,0.07317073170731707,0.6747967479674797,0.11644450194791608,0.8800289186778181,0.7790005948839976
12,sider,SIDER19,te,104,1366,93,44,0.4731182795698925,4,40,3,90,0.967741935483871,0.09090909090909091,0.6861313868613139,0.12437203288994161,0.7393331344389849,0.5999511241446726
13,sider,SIDER19,tr,104,1366,781,325,0.41613316261203587,325,0,4,777,0.9948783610755442,1.0,0.9963833634719711,0.9913539103320028,0.9991938842394211,0.997516005121639
13,sider,SIDER19,va,104,1366,83,40,0.4819277108433735,7,33,3,80,0.963855421686747,0.175,0.7073170731707317,0.23800860659233886,0.8105065838224221,0.7102409638554218
13,sider,SIDER19,te,104,1366,99,38,0.3838383838383838,5,33,7,92,0.9292929292929293,0.13157894736842105,0.708029197080292,0.09640075987061929,0.780233463507698,0.5665869218500797
14,sider,SIDER19,tr,104,1366,796,310,0.38944723618090454,310,0,4,792,0.9949748743718593,1.0,0.9963833634719711,0.9911105060526231,0.9995964108608941,0.9988389528286594
14,sider,SIDER19,va,104,1366,77,46,0.5974025974025974,7,39,3,74,0.961038961038961,0.15217391304347827,0.6585365853658537,0.20043837467322542,0.8097748770204924,0.721485036702428
14,sider,SIDER19,te,104,1366,90,47,0.5222222222222223,5,42,4,86,0.9555555555555556,0.10638297872340426,0.6642335766423357,0.11868746884722339,0.7712277850225718,0.6283687943262412
15,sider,SIDER19,tr,104,1366,782,324,0.4143222506393862,324,0,8,774,0.989769820971867,1.0,0.9927667269439421,0.9828122637450785,0.9987326127715814,0.9962485396735183
15,sider,SIDER19,va,104,1366,80,43,0.5375,3,40,5,75,0.9375,0.06976744186046512,0.6341463414634146,0.014052929700415225,0.8352607416380393,0.7186046511627907
15,sider,SIDER19,te,104,1366,101,36,0.3564356435643564,3,33,0,101,1.0,0.08333333333333333,0.7591240875912408,0.25062111896971373,0.9062100697542926,0.7808030803080308
1,sider,SIDER20,tr,104,1366,818,288,0.35207823960880197,288,0,4,814,0.9951100244498777,1.0,0.9963833634719711,0.9906959070670129,0.999186689340519,0.9972048186634067
1,sider,SIDER20,va,104,1366,95,28,0.29473684210526313,2,26,2,93,0.9789473684210527,0.07142857142857142,0.7723577235772358,0.11908594400057254,0.8315302412054243,0.5823308270676691
1,sider,SIDER20,te,104,1366,108,29,0.26851851851851855,4,25,9,99,0.9166666666666666,0.13793103448275862,0.7518248175182481,0.07610316434400761,0.7692131803121497,0.48882503192848026
2,sider,SIDER20,tr,104,1366,829,277,0.3341375150784077,0,277,0,829,1.0,0.0,0.7495479204339964,0.0,0.9985065261004087,0.9957932875501344
2,sider,SIDER20,va,104,1366,91,32,0.3516483516483517,0,32,0,91,1.0,0.0,0.7398373983739838,0.0,0.7694349010238515,0.570054945054945
2,sider,SIDER20,te,104,1366,101,36,0.3564356435643564,2,34,0,101,1.0,0.05555555555555555,0.7518248175182481,0.20387198436330095,0.8145082550699757,0.6413641364136414
3,sider,SIDER20,tr,104,1366,833,273,0.3277310924369748,5,268,0,833,1.0,0.018315018315018316,0.7576853526220615,0.1177151932330833,0.9988723318088333,0.9958686771411861
3,sider,SIDER20,va,104,1366,85,38,0.4470588235294118,2,36,0,85,1.0,0.05263157894736842,0.7073170731707317,0.19228259614746404,0.70986719206015,0.5523219814241487
3,sider,SIDER20,te,104,1366,103,34,0.3300970873786408,1,33,0,103,1.0,0.029411764705882353,0.7591240875912408,0.14924840536900166,0.8044268294689256,0.6524842946887494
4,sider,SIDER20,tr,104,1366,836,270,0.3229665071770335,2,268,0,836,1.0,0.007407407407407408,0.7576853526220615,0.07489480903792081,0.9983153778491543,0.993669147616516
4,sider,SIDER20,va,104,1366,86,37,0.43023255813953487,0,37,0,86,1.0,0.0,0.6991869918699187,0.0,0.7602490243703347,0.6502199874292898
4,sider,SIDER20,te,104,1366,99,38,0.3838383838383838,0,38,0,99,1.0,0.0,0.7226277372262774,0.0,0.7826132010021134,0.6075225943646997
5,sider,SIDER20,tr,104,1366,825,281,0.3406060606060606,11,270,0,825,1.0,0.03914590747330961,0.755877034358047,0.17173669360956498,0.9982291419249085,0.9949638736115606
5,sider,SIDER20,va,104,1366,100,23,0.23,1,22,2,98,0.98,0.043478260869565216,0.8048780487804879,0.059344242605620476,0.7985925377126699,0.5473913043478261
5,sider,SIDER20,te,104,1366,96,41,0.4270833333333333,1,40,1,95,0.9895833333333334,0.024390243902439025,0.7007299270072993,0.053352314260175865,0.7115904285355505,0.5320121951219512
6,sider,SIDER20,tr,104,1366,834,272,0.3261390887290168,1,271,0,834,1.0,0.003676470588235294,0.7549728752260397,0.05267656343549727,0.9993952704156208,0.9977253491324587
6,sider,SIDER20,va,104,1366,88,35,0.3977272727272727,0,35,0,88,1.0,0.0,0.7154471544715447,0.0,0.7490595821867722,0.611038961038961
6,sider,SIDER20,te,104,1366,99,38,0.3838383838383838,1,37,0,99,1.0,0.02631578947368421,0.7299270072992701,0.1384064548683537,0.809774613262473,0.6564327485380117
7,sider,SIDER20,tr,104,1366,821,285,0.3471376370280146,0,285,0,821,1.0,0.0,0.7423146473779385,0.0,0.9981817287574422,0.9951513985939271
7,sider,SIDER20,va,104,1366,90,33,0.36666666666666664,0,33,0,90,1.0,0.0,0.7317073170731707,0.0,0.794531507352609,0.6717171717171717
7,sider,SIDER20,te,104,1366,110,27,0.24545454545454545,0,27,0,110,1.0,0.0,0.8029197080291971,0.0,0.8834469830760789,0.6983164983164983
8,sider,SIDER20,tr,104,1366,822,284,0.34549878345498786,18,266,0,822,1.0,0.06338028169014084,0.759493670886076,0.2188258094463892,0.998320788218073,0.9960226688598744
8,sider,SIDER20,va,104,1366,96,27,0.28125,1,26,0,96,1.0,0.037037037037037035,0.7886178861788617,0.17071583991052527,0.7920340373004203,0.5489969135802469
8,sider,SIDER20,te,104,1366,103,34,0.3300970873786408,0,34,1,102,0.9902912621359223,0.0,0.7445255474452555,-0.04926646390821414,0.7691792666341024,0.5631067961165048
9,sider,SIDER20,tr,104,1366,835,271,0.32455089820359284,10,261,0,835,1.0,0.03690036900369004,0.7640144665461122,0.16766920889473994,0.9987175241164619,0.9951742271913737
9,sider,SIDER20,va,104,1366,87,36,0.41379310344827586,0,36,0,87,1.0,0.0,0.7073170731707317,0.0,0.7876808683929859,0.6120689655172414
9,sider,SIDER20,te,104,1366,99,38,0.3838383838383838,1,37,0,99,1.0,0.02631578947368421,0.7299270072992701,0.1384064548683537,0.7268819536685884,0.5467836257309941
10,sider,SIDER20,tr,104,1366,821,285,0.3471376370280146,1,284,0,821,1.0,0.0035087719298245615,0.7432188065099458,0.05105849501768987,0.997910985494196,0.9952176421565485
10,sider,SIDER20,va,104,1366,97,26,0.26804123711340205,0,26,0,97,1.0,0.0,0.7886178861788617,0.0,0.8467552573021966,0.6169706582077716
10,sider,SIDER20,te,104,1366,103,34,0.3300970873786408,0,34,0,103,1.0,0.0,0.7518248175182481,0.0,0.7537542553649152,0.5276984580239863
11,sider,SIDER20,tr,104,1366,821,285,0.3471376370280146,10,275,0,821,1.0,0.03508771929824561,0.7513562386980108,0.16212271627152935,0.9984703221625224,0.99510225014424
11,sider,SIDER20,va,104,1366,95,28,0.29473684210526313,0,28,1,94,0.9894736842105263,0.0,0.7642276422764228,-0.04915155902879479,0.7621410455737834,0.5048872180451127
11,sider,SIDER20,te,104,1366,105,32,0.3047619047619048,0,32,2,103,0.9809523809523809,0.0,0.7518248175182481,-0.06719368409052891,0.8027142874245901,0.5870535714285715
12,sider,SIDER20,tr,104,1366,829,277,0.3341375150784077,0,277,0,829,1.0,0.0,0.7495479204339964,0.0,0.9991203361483845,0.9968558525995829
12,sider,SIDER20,va,104,1366,93,30,0.3225806451612903,2,28,0,93,1.0,0.06666666666666667,0.7723577235772358,0.22636181087252075,0.8246989649263197,0.6738351254480286
12,sider,SIDER20,te,104,1366,99,38,0.3838383838383838,0,38,0,99,1.0,0.0,0.7226277372262774,0.0,0.8040860075459586,0.621477937267411
13,sider,SIDER20,tr,104,1366,819,287,0.3504273504273504,0,287,0,819,1.0,0.0,0.740506329113924,0.0,0.998799712545327,0.9959519767882138
13,sider,SIDER20,va,104,1366,96,27,0.28125,0,27,0,96,1.0,0.0,0.7804878048780488,0.0,0.9050307118712557,0.7442129629629629
13,sider,SIDER20,te,104,1366,106,31,0.29245283018867924,1,30,0,106,1.0,0.03225806451612903,0.781021897810219,0.158563283866448,0.8254886816593406,0.6116859403530128
14,sider,SIDER20,tr,104,1366,831,275,0.3309265944645006,2,273,0,831,1.0,0.007272727272727273,0.7531645569620253,0.07398856871433085,0.9992464980588854,0.9973241439667433
14,sider,SIDER20,va,104,1366,96,27,0.28125,1,26,0,96,1.0,0.037037037037037035,0.7886178861788617,0.17071583991052527,0.8217463125864247,0.5844907407407408
14,sider,SIDER20,te,104,1366,94,43,0.4574468085106383,0,43,0,94,1.0,0.0,0.6861313868613139,0.0,0.7084853766055796,0.5665512122711529
15,sider,SIDER20,tr,104,1366,839,267,0.3182359952324195,3,264,0,839,1.0,0.011235955056179775,0.7613019891500904,0.09244814915933772,0.9987397080680571,0.9953350921598297
15,sider,SIDER20,va,104,1366,87,36,0.41379310344827586,0,36,0,87,1.0,0.0,0.7073170731707317,0.0,0.8005615935523075,0.6712962962962962
15,sider,SIDER20,te,104,1366,95,42,0.4421052631578947,0,42,0,95,1.0,0.0,0.6934306569343066,0.0,0.7727926740695064,0.6275689223057643
1,sider,SIDER21,tr,104,1366,776,330,0.4252577319587629,330,0,6,770,0.9922680412371134,1.0,0.9945750452079566,0.9871924680993899,0.9988352422078428,0.9964796157450797
1,sider,SIDER21,va,104,1366,90,33,0.36666666666666664,8,25,3,87,0.9666666666666667,0.24242424242424243,0.7723577235772358,0.3246444790542435,0.8880893747252205,0.746969696969697
1,sider,SIDER21,te,104,1366,116,21,0.1810344827586207,6,15,10,106,0.9137931034482759,0.2857142857142857,0.8175182481751825,0.2237922026465511,0.9157781136341496,0.6802134646962233
2,sider,SIDER21,tr,104,1366,798,308,0.38596491228070173,308,0,7,791,0.9912280701754386,1.0,0.9936708860759493,0.9844799539488326,0.9983809579716456,0.994548058457833
2,sider,SIDER21,va,104,1366,92,31,0.33695652173913043,4,27,6,86,0.9347826086956522,0.12903225806451613,0.7317073170731707,0.10138119491171028,0.8251544953343808,0.6621669004207573
2,sider,SIDER21,te,104,1366,92,45,0.4891304347826087,9,36,5,87,0.9456521739130435,0.2,0.7007299270072993,0.22583984549400393,0.8411419539672655,0.7192028985507247
3,sider,SIDER21,tr,104,1366,800,306,0.3825,306,0,4,796,0.995,1.0,0.9963833634719711,0.9910405089210937,0.9994902308373882,0.9985130718954248
3,sider,SIDER21,va,104,1366,85,38,0.4470588235294118,4,34,6,79,0.9294117647058824,0.10526315789473684,0.6747967479674797,0.05862428240796618,0.8051063059866177,0.6484520123839009
3,sider,SIDER21,te,104,1366,97,40,0.41237113402061853,8,32,5,92,0.9484536082474226,0.2,0.7299270072992701,0.23031599604417066,0.87833119693288,0.7528350515463917
4,sider,SIDER21,tr,104,1366,796,310,0.38944723618090454,310,0,5,791,0.9937185929648241,1.0,0.9954792043399638,0.9889111597941356,0.9988406707379124,0.9962412870805641
4,sider,SIDER21,va,104,1366,88,35,0.3977272727272727,10,25,2,86,0.9772727272727273,0.2857142857142857,0.7804878048780488,0.39990565753004115,0.9096644078173872,0.7987012987012987
4,sider,SIDER21,te,104,1366,98,39,0.3979591836734694,2,37,5,93,0.9489795918367347,0.05128205128205128,0.6934306569343066,0.0005362088312904021,0.7905732135582275,0.6140763997906855
5,sider,SIDER21,tr,104,1366,785,321,0.4089171974522293,321,0,6,779,0.9923566878980892,1.0,0.9945750452079566,0.9869895178286489,0.9983114401684186,0.9943806178939221
5,sider,SIDER21,va,104,1366,87,36,0.41379310344827586,6,30,6,81,0.9310344827586207,0.16666666666666666,0.7073170731707317,0.14981608275400593,0.8331179884677662,0.7132822477650064
5,sider,SIDER21,te,104,1366,110,27,0.24545454545454545,3,24,4,106,0.9636363636363636,0.1111111111111111,0.7956204379562044,0.13503739569133494,0.9018488816375954,0.6841750841750841
6,sider,SIDER21,tr,104,1366,807,299,0.3705080545229244,299,0,5,802,0.9938042131350682,1.0,0.9954792043399638,0.988665134968985,0.9996533248723709,0.9989763482570981
6,sider,SIDER21,va,104,1366,84,39,0.4642857142857143,5,34,4,80,0.9523809523809523,0.1282051282051282,0.6910569105691057,0.14399861000359707,0.7623968426432215,0.6004273504273504
6,sider,SIDER21,te,104,1366,91,46,0.5054945054945055,5,41,2,89,0.978021978021978,0.10869565217391304,0.6861313868613139,0.18598859636880957,0.8142008752602127,0.7152412804586717
7,sider,SIDER21,tr,104,1366,795,311,0.39119496855345914,311,0,5,790,0.9937106918238994,1.0,0.9954792043399638,0.9889324655322262,0.999271347239797,0.997795708709984
7,sider,SIDER21,va,104,1366,83,40,0.4819277108433735,5,35,2,81,0.9759036144578314,0.125,0.6991869918699187,0.20403174811927577,0.7654041570483207,0.6816265060240964
7,sider,SIDER21,te,104,1366,104,33,0.3173076923076923,7,26,6,98,0.9423076923076923,0.21212121212121213,0.7664233576642335,0.22533036037620402,0.8680803586745544,0.6882284382284382
8,sider,SIDER21,tr,104,1366,793,313,0.39470365699873894,313,0,5,788,0.9936948297604036,1.0,0.9954792043399638,0.9889745685390504,0.9987399743299268,0.9960053825606645
8,sider,SIDER21,va,104,1366,83,40,0.4819277108433735,9,31,1,82,0.9879518072289156,0.225,0.7398373983739838,0.36501536846156957,0.8594240188414053,0.7719879518072288
8,sider,SIDER21,te,104,1366,106,31,0.29245283018867924,1,30,4,102,0.9622641509433962,0.03225806451612903,0.7518248175182481,-0.0122226888952934,0.87432549904095,0.6740718198417529
9,sider,SIDER21,tr,104,1366,801,305,0.3807740324594257,305,0,7,794,0.9912609238451935,1.0,0.9936708860759493,0.9843886912320712,0.998914621340975,0.9963897587032603
9,sider,SIDER21,va,104,1366,84,39,0.4642857142857143,8,31,4,80,0.9523809523809523,0.20512820512820512,0.7154471544715447,0.24701631730932447,0.878442073143917,0.7768620268620268
9,sider,SIDER21,te,104,1366,97,40,0.41237113402061853,8,32,2,95,0.979381443298969,0.2,0.7518248175182481,0.3135389620718175,0.8089789690085156,0.6405927835051546
10,sider,SIDER21,tr,104,1366,788,318,0.4035532994923858,318,0,7,781,0.9911167512690355,1.0,0.9936708860759493,0.984768816139962,0.9986648650022727,0.9955962870733965
10,sider,SIDER21,va,104,1366,91,32,0.3516483516483517,6,26,6,85,0.9340659340659341,0.1875,0.7398373983739838,0.17974443957481265,0.8066511162420434,0.6493818681318682
10,sider,SIDER21,te,104,1366,103,34,0.3300970873786408,10,24,7,96,0.9320388349514563,0.29411764705882354,0.7737226277372263,0.2963139016480213,0.83215974300588,0.6563392347230155
11,sider,SIDER21,tr,104,1366,797,309,0.3877038895859473,309,0,8,789,0.9899623588456713,1.0,0.9927667269439421,0.9823334880023321,0.9988255876905799,0.99631303472163
11,sider,SIDER21,va,104,1366,87,36,0.41379310344827586,6,30,7,80,0.9195402298850575,0.16666666666666666,0.6991869918699187,0.12758066711557112,0.7941608917957929,0.6494252873563218
11,sider,SIDER21,te,104,1366,98,39,0.3979591836734694,10,29,2,96,0.9795918367346939,0.2564102564102564,0.7737226277372263,0.37671730162616174,0.8479481817000594,0.6944008372579801
12,sider,SIDER21,tr,104,1366,803,303,0.37733499377334995,303,0,4,799,0.9950186799501868,1.0,0.9963833634719711,0.9909865121090732,0.9995719217303932,0.9986313699863137
12,sider,SIDER21,va,104,1366,89,34,0.38202247191011235,5,29,6,83,0.9325842696629213,0.14705882352941177,0.7154471544715447,0.12481800211536641,0.8305057636093554,0.696629213483146
12,sider,SIDER21,te,104,1366,90,47,0.5222222222222223,8,39,3,87,0.9666666666666667,0.1702127659574468,0.6934306569343066,0.2391259811078863,0.7876785965933661,0.6801418439716311
13,sider,SIDER21,tr,104,1366,785,321,0.4089171974522293,321,0,6,779,0.9923566878980892,1.0,0.9945750452079566,0.9869895178286489,0.9993495571776108,0.9979919439649186
13,sider,SIDER21,va,104,1366,100,23,0.23,8,15,5,95,0.95,0.34782608695652173,0.8373983739837398,0.3777101319158646,0.9389554113070703,0.7739130434782608
13,sider,SIDER21,te,104,1366,97,40,0.41237113402061853,5,35,5,92,0.9484536082474226,0.125,0.708029197080292,0.1283887991242356,0.866235851107765,0.713659793814433
14,sider,SIDER21,tr,104,1366,804,302,0.3756218905472637,302,0,8,796,0.9900497512437811,1.0,0.9927667269439421,0.9820896497998244,0.9987031927774201,0.9958197423478633
14,sider,SIDER21,va,104,1366,85,38,0.4470588235294118,5,33,0,85,1.0,0.13157894736842105,0.7317073170731707,0.30786595319760335,0.8652616821715207,0.7442724458204335
14,sider,SIDER21,te,104,1366,93,44,0.4731182795698925,4,40,0,93,1.0,0.09090909090909091,0.708029197080292,0.252126973837453,0.775238436058719,0.6713098729227761
15,sider,SIDER21,tr,104,1366,793,313,0.39470365699873894,313,0,6,787,0.9924337957124842,1.0,0.9945750452079566,0.9867964984410145,0.9987856377268469,0.9959570362073898
15,sider,SIDER21,va,104,1366,88,35,0.3977272727272727,4,31,6,82,0.9318181818181818,0.11428571428571428,0.6991869918699187,0.07611561563851012,0.8396914036707048,0.689448051948052
15,sider,SIDER21,te,104,1366,101,36,0.3564356435643564,6,30,4,97,0.9603960396039604,0.16666666666666666,0.7518248175182481,0.214994909840916,0.8799642072986215,0.7343234323432344
1,sider,SIDER22,tr,104,1366,705,401,0.5687943262411348,279,122,31,674,0.9560283687943263,0.6957605985037406,0.8616636528028933,0.6976480248199227,0.9574739893870223,0.9266408446967687
1,sider,SIDER22,va,104,1366,72,51,0.7083333333333334,14,37,8,64,0.8888888888888888,0.27450980392156865,0.6341463414634146,0.21005251549255474,0.7412497253321465,0.6855936819172114
1,sider,SIDER22,te,104,1366,104,33,0.3173076923076923,2,31,9,95,0.9134615384615384,0.06060606060606061,0.708029197080292,-0.04080700788448739,0.8070549969024756,0.5967365967365967
2,sider,SIDER22,tr,104,1366,715,391,0.5468531468531469,17,374,3,712,0.9958041958041958,0.043478260869565216,0.659132007233273,0.14093216685119184,0.9576048031391993,0.9263927887968808
2,sider,SIDER22,va,104,1366,75,48,0.64,3,45,0,75,1.0,0.0625,0.6341463414634146,0.19764235376052297,0.7538581440903411,0.7327777777777779
2,sider,SIDER22,te,104,1366,91,46,0.5054945054945055,3,43,0,91,1.0,0.06521739130434782,0.6861313868613139,0.21045052257704744,0.7315504752618947,0.6101290014333492
3,sider,SIDER22,tr,104,1366,719,387,0.5382475660639777,58,329,10,709,0.9860917941585535,0.14987080103359174,0.6934900542495479,0.26995180781130795,0.9638603562688978,0.9385900601251379
3,sider,SIDER22,va,104,1366,72,51,0.7083333333333334,4,47,2,70,0.9722222222222222,0.0784313725490196,0.6016260162601627,0.11584920341047582,0.7207553135634085,0.6646241830065359
3,sider,SIDER22,te,104,1366,90,47,0.5222222222222223,4,43,7,83,0.9222222222222223,0.0851063829787234,0.635036496350365,0.01280294544791792,0.6945202841816916,0.5711583924349881
4,sider,SIDER22,tr,104,1366,725,381,0.5255172413793103,26,355,6,719,0.9917241379310345,0.06824146981627296,0.6735985533453888,0.17000300608088179,0.9707251383718809,0.9412163996741785
4,sider,SIDER22,va,104,1366,79,44,0.5569620253164557,5,39,5,74,0.9367088607594937,0.11363636363636363,0.6422764227642277,0.08829964205459177,0.7355590117866593,0.6501726121979287
4,sider,SIDER22,te,104,1366,77,60,0.7792207792207793,7,53,2,75,0.974025974025974,0.11666666666666667,0.5985401459854015,0.18162130657476266,0.6971984603999539,0.7010822510822511
5,sider,SIDER22,tr,104,1366,711,395,0.5555555555555556,43,352,11,700,0.9845288326300985,0.10886075949367088,0.6717902350813744,0.20764767703363513,0.9578058581297295,0.9275650269721731
5,sider,SIDER22,va,104,1366,76,47,0.618421052631579,5,42,4,72,0.9473684210526315,0.10638297872340426,0.6260162601626016,0.10029327733480638,0.62845064140429,0.5534714445688689
5,sider,SIDER22,te,104,1366,94,43,0.4574468085106383,8,35,2,92,0.9787234042553191,0.18604651162790697,0.7299270072992701,0.29395050734819045,0.827189439475637,0.715239980207818
6,sider,SIDER22,tr,104,1366,720,386,0.5361111111111111,50,336,10,710,0.9861111111111112,0.12953367875647667,0.6871609403254972,0.2433573706558358,0.9687075799952164,0.9415425302245248
6,sider,SIDER22,va,104,1366,79,44,0.5569620253164557,8,36,8,71,0.8987341772151899,0.18181818181818182,0.6422764227642277,0.11478001238794026,0.7255757465011731,0.6306098964326813
6,sider,SIDER22,te,104,1366,82,55,0.6707317073170732,5,50,5,77,0.9390243902439024,0.09090909090909091,0.5985401459854015,0.05640838126460453,0.7064266193047795,0.6404656319290466
7,sider,SIDER22,tr,104,1366,701,405,0.5777460770328102,32,373,7,694,0.9900142653352354,0.07901234567901234,0.6564195298372514,0.18029702422095492,0.9576001485318383,0.9337982775928567
7,sider,SIDER22,va,104,1366,86,37,0.43023255813953487,6,31,5,81,0.9418604651162791,0.16216216216216217,0.7073170731707317,0.16717546974963077,0.8274785091049391,0.6763042111879322
7,sider,SIDER22,te,104,1366,94,43,0.4574468085106383,7,36,5,89,0.9468085106382979,0.16279069767441862,0.7007299270072993,0.17991192156632888,0.8195612834293492,0.6832013854527462
8,sider,SIDER22,tr,104,1366,699,407,0.5822603719599427,289,118,35,664,0.949928469241774,0.7100737100737101,0.8616636528028933,0.6993672325125864,0.9643495727591689,0.936936936936937
8,sider,SIDER22,va,104,1366,83,40,0.4819277108433735,12,28,9,74,0.891566265060241,0.3,0.6991869918699187,0.23849448487880484,0.795601331339611,0.6364457831325301
8,sider,SIDER22,te,104,1366,99,38,0.3838383838383838,8,30,12,87,0.8787878787878788,0.21052631578947367,0.6934306569343066,0.11324576061948852,0.7834839968020391,0.6318447634237108
9,sider,SIDER22,tr,104,1366,718,388,0.5403899721448467,43,345,5,713,0.9930362116991643,0.11082474226804123,0.6835443037974683,0.24325789240024906,0.9669288811795931,0.9394276053183241
9,sider,SIDER22,va,104,1366,76,47,0.618421052631579,4,43,3,73,0.9605263157894737,0.0851063829787234,0.6260162601626016,0.09570923934799373,0.6755997178281832,0.6161814109742441
9,sider,SIDER22,te,104,1366,87,50,0.5747126436781609,9,41,4,83,0.9540229885057471,0.18,0.6715328467153284,0.2201615162500029,0.705562388781026,0.607816091954023
10,sider,SIDER22,tr,104,1366,715,391,0.5468531468531469,33,358,3,712,0.9958041958041958,0.08439897698209718,0.6735985533453888,0.21606768031569587,0.9647928574840796,0.9393897662439863
10,sider,SIDER22,va,104,1366,80,43,0.5375,3,40,3,77,0.9625,0.06976744186046512,0.6504065040650406,0.07142910383991016,0.7618342833756626,0.6223837209302325
10,sider,SIDER22,te,104,1366,86,51,0.5930232558139535,4,47,4,82,0.9534883720930233,0.0784313725490196,0.6277372262773723,0.06580423935094298,0.7038589835070536,0.6193570451436389
11,sider,SIDER22,tr,104,1366,717,389,0.5425383542538355,46,343,12,705,0.9832635983263598,0.11825192802056556,0.6790235081374322,0.21745640857864737,0.9619378946554085,0.9322530681610395
11,sider,SIDER22,va,104,1366,72,51,0.7083333333333334,5,46,4,68,0.9444444444444444,0.09803921568627451,0.5934959349593496,0.08037103881078371,0.6626330283768044,0.6218681917211328
11,sider,SIDER22,te,104,1366,92,45,0.4891304347826087,4,41,0,92,1.0,0.08888888888888889,0.7007299270072993,0.2479658261953346,0.7637351227161574,0.6365942028985507
12,sider,SIDER22,tr,104,1366,722,384,0.5318559556786704,24,360,9,713,0.9875346260387812,0.0625,0.666365280289331,0.14000644821309408,0.9597855815353777,0.9290905615189289
12,sider,SIDER22,va,104,1366,75,48,0.64,6,42,1,74,0.9866666666666667,0.125,0.6504065040650406,0.23512390612510442,0.7652844872148251,0.6863888888888889
12,sider,SIDER22,te,104,1366,84,53,0.6309523809523809,9,44,3,81,0.9642857142857143,0.16981132075471697,0.656934306569343,0.23102082145575442,0.7351577846856614,0.6662174303683738
13,sider,SIDER22,tr,104,1366,705,401,0.5687943262411348,60,341,11,694,0.9843971631205674,0.14962593516209477,0.6817359855334539,0.26287364619879117,0.9616140051337428,0.9364390442333881
13,sider,SIDER22,va,104,1366,84,39,0.4642857142857143,5,34,8,76,0.9047619047619048,0.1282051282051282,0.6585365853658537,0.049898074856984755,0.7568345952087782,0.6275946275946276
13,sider,SIDER22,te,104,1366,92,45,0.4891304347826087,11,34,6,86,0.9347826086956522,0.24444444444444444,0.708029197080292,0.25532224297890727,0.7797755592246031,0.6739130434782609
14,sider,SIDER22,tr,104,1366,720,386,0.5361111111111111,39,347,6,714,0.9916666666666667,0.10103626943005181,0.6808318264014467,0.2236605770702179,0.9624999933048833,0.9357998704663212
14,sider,SIDER22,va,104,1366,71,52,0.7323943661971831,4,48,4,67,0.9436619718309859,0.07692307692307693,0.5772357723577236,0.04123716803454784,0.7036576902691428,0.6607529794149513
14,sider,SIDER22,te,104,1366,90,47,0.5222222222222223,6,41,3,87,0.9666666666666667,0.1276595744680851,0.6788321167883211,0.18074923690855776,0.7628341578976615,0.6768321513002364
15,sider,SIDER22,tr,104,1366,706,400,0.56657223796034,41,359,13,693,0.9815864022662889,0.1025,0.6636528028933092,0.18747931905921425,0.961835265984163,0.9337075070821528
15,sider,SIDER22,va,104,1366,80,43,0.5375,3,40,8,72,0.9,0.06976744186046512,0.6097560975609756,-0.0505183042443723,0.7640388742104522,0.6062500000000001
15,sider,SIDER22,te,104,1366,95,42,0.4421052631578947,11,31,4,91,0.9578947368421052,0.2619047619047619,0.7445255474452555,0.32455447428205936,0.8266830110053881,0.7308270676691729
1,sider,SIDER23,tr,104,1366,96,1010,10.520833333333334,1010,0,96,0,0.0,1.0,0.9132007233273056,0.0,0.7499000723726428,0.9884230610561056
1,sider,SIDER23,va,104,1366,12,111,9.25,111,0,12,0,0.0,1.0,0.9024390243902439,0.0,0.18185148141392715,0.6884384384384384
1,sider,SIDER23,te,104,1366,12,125,10.416666666666666,125,0,12,0,0.0,1.0,0.9124087591240876,0.0,0.10973071545092981,0.5293333333333334
2,sider,SIDER23,tr,104,1366,99,1007,10.171717171717171,1007,0,99,0,0.0,1.0,0.9104882459312839,0.0,0.7227376484542606,0.9834993429829576
2,sider,SIDER23,va,104,1366,12,111,9.25,111,0,12,0,0.0,1.0,0.9024390243902439,0.0,0.22289673101912177,0.4947447447447448
2,sider,SIDER23,te,104,1366,9,128,14.222222222222221,128,0,9,0,0.0,1.0,0.9343065693430657,0.0,0.08428342800445265,0.5789930555555556
3,sider,SIDER23,tr,104,1366,100,1006,10.06,1006,0,100,0,0.0,1.0,0.9095840867992767,0.0,0.7029443345671742,0.9831958250497019
3,sider,SIDER23,va,104,1366,12,111,9.25,111,0,12,0,0.0,1.0,0.9024390243902439,0.0,0.22217472763832424,0.4797297297297297
3,sider,SIDER23,te,104,1366,8,129,16.125,129,0,8,0,0.0,1.0,0.9416058394160584,0.0,0.09539680862306707,0.6521317829457365
4,sider,SIDER23,tr,104,1366,97,1009,10.402061855670103,1009,0,97,0,0.0,1.0,0.9122965641952984,0.0,0.6971289046714805,0.9827225077396218
4,sider,SIDER23,va,104,1366,11,112,10.181818181818182,112,0,11,0,0.0,1.0,0.9105691056910569,0.0,0.10476108957641948,0.510551948051948
4,sider,SIDER23,te,104,1366,12,125,10.416666666666666,125,0,12,0,0.0,1.0,0.9124087591240876,0.0,0.24815645592005992,0.5826666666666667
5,sider,SIDER23,tr,104,1366,97,1009,10.402061855670103,1009,0,97,0,0.0,1.0,0.9122965641952984,0.0,0.7346766746852545,0.9861861800496562
5,sider,SIDER23,va,104,1366,12,111,9.25,111,0,12,0,0.0,1.0,0.9024390243902439,0.0,0.12032707071782611,0.5578078078078078
5,sider,SIDER23,te,104,1366,11,126,11.454545454545455,126,0,11,0,0.0,1.0,0.9197080291970803,0.0,0.08515990656651685,0.5346320346320346
6,sider,SIDER23,tr,104,1366,102,1004,9.843137254901961,1004,0,102,0,0.0,1.0,0.9077757685352622,0.0,0.7185713252873253,0.9819594172330286
6,sider,SIDER23,va,104,1366,7,116,16.571428571428573,116,0,7,0,0.0,1.0,0.943089430894309,0.0,0.0924861174916502,0.6330049261083743
6,sider,SIDER23,te,104,1366,11,126,11.454545454545455,126,0,11,0,0.0,1.0,0.9197080291970803,0.0,0.09167377095304907,0.5274170274170275
7,sider,SIDER23,tr,104,1366,98,1008,10.285714285714286,1008,0,98,0,0.0,1.0,0.9113924050632911,0.0,0.7754049623999684,0.9863692500809847
7,sider,SIDER23,va,104,1366,12,111,9.25,111,0,12,0,0.0,1.0,0.9024390243902439,0.0,0.16040163714661893,0.6546546546546546
7,sider,SIDER23,te,104,1366,10,127,12.7,127,0,10,0,0.0,1.0,0.927007299270073,0.0,0.21909687917093648,0.5803149606299213
8,sider,SIDER23,tr,104,1366,97,1009,10.402061855670103,1009,0,97,0,0.0,1.0,0.9122965641952984,0.0,0.7107472809365665,0.9821196857151615
8,sider,SIDER23,va,104,1366,11,112,10.181818181818182,112,0,11,0,0.0,1.0,0.9105691056910569,0.0,0.30108745645196505,0.8027597402597403
8,sider,SIDER23,te,104,1366,12,125,10.416666666666666,125,0,12,0,0.0,1.0,0.9124087591240876,0.0,0.08497988452957601,0.5113333333333333
9,sider,SIDER23,tr,104,1366,92,1014,11.021739130434783,1014,0,92,0,0.0,1.0,0.9168173598553345,0.0,0.7412374751201243,0.987367078295172
9,sider,SIDER23,va,104,1366,13,110,8.461538461538462,110,0,13,0,0.0,1.0,0.8943089430894309,0.0,0.1264534275934856,0.4909090909090909
9,sider,SIDER23,te,104,1366,15,122,8.133333333333333,122,0,15,0,0.0,1.0,0.8905109489051095,0.0,0.18759061279190523,0.6404371584699453
10,sider,SIDER23,tr,104,1366,99,1007,10.171717171717171,1007,0,99,0,0.0,1.0,0.9104882459312839,0.0,0.7330744900679618,0.9851995626573582
10,sider,SIDER23,va,104,1366,10,113,11.3,113,0,10,0,0.0,1.0,0.9186991869918699,0.0,0.14811756668264942,0.6097345132743363
10,sider,SIDER23,te,104,1366,11,126,11.454545454545455,126,0,11,0,0.0,1.0,0.9197080291970803,0.0,0.15387076065576769,0.5678210678210679
11,sider,SIDER23,tr,104,1366,100,1006,10.06,1006,0,100,0,0.0,1.0,0.9095840867992767,0.0,0.7797933353685693,0.9850944333996023
11,sider,SIDER23,va,104,1366,9,114,12.666666666666666,114,0,9,0,0.0,1.0,0.926829268292683,0.0,0.0672332902461629,0.5009746588693957
11,sider,SIDER23,te,104,1366,11,126,11.454545454545455,126,0,11,0,0.0,1.0,0.9197080291970803,0.0,0.14165297325492732,0.6176046176046176
12,sider,SIDER23,tr,104,1366,94,1012,10.76595744680851,1012,0,94,0,0.0,1.0,0.9150090415913201,0.0,0.7012549463130197,0.9836746278698175
12,sider,SIDER23,va,104,1366,10,113,11.3,113,0,10,0,0.0,1.0,0.9186991869918699,0.0,0.12819568480208554,0.5230088495575221
12,sider,SIDER23,te,104,1366,16,121,7.5625,121,0,16,0,0.0,1.0,0.8832116788321168,0.0,0.27405281930034014,0.6751033057851239
13,sider,SIDER23,tr,104,1366,96,1010,10.520833333333334,1010,0,96,0,0.0,1.0,0.9132007233273056,0.0,0.6995429101958568,0.9829878300330033
13,sider,SIDER23,va,104,1366,10,113,11.3,113,0,10,0,0.0,1.0,0.9186991869918699,0.0,0.17107536708053972,0.7238938053097345
13,sider,SIDER23,te,104,1366,14,123,8.785714285714286,123,0,14,0,0.0,1.0,0.8978102189781022,0.0,0.1536385302170763,0.5813008130081301
14,sider,SIDER23,tr,104,1366,103,1003,9.737864077669903,1003,0,103,0,0.0,1.0,0.906871609403255,0.0,0.7105948436682461,0.9826346204106128
14,sider,SIDER23,va,104,1366,7,116,16.571428571428573,116,0,7,0,0.0,1.0,0.943089430894309,0.0,0.04556818389189123,0.3990147783251231
14,sider,SIDER23,te,104,1366,10,127,12.7,127,0,10,0,0.0,1.0,0.927007299270073,0.0,0.17356055038402396,0.6551181102362205
15,sider,SIDER23,tr,104,1366,92,1014,11.021739130434783,1014,0,92,0,0.0,1.0,0.9168173598553345,0.0,0.7350061137797399,0.9859199468313181
15,sider,SIDER23,va,104,1366,14,109,7.785714285714286,109,0,14,0,0.0,1.0,0.8861788617886179,0.0,0.22445324779911166,0.5884665792922674
15,sider,SIDER23,te,104,1366,14,123,8.785714285714286,123,0,14,0,0.0,1.0,0.8978102189781022,0.0,0.2645805256041767,0.5993031358885017
1,sider,SIDER24,tr,104,1366,503,603,1.1988071570576542,594,9,13,490,0.974155069582505,0.9850746268656716,0.9801084990958409,0.9598881841571606,0.99381579107204,0.9960980386338684
1,sider,SIDER24,va,104,1366,60,63,1.05,51,12,28,32,0.5333333333333333,0.8095238095238095,0.6747967479674797,0.3575355395046444,0.7488804247384095,0.7625661375661376
1,sider,SIDER24,te,104,1366,78,59,0.7564102564102564,38,21,41,37,0.47435897435897434,0.6440677966101694,0.5474452554744526,0.11868495041437747,0.6446576672669795,0.5880052151238593
2,sider,SIDER24,tr,104,1366,528,578,1.0946969696969697,569,9,14,514,0.9734848484848485,0.9844290657439446,0.9792043399638336,0.9583457921933273,0.9942371868916139,0.9955600555730314
2,sider,SIDER24,va,104,1366,55,68,1.2363636363636363,46,22,28,27,0.4909090909090909,0.6764705882352942,0.5934959349593496,0.16999049253481713,0.5484487264129083,0.6219251336898396
2,sider,SIDER24,te,104,1366,58,79,1.3620689655172413,52,27,25,33,0.5689655172413793,0.6582278481012658,0.6204379562043796,0.22625709111926598,0.5536678206606015,0.6582278481012659
3,sider,SIDER24,tr,104,1366,527,579,1.0986717267552182,570,9,13,514,0.9753320683111955,0.9844559585492227,0.9801084990958409,0.9601405140724995,0.9901660716922114,0.9926114186272871
3,sider,SIDER24,va,104,1366,47,76,1.6170212765957446,56,20,21,26,0.5531914893617021,0.7368421052631579,0.6666666666666666,0.29125926677645914,0.5610279748166018,0.6800111982082867
3,sider,SIDER24,te,104,1366,67,70,1.044776119402985,46,24,32,35,0.5223880597014925,0.6571428571428571,0.5912408759124088,0.18123929450794607,0.616867686401965,0.6318763326226013
4,sider,SIDER24,tr,104,1366,525,581,1.1066666666666667,574,7,14,511,0.9733333333333334,0.9879518072289156,0.9810126582278481,0.9619807999034924,0.9967808503971898,0.9956183919350874
4,sider,SIDER24,va,104,1366,59,64,1.0847457627118644,44,20,26,33,0.559322033898305,0.6875,0.6260162601626016,0.2490078077090342,0.5972519398589428,0.650291313559322
4,sider,SIDER24,te,104,1366,57,80,1.4035087719298245,48,32,28,29,0.5087719298245614,0.6,0.5620437956204379,0.10787667237960984,0.5289413607407184,0.6289473684210526
5,sider,SIDER24,tr,104,1366,517,589,1.1392649903288201,577,12,10,507,0.9806576402321083,0.9796264855687606,0.9801084990958409,0.960063456340451,0.9891788874788634,0.9934255680381462
5,sider,SIDER24,va,104,1366,53,70,1.320754716981132,46,24,26,27,0.5094339622641509,0.6571428571428571,0.5934959349593496,0.16743651805964438,0.5867014464259818,0.6568733153638814
5,sider,SIDER24,te,104,1366,71,66,0.9295774647887324,43,23,35,36,0.5070422535211268,0.6515151515151515,0.5766423357664233,0.1599979301949148,0.6067712479480414,0.5969910371318822
6,sider,SIDER24,tr,104,1366,527,579,1.0986717267552182,572,7,12,515,0.9772296015180265,0.9879101899827288,0.9828209764918626,0.9655908369096514,0.9904018579726928,0.9938190887252444
6,sider,SIDER24,va,104,1366,55,68,1.2363636363636363,48,20,31,24,0.43636363636363634,0.7058823529411765,0.5853658536585366,0.14754889021244114,0.5920269984851478,0.6203208556149733
6,sider,SIDER24,te,104,1366,59,78,1.3220338983050848,54,24,25,34,0.576271186440678,0.6923076923076923,0.6423357664233577,0.26916440130673497,0.5857179547203957,0.6596045197740114
7,sider,SIDER24,tr,104,1366,505,601,1.19009900990099,593,8,15,490,0.9702970297029703,0.9866888519134775,0.9792043399638336,0.9581246084872516,0.992328476917061,0.9944119536745688
7,sider,SIDER24,va,104,1366,65,58,0.8923076923076924,49,9,34,31,0.47692307692307695,0.8448275862068966,0.6504065040650406,0.3428633655887556,0.7103912641568831,0.7022546419098143
7,sider,SIDER24,te,104,1366,71,66,0.9295774647887324,52,14,43,28,0.39436619718309857,0.7878787878787878,0.583941605839416,0.19750144648615373,0.7223911200212241,0.6996372172428509
8,sider,SIDER24,tr,104,1366,515,591,1.1475728155339806,581,10,14,501,0.9728155339805825,0.9830795262267343,0.9783001808318263,0.9563979561225272,0.9944279800477192,0.9949517848635685
8,sider,SIDER24,va,104,1366,54,69,1.2777777777777777,55,14,26,28,0.5185185185185185,0.7971014492753623,0.6747967479674797,0.3303077333995734,0.5936928038591515,0.6575415995705851
8,sider,SIDER24,te,104,1366,72,65,0.9027777777777778,49,16,37,35,0.4861111111111111,0.7538461538461538,0.6131386861313869,0.2478691720156148,0.6747376383269642,0.6425213675213675
9,sider,SIDER24,tr,104,1366,523,583,1.1147227533460804,575,8,11,512,0.9789674952198852,0.9862778730703259,0.9828209764918626,0.9655446645219932,0.997360959337411,0.9974631775382163
9,sider,SIDER24,va,104,1366,49,74,1.510204081632653,51,23,25,24,0.4897959183673469,0.6891891891891891,0.6097560975609756,0.180332943606779,0.611014379567935,0.6525096525096525
9,sider,SIDER24,te,104,1366,69,68,0.9855072463768116,47,21,38,31,0.4492753623188406,0.6911764705882353,0.5693430656934306,0.14470891197477695,0.6134567443041221,0.6309676044330776
10,sider,SIDER24,tr,104,1366,525,581,1.1066666666666667,573,8,10,515,0.9809523809523809,0.9862306368330465,0.9837251356238698,0.9673669785103579,0.9936952657470263,0.9954921727727235
10,sider,SIDER24,va,104,1366,48,75,1.5625,51,24,24,24,0.5,0.68,0.6097560975609756,0.17999999999999994,0.48914836440804677,0.6098611111111112
10,sider,SIDER24,te,104,1366,68,69,1.0147058823529411,46,23,30,38,0.5588235294117647,0.6666666666666666,0.6131386861313869,0.22684799877757744,0.6148412884633241,0.6303282182438193
11,sider,SIDER24,tr,104,1366,533,573,1.075046904315197,561,12,12,521,0.9774859287054409,0.9790575916230366,0.9783001808318263,0.9565435203284776,0.9964359533153864,0.9958989420743986
11,sider,SIDER24,va,104,1366,50,73,1.46,47,26,25,25,0.5,0.6438356164383562,0.5853658536585366,0.14340408900171578,0.5117829860507053,0.5786301369863014
11,sider,SIDER24,te,104,1366,58,79,1.3620689655172413,50,29,21,37,0.6379310344827587,0.6329113924050633,0.635036496350365,0.2678200562632922,0.606407032422239,0.6777608031427323
12,sider,SIDER24,tr,104,1366,522,584,1.1187739463601531,574,10,9,513,0.9827586206896551,0.9828767123287672,0.9828209764918626,0.9655387358342206,0.9935379171458119,0.995089356006928
12,sider,SIDER24,va,104,1366,55,68,1.2363636363636363,46,22,21,34,0.6181818181818182,0.6764705882352942,0.6504065040650406,0.2941808365127431,0.5926066443682186,0.6636363636363636
12,sider,SIDER24,te,104,1366,64,73,1.140625,56,17,31,33,0.515625,0.7671232876712328,0.6496350364963503,0.29302641519690514,0.6602578030953987,0.6720890410958905
13,sider,SIDER24,tr,104,1366,517,589,1.1392649903288201,576,13,11,506,0.9787234042553191,0.9779286926994907,0.9783001808318263,0.9564322621201283,0.9905297525440969,0.9934190001740484
13,sider,SIDER24,va,104,1366,63,60,0.9523809523809523,47,13,36,27,0.42857142857142855,0.7833333333333333,0.6016260162601627,0.22610885685063167,0.6793051346153232,0.6399470899470899
13,sider,SIDER24,te,104,1366,61,76,1.2459016393442623,53,23,25,36,0.5901639344262295,0.6973684210526315,0.6496350364963503,0.28859255862966965,0.6286229588063204,0.6955349439171699
14,sider,SIDER24,tr,104,1366,518,588,1.135135135135135,581,7,16,502,0.9691119691119691,0.9880952380952381,0.9792043399638336,0.9583263864178897,0.9946969227186542,0.9954413232474456
14,sider,SIDER24,va,104,1366,63,60,0.9523809523809523,44,16,32,31,0.49206349206349204,0.7333333333333333,0.6097560975609756,0.23186648040695496,0.7003964907190741,0.65
14,sider,SIDER24,te,104,1366,60,77,1.2833333333333334,64,13,33,27,0.45,0.8311688311688312,0.6642335766423357,0.3068119708985916,0.6268260997834243,0.6614718614718614
15,sider,SIDER24,tr,104,1366,521,585,1.1228406909788868,580,5,10,511,0.980806142034549,0.9914529914529915,0.9864376130198915,0.9728098732479927,0.9934078054360923,0.9946995423003101
15,sider,SIDER24,va,104,1366,57,66,1.1578947368421053,44,22,39,18,0.3157894736842105,0.6666666666666666,0.5040650406504065,-0.01867521017157347,0.524234460701307,0.5049175970228601
15,sider,SIDER24,te,104,1366,63,74,1.1746031746031746,63,11,26,37,0.5873015873015873,0.8513513513513513,0.7299270072992701,0.45823848002454043,0.7746445392098976,0.7666237666237666
1,sider,SIDER25,tr,104,1366,751,355,0.47270306258322237,355,0,5,746,0.9933422103861518,1.0,0.9954792043399638,0.9897200567824496,0.9988090967680456,0.9965510774366572
1,sider,SIDER25,va,104,1366,89,34,0.38202247191011235,10,24,3,86,0.9662921348314607,0.29411764705882354,0.7804878048780488,0.37881200766808715,0.8889970566467814,0.7775941837409122
1,sider,SIDER25,te,104,1366,107,30,0.2803738317757009,6,24,14,93,0.8691588785046729,0.2,0.7226277372262774,0.08100140082158272,0.8351132296011229,0.5822429906542056
2,sider,SIDER25,tr,104,1366,771,335,0.4345006485084306,335,0,6,765,0.9922178988326849,1.0,0.9945750452079566,0.987299103302076,0.99922081127855,0.9977834562595582
2,sider,SIDER25,va,104,1366,91,32,0.3516483516483517,6,26,9,82,0.9010989010989011,0.1875,0.7154471544715447,0.1187863433236133,0.8884727802766895,0.7333447802197803
2,sider,SIDER25,te,104,1366,85,52,0.611764705882353,12,40,2,83,0.9764705882352941,0.23076923076923078,0.6934306569343066,0.3320226912191462,0.8211482125027125,0.7746606334841629
3,sider,SIDER25,tr,104,1366,780,326,0.41794871794871796,326,0,7,773,0.9910256410256411,1.0,0.9936708860759493,0.9849838933674347,0.9981885443118846,0.9944529652351738
3,sider,SIDER25,va,104,1366,75,48,0.64,6,42,4,71,0.9466666666666667,0.125,0.6260162601626016,0.12791728522137671,0.7949708549699165,0.7122222222222222
3,sider,SIDER25,te,104,1366,92,45,0.4891304347826087,12,33,5,87,0.9456521739130435,0.26666666666666666,0.7226277372262774,0.3024639509143659,0.8726740665503603,0.7594202898550724
4,sider,SIDER25,tr,104,1366,779,327,0.4197689345314506,327,0,5,774,0.993581514762516,1.0,0.9954792043399638,0.9892512005213641,0.9985119436668467,0.9952852594677564
4,sider,SIDER25,va,104,1366,77,46,0.5974025974025974,13,33,2,75,0.974025974025974,0.2826086956521739,0.7154471544715447,0.37947406321478455,0.804664013454908,0.7834556747600225
4,sider,SIDER25,te,104,1366,91,46,0.5054945054945055,7,39,7,84,0.9230769230769231,0.15217391304347827,0.6642335766423357,0.1173260280214621,0.7578729434973519,0.6184902054467271
5,sider,SIDER25,tr,104,1366,764,342,0.4476439790575916,342,0,5,759,0.993455497382199,1.0,0.9954792043399638,0.9895153241211778,0.9985766307286862,0.9957919996325892
5,sider,SIDER25,va,104,1366,85,38,0.4470588235294118,11,27,4,81,0.9529411764705882,0.2894736842105263,0.7479674796747967,0.3422969217836153,0.8653662696673072,0.7507739938080495
5,sider,SIDER25,te,104,1366,98,39,0.3979591836734694,5,34,7,91,0.9285714285714286,0.1282051282051282,0.7007299270072993,0.09062932866172627,0.8118031777115665,0.652537938252224
6,sider,SIDER25,tr,104,1366,776,330,0.4252577319587629,330,0,7,769,0.990979381443299,1.0,0.9936708860759493,0.9850864124476527,0.9982431577842346,0.9946559668853484
6,sider,SIDER25,va,104,1366,75,48,0.64,8,40,4,71,0.9466666666666667,0.16666666666666666,0.6422764227642277,0.18631885227940476,0.7873021119124469,0.7072222222222223
6,sider,SIDER25,te,104,1366,96,41,0.4270833333333333,9,32,5,91,0.9479166666666666,0.21951219512195122,0.7299270072992701,0.2531286460498786,0.9011677448271118,0.8128810975609756
7,sider,SIDER25,tr,104,1366,763,343,0.44954128440366975,343,0,6,757,0.9921363040629095,1.0,0.9945750452079566,0.987461148332348,0.9986141616785059,0.9961560359024718
7,sider,SIDER25,va,104,1366,79,44,0.5569620253164557,9,35,4,75,0.9493670886075949,0.20454545454545456,0.6829268292682927,0.23996388216994416,0.812222610797712,0.7149021864211738
7,sider,SIDER25,te,104,1366,105,32,0.3047619047619048,10,22,8,97,0.9238095238095239,0.3125,0.781021897810219,0.2959655280485764,0.8945038519781296,0.7431547619047619
8,sider,SIDER25,tr,104,1366,767,339,0.44198174706649285,339,0,5,762,0.9934810951760105,1.0,0.9954792043399638,0.9894649882530886,0.9987222622030618,0.9963328756639093
8,sider,SIDER25,va,104,1366,83,40,0.4819277108433735,9,31,2,81,0.9759036144578314,0.225,0.7317073170731707,0.3298005975223735,0.8922878774353363,0.7912650602409639
8,sider,SIDER25,te,104,1366,97,40,0.41237113402061853,6,34,5,92,0.9484536082474226,0.15,0.7153284671532847,0.164727415644811,0.8918280700944256,0.7829896907216495
9,sider,SIDER25,tr,104,1366,765,341,0.44575163398692813,341,0,7,758,0.9908496732026144,1.0,0.9936708860759493,0.9853521142066562,0.9977713518397272,0.993341383474211
9,sider,SIDER25,va,104,1366,85,38,0.4470588235294118,11,27,4,81,0.9529411764705882,0.2894736842105263,0.7479674796747967,0.3422969217836153,0.925404311843596,0.8325077399380805
9,sider,SIDER25,te,104,1366,97,40,0.41237113402061853,10,30,8,89,0.9175257731958762,0.25,0.7226277372262774,0.22546947863750408,0.8580186747164029,0.7128865979381444
10,sider,SIDER25,tr,104,1366,760,346,0.45526315789473687,346,0,6,754,0.9921052631578947,1.0,0.9945750452079566,0.9875193051229079,0.9992473376404517,0.9981061758442349
10,sider,SIDER25,va,104,1366,92,31,0.33695652173913043,5,26,2,90,0.9782608695652174,0.16129032258064516,0.7723577235772358,0.2615352891683279,0.8919415322520217,0.7419354838709677
10,sider,SIDER25,te,104,1366,95,42,0.4421052631578947,9,33,1,94,0.9894736842105263,0.21428571428571427,0.7518248175182481,0.3611621562841892,0.7783597190153027,0.6323308270676692
11,sider,SIDER25,tr,104,1366,780,326,0.41794871794871796,326,0,7,773,0.9910256410256411,1.0,0.9936708860759493,0.9849838933674347,0.9980278411873862,0.9939181217555451
11,sider,SIDER25,va,104,1366,74,49,0.6621621621621622,8,41,5,69,0.9324324324324325,0.16326530612244897,0.6260162601626016,0.15238687258436864,0.7422391521889692,0.7209045780474351
11,sider,SIDER25,te,104,1366,93,44,0.4731182795698925,10,34,6,87,0.9354838709677419,0.22727272727272727,0.708029197080292,0.23662124775804594,0.8688458486189876,0.7573313782991202
12,sider,SIDER25,tr,104,1366,773,333,0.4307891332470893,333,0,5,768,0.9935316946959897,1.0,0.9954792043399638,0.9893606421712003,0.9991592999780654,0.9976418850933728
12,sider,SIDER25,va,104,1366,81,42,0.5185185185185185,12,30,5,76,0.9382716049382716,0.2857142857142857,0.7154471544715447,0.30775875993365015,0.8254308532989714,0.7401528512639622
12,sider,SIDER25,te,104,1366,93,44,0.4731182795698925,11,33,5,88,0.946236559139785,0.25,0.7226277372262774,0.2852955885130794,0.8695403270522598,0.7580645161290323
13,sider,SIDER25,tr,104,1366,759,347,0.45718050065876153,347,0,6,753,0.9920948616600791,1.0,0.9945750452079566,0.9875383838002895,0.9981762244156893,0.9947128217395101
13,sider,SIDER25,va,104,1366,87,36,0.41379310344827586,13,23,6,81,0.9310344827586207,0.3611111111111111,0.7642276422764228,0.3678042534028898,0.8604258849668064,0.7653256704980842
13,sider,SIDER25,te,104,1366,101,36,0.3564356435643564,9,27,6,95,0.9405940594059405,0.25,0.7591240875912408,0.2686555101837399,0.8740248664455273,0.7015951595159516
14,sider,SIDER25,tr,104,1366,776,330,0.4252577319587629,330,0,7,769,0.990979381443299,1.0,0.9936708860759493,0.9850864124476527,0.9986681299659983,0.9961125429553265
14,sider,SIDER25,va,104,1366,77,46,0.5974025974025974,9,37,5,72,0.935064935064935,0.1956521739130435,0.6585365853658537,0.1991496033627252,0.7447545787525354,0.6586674195369847
14,sider,SIDER25,te,104,1366,94,43,0.4574468085106383,9,34,1,93,0.9893617021276596,0.20930232558139536,0.7445255474452555,0.3544178039048002,0.8747086487198549,0.7820385947550716
15,sider,SIDER25,tr,104,1366,774,332,0.4289405684754522,332,0,5,769,0.9935400516795866,1.0,0.9954792043399638,0.9893427623214974,0.9992956538837394,0.9981223342984341
15,sider,SIDER25,va,104,1366,81,42,0.5185185185185185,9,33,7,74,0.9135802469135802,0.21428571428571427,0.6747967479674797,0.18024790353832382,0.8426698035882112,0.7232510288065843
15,sider,SIDER25,te,104,1366,92,45,0.4891304347826087,13,32,7,85,0.9239130434782609,0.28888888888888886,0.7153284671532847,0.283053030590143,0.8752073136279036,0.7594202898550725
1,sider,SIDER26,tr,104,1366,1012,94,0.09288537549407115,0,94,0,1012,1.0,0.0,0.9150090415913201,0.0,0.9999082101029318,0.9989382726431756
1,sider,SIDER26,va,104,1366,111,12,0.10810810810810811,0,12,0,111,1.0,0.0,0.9024390243902439,0.0,0.9500503657218479,0.6940690690690692
1,sider,SIDER26,te,104,1366,134,3,0.022388059701492536,0,3,0,134,1.0,0.0,0.9781021897810219,0.0,0.9764703652814035,0.4477611940298508
2,sider,SIDER26,tr,104,1366,1023,83,0.08113391984359726,0,83,0,1023,1.0,0.0,0.9249547920433996,0.0,0.9997427377425342,0.9966729086433712
2,sider,SIDER26,va,104,1366,116,7,0.0603448275862069,0,7,0,116,1.0,0.0,0.943089430894309,0.0,0.9524257468639643,0.5061576354679803
2,sider,SIDER26,te,104,1366,118,19,0.16101694915254236,0,19,0,118,1.0,0.0,0.8613138686131386,0.0,0.8835844815640481,0.636485280999108
3,sider,SIDER26,tr,104,1366,1020,86,0.08431372549019608,0,86,0,1020,1.0,0.0,0.9222423146473779,0.0,0.999863543409662,0.9983242134062928
3,sider,SIDER26,va,104,1366,109,14,0.12844036697247707,0,14,0,109,1.0,0.0,0.8861788617886179,0.0,0.9514822780725289,0.7575360419397117
3,sider,SIDER26,te,104,1366,128,9,0.0703125,0,9,0,128,1.0,0.0,0.9343065693430657,0.0,0.9598996044047186,0.6657986111111112
4,sider,SIDER26,tr,104,1366,1022,84,0.0821917808219178,0,84,0,1022,1.0,0.0,0.9240506329113924,0.0,0.9998101284701841,0.9975305190569377
4,sider,SIDER26,va,104,1366,109,14,0.12844036697247707,0,14,0,109,1.0,0.0,0.8861788617886179,0.0,0.9354535919668157,0.6965923984272608
4,sider,SIDER26,te,104,1366,126,11,0.0873015873015873,0,11,0,126,1.0,0.0,0.9197080291970803,0.0,0.9239650290353532,0.5573593073593074
5,sider,SIDER26,tr,104,1366,1018,88,0.08644400785854617,1,87,0,1018,1.0,0.011363636363636364,0.9213381555153707,0.10231785192176386,0.9997686415523488,0.9971702536167174
5,sider,SIDER26,va,104,1366,114,9,0.07894736842105263,0,9,0,114,1.0,0.0,0.926829268292683,0.0,0.9517146179158301,0.5974658869395713
5,sider,SIDER26,te,104,1366,125,12,0.096,0,12,0,125,1.0,0.0,0.9124087591240876,0.0,0.9429223623610077,0.5693333333333334
6,sider,SIDER26,tr,104,1366,1025,81,0.07902439024390244,0,81,0,1025,1.0,0.0,0.9267631103074141,0.0,0.9997707870373547,0.9969105691056912
6,sider,SIDER26,va,104,1366,103,20,0.1941747572815534,0,20,0,103,1.0,0.0,0.8373983739837398,0.0,0.914244803427217,0.6844660194174758
6,sider,SIDER26,te,104,1366,129,8,0.06201550387596899,0,8,0,129,1.0,0.0,0.9416058394160584,0.0,0.9607198518281589,0.6375968992248062
7,sider,SIDER26,tr,104,1366,1015,91,0.0896551724137931,0,91,0,1015,1.0,0.0,0.9177215189873418,0.0,0.9997315059954475,0.9968332160450387
7,sider,SIDER26,va,104,1366,112,11,0.09821428571428571,0,11,0,112,1.0,0.0,0.9105691056910569,0.0,0.9163960279490159,0.6071428571428571
7,sider,SIDER26,te,104,1366,130,7,0.05384615384615385,0,7,0,130,1.0,0.0,0.948905109489051,0.0,0.980809488147254,0.7813186813186813
8,sider,SIDER26,tr,104,1366,1013,93,0.09180651530108588,0,93,0,1013,1.0,0.0,0.9159132007233273,0.0,0.9998045857704612,0.9977709136069801
8,sider,SIDER26,va,104,1366,114,9,0.07894736842105263,0,9,0,114,1.0,0.0,0.926829268292683,0.0,0.9782808970465818,0.8206627680311891
8,sider,SIDER26,te,104,1366,130,7,0.05384615384615385,0,7,0,130,1.0,0.0,0.948905109489051,0.0,0.9815859871520305,0.7241758241758242
9,sider,SIDER26,tr,104,1366,1021,85,0.0832517140058766,85,0,7,1014,0.9931439764936337,1.0,0.9936708860759493,0.9579032696125092,0.9997593403870771,0.9969522382900271
9,sider,SIDER26,va,104,1366,109,14,0.12844036697247707,2,12,0,109,1.0,0.14285714285714285,0.9024390243902439,0.3587331770631934,0.941774850627912,0.7326343381389253
9,sider,SIDER26,te,104,1366,127,10,0.07874015748031496,0,10,0,127,1.0,0.0,0.927007299270073,0.0,0.9401193350067052,0.562992125984252
10,sider,SIDER26,tr,104,1366,1020,86,0.08431372549019608,0,86,0,1020,1.0,0.0,0.9222423146473779,0.0,0.9997506572426759,0.9968479252165983
10,sider,SIDER26,va,104,1366,116,7,0.0603448275862069,0,7,0,116,1.0,0.0,0.943089430894309,0.0,0.9928863755055947,0.8990147783251231
10,sider,SIDER26,te,104,1366,121,16,0.1322314049586777,0,16,0,121,1.0,0.0,0.8832116788321168,0.0,0.9161051107094426,0.5911673553719008
11,sider,SIDER26,tr,104,1366,1011,95,0.09396636993076163,0,95,0,1011,1.0,0.0,0.9141048824593129,0.0,0.9996216851040375,0.9956478733926805
11,sider,SIDER26,va,104,1366,118,5,0.0423728813559322,0,5,0,118,1.0,0.0,0.959349593495935,0.0,0.980758912205979,0.6847457627118644
11,sider,SIDER26,te,104,1366,128,9,0.0703125,0,9,0,128,1.0,0.0,0.9343065693430657,0.0,0.9831306566603991,0.8055555555555556
12,sider,SIDER26,tr,104,1366,1018,88,0.08644400785854617,88,0,2,1016,0.9980353634577603,1.0,0.9981916817359855,0.9878546450897346,0.9998609788925972,0.9982697803179139
12,sider,SIDER26,va,104,1366,114,9,0.07894736842105263,0,9,1,113,0.9912280701754386,0.0,0.9186991869918699,-0.02543834855531489,0.9652186040194137,0.6656920077972709
12,sider,SIDER26,te,104,1366,125,12,0.096,0,12,1,124,0.992,0.0,0.9051094890510949,-0.026568446566202206,0.9392994741657457,0.6073333333333333
13,sider,SIDER26,tr,104,1366,1016,90,0.08858267716535433,0,90,0,1016,1.0,0.0,0.918625678119349,0.0,0.9996953788735989,0.9962981189851269
13,sider,SIDER26,va,104,1366,113,10,0.08849557522123894,0,10,0,113,1.0,0.0,0.9186991869918699,0.0,0.9809403177095042,0.8212389380530974
13,sider,SIDER26,te,104,1366,128,9,0.0703125,0,9,0,128,1.0,0.0,0.9343065693430657,0.0,0.955834194507271,0.6145833333333333
14,sider,SIDER26,tr,104,1366,1020,86,0.08431372549019608,0,86,0,1020,1.0,0.0,0.9222423146473779,0.0,0.9997122172507685,0.9963805289557683
14,sider,SIDER26,va,104,1366,111,12,0.10810810810810811,0,12,0,111,1.0,0.0,0.9024390243902439,0.0,0.9523223170275874,0.6899399399399399
14,sider,SIDER26,te,104,1366,126,11,0.0873015873015873,0,11,0,126,1.0,0.0,0.9197080291970803,0.0,0.9443454519176719,0.6233766233766234
15,sider,SIDER26,tr,104,1366,1020,86,0.08431372549019608,0,86,0,1020,1.0,0.0,0.9222423146473779,0.0,0.9999362609368709,0.9992248062015503
15,sider,SIDER26,va,104,1366,112,11,0.09821428571428571,0,11,0,112,1.0,0.0,0.9105691056910569,0.0,0.9117440612428291,0.5142045454545454
15,sider,SIDER26,te,104,1366,125,12,0.096,0,12,0,125,1.0,0.0,0.9124087591240876,0.0,0.9672644145626413,0.8039999999999999
1,sider,SIDER27,tr,104,1366,721,385,0.5339805825242718,384,1,6,715,0.9916782246879334,0.9974025974025974,0.9936708860759493,0.9861454234858836,0.9983280076162886,0.9959021560963308
1,sider,SIDER27,va,104,1366,79,44,0.5569620253164557,2,42,2,77,0.9746835443037974,0.045454545454545456,0.6422764227642277,0.05441951660931571,0.7432642683057318,0.6649884925201383
1,sider,SIDER27,te,104,1366,108,29,0.26851851851851855,3,26,3,105,0.9722222222222222,0.10344827586206896,0.7883211678832117,0.1510519013560523,0.8767337102160884,0.638250319284802
2,sider,SIDER27,tr,104,1366,738,368,0.4986449864498645,368,0,7,731,0.9905149051490515,1.0,0.9936708860759493,0.9859134310811823,0.9981363773550139,0.9951654000235655
2,sider,SIDER27,va,104,1366,85,38,0.4470588235294118,3,35,4,81,0.9529411764705882,0.07894736842105263,0.6829268292682927,0.06360012202794274,0.7578896314557255,0.6052631578947368
2,sider,SIDER27,te,104,1366,85,52,0.611764705882353,8,44,5,80,0.9411764705882353,0.15384615384615385,0.6423357664233577,0.157345974673433,0.67030743221227,0.5726244343891402
3,sider,SIDER27,tr,104,1366,735,371,0.5047619047619047,370,1,7,728,0.9904761904761905,0.9973045822102425,0.9927667269439421,0.9839131237818229,0.9985757265708377,0.9968755157049343
3,sider,SIDER27,va,104,1366,76,47,0.618421052631579,3,44,1,75,0.9868421052631579,0.06382978723404255,0.6341463414634146,0.13880955866083583,0.6786184273043693,0.5991041433370661
3,sider,SIDER27,te,104,1366,97,40,0.41237113402061853,4,36,2,95,0.979381443298969,0.1,0.7226277372262774,0.17636953938392164,0.7639726146122642,0.5777061855670103
4,sider,SIDER27,tr,104,1366,734,372,0.5068119891008175,372,0,8,726,0.989100817438692,1.0,0.9927667269439421,0.9840109970598496,0.9974573771487447,0.9932649204535465
4,sider,SIDER27,va,104,1366,86,37,0.43023255813953487,3,34,3,83,0.9651162790697675,0.08108108108108109,0.6991869918699187,0.09835550917683285,0.742828821499987,0.620678818353237
4,sider,SIDER27,te,104,1366,88,49,0.5568181818181818,6,43,2,86,0.9772727272727273,0.12244897959183673,0.6715328467153284,0.20383991560430023,0.6360570991652015,0.5076530612244898
5,sider,SIDER27,tr,104,1366,731,375,0.5129958960328317,374,1,8,723,0.9890560875512996,0.9973333333333333,0.9918625678119349,0.9820232352070707,0.9980241662420245,0.9949785681714547
5,sider,SIDER27,va,104,1366,81,42,0.5185185185185185,4,38,1,80,0.9876543209876543,0.09523809523809523,0.6829268292682927,0.1990471427664654,0.7570818707364735,0.6449147560258671
5,sider,SIDER27,te,104,1366,96,41,0.4270833333333333,1,40,2,94,0.9791666666666666,0.024390243902439025,0.6934306569343066,0.01112980266589617,0.7330891920033982,0.5510670731707317
6,sider,SIDER27,tr,104,1366,736,370,0.5027173913043478,370,0,7,729,0.9904891304347826,1.0,0.9936708860759493,0.9859503464032042,0.9984319656456295,0.9961332256169212
6,sider,SIDER27,va,104,1366,79,44,0.5569620253164557,5,39,7,72,0.9113924050632911,0.11363636363636363,0.6260162601626016,0.04043218915136852,0.7298430749115141,0.5491944764096663
6,sider,SIDER27,te,104,1366,93,44,0.4731182795698925,4,40,3,90,0.967741935483871,0.09090909090909091,0.6861313868613139,0.12437203288994161,0.6929336959265805,0.5366568914956011
7,sider,SIDER27,tr,104,1366,731,375,0.5129958960328317,375,0,9,722,0.987688098495212,1.0,0.9918625678119349,0.9821095451561045,0.9976732849490294,0.9943091655266756
7,sider,SIDER27,va,104,1366,74,49,0.6621621621621622,3,46,0,74,1.0,0.061224489795918366,0.6260162601626016,0.19430672155336273,0.6855770938352034,0.617484831770546
7,sider,SIDER27,te,104,1366,103,34,0.3300970873786408,2,32,7,96,0.9320388349514563,0.058823529411764705,0.7153284671532847,-0.01593183015641169,0.837157975350732,0.6333523700742433
8,sider,SIDER27,tr,104,1366,731,375,0.5129958960328317,375,0,7,724,0.9904240766073872,1.0,0.9936708860759493,0.9860400318007045,0.9979918007742801,0.9949074327405381
8,sider,SIDER27,va,104,1366,80,43,0.5375,4,39,2,78,0.975,0.09302325581395349,0.6666666666666666,0.1505802729598106,0.7104402769211078,0.5558139534883721
8,sider,SIDER27,te,104,1366,97,40,0.41237113402061853,1,39,1,96,0.9896907216494846,0.025,0.708029197080292,0.055689986267251905,0.8396219985401602,0.6762886597938145
9,sider,SIDER27,tr,104,1366,751,355,0.47270306258322237,1,354,0,751,1.0,0.0028169014084507044,0.6799276672694394,0.04375469420449582,0.9977230742206407,0.993666660415221
9,sider,SIDER27,va,104,1366,76,47,0.618421052631579,0,47,0,76,1.0,0.0,0.6178861788617886,0.0,0.7483904724665773,0.639417693169093
9,sider,SIDER27,te,104,1366,81,56,0.691358024691358,0,56,0,81,1.0,0.0,0.5912408759124088,0.0,0.773709879224117,0.6770282186948853
10,sider,SIDER27,tr,104,1366,737,369,0.5006784260515604,369,0,8,729,0.989145183175034,1.0,0.9927667269439421,0.9839488629824332,0.9979971120268853,0.994622232518119
10,sider,SIDER27,va,104,1366,84,39,0.4642857142857143,3,36,2,82,0.9761904761904762,0.07692307692307693,0.6910569105691057,0.12515589087186085,0.7496783617261968,0.6312576312576313
10,sider,SIDER27,te,104,1366,87,50,0.5747126436781609,3,47,0,87,1.0,0.06,0.656934306569343,0.19737077767642502,0.6249493467487315,0.5113793103448276
11,sider,SIDER27,tr,104,1366,740,366,0.4945945945945946,366,0,10,730,0.9864864864864865,1.0,0.9909584086799277,0.9799235397523534,0.997549612233096,0.9933170875793826
11,sider,SIDER27,va,104,1366,82,41,0.5,5,36,4,78,0.9512195121951219,0.12195121951219512,0.6747967479674797,0.1324532357065042,0.6418657307437107,0.5113027959547889
11,sider,SIDER27,te,104,1366,86,51,0.5930232558139535,4,47,6,80,0.9302325581395349,0.0784313725490196,0.6131386861313869,0.016100798781110797,0.7140816223255384,0.6080711354309165
12,sider,SIDER27,tr,104,1366,745,361,0.48456375838926175,361,0,7,738,0.9906040268456375,1.0,0.9936708860759493,0.9857793949284097,0.9981855190302632,0.9951904664522485
12,sider,SIDER27,va,104,1366,79,44,0.5569620253164557,7,37,5,74,0.9367088607594937,0.1590909090909091,0.6585365853658537,0.15475768951041055,0.7513371864557611,0.662686996547756
12,sider,SIDER27,te,104,1366,84,53,0.6309523809523809,3,50,4,80,0.9523809523809523,0.05660377358490566,0.6058394160583942,0.01987292151366438,0.6658936225307747,0.5979335130278526
13,sider,SIDER27,tr,104,1366,730,376,0.5150684931506849,375,1,7,723,0.9904109589041096,0.9973404255319149,0.9927667269439421,0.9840157166856689,0.9988599235302411,0.9973568201690468
13,sider,SIDER27,va,104,1366,87,36,0.41379310344827586,5,31,1,86,0.9885057471264368,0.1388888888888889,0.7398373983739838,0.26908746226940927,0.783328869592544,0.6047254150702427
13,sider,SIDER27,te,104,1366,91,46,0.5054945054945055,3,43,2,89,0.978021978021978,0.06521739130434782,0.6715328467153284,0.10889476326603165,0.735985157513273,0.5888676540850455
14,sider,SIDER27,tr,104,1366,743,363,0.48855989232839836,363,0,8,735,0.9892328398384926,1.0,0.9927667269439421,0.9838199395625143,0.997770126954158,0.994080657301017
14,sider,SIDER27,va,104,1366,80,43,0.5375,5,38,2,78,0.975,0.11627906976744186,0.6747967479674797,0.18787647887378198,0.6996337988004784,0.583139534883721
14,sider,SIDER27,te,104,1366,85,52,0.611764705882353,5,47,4,81,0.9529411764705882,0.09615384615384616,0.6277372262773723,0.09616617882197823,0.6679138469875572,0.5389140271493214
15,sider,SIDER27,tr,104,1366,741,365,0.4925775978407557,365,0,9,732,0.9878542510121457,1.0,0.9918625678119349,0.9818769562787447,0.9971384805567243,0.9920359381065942
15,sider,SIDER27,va,104,1366,78,45,0.5769230769230769,3,42,3,75,0.9615384615384616,0.06666666666666667,0.6341463414634146,0.06306858398076318,0.6628418877998354,0.5263532763532763
15,sider,SIDER27,te,104,1366,89,48,0.5393258426966292,3,45,2,87,0.9775280898876404,0.0625,0.656934306569343,0.10183768554990512,0.8039984597159187,0.665496254681648
