split,dataset,subtask,set,num_of_retained_feature,num_of_compounds,postives,negtives,negtives/postives,tn,fp,fn,tp,se,sp,acc,mcc,auc_prc,auc_roc
1,sider,SIDER1,tr,104,1366,595,511,0.8588235294117647,474,37,36,559,0.9394957983193277,0.9275929549902152,0.933996383363472,0.8672099820767638,0.9865286852938463,0.9825601473466099
1,sider,SIDER1,va,104,1366,62,61,0.9838709677419355,40,21,19,43,0.6935483870967742,0.6557377049180327,0.6747967479674797,0.34956348670473514,0.6981365785060814,0.7445795875198308
1,sider,SIDER1,te,104,1366,77,60,0.7792207792207793,34,26,18,59,0.7662337662337663,0.5666666666666667,0.6788321167883211,0.3403487916166986,0.8018000620493159,0.7554112554112554
2,sider,SIDER1,tr,104,1366,597,509,0.8525963149078727,462,47,41,556,0.931323283082077,0.9076620825147348,0.9204339963833634,0.8397650456896,0.9843432879448701,0.9802697179413767
2,sider,SIDER1,va,104,1366,64,59,0.921875,37,22,14,50,0.78125,0.6271186440677966,0.7073170731707317,0.4141112649366403,0.7765410892509772,0.7775423728813559
2,sider,SIDER1,te,104,1366,73,64,0.8767123287671232,33,31,19,54,0.7397260273972602,0.515625,0.635036496350365,0.2625293673229684,0.7536887985290037,0.7172517123287672
3,sider,SIDER1,tr,104,1366,599,507,0.8464106844741235,458,49,33,566,0.9449081803005008,0.903353057199211,0.9258589511754068,0.8506848700185906,0.9856979808357816,0.9813248905967538
3,sider,SIDER1,va,104,1366,63,60,0.9523809523809523,34,26,12,51,0.8095238095238095,0.5666666666666667,0.6910569105691057,0.38862382149188823,0.7935081393829839,0.7870370370370371
3,sider,SIDER1,te,104,1366,72,65,0.9027777777777778,42,23,16,56,0.7777777777777778,0.6461538461538462,0.7153284671532847,0.42844117219971606,0.7201875016399262,0.7711538461538462
4,sider,SIDER1,tr,104,1366,601,505,0.8402662229617305,471,34,35,566,0.9417637271214643,0.9326732673267327,0.9376130198915009,0.8743001729495107,0.987789523423479,0.9834351987611405
4,sider,SIDER1,va,104,1366,65,58,0.8923076923076924,37,21,15,50,0.7692307692307693,0.6379310344827587,0.7073170731707317,0.4114403289482111,0.7359304965556559,0.7684350132625994
4,sider,SIDER1,te,104,1366,68,69,1.0147058823529411,43,26,19,49,0.7205882352941176,0.6231884057971014,0.6715328467153284,0.3453256907694613,0.6887684766906509,0.7408354646206309
5,sider,SIDER1,tr,104,1366,596,510,0.8557046979865772,466,44,33,563,0.9446308724832215,0.9137254901960784,0.930379746835443,0.8598668978797029,0.9864916562254966,0.9838498486642979
5,sider,SIDER1,va,104,1366,62,61,0.9838709677419355,36,25,14,48,0.7741935483870968,0.5901639344262295,0.6829268292682927,0.3708873518442188,0.678955038118533,0.7406134320465363
5,sider,SIDER1,te,104,1366,76,61,0.8026315789473685,31,30,22,54,0.7105263157894737,0.5081967213114754,0.6204379562043796,0.22319715961919404,0.7395082743805155,0.682916307161346
6,sider,SIDER1,tr,104,1366,609,497,0.8160919540229885,460,37,31,578,0.9490968801313628,0.9255533199195171,0.9385171790235082,0.8756749707779353,0.9879731417645995,0.984522900952513
6,sider,SIDER1,va,104,1366,61,62,1.0163934426229508,47,15,11,50,0.819672131147541,0.7580645161290323,0.7886178861788617,0.5786553915314007,0.8213205058612143,0.8556319407720783
6,sider,SIDER1,te,104,1366,64,73,1.140625,38,35,21,43,0.671875,0.5205479452054794,0.5912408759124088,0.1938808734168059,0.6008373272286383,0.6630993150684932
7,sider,SIDER1,tr,104,1366,582,524,0.9003436426116839,477,47,29,553,0.9501718213058419,0.9103053435114504,0.9312839059674503,0.8624136103400828,0.9849351905748966,0.9832556202617979
7,sider,SIDER1,va,104,1366,73,50,0.684931506849315,30,20,20,53,0.726027397260274,0.6,0.6747967479674797,0.32602739726027385,0.779920112412346,0.7542465753424656
7,sider,SIDER1,te,104,1366,79,58,0.7341772151898734,35,23,17,62,0.7848101265822784,0.603448275862069,0.708029197080292,0.39530951787235497,0.7505428716966742,0.706678306416412
8,sider,SIDER1,tr,104,1366,598,508,0.8494983277591973,470,38,39,559,0.9347826086956522,0.9251968503937008,0.930379746835443,0.8598535121034242,0.9847065410774968,0.9797734574566139
8,sider,SIDER1,va,104,1366,60,63,1.05,39,24,14,46,0.7666666666666667,0.6190476190476191,0.6910569105691057,0.38933609555533344,0.6920227260410352,0.7576719576719577
8,sider,SIDER1,te,104,1366,76,61,0.8026315789473685,38,23,15,61,0.8026315789473685,0.6229508196721312,0.7226277372262774,0.4342879644266961,0.7295880542284121,0.7508628127696291
9,sider,SIDER1,tr,104,1366,594,512,0.8619528619528619,477,35,27,567,0.9545454545454546,0.931640625,0.9439421338155516,0.8872369349834857,0.98383947486301,0.981670546611953
9,sider,SIDER1,va,104,1366,67,56,0.835820895522388,37,19,19,48,0.7164179104477612,0.6607142857142857,0.6910569105691057,0.3771321961620468,0.7221678136157811,0.7241471215351811
9,sider,SIDER1,te,104,1366,73,64,0.8767123287671232,35,29,23,50,0.684931506849315,0.546875,0.6204379562043796,0.23407201682616144,0.7024172742659297,0.686429794520548
10,sider,SIDER1,tr,104,1366,598,508,0.8494983277591973,465,43,33,565,0.9448160535117057,0.9153543307086615,0.9312839059674503,0.8615896490044801,0.9858438011013583,0.9822225660337607
10,sider,SIDER1,va,104,1366,70,53,0.7571428571428571,39,14,21,49,0.7,0.7358490566037735,0.7154471544715447,0.4317945586508739,0.8267384426329016,0.8
10,sider,SIDER1,te,104,1366,66,71,1.0757575757575757,44,27,10,56,0.8484848484848485,0.6197183098591549,0.7299270072992701,0.478739823131819,0.7603512106695234,0.8066581306017926
11,sider,SIDER1,tr,104,1366,602,504,0.8372093023255814,460,44,25,577,0.9584717607973422,0.9126984126984127,0.9376130198915009,0.8743792492556005,0.9863595110723117,0.9823340188788693
11,sider,SIDER1,va,104,1366,64,59,0.921875,34,25,14,50,0.78125,0.576271186440678,0.6829268292682927,0.36615631213356703,0.7193734355804171,0.7248411016949153
11,sider,SIDER1,te,104,1366,68,69,1.0147058823529411,34,35,16,52,0.7647058823529411,0.4927536231884058,0.6277372262773723,0.26738885657277894,0.7312828732898781,0.7303921568627452
12,sider,SIDER1,tr,104,1366,590,516,0.8745762711864407,484,32,38,552,0.9355932203389831,0.937984496124031,0.9367088607594937,0.8729929347952332,0.9831216247653818,0.9786723163841808
12,sider,SIDER1,va,104,1366,65,58,0.8923076923076924,35,23,19,46,0.7076923076923077,0.603448275862069,0.6585365853658537,0.312972307390038,0.7779302522094778,0.7588859416445624
12,sider,SIDER1,te,104,1366,79,58,0.7341772151898734,41,17,23,56,0.7088607594936709,0.7068965517241379,0.708029197080292,0.41173332599615653,0.8137281663719758,0.7859013531209079
13,sider,SIDER1,tr,104,1366,592,514,0.8682432432432432,473,41,37,555,0.9375,0.9202334630350194,0.9294755877034359,0.8581961237798077,0.9864590932413456,0.9825346382374591
13,sider,SIDER1,va,104,1366,72,51,0.7083333333333334,39,12,17,55,0.7638888888888888,0.7647058823529411,0.7642276422764228,0.5229290688314133,0.8314043505385609,0.806644880174292
13,sider,SIDER1,te,104,1366,70,67,0.9571428571428572,40,27,18,52,0.7428571428571429,0.5970149253731343,0.6715328467153284,0.34385421574360403,0.6794169147163773,0.7268656716417911
14,sider,SIDER1,tr,104,1366,610,496,0.8131147540983606,456,40,33,577,0.9459016393442623,0.9193548387096774,0.933996383363472,0.866470145693205,0.9864656233065661,0.9818482284505552
14,sider,SIDER1,va,104,1366,61,62,1.0163934426229508,41,21,15,46,0.7540983606557377,0.6612903225806451,0.7073170731707317,0.41704604591676364,0.6910435529199169,0.7295081967213115
14,sider,SIDER1,te,104,1366,63,74,1.1746031746031746,46,28,20,43,0.6825396825396826,0.6216216216216216,0.6496350364963503,0.30338140209786535,0.6359961607640809,0.6971256971256972
15,sider,SIDER1,tr,104,1366,593,513,0.8650927487352446,472,41,33,560,0.9443507588532883,0.9200779727095516,0.9330922242314648,0.8654307007859839,0.986868387513117,0.9836395372917961
15,sider,SIDER1,va,104,1366,65,58,0.8923076923076924,41,17,16,49,0.7538461538461538,0.7068965517241379,0.7317073170731707,0.4612323366389249,0.7429746729743387,0.7413793103448276
15,sider,SIDER1,te,104,1366,76,61,0.8026315789473685,47,14,28,48,0.631578947368421,0.7704918032786885,0.6934306569343066,0.4014650265854155,0.8299677531481184,0.7957290767903366
1,sider,SIDER2,tr,104,1366,762,344,0.45144356955380577,274,70,81,681,0.8937007874015748,0.7965116279069767,0.8634719710669078,0.6843926375253083,0.9589942468414915,0.9177882561191479
1,sider,SIDER2,va,104,1366,82,41,0.5,19,22,26,56,0.6829268292682927,0.4634146341463415,0.6097560975609756,0.14322297480788654,0.7673182153048872,0.6237358715050565
1,sider,SIDER2,te,104,1366,112,25,0.22321428571428573,5,20,31,81,0.7232142857142857,0.2,0.6277372262773723,-0.06738256004399552,0.8421162283058947,0.49178571428571427
2,sider,SIDER2,tr,104,1366,784,322,0.4107142857142857,240,82,91,693,0.8839285714285714,0.7453416149068323,0.8435804701627486,0.6242496035488698,0.9604680070425031,0.9108390638864241
2,sider,SIDER2,va,104,1366,78,45,0.5769230769230769,13,32,21,57,0.7307692307692307,0.28888888888888886,0.5691056910569106,0.02117196028516665,0.6778190731543341,0.5424501424501426
2,sider,SIDER2,te,104,1366,94,43,0.4574468085106383,22,21,15,79,0.8404255319148937,0.5116279069767442,0.7372262773722628,0.36796446785819176,0.8003737629026932,0.7011380504700643
3,sider,SIDER2,tr,104,1366,768,338,0.4401041666666667,242,96,52,716,0.9322916666666666,0.7159763313609467,0.8661844484629295,0.6759924779046498,0.9661158079616794,0.9276265101084812
3,sider,SIDER2,va,104,1366,86,37,0.43023255813953487,9,28,17,69,0.8023255813953488,0.24324324324324326,0.6341463414634146,0.05118531419085703,0.7858641139749298,0.592394720301697
3,sider,SIDER2,te,104,1366,102,35,0.3431372549019608,12,23,30,72,0.7058823529411765,0.34285714285714286,0.6131386861313869,0.04610294753761444,0.7741998606056546,0.538375350140056
4,sider,SIDER2,tr,104,1366,782,324,0.4143222506393862,250,74,75,707,0.9040920716112532,0.7716049382716049,0.8652802893309223,0.6750884554637742,0.9631517548993325,0.9225928294022924
4,sider,SIDER2,va,104,1366,87,36,0.41379310344827586,19,17,21,66,0.7586206896551724,0.5277777777777778,0.6910569105691057,0.2781714308948191,0.7863761460878429,0.6912515964240101
4,sider,SIDER2,te,104,1366,87,50,0.5747126436781609,22,28,17,70,0.8045977011494253,0.44,0.6715328467153284,0.2609466093297997,0.79079152825134,0.6834482758620689
5,sider,SIDER2,tr,104,1366,770,336,0.43636363636363634,251,85,60,710,0.922077922077922,0.7470238095238095,0.8688969258589512,0.6844526294491834,0.9643605051532627,0.9255604514533087
5,sider,SIDER2,va,104,1366,90,33,0.36666666666666664,12,21,20,70,0.7777777777777778,0.36363636363636365,0.6666666666666666,0.1428155117494958,0.802810254968527,0.5956228956228956
5,sider,SIDER2,te,104,1366,96,41,0.4270833333333333,15,26,20,76,0.7916666666666666,0.36585365853658536,0.6642335766423357,0.16539791728949316,0.7610140749675234,0.6069613821138211
6,sider,SIDER2,tr,104,1366,793,313,0.39470365699873894,236,77,74,719,0.9066834804539723,0.7539936102236422,0.8634719710669078,0.662614033139225,0.9699272917160254,0.9298373548098579
6,sider,SIDER2,va,104,1366,79,44,0.5569620253164557,13,31,18,61,0.7721518987341772,0.29545454545454547,0.6016260162601627,0.07463683552719769,0.7189395106830555,0.6063003452243959
6,sider,SIDER2,te,104,1366,84,53,0.6309523809523809,14,39,19,65,0.7738095238095238,0.2641509433962264,0.5766423357664233,0.04323500237754341,0.7290824993786125,0.6062443845462713
7,sider,SIDER2,tr,104,1366,766,340,0.44386422976501305,262,78,80,686,0.8955613577023499,0.7705882352941177,0.8571428571428571,0.665067733255154,0.96491186303303,0.9263150821686376
7,sider,SIDER2,va,104,1366,91,32,0.3516483516483517,8,24,17,74,0.8131868131868132,0.25,0.6666666666666666,0.06888728927029744,0.7727466132347186,0.5645604395604396
7,sider,SIDER2,te,104,1366,99,38,0.3838383838383838,19,19,27,72,0.7272727272727273,0.5,0.6642335766423357,0.2154552629526923,0.8573744442566757,0.7058745348219032
8,sider,SIDER2,tr,104,1366,784,322,0.4107142857142857,251,71,94,690,0.8801020408163265,0.7795031055900621,0.8508137432188065,0.6467971933902186,0.9681467760619138,0.9238635283305868
8,sider,SIDER2,va,104,1366,74,49,0.6621621621621622,18,31,14,60,0.8108108108108109,0.3673469387755102,0.6341463414634146,0.19880299956207276,0.7515949987296338,0.6838113623827909
8,sider,SIDER2,te,104,1366,98,39,0.3979591836734694,17,22,19,79,0.8061224489795918,0.4358974358974359,0.7007299270072993,0.2481329587380828,0.7898643909619603,0.6461276818419676
9,sider,SIDER2,tr,104,1366,785,321,0.4089171974522293,270,51,128,657,0.8369426751592357,0.8411214953271028,0.8381555153707052,0.6412095414016954,0.9633114664163891,0.9184753060698058
9,sider,SIDER2,va,104,1366,77,46,0.5974025974025974,21,25,22,55,0.7142857142857143,0.45652173913043476,0.6178861788617886,0.17332127490954588,0.7124102713661701,0.6445511010728402
9,sider,SIDER2,te,104,1366,94,43,0.4574468085106383,14,29,24,70,0.7446808510638298,0.32558139534883723,0.6131386861313869,0.07283008047728536,0.753818171329799,0.6271647699158832
10,sider,SIDER2,tr,104,1366,764,342,0.4476439790575916,272,70,89,675,0.8835078534031413,0.7953216374269005,0.85623869801085,0.6690964048833125,0.9555593015356745,0.9107058112121491
10,sider,SIDER2,va,104,1366,95,28,0.29473684210526313,20,8,32,63,0.6631578947368421,0.7142857142857143,0.6747967479674797,0.32037752964303695,0.8965880455614178,0.7355263157894737
10,sider,SIDER2,te,104,1366,97,40,0.41237113402061853,18,22,28,69,0.711340206185567,0.45,0.635036496350365,0.15533125759883232,0.8343876867945429,0.6489690721649484
11,sider,SIDER2,tr,104,1366,784,322,0.4107142857142857,250,72,71,713,0.9094387755102041,0.7763975155279503,0.8707052441229657,0.6864660834319918,0.96518179656405,0.9213600424641906
11,sider,SIDER2,va,104,1366,85,38,0.4470588235294118,11,27,20,65,0.7647058823529411,0.2894736842105263,0.6178861788617886,0.057658325682848004,0.6817571204165609,0.521671826625387
11,sider,SIDER2,te,104,1366,87,50,0.5747126436781609,18,32,25,62,0.7126436781609196,0.36,0.583941605839416,0.0753605916746172,0.6643956734435019,0.5529885057471264
12,sider,SIDER2,tr,104,1366,773,333,0.4307891332470893,281,52,105,668,0.8641655886157826,0.8438438438438438,0.8580470162748643,0.6813825493021219,0.9662876157311535,0.9257271501773443
12,sider,SIDER2,va,104,1366,87,36,0.41379310344827586,18,18,18,69,0.7931034482758621,0.5,0.7073170731707317,0.29310344827586193,0.7695765748711801,0.6577266922094508
12,sider,SIDER2,te,104,1366,96,41,0.4270833333333333,19,22,28,68,0.7083333333333334,0.4634146341463415,0.635036496350365,0.1656719436466097,0.7953124393945297,0.6257621951219513
13,sider,SIDER2,tr,104,1366,769,337,0.43823146944083224,237,100,76,693,0.9011703511053316,0.7032640949554896,0.840867992766727,0.617616036849579,0.9494891639891884,0.8994242783220723
13,sider,SIDER2,va,104,1366,92,31,0.33695652173913043,14,17,18,74,0.8043478260869565,0.45161290322580644,0.7154471544715447,0.253310046252392,0.8706524332968156,0.6902173913043479
13,sider,SIDER2,te,104,1366,95,42,0.4421052631578947,14,28,17,78,0.8210526315789474,0.3333333333333333,0.6715328467153284,0.1701220019651688,0.7313602558599583,0.587593984962406
14,sider,SIDER2,tr,104,1366,773,333,0.4307891332470893,257,76,83,690,0.8926261319534282,0.7717717717717718,0.85623869801085,0.6605204588027898,0.9665321166520864,0.9259427603541445
14,sider,SIDER2,va,104,1366,83,40,0.4819277108433735,14,26,25,58,0.6987951807228916,0.35,0.5853658536585366,0.04912177213095884,0.7820413764636378,0.6138554216867471
14,sider,SIDER2,te,104,1366,100,37,0.37,15,22,25,75,0.75,0.40540540540540543,0.656934306569343,0.15175783417685054,0.7861276069724614,0.5708108108108109
15,sider,SIDER2,tr,104,1366,782,324,0.4143222506393862,244,80,76,706,0.9028132992327366,0.7530864197530864,0.8589511754068716,0.6583048644879819,0.9696014767067214,0.9300957500552556
15,sider,SIDER2,va,104,1366,81,42,0.5185185185185185,20,22,20,61,0.7530864197530864,0.47619047619047616,0.6585365853658537,0.2320910568840078,0.7051296940716429,0.6146384479717815
15,sider,SIDER2,te,104,1366,93,44,0.4731182795698925,22,22,30,63,0.6774193548387096,0.5,0.6204379562043796,0.17070949339196395,0.7859458249263591,0.6555474095796676
1,sider,SIDER3,tr,104,1366,16,1090,68.125,935,155,0,16,1.0,0.8577981651376146,0.8598553345388789,0.283305165185994,0.2256545427398615,0.9561353211009174
1,sider,SIDER3,va,104,1366,3,120,40.0,109,11,3,0,0.0,0.9083333333333333,0.8861788617886179,-0.049551560448255184,0.018917800750862458,0.39999999999999997
1,sider,SIDER3,te,104,1366,2,135,67.5,111,24,2,0,0.0,0.8222222222222222,0.8102189781021898,-0.05609375492155578,0.010810330858278117,0.37222222222222223
2,sider,SIDER3,tr,104,1366,13,1093,84.07692307692308,1016,77,1,12,0.9230769230769231,0.929551692589204,0.9294755877034359,0.3378206409367569,0.4077870174273951,0.9644239566471955
2,sider,SIDER3,va,104,1366,6,117,19.5,105,12,6,0,0.0,0.8974358974358975,0.8536585365853658,-0.0744580791049936,0.04975698791271545,0.5576923076923077
2,sider,SIDER3,te,104,1366,2,135,67.5,129,6,1,1,0.5,0.9555555555555556,0.948905109489051,0.24814328839420394,0.05610061542865322,0.55
3,sider,SIDER3,tr,104,1366,16,1090,68.125,1030,60,2,14,0.875,0.944954128440367,0.9439421338155516,0.3918384850209471,0.25140252830419774,0.9643922018348624
3,sider,SIDER3,va,104,1366,3,120,40.0,112,8,3,0,0.0,0.9333333333333333,0.9105691056910569,-0.04170288281141432,0.03511938819411575,0.688888888888889
3,sider,SIDER3,te,104,1366,2,135,67.5,129,6,1,1,0.5,0.9555555555555556,0.948905109489051,0.24814328839420394,0.07573621553884712,0.787037037037037
4,sider,SIDER3,tr,104,1366,18,1088,60.44444444444444,1008,80,5,13,0.7222222222222222,0.9264705882352942,0.9231464737793852,0.29576282643911905,0.3951528566627778,0.9313214869281046
4,sider,SIDER3,va,104,1366,1,122,122.0,109,13,1,0,0.0,0.8934426229508197,0.8861788617886179,-0.03112400083086629,0.02,0.8073770491803279
4,sider,SIDER3,te,104,1366,2,135,67.5,123,12,2,0,0.0,0.9111111111111111,0.8978102189781022,-0.03771236166328207,0.014851585795608566,0.5240740740740741
5,sider,SIDER3,tr,104,1366,17,1089,64.05882352941177,1036,53,5,12,0.7058823529411765,0.9513314967860422,0.9475587703435805,0.34376611367228815,0.3693884920065205,0.9649165451304489
5,sider,SIDER3,va,104,1366,1,122,122.0,116,6,1,0,0.0,0.9508196721311475,0.943089430894309,-0.020502309202617044,0.007042253521126761,0.42622950819672134
5,sider,SIDER3,te,104,1366,3,134,44.666666666666664,128,6,3,0,0.0,0.9552238805970149,0.9343065693430657,-0.03202198174023814,0.02507733263039079,0.48258706467661694
6,sider,SIDER3,tr,104,1366,13,1093,84.07692307692308,1016,77,1,12,0.9230769230769231,0.929551692589204,0.9294755877034359,0.3378206409367569,0.4077870174273951,0.9644239566471955
6,sider,SIDER3,va,104,1366,6,117,19.5,105,12,6,0,0.0,0.8974358974358975,0.8536585365853658,-0.0744580791049936,0.04975698791271545,0.5576923076923077
6,sider,SIDER3,te,104,1366,2,135,67.5,129,6,1,1,0.5,0.9555555555555556,0.948905109489051,0.24814328839420394,0.05610061542865322,0.55
7,sider,SIDER3,tr,104,1366,18,1088,60.44444444444444,1002,86,2,16,0.8888888888888888,0.9209558823529411,0.9204339963833634,0.3541486090953737,0.3837297116715256,0.9660947712418301
7,sider,SIDER3,va,104,1366,2,121,60.5,114,7,2,0,0.0,0.9421487603305785,0.926829268292683,-0.03158219698998334,0.019560803508013463,0.5991735537190083
7,sider,SIDER3,te,104,1366,1,136,136.0,125,11,1,0,0.0,0.9191176470588235,0.9124087591240876,-0.02533620800437684,0.005494505494505495,0.3382352941176471
8,sider,SIDER3,tr,104,1366,17,1089,64.05882352941177,1036,53,5,12,0.7058823529411765,0.9513314967860422,0.9475587703435805,0.34376611367228815,0.4454887123736371,0.9542483660130718
8,sider,SIDER3,va,104,1366,1,122,122.0,113,9,1,0,0.0,0.9262295081967213,0.9186991869918699,-0.02543834855531489,0.014705882352941176,0.7295081967213115
8,sider,SIDER3,te,104,1366,3,134,44.666666666666664,125,9,2,1,0.3333333333333333,0.9328358208955224,0.9197080291970803,0.14975071017797767,0.05939631007041992,0.708955223880597
9,sider,SIDER3,tr,104,1366,18,1088,60.44444444444444,1069,19,9,9,0.5,0.9825367647058824,0.9746835443037974,0.38868046370351866,0.42354410384655927,0.9538398692810458
9,sider,SIDER3,va,104,1366,1,122,122.0,120,2,1,0,0.0,0.9836065573770492,0.975609756097561,-0.011639716357534026,0.011627906976744186,0.6557377049180328
9,sider,SIDER3,te,104,1366,2,135,67.5,131,4,2,0,0.0,0.9703703703703703,0.9562043795620438,-0.02110825289537605,0.04769242927137664,0.837037037037037
10,sider,SIDER3,tr,104,1366,18,1088,60.44444444444444,1045,43,6,12,0.6666666666666666,0.9604779411764706,0.9556962025316456,0.36503599427072303,0.4795252478448756,0.9585120506535948
10,sider,SIDER3,va,104,1366,2,121,60.5,113,8,2,0,0.0,0.9338842975206612,0.9186991869918699,-0.033909265754192466,0.03002001964191282,0.6983471074380165
10,sider,SIDER3,te,104,1366,1,136,136.0,133,3,1,0,0.0,0.9779411764705882,0.9708029197080292,-0.012830357985666504,0.038461538461538464,0.9117647058823529
11,sider,SIDER3,tr,104,1366,18,1088,60.44444444444444,1008,80,5,13,0.7222222222222222,0.9264705882352942,0.9231464737793852,0.29576282643911905,0.3961054117541254,0.9329810049019608
11,sider,SIDER3,va,104,1366,1,122,122.0,110,12,1,0,0.0,0.9016393442622951,0.8943089430894309,-0.029767969928649194,0.011904761904761904,0.6639344262295083
11,sider,SIDER3,te,104,1366,2,135,67.5,127,8,1,1,0.5,0.9407407407407408,0.9343065693430657,0.2133726936104978,0.09823232323232324,0.9370370370370371
12,sider,SIDER3,tr,104,1366,17,1089,64.05882352941177,980,109,5,12,0.7058823529411765,0.8999081726354453,0.8969258589511754,0.2387536814809475,0.18635245268494272,0.9146545670609841
12,sider,SIDER3,va,104,1366,1,122,122.0,111,11,1,0,0.0,0.9098360655737705,0.9024390243902439,-0.028373140975323247,0.0078125,0.48360655737704916
12,sider,SIDER3,te,104,1366,3,134,44.666666666666664,120,14,3,0,0.0,0.8955223880597015,0.8759124087591241,-0.05048003999174545,0.03039900948657838,0.6716417910447761
13,sider,SIDER3,tr,104,1366,17,1089,64.05882352941177,1045,44,6,11,0.6470588235294118,0.9595959595959596,0.9547920433996383,0.34331859292160627,0.32234156721842927,0.9612434505482634
13,sider,SIDER3,va,104,1366,2,121,60.5,118,3,2,0,0.0,0.9752066115702479,0.959349593495935,-0.020327890704542377,0.06166666666666667,0.8760330578512396
13,sider,SIDER3,te,104,1366,2,135,67.5,126,9,2,0,0.0,0.9333333333333333,0.9197080291970803,-0.032274861218394624,0.013485252987541316,0.4518518518518519
14,sider,SIDER3,tr,104,1366,15,1091,72.73333333333333,1021,70,2,13,0.8666666666666667,0.9358386801099908,0.9349005424954792,0.35231333088905487,0.27257677194065666,0.967461044912924
14,sider,SIDER3,va,104,1366,3,120,40.0,110,10,3,0,0.0,0.9166666666666666,0.8943089430894309,-0.04703604341917929,0.03043745405559583,0.5680555555555555
14,sider,SIDER3,te,104,1366,3,134,44.666666666666664,126,8,3,0,0.0,0.9402985074626866,0.9197080291970803,-0.03726133120533004,0.029736567538092645,0.6616915422885572
15,sider,SIDER3,tr,104,1366,13,1093,84.07692307692308,1073,20,4,9,0.6923076923076923,0.9817017383348582,0.9783001808318263,0.45461198372982536,0.5864227332037923,0.9849391230909987
15,sider,SIDER3,va,104,1366,2,121,60.5,117,4,2,0,0.0,0.9669421487603306,0.9512195121951219,-0.023571044492804952,0.01339826668774037,0.40082644628099173
15,sider,SIDER3,te,104,1366,6,131,21.833333333333332,124,7,6,0,0.0,0.9465648854961832,0.9051094890510949,-0.049661212772366715,0.08205701739943247,0.7118320610687022
1,sider,SIDER4,tr,104,1366,670,436,0.6507462686567164,348,88,52,618,0.9223880597014925,0.7981651376146789,0.8734177215189873,0.7328487466039844,0.9657869621174956,0.9478964124332466
1,sider,SIDER4,va,104,1366,84,39,0.4642857142857143,20,19,17,67,0.7976190476190477,0.5128205128205128,0.7073170731707317,0.3149915610330045,0.7928894642305531,0.684981684981685
1,sider,SIDER4,te,104,1366,99,38,0.3838383838383838,15,23,19,80,0.8080808080808081,0.39473684210526316,0.6934306569343066,0.21021179054753453,0.8097588696141366,0.6230728335991493
2,sider,SIDER4,tr,104,1366,704,402,0.5710227272727273,346,56,44,660,0.9375,0.8606965174129353,0.9095840867992767,0.8035638114603233,0.978161880354555,0.9637077397105382
2,sider,SIDER4,va,104,1366,71,52,0.7323943661971831,23,29,20,51,0.7183098591549296,0.4423076923076923,0.6016260162601627,0.16639666813920842,0.6483125656717077,0.6232394366197183
2,sider,SIDER4,te,104,1366,78,59,0.7564102564102564,24,35,13,65,0.8333333333333334,0.4067796610169492,0.6496350364963503,0.2677861484201385,0.7090107436505404,0.6953498478922209
3,sider,SIDER4,tr,104,1366,695,411,0.5913669064748202,342,69,78,617,0.8877697841726618,0.8321167883211679,0.8670886075949367,0.7167879293794303,0.9685574446119919,0.9444362757968807
3,sider,SIDER4,va,104,1366,68,55,0.8088235294117647,33,22,17,51,0.75,0.6,0.6829268292682927,0.35428879172957956,0.7005910430578142,0.7042780748663102
3,sider,SIDER4,te,104,1366,90,47,0.5222222222222223,19,28,30,60,0.6666666666666666,0.40425531914893614,0.5766423357664233,0.07024439800434461,0.7449560884607048,0.6102836879432624
4,sider,SIDER4,tr,104,1366,690,416,0.6028985507246377,358,58,62,628,0.9101449275362319,0.8605769230769231,0.891500904159132,0.7692759928196906,0.9676277741055215,0.9514231465997771
4,sider,SIDER4,va,104,1366,77,46,0.5974025974025974,25,21,26,51,0.6623376623376623,0.5434782608695652,0.6178861788617886,0.20213983814711226,0.7261505844661907,0.6281761716544325
4,sider,SIDER4,te,104,1366,86,51,0.5930232558139535,22,29,21,65,0.7558139534883721,0.43137254901960786,0.635036496350365,0.19498925899385244,0.8013522809176377,0.7036023711810305
5,sider,SIDER4,tr,104,1366,685,421,0.6145985401459854,345,76,54,631,0.9211678832116789,0.8194774346793349,0.8824593128390597,0.7488597018094122,0.9600030598439617,0.940184128855523
5,sider,SIDER4,va,104,1366,72,51,0.7083333333333334,18,33,22,50,0.6944444444444444,0.35294117647058826,0.5528455284552846,0.04983435827643414,0.5991035602139745,0.5423474945533769
5,sider,SIDER4,te,104,1366,96,41,0.4270833333333333,15,26,21,75,0.78125,0.36585365853658536,0.656934306569343,0.1530520255427548,0.7839875249505041,0.5962906504065042
6,sider,SIDER4,tr,104,1366,694,412,0.5936599423631124,352,60,61,633,0.9121037463976945,0.8543689320388349,0.8905967450271248,0.7660963245948603,0.9700273015284827,0.9526594107607511
6,sider,SIDER4,va,104,1366,74,49,0.6621621621621622,24,25,30,44,0.5945945945945946,0.4897959183673469,0.5528455284552846,0.08325035638034309,0.69486798660539,0.6031439602868174
6,sider,SIDER4,te,104,1366,85,52,0.611764705882353,32,20,22,63,0.7411764705882353,0.6153846153846154,0.6934306569343066,0.3540863233519761,0.7540277094199339,0.6941176470588235
7,sider,SIDER4,tr,104,1366,697,409,0.5868005738880918,329,80,55,642,0.921090387374462,0.80440097799511,0.8779385171790235,0.735658199706379,0.9542413613299194,0.9355761506701792
7,sider,SIDER4,va,104,1366,75,48,0.64,22,26,11,64,0.8533333333333334,0.4583333333333333,0.6991869918699187,0.3431337067977156,0.7461316624480749,0.7030555555555555
7,sider,SIDER4,te,104,1366,81,56,0.691358024691358,29,27,25,56,0.691358024691358,0.5178571428571429,0.6204379562043796,0.21047172639920045,0.7211271338225542,0.644510582010582
8,sider,SIDER4,tr,104,1366,688,418,0.6075581395348837,355,63,57,631,0.9171511627906976,0.8492822966507177,0.891500904159132,0.7686497191207277,0.9674583399461812,0.9502093301435406
8,sider,SIDER4,va,104,1366,74,49,0.6621621621621622,22,27,26,48,0.6486486486486487,0.4489795918367347,0.5691056910569106,0.09798015265550479,0.6705053590092661,0.601627137341423
8,sider,SIDER4,te,104,1366,91,46,0.5054945054945055,26,20,20,71,0.7802197802197802,0.5652173913043478,0.708029197080292,0.34543717152412795,0.7854576792678025,0.7097467749641663
9,sider,SIDER4,tr,104,1366,701,405,0.5777460770328102,326,79,54,647,0.9229671897289586,0.8049382716049382,0.879746835443038,0.7384164953522504,0.9656948617365251,0.9444127436994769
9,sider,SIDER4,va,104,1366,73,50,0.684931506849315,28,22,20,53,0.726027397260274,0.56,0.6585365853658537,0.28800684923362396,0.7712754714116203,0.7110958904109589
9,sider,SIDER4,te,104,1366,79,58,0.7341772151898734,22,36,11,68,0.8607594936708861,0.3793103448275862,0.656934306569343,0.2773904487490559,0.7303966138175947,0.6855085115670013
10,sider,SIDER4,tr,104,1366,690,416,0.6028985507246377,362,54,71,619,0.8971014492753623,0.8701923076923077,0.8869801084990958,0.7615201423630104,0.9689970036319927,0.951611273690078
10,sider,SIDER4,va,104,1366,79,44,0.5569620253164557,23,21,24,55,0.6962025316455697,0.5227272727272727,0.6341463414634146,0.21596782163037265,0.8191130223363433,0.7088607594936709
10,sider,SIDER4,te,104,1366,84,53,0.6309523809523809,19,34,26,58,0.6904761904761905,0.3584905660377358,0.5620437956204379,0.050778368763758026,0.6133186542957809,0.5265049415992812
11,sider,SIDER4,tr,104,1366,688,418,0.6075581395348837,359,59,56,632,0.9186046511627907,0.8588516746411483,0.8960216998191681,0.7785657407418284,0.966142044385525,0.9528676838767108
11,sider,SIDER4,va,104,1366,70,53,0.7571428571428571,25,28,27,43,0.6142857142857143,0.4716981132075472,0.5528455284552846,0.08619317568557536,0.6927172855771682,0.6169811320754717
11,sider,SIDER4,te,104,1366,95,42,0.4421052631578947,22,20,27,68,0.7157894736842105,0.5238095238095238,0.656934306569343,0.23047937540486194,0.7966191729618382,0.6285714285714286
12,sider,SIDER4,tr,104,1366,704,402,0.5710227272727273,333,69,63,641,0.9105113636363636,0.8283582089552238,0.8806509945750453,0.7412938054974669,0.9736244074064155,0.9546196573948441
12,sider,SIDER4,va,104,1366,70,53,0.7571428571428571,20,33,15,55,0.7857142857142857,0.37735849056603776,0.6097560975609756,0.1789752845608436,0.6978391084561508,0.6566037735849057
12,sider,SIDER4,te,104,1366,79,58,0.7341772151898734,22,36,21,58,0.7341772151898734,0.3793103448275862,0.583941605839416,0.12083079881338203,0.6567862028968271,0.618179834133566
13,sider,SIDER4,tr,104,1366,685,421,0.6145985401459854,349,72,60,625,0.9124087591240876,0.828978622327791,0.8806509945750453,0.7456816923206454,0.9504669897148208,0.9348232397662846
13,sider,SIDER4,va,104,1366,82,41,0.5,22,19,25,57,0.6951219512195121,0.5365853658536586,0.6422764227642277,0.22479304903314287,0.7306528734877982,0.6313206424747174
13,sider,SIDER4,te,104,1366,86,51,0.5930232558139535,21,30,15,71,0.8255813953488372,0.4117647058823529,0.6715328467153284,0.2606780589827276,0.7778148580148938,0.6965344277245782
14,sider,SIDER4,tr,104,1366,677,429,0.6336779911373708,369,60,65,612,0.9039881831610044,0.8601398601398601,0.8869801084990958,0.7625347107006316,0.9612930709578897,0.9414408830952404
14,sider,SIDER4,va,104,1366,84,39,0.4642857142857143,23,16,30,54,0.6428571428571429,0.5897435897435898,0.6260162601626016,0.21857277695374536,0.7812431740783945,0.6619352869352869
14,sider,SIDER4,te,104,1366,92,45,0.4891304347826087,19,26,25,67,0.7282608695652174,0.4222222222222222,0.6277372262773723,0.1513631173700973,0.7029118441723508,0.5798309178743961
15,sider,SIDER4,tr,104,1366,693,413,0.5959595959595959,340,73,50,643,0.9278499278499278,0.8232445520581114,0.8887884267631103,0.7604092630518258,0.9649225639287715,0.9470282206359688
15,sider,SIDER4,va,104,1366,71,52,0.7323943661971831,25,27,19,52,0.7323943661971831,0.4807692307692308,0.6260162601626016,0.21968681993435005,0.6308692852958679,0.6168743228602384
15,sider,SIDER4,te,104,1366,89,48,0.5393258426966292,23,25,14,75,0.8426966292134831,0.4791666666666667,0.7153284671532847,0.34584875300550244,0.8113085706854406,0.7150046816479402
1,sider,SIDER5,tr,104,1366,893,213,0.23852183650615902,165,48,184,709,0.793952967525196,0.7746478873239436,0.7902350813743219,0.4824611928011518,0.9652237921583012,0.8685156853776635
1,sider,SIDER5,va,104,1366,93,30,0.3225806451612903,13,17,23,70,0.7526881720430108,0.43333333333333335,0.6747967479674797,0.17557164552065613,0.7987543319739143,0.6060931899641577
1,sider,SIDER5,te,104,1366,121,16,0.1322314049586777,9,7,27,94,0.7768595041322314,0.5625,0.7518248175182481,0.24762857347271303,0.9553291746218975,0.7463842975206612
2,sider,SIDER5,tr,104,1366,899,207,0.23025583982202447,153,54,161,738,0.8209121245828699,0.7391304347826086,0.8056057866184448,0.4844607926413619,0.968842546353299,0.8766665054569489
2,sider,SIDER5,va,104,1366,101,22,0.21782178217821782,9,13,21,80,0.7920792079207921,0.4090909090909091,0.7235772357723578,0.17952849665896312,0.9372923922066332,0.7504500450045004
2,sider,SIDER5,te,104,1366,107,30,0.2803738317757009,12,18,19,88,0.822429906542056,0.4,0.7299270072992701,0.2198426325837359,0.8895932901360692,0.6968847352024922
3,sider,SIDER5,tr,104,1366,898,208,0.23162583518930957,155,53,138,760,0.8463251670378619,0.7451923076923077,0.8273056057866185,0.5237913619308907,0.9724615461304463,0.8865132987836217
3,sider,SIDER5,va,104,1366,98,25,0.25510204081632654,14,11,27,71,0.7244897959183674,0.56,0.6910569105691057,0.24285714285714272,0.9089643228200316,0.7008163265306122
3,sider,SIDER5,te,104,1366,111,26,0.23423423423423423,14,12,27,84,0.7567567567567568,0.5384615384615384,0.7153284671532847,0.25279232631831133,0.8814598626408798,0.6725571725571725
4,sider,SIDER5,tr,104,1366,909,197,0.21672167216721672,146,51,161,748,0.8228822882288229,0.7411167512690355,0.8083182640144665,0.48189324844196363,0.9705022267676088,0.873942470389171
4,sider,SIDER5,va,104,1366,92,31,0.33695652173913043,22,9,20,72,0.782608695652174,0.7096774193548387,0.7642276422764228,0.4507390578337561,0.9123616211705099,0.7920757363253857
4,sider,SIDER5,te,104,1366,106,31,0.29245283018867924,16,15,20,86,0.8113207547169812,0.5161290322580645,0.7445255474452555,0.311290992761007,0.8590365951384884,0.6935483870967741
5,sider,SIDER5,tr,104,1366,889,217,0.2440944881889764,157,60,134,755,0.8492688413948256,0.7235023041474654,0.8245931283905967,0.5165788010485199,0.9680769614542604,0.8775510204081634
5,sider,SIDER5,va,104,1366,105,18,0.17142857142857143,12,6,15,90,0.8571428571428571,0.6666666666666666,0.8292682926829268,0.4472875334347439,0.9610732101385937,0.81005291005291
5,sider,SIDER5,te,104,1366,113,24,0.21238938053097345,13,11,25,88,0.7787610619469026,0.5416666666666666,0.7372262773722628,0.27206052904338823,0.8976001203863033,0.711283185840708
6,sider,SIDER5,tr,104,1366,906,200,0.22075055187637968,152,48,170,736,0.8123620309050773,0.76,0.8028933092224232,0.4849131320307166,0.9688654745997877,0.8732974613686535
6,sider,SIDER5,va,104,1366,94,29,0.30851063829787234,21,8,22,72,0.7659574468085106,0.7241379310344828,0.7560975609756098,0.4362790021006128,0.9161031405541357,0.8085106382978723
6,sider,SIDER5,te,104,1366,107,30,0.2803738317757009,12,18,33,74,0.6915887850467289,0.4,0.6277372262773723,0.08064819348264461,0.8378121100890101,0.5931464174454828
7,sider,SIDER5,tr,104,1366,898,208,0.23162583518930957,149,59,148,750,0.8351893095768375,0.7163461538461539,0.8128390596745028,0.4862849097932294,0.9706801431971219,0.8813656415967106
7,sider,SIDER5,va,104,1366,100,23,0.23,11,12,17,83,0.83,0.4782608695652174,0.7642276422764228,0.28664310452036823,0.8965264153554597,0.7078260869565217
7,sider,SIDER5,te,104,1366,109,28,0.25688073394495414,9,19,22,87,0.7981651376146789,0.32142857142857145,0.7007299270072993,0.115256869702545,0.8704935739121873,0.6333551769331586
8,sider,SIDER5,tr,104,1366,898,208,0.23162583518930957,147,61,144,754,0.8396436525612472,0.7067307692307693,0.8146473779385172,0.4848806987481338,0.9687675626059631,0.8758726657529554
8,sider,SIDER5,va,104,1366,92,31,0.33695652173913043,11,20,16,76,0.8260869565217391,0.3548387096774194,0.7073170731707317,0.1897830589774346,0.8742304675734208,0.6942496493688639
8,sider,SIDER5,te,104,1366,117,20,0.17094017094017094,13,7,23,94,0.8034188034188035,0.65,0.781021897810219,0.3637437316542417,0.9275832921193893,0.747008547008547
9,sider,SIDER5,tr,104,1366,902,204,0.2261640798226164,153,51,163,739,0.8192904656319291,0.75,0.8065099457504521,0.48875945956333017,0.9677666597528221,0.8696225164123299
9,sider,SIDER5,va,104,1366,92,31,0.33695652173913043,15,16,26,66,0.717391304347826,0.4838709677419355,0.6585365853658537,0.18536949946633152,0.8565710073116835,0.6669004207573633
9,sider,SIDER5,te,104,1366,113,24,0.21238938053097345,15,9,27,86,0.7610619469026548,0.625,0.7372262773722628,0.31828442790117895,0.9174741539738567,0.7127581120943952
10,sider,SIDER5,tr,104,1366,902,204,0.2261640798226164,149,55,149,753,0.8348115299334812,0.7303921568627451,0.8155515370705244,0.49409393860198436,0.9698911038419682,0.8769944785009347
10,sider,SIDER5,va,104,1366,99,24,0.24242424242424243,12,12,19,80,0.8080808080808081,0.5,0.7479674796747967,0.28119856644565394,0.9268486235127639,0.7609427609427609
10,sider,SIDER5,te,104,1366,106,31,0.29245283018867924,18,13,17,89,0.839622641509434,0.5806451612903226,0.781021897810219,0.40320489042182234,0.8960347981507599,0.7653682288496653
11,sider,SIDER5,tr,104,1366,893,213,0.23852183650615902,150,63,143,750,0.8398656215005599,0.704225352112676,0.8137432188065099,0.4861921799781353,0.9655206293835685,0.8702716485550106
11,sider,SIDER5,va,104,1366,100,23,0.23,11,12,28,72,0.72,0.4782608695652174,0.6747967479674797,0.16612269885543007,0.8903249425203242,0.6495652173913044
11,sider,SIDER5,te,104,1366,114,23,0.20175438596491227,11,12,18,96,0.8421052631578947,0.4782608695652174,0.781021897810219,0.2931244638460753,0.9106299561498902,0.6899313501144164
12,sider,SIDER5,tr,104,1366,901,205,0.22752497225305215,146,59,141,760,0.8435072142064373,0.7121951219512195,0.8191681735985533,0.4926048113207853,0.971024524461106,0.8806042067079938
12,sider,SIDER5,va,104,1366,98,25,0.25510204081632654,12,13,20,78,0.7959183673469388,0.48,0.7317073170731707,0.25308591058000585,0.8944028628964455,0.7175510204081633
12,sider,SIDER5,te,104,1366,108,29,0.26851851851851855,11,18,30,78,0.7222222222222222,0.3793103448275862,0.6496350364963503,0.09057090314445473,0.8483798134127043,0.6162196679438058
13,sider,SIDER5,tr,104,1366,893,213,0.23852183650615902,166,47,156,737,0.8253079507278835,0.7793427230046949,0.8164556962025317,0.524848674937329,0.9682106880517474,0.8783417188461115
13,sider,SIDER5,va,104,1366,104,19,0.18269230769230768,9,10,18,86,0.8269230769230769,0.47368421052631576,0.7723577235772358,0.2624674647275081,0.9421371014280703,0.7479757085020243
13,sider,SIDER5,te,104,1366,110,27,0.24545454545454545,11,16,24,86,0.7818181818181819,0.4074074074074074,0.708029197080292,0.17259331998133523,0.8416898066083254,0.612962962962963
14,sider,SIDER5,tr,104,1366,896,210,0.234375,158,52,157,739,0.8247767857142857,0.7523809523809524,0.8110307414104883,0.5015504868126559,0.9695356755803612,0.8781223426870748
14,sider,SIDER5,va,104,1366,100,23,0.23,12,11,28,72,0.72,0.5217391304347826,0.6829268292682927,0.20120641900475378,0.9085017508091574,0.7321739130434781
14,sider,SIDER5,te,104,1366,111,26,0.23423423423423423,11,15,31,80,0.7207207207207207,0.4230769230769231,0.6642335766423357,0.12229634718724795,0.8398785917354099,0.560984060984061
15,sider,SIDER5,tr,104,1366,894,212,0.2371364653243848,157,55,147,747,0.8355704697986577,0.7405660377358491,0.8173598553345389,0.507970053049808,0.9691577200633209,0.8772371364653242
15,sider,SIDER5,va,104,1366,99,24,0.24242424242424243,12,12,27,72,0.7272727272727273,0.5,0.6829268292682927,0.1935524152846908,0.9087366089778439,0.6988636363636365
15,sider,SIDER5,te,104,1366,114,23,0.20175438596491227,15,8,25,89,0.7807017543859649,0.6521739130434783,0.7591240875912408,0.3558472836941133,0.9489436534122702,0.7810831426392069
1,sider,SIDER6,tr,104,1366,777,329,0.42342342342342343,286,43,85,692,0.8906048906048906,0.8693009118541033,0.8842676311030742,0.7357624077989181,0.9802534040610187,0.9502196508275536
1,sider,SIDER6,va,104,1366,80,43,0.5375,17,26,17,63,0.7875,0.3953488372093023,0.6504065040650406,0.19495616010716704,0.7964941580103789,0.6816860465116279
1,sider,SIDER6,te,104,1366,105,32,0.3047619047619048,10,22,27,78,0.7428571428571429,0.3125,0.6423357664233577,0.052752426795537384,0.8638671091149034,0.6258928571428571
2,sider,SIDER6,tr,104,1366,784,322,0.4107142857142857,272,50,85,699,0.8915816326530612,0.84472049689441,0.8779385171790235,0.715429768465227,0.9789658361347924,0.9466662441374065
2,sider,SIDER6,va,104,1366,84,39,0.4642857142857143,17,22,16,68,0.8095238095238095,0.4358974358974359,0.6910569105691057,0.25775427530356576,0.8167665083350982,0.6993284493284493
2,sider,SIDER6,te,104,1366,94,43,0.4574468085106383,16,27,17,77,0.8191489361702128,0.37209302325581395,0.6788321167883211,0.20754281345345768,0.8291685456833926,0.6637803067788224
3,sider,SIDER6,tr,104,1366,777,329,0.42342342342342343,283,46,87,690,0.888030888030888,0.8601823708206687,0.879746835443038,0.7249266890130158,0.9789743042118733,0.9480290103390409
3,sider,SIDER6,va,104,1366,87,36,0.41379310344827586,13,23,20,67,0.7701149425287356,0.3611111111111111,0.6504065040650406,0.13475743021683606,0.8384355047296451,0.6653895274584929
3,sider,SIDER6,te,104,1366,98,39,0.3979591836734694,23,16,32,66,0.673469387755102,0.5897435897435898,0.6496350364963503,0.24230611165137908,0.8033510100048993,0.6705913134484562
4,sider,SIDER6,tr,104,1366,790,316,0.4,273,43,98,692,0.8759493670886076,0.8639240506329114,0.8725135623869801,0.7079195186768266,0.9813506713491469,0.9517545265181862
4,sider,SIDER6,va,104,1366,80,43,0.5375,24,19,14,66,0.825,0.5581395348837209,0.7317073170731707,0.3953984184094894,0.8357554616730254,0.7366279069767442
4,sider,SIDER6,te,104,1366,92,45,0.4891304347826087,24,21,19,73,0.7934782608695652,0.5333333333333333,0.708029197080292,0.3307497095243632,0.7769254166834877,0.6830917874396134
5,sider,SIDER6,tr,104,1366,769,337,0.43823146944083224,292,45,80,689,0.8959687906371911,0.8664688427299704,0.8869801084990958,0.7427846924147397,0.9803994185487717,0.9519241529135298
5,sider,SIDER6,va,104,1366,95,28,0.29473684210526313,15,13,19,76,0.8,0.5357142857142857,0.7398373983739838,0.3147575663259537,0.9011330769972188,0.7511278195488722
5,sider,SIDER6,te,104,1366,98,39,0.3979591836734694,16,23,23,75,0.7653061224489796,0.41025641025641024,0.6642335766423357,0.1755625327053898,0.8818176056405717,0.7291993720565149
6,sider,SIDER6,tr,104,1366,785,321,0.4089171974522293,277,44,82,703,0.8955414012738854,0.8629283489096573,0.8860759493670886,0.735221306033238,0.9808819788093512,0.9514534595313213
6,sider,SIDER6,va,104,1366,82,41,0.5,19,22,18,64,0.7804878048780488,0.4634146341463415,0.6747967479674797,0.25070610528195,0.7985050356163876,0.6683521713265914
6,sider,SIDER6,te,104,1366,95,42,0.4421052631578947,19,23,26,69,0.7263157894736842,0.4523809523809524,0.6423357664233577,0.17542961547605435,0.8417101593964642,0.6818295739348371
7,sider,SIDER6,tr,104,1366,777,329,0.42342342342342343,280,49,89,688,0.8854568854568855,0.851063829787234,0.8752260397830018,0.7140793885207963,0.9798420643640726,0.9495624586809996
7,sider,SIDER6,va,104,1366,88,35,0.3977272727272727,15,20,14,74,0.8409090909090909,0.42857142857142855,0.7235772357723578,0.28644405187197725,0.8848345705672443,0.7681818181818182
7,sider,SIDER6,te,104,1366,97,40,0.41237113402061853,15,25,26,71,0.7319587628865979,0.375,0.6277372262773723,0.10619515155076893,0.8681345700114228,0.6925257731958763
8,sider,SIDER6,tr,104,1366,775,331,0.4270967741935484,286,45,86,689,0.8890322580645161,0.8640483383685801,0.8815551537070524,0.7299393998330445,0.9764397547348838,0.943023097164019
8,sider,SIDER6,va,104,1366,88,35,0.3977272727272727,14,21,23,65,0.7386363636363636,0.4,0.6422764227642277,0.13639624964745323,0.8458610554389524,0.661038961038961
8,sider,SIDER6,te,104,1366,99,38,0.3838383838383838,19,19,21,78,0.7878787878787878,0.5,0.708029197080292,0.2834674508455022,0.8753347147530799,0.7145135566188198
9,sider,SIDER6,tr,104,1366,787,319,0.40533672172808133,276,43,83,704,0.8945362134688691,0.8652037617554859,0.8860759493670886,0.7350894008795369,0.980316024779059,0.9498651679127512
9,sider,SIDER6,va,104,1366,80,43,0.5375,22,21,18,62,0.775,0.5116279069767442,0.6829268292682927,0.29176194923912907,0.8100230173340845,0.7002906976744186
9,sider,SIDER6,te,104,1366,95,42,0.4421052631578947,18,24,21,74,0.7789473684210526,0.42857142857142855,0.6715328467153284,0.21203060257545936,0.762513420463707,0.6240601503759399
10,sider,SIDER6,tr,104,1366,779,327,0.4197689345314506,283,44,79,700,0.8985879332477535,0.8654434250764526,0.8887884267631103,0.7430414409315147,0.9815453528520346,0.9543325756772777
10,sider,SIDER6,va,104,1366,85,38,0.4470588235294118,20,18,20,65,0.7647058823529411,0.5263157894736842,0.6910569105691057,0.2870499995892091,0.8404946895499377,0.710216718266254
10,sider,SIDER6,te,104,1366,98,39,0.3979591836734694,18,21,19,79,0.8061224489795918,0.46153846153846156,0.708029197080292,0.2720379104443173,0.8811755288970065,0.7344322344322345
11,sider,SIDER6,tr,104,1366,790,316,0.4,276,40,90,700,0.8860759493670886,0.8734177215189873,0.8824593128390597,0.7291633700370654,0.981032917304195,0.9506389200448646
11,sider,SIDER6,va,104,1366,78,45,0.5769230769230769,19,26,22,56,0.717948717948718,0.4222222222222222,0.6097560975609756,0.14322297480788654,0.7290583219178564,0.6245014245014245
11,sider,SIDER6,te,104,1366,94,43,0.4574468085106383,14,29,21,73,0.776595744680851,0.32558139534883723,0.635036496350365,0.10872208915441785,0.7924454337660458,0.6357001484413657
12,sider,SIDER6,tr,104,1366,779,327,0.4197689345314506,279,48,83,696,0.8934531450577664,0.8532110091743119,0.8815551537070524,0.726151358851807,0.9786382355811596,0.9479494215511928
12,sider,SIDER6,va,104,1366,89,34,0.38202247191011235,17,17,24,65,0.7303370786516854,0.5,0.6666666666666666,0.21852416110985076,0.841224610650632,0.6794448116325181
12,sider,SIDER6,te,104,1366,94,43,0.4574468085106383,20,23,25,69,0.7340425531914894,0.46511627906976744,0.6496350364963503,0.19678752118781404,0.8071428544498407,0.6496783770410689
13,sider,SIDER6,tr,104,1366,770,336,0.43636363636363634,291,45,85,685,0.8896103896103896,0.8660714285714286,0.8824593128390597,0.7336663863669405,0.9796957294064699,0.9526244588744588
13,sider,SIDER6,va,104,1366,92,31,0.33695652173913043,15,16,21,71,0.7717391304347826,0.4838709677419355,0.6991869918699187,0.24391689954974458,0.8646233879947176,0.679172510518934
13,sider,SIDER6,te,104,1366,100,37,0.37,21,16,24,76,0.76,0.5675675675675675,0.708029197080292,0.3096717491868095,0.8573470894659219,0.7129729729729729
14,sider,SIDER6,tr,104,1366,783,323,0.4125159642401022,280,43,87,696,0.8888888888888888,0.8668730650154799,0.8824593128390597,0.729813539310141,0.9805754929534934,0.9504307873582988
14,sider,SIDER6,va,104,1366,78,45,0.5769230769230769,20,25,21,57,0.7307692307692307,0.4444444444444444,0.6260162601626016,0.17902871850985816,0.77840928408232,0.6789173789173789
14,sider,SIDER6,te,104,1366,101,36,0.3564356435643564,13,23,29,72,0.7128712871287128,0.3611111111111111,0.6204379562043796,0.07062425748985361,0.8301668770033326,0.6507150715071507
15,sider,SIDER6,tr,104,1366,779,327,0.4197689345314506,277,50,95,684,0.8780487804878049,0.8470948012232415,0.8688969258589512,0.7004015727600864,0.9762452914414292,0.9404435232184287
15,sider,SIDER6,va,104,1366,84,39,0.4642857142857143,18,21,27,57,0.6785714285714286,0.46153846153846156,0.6097560975609756,0.1353590135633079,0.8190307277209551,0.6472832722832723
15,sider,SIDER6,te,104,1366,99,38,0.3838383838383838,22,16,29,70,0.7070707070707071,0.5789473684210527,0.6715328467153284,0.264891829022327,0.8568671684986247,0.7020202020202021
1,sider,SIDER7,tr,104,1366,1012,94,0.09288537549407115,72,22,124,888,0.8774703557312253,0.7659574468085106,0.8679927667269439,0.4698998150265521,0.9905302970769566,0.9105047935413336
1,sider,SIDER7,va,104,1366,106,17,0.16037735849056603,7,10,15,91,0.8584905660377359,0.4117647058823529,0.7967479674796748,0.24337700400386045,0.8964547619555369,0.7006104328523862
1,sider,SIDER7,te,104,1366,129,8,0.06201550387596899,2,6,19,110,0.8527131782945736,0.25,0.8175182481751825,0.06685399655355377,0.944099031000516,0.5300387596899225
2,sider,SIDER7,tr,104,1366,1012,94,0.09288537549407115,72,22,135,877,0.866600790513834,0.7659574468085106,0.8580470162748643,0.4522615637714097,0.987521685325763,0.8858222605331763
2,sider,SIDER7,va,104,1366,113,10,0.08849557522123894,5,5,11,102,0.9026548672566371,0.5,0.8699186991869918,0.3271299405665155,0.9654424795842017,0.7654867256637168
2,sider,SIDER7,te,104,1366,122,15,0.12295081967213115,7,8,14,108,0.8852459016393442,0.4666666666666667,0.8394160583941606,0.3050153391853768,0.9200018032826691,0.7185792349726776
3,sider,SIDER7,tr,104,1366,1011,95,0.09396636993076163,65,30,140,871,0.8615232443125618,0.6842105263157895,0.8462929475587704,0.3935309406762205,0.9849515103399887,0.8777604248008747
3,sider,SIDER7,va,104,1366,115,8,0.06956521739130435,5,3,18,97,0.8434782608695652,0.625,0.8292682926829268,0.29629166772447135,0.9881617671258058,0.8434782608695652
3,sider,SIDER7,te,104,1366,121,16,0.1322314049586777,10,6,25,96,0.7933884297520661,0.625,0.7737226277372263,0.30810463686006145,0.909036091283044,0.7208161157024794
4,sider,SIDER7,tr,104,1366,1015,91,0.0896551724137931,64,27,138,877,0.864039408866995,0.7032967032967034,0.8508137432188065,0.40349136555503534,0.9909711924962978,0.9082228116710875
4,sider,SIDER7,va,104,1366,111,12,0.10810810810810811,8,4,20,91,0.8198198198198198,0.6666666666666666,0.8048780487804879,0.34425644142102196,0.9758810987273998,0.8126876876876877
4,sider,SIDER7,te,104,1366,121,16,0.1322314049586777,10,6,18,103,0.8512396694214877,0.625,0.8248175182481752,0.37930273996819786,0.9309633777379085,0.722107438016529
5,sider,SIDER7,tr,104,1366,1007,99,0.09831181727904667,72,27,149,858,0.8520357497517378,0.7272727272727273,0.840867992766727,0.4135942039268259,0.983419459620797,0.874494698725086
5,sider,SIDER7,va,104,1366,112,11,0.09821428571428571,8,3,16,96,0.8571428571428571,0.7272727272727273,0.8455284552845529,0.42082731807843177,0.96977179530113,0.8612012987012987
5,sider,SIDER7,te,104,1366,128,9,0.0703125,4,5,18,110,0.859375,0.4444444444444444,0.8321167883211679,0.20501306769837116,0.9457786354660161,0.6189236111111112
6,sider,SIDER7,tr,104,1366,1019,87,0.08537782139352307,65,22,130,889,0.872423945044161,0.7471264367816092,0.8625678119349005,0.4376700746807446,0.9925785746736693,0.918051278580533
6,sider,SIDER7,va,104,1366,107,16,0.14953271028037382,11,5,12,95,0.8878504672897196,0.6875,0.8617886178861789,0.4963870379313393,0.946414809735148,0.8405373831775701
6,sider,SIDER7,te,104,1366,121,16,0.1322314049586777,8,8,16,105,0.8677685950413223,0.5,0.8248175182481752,0.31072949165994784,0.9689847316683183,0.7975206611570249
7,sider,SIDER7,tr,104,1366,1005,101,0.10049751243781095,65,36,130,875,0.8706467661691543,0.6435643564356436,0.8499095840867993,0.38869476361941013,0.9828965837618433,0.8623319048322743
7,sider,SIDER7,va,104,1366,111,12,0.10810810810810811,6,6,11,100,0.9009009009009009,0.5,0.8617886178861789,0.3446765611228923,0.9388361412340962,0.7184684684684685
7,sider,SIDER7,te,104,1366,131,6,0.04580152671755725,4,2,22,109,0.8320610687022901,0.6666666666666666,0.8248175182481752,0.26027150935312326,0.9875345239510911,0.8015267175572518
8,sider,SIDER7,tr,104,1366,1004,102,0.10159362549800798,74,28,134,870,0.8665338645418327,0.7254901960784313,0.8535262206148282,0.43836559752855614,0.9867825789051503,0.8859073509882042
8,sider,SIDER7,va,104,1366,112,11,0.09821428571428571,4,7,16,96,0.8571428571428571,0.36363636363636365,0.8130081300813008,0.17073790174761594,0.9338782349945666,0.6294642857142856
8,sider,SIDER7,te,104,1366,131,6,0.04580152671755725,4,2,15,116,0.8854961832061069,0.6666666666666666,0.8759124087591241,0.3269344248145271,0.9859306379295324,0.8097964376590331
9,sider,SIDER7,tr,104,1366,1014,92,0.09072978303747535,67,25,109,905,0.8925049309664694,0.7282608695652174,0.8788426763110307,0.4686437889367891,0.9913891112111177,0.9114784323814422
9,sider,SIDER7,va,104,1366,112,11,0.09821428571428571,7,4,12,100,0.8928571428571429,0.6363636363636364,0.8699186991869918,0.41787729203724133,0.9871132546821938,0.8810876623376622
9,sider,SIDER7,te,104,1366,121,16,0.1322314049586777,5,11,17,104,0.859504132231405,0.3125,0.7956204379562044,0.15046354729451814,0.950688756975292,0.7182334710743801
10,sider,SIDER7,tr,104,1366,1016,90,0.08858267716535433,61,29,136,880,0.8661417322834646,0.6777777777777778,0.8508137432188065,0.3886759699021369,0.9873992270886249,0.8800634295713036
10,sider,SIDER7,va,104,1366,113,10,0.08849557522123894,6,4,19,94,0.831858407079646,0.6,0.8130081300813008,0.293290204304136,0.9612885239222155,0.7314159292035398
10,sider,SIDER7,te,104,1366,118,19,0.16101694915254236,11,8,15,103,0.8728813559322034,0.5789473684210527,0.8321167883211679,0.39823871493279794,0.9304916627996713,0.7285905441570028
11,sider,SIDER7,tr,104,1366,1012,94,0.09288537549407115,79,15,138,874,0.8636363636363636,0.8404255319148937,0.8616636528028933,0.4944066188235596,0.9916504797926502,0.918709528214616
11,sider,SIDER7,va,104,1366,112,11,0.09821428571428571,3,8,25,87,0.7767857142857143,0.2727272727272727,0.7317073170731707,0.03369641224845933,0.9145805974932649,0.5056818181818182
11,sider,SIDER7,te,104,1366,123,14,0.11382113821138211,7,7,16,107,0.8699186991869918,0.5,0.8321167883211679,0.2997826643354253,0.9396939418334891,0.710801393728223
12,sider,SIDER7,tr,104,1366,1015,91,0.0896551724137931,68,23,138,877,0.864039408866995,0.7472527472527473,0.8544303797468354,0.43146708984132603,0.9840278818376743,0.868077735072809
12,sider,SIDER7,va,104,1366,107,16,0.14953271028037382,9,7,19,88,0.822429906542056,0.5625,0.7886178861788617,0.3088109675649919,0.9309295534958233,0.7032710280373832
12,sider,SIDER7,te,104,1366,125,12,0.096,7,5,34,91,0.728,0.5833333333333334,0.7153284671532847,0.19219571734806581,0.93253869258501,0.6873333333333332
13,sider,SIDER7,tr,104,1366,1005,101,0.10049751243781095,78,23,128,877,0.872636815920398,0.7722772277227723,0.8634719710669078,0.4771892891906529,0.986239227761033,0.8903600807841977
13,sider,SIDER7,va,104,1366,115,8,0.06956521739130435,5,3,16,99,0.8608695652173913,0.625,0.8455284552845529,0.318422594179089,0.9833891729599511,0.8152173913043479
13,sider,SIDER7,te,104,1366,127,10,0.07874015748031496,7,3,14,113,0.889763779527559,0.7,0.8759124087591241,0.4258349621269723,0.9535099309841594,0.7228346456692913
14,sider,SIDER7,tr,104,1366,1010,96,0.09504950495049505,72,24,127,883,0.8742574257425743,0.75,0.8634719710669078,0.4575408122238645,0.9891704932110489,0.900417698019802
14,sider,SIDER7,va,104,1366,114,9,0.07894736842105263,5,4,24,90,0.7894736842105263,0.5555555555555556,0.7723577235772358,0.21167358042626425,0.9526205274850217,0.6988304093567251
14,sider,SIDER7,te,104,1366,123,14,0.11382113821138211,6,8,16,107,0.8699186991869918,0.42857142857142855,0.8248175182481752,0.24625569608213402,0.947030624192722,0.6927990708478513
15,sider,SIDER7,tr,104,1366,1015,91,0.0896551724137931,65,26,140,875,0.8620689655172413,0.7142857142857143,0.8499095840867993,0.40757188228138347,0.9880762996306558,0.8881177935365128
15,sider,SIDER7,va,104,1366,110,13,0.11818181818181818,7,6,18,92,0.8363636363636363,0.5384615384615384,0.8048780487804879,0.2863609066540185,0.9101211544289969,0.6849650349650349
15,sider,SIDER7,te,104,1366,122,15,0.12295081967213115,10,5,27,95,0.7786885245901639,0.6666666666666666,0.7664233576642335,0.3132068140133766,0.9565025490796365,0.7573770491803279
1,sider,SIDER8,tr,104,1366,190,916,4.821052631578947,733,183,61,129,0.6789473684210526,0.8002183406113537,0.779385171790235,0.4016268321826124,0.5315961435778146,0.8469231211215812
1,sider,SIDER8,va,104,1366,24,99,4.125,71,28,14,10,0.4166666666666667,0.7171717171717171,0.6585365853658537,0.1147896259384873,0.25043224582077606,0.6578282828282829
1,sider,SIDER8,te,104,1366,31,106,3.4193548387096775,73,33,21,10,0.3225806451612903,0.6886792452830188,0.6058394160583942,0.010152425001400638,0.2350969163280989,0.5754716981132075
2,sider,SIDER8,tr,104,1366,201,905,4.502487562189055,667,238,52,149,0.7412935323383084,0.7370165745856354,0.7377938517179023,0.3867336378989048,0.5029048233472103,0.8243726120777328
2,sider,SIDER8,va,104,1366,17,106,6.235294117647059,76,30,10,7,0.4117647058823529,0.7169811320754716,0.6747967479674797,0.09688588349474812,0.19976783060081815,0.630410654827969
2,sider,SIDER8,te,104,1366,27,110,4.074074074074074,78,32,13,14,0.5185185185185185,0.7090909090909091,0.6715328467153284,0.1917206352331257,0.37828639563345573,0.5892255892255892
3,sider,SIDER8,tr,104,1366,194,912,4.701030927835052,711,201,58,136,0.7010309278350515,0.7796052631578947,0.7658227848101266,0.39713360034712675,0.508328782025669,0.8351532826912642
3,sider,SIDER8,va,104,1366,27,96,3.5555555555555554,75,21,12,15,0.5555555555555556,0.78125,0.7317073170731707,0.3063979592798066,0.5146266390532526,0.7596450617283951
3,sider,SIDER8,te,104,1366,24,113,4.708333333333333,85,28,13,11,0.4583333333333333,0.7522123893805309,0.7007299270072993,0.17735601590062414,0.3515838508808518,0.7252949852507374
4,sider,SIDER8,tr,104,1366,205,901,4.3951219512195125,684,217,57,148,0.7219512195121951,0.7591564927857936,0.7522603978300181,0.39758144574481896,0.5435438291028128,0.8243063263041064
4,sider,SIDER8,va,104,1366,19,104,5.473684210526316,79,25,12,7,0.3684210526315789,0.7596153846153846,0.6991869918699187,0.10547058763923181,0.20079384951650533,0.6219635627530364
4,sider,SIDER8,te,104,1366,21,116,5.523809523809524,83,33,11,10,0.47619047619047616,0.7155172413793104,0.6788321167883211,0.1488264367954685,0.33585042102755036,0.5779967159277504
5,sider,SIDER8,tr,104,1366,200,906,4.53,697,209,53,147,0.735,0.7693156732891833,0.7631103074141049,0.4154568572206457,0.5304088790471431,0.8335237306843267
5,sider,SIDER8,va,104,1366,28,95,3.392857142857143,70,25,14,14,0.5,0.7368421052631579,0.6829268292682927,0.21341639745917695,0.33464320229026073,0.6864661654135338
5,sider,SIDER8,te,104,1366,17,120,7.0588235294117645,89,31,8,9,0.5294117647058824,0.7416666666666667,0.7153284671532847,0.19655956610681097,0.25117809735101,0.7151960784313726
6,sider,SIDER8,tr,104,1366,198,908,4.585858585858586,728,180,63,135,0.6818181818181818,0.801762114537445,0.7802893309222423,0.41077177799313597,0.5225984572298152,0.83297456948338
6,sider,SIDER8,va,104,1366,19,104,5.473684210526316,77,27,11,8,0.42105263157894735,0.7403846153846154,0.6910569105691057,0.12930694603405762,0.2105101774503656,0.6634615384615384
6,sider,SIDER8,te,104,1366,28,109,3.892857142857143,78,31,13,15,0.5357142857142857,0.7155963302752294,0.6788321167883211,0.21458703907667334,0.2760467907770706,0.6710353866317169
7,sider,SIDER8,tr,104,1366,194,912,4.701030927835052,685,227,50,144,0.7422680412371134,0.7510964912280702,0.7495479204339964,0.3974070662778645,0.5135503432961867,0.8361141255199855
7,sider,SIDER8,va,104,1366,22,101,4.590909090909091,72,29,11,11,0.5,0.7128712871287128,0.6747967479674797,0.17414863373016926,0.3301642079332476,0.6980198019801981
7,sider,SIDER8,te,104,1366,29,108,3.7241379310344827,77,31,19,10,0.3448275862068966,0.7129629629629629,0.635036496350365,0.051551363110522976,0.3022068246454549,0.5561941251596424
8,sider,SIDER8,tr,104,1366,190,916,4.821052631578947,709,207,49,141,0.7421052631578947,0.7740174672489083,0.7685352622061483,0.41923091274964513,0.5310446730339737,0.8450183865777983
8,sider,SIDER8,va,104,1366,24,99,4.125,80,19,15,9,0.375,0.8080808080808081,0.7235772357723578,0.1730315190496904,0.30968460960231625,0.6494107744107744
8,sider,SIDER8,te,104,1366,31,106,3.4193548387096775,75,31,14,17,0.5483870967741935,0.7075471698113207,0.6715328467153284,0.22446394643392778,0.3776281164309838,0.6895922093730981
9,sider,SIDER8,tr,104,1366,204,902,4.421568627450981,691,211,58,146,0.7156862745098039,0.7660753880266076,0.7567811934900542,0.3996460938097846,0.5527748397153603,0.836884809356115
9,sider,SIDER8,va,104,1366,15,108,7.2,78,30,7,8,0.5333333333333333,0.7222222222222222,0.6991869918699187,0.18098457933386555,0.20374121292278025,0.6907407407407407
9,sider,SIDER8,te,104,1366,26,111,4.269230769230769,78,33,9,17,0.6538461538461539,0.7027027027027027,0.6934306569343066,0.290417366484926,0.3587713569633789,0.7027027027027026
10,sider,SIDER8,tr,104,1366,204,902,4.421568627450981,676,226,62,142,0.696078431372549,0.7494456762749445,0.7396021699819169,0.36672242792034543,0.5177715439277429,0.8293688317899223
10,sider,SIDER8,va,104,1366,14,109,7.785714285714286,74,35,8,6,0.42857142857142855,0.6788990825688074,0.6504065040650406,0.07240486142559958,0.14951301466625327,0.5655307994757536
10,sider,SIDER8,te,104,1366,27,110,4.074074074074074,84,26,14,13,0.48148148148148145,0.7636363636363637,0.708029197080292,0.21607663769084334,0.3069650605777361,0.6828282828282828
11,sider,SIDER8,tr,104,1366,202,904,4.475247524752476,677,227,55,147,0.7277227722772277,0.7488938053097345,0.7450271247739603,0.38925813913662105,0.5249557573759659,0.8232990887584335
11,sider,SIDER8,va,104,1366,16,107,6.6875,69,38,8,8,0.5,0.6448598130841121,0.6260162601626016,0.10071067858272435,0.2910685735629274,0.6839953271028038
11,sider,SIDER8,te,104,1366,27,110,4.074074074074074,75,35,12,15,0.5555555555555556,0.6818181818181818,0.656934306569343,0.19614004195248588,0.33951245759553383,0.6841750841750841
12,sider,SIDER8,tr,104,1366,203,903,4.448275862068965,678,225,55,148,0.729064039408867,0.7508305647840532,0.7468354430379747,0.39294462972492555,0.5372717524841468,0.8321768161956041
12,sider,SIDER8,va,104,1366,20,103,5.15,77,26,9,11,0.55,0.7475728155339806,0.7154471544715447,0.2394290137950426,0.3684447948427052,0.6893203883495146
12,sider,SIDER8,te,104,1366,22,115,5.2272727272727275,72,43,11,11,0.5,0.6260869565217392,0.6058394160583942,0.09473151795036562,0.17666994501807282,0.5723320158102767
13,sider,SIDER8,tr,104,1366,201,905,4.502487562189055,675,230,60,141,0.7014925373134329,0.7458563535911602,0.7377938517179023,0.36537435265544105,0.550700565897759,0.8311783623319865
13,sider,SIDER8,va,104,1366,22,101,4.590909090909091,70,31,7,15,0.6818181818181818,0.693069306930693,0.6910569105691057,0.2969263198991392,0.3779822750752353,0.7358235823582358
13,sider,SIDER8,te,104,1366,22,115,5.2272727272727275,83,32,7,15,0.6818181818181818,0.7217391304347827,0.7153284671532847,0.3121010989026401,0.37282163517721073,0.7735177865612648
14,sider,SIDER8,tr,104,1366,211,895,4.241706161137441,662,233,57,154,0.7298578199052133,0.7396648044692737,0.7377938517179023,0.3868025616453555,0.5341319695955974,0.8287405014694591
14,sider,SIDER8,va,104,1366,17,106,6.235294117647059,73,33,10,7,0.4117647058823529,0.6886792452830188,0.6504065040650406,0.07400007155835898,0.18302039805727813,0.611542730299667
14,sider,SIDER8,te,104,1366,17,120,7.0588235294117645,84,36,7,10,0.5882352941176471,0.7,0.6861313868613139,0.20121605513963609,0.19392867590409194,0.6367647058823529
15,sider,SIDER8,tr,104,1366,191,915,4.790575916230367,692,223,46,145,0.7591623036649214,0.7562841530054645,0.7567811934900542,0.4134839904526309,0.4897926910170823,0.8310474065173232
15,sider,SIDER8,va,104,1366,22,101,4.590909090909091,75,26,15,7,0.3181818181818182,0.7425742574257426,0.6666666666666666,0.052551306361913276,0.19474087314809707,0.5585058505850584
15,sider,SIDER8,te,104,1366,32,105,3.28125,72,33,18,14,0.4375,0.6857142857142857,0.6277372262773723,0.1098147099286672,0.3093894867281666,0.5767857142857142
1,sider,SIDER9,tr,104,1366,792,314,0.39646464646464646,283,31,24,768,0.9696969696969697,0.9012738853503185,0.9502712477396021,0.8769775180607021,0.9954595944505821,0.9880874831113685
1,sider,SIDER9,va,104,1366,91,32,0.3516483516483517,12,20,14,77,0.8461538461538461,0.375,0.7235772357723578,0.2376389588249751,0.9076925775881687,0.7513736263736264
1,sider,SIDER9,te,104,1366,104,33,0.3173076923076923,8,25,17,87,0.8365384615384616,0.24242424242424243,0.6934306569343066,0.0874211742369187,0.8515977180965406,0.6191724941724942
2,sider,SIDER9,tr,104,1366,806,300,0.37220843672456577,274,26,35,771,0.956575682382134,0.9133333333333333,0.9448462929475587,0.8619728358911359,0.9950222352671454,0.986197270471464
2,sider,SIDER9,va,104,1366,86,37,0.43023255813953487,11,26,10,76,0.8837209302325582,0.2972972972972973,0.7073170731707317,0.2206290335114496,0.8209734208797546,0.6970458830923947
2,sider,SIDER9,te,104,1366,95,42,0.4421052631578947,11,31,11,84,0.8842105263157894,0.2619047619047619,0.6934306569343066,0.18349399084686568,0.7842014972140243,0.6299498746867168
3,sider,SIDER9,tr,104,1366,794,312,0.3929471032745592,281,31,24,770,0.9697732997481109,0.9006410256410257,0.9502712477396021,0.8764908780427244,0.9952914600896783,0.9875306788090162
3,sider,SIDER9,va,104,1366,87,36,0.41379310344827586,11,25,16,71,0.8160919540229885,0.3055555555555556,0.6666666666666666,0.13372007157572316,0.744836965202655,0.5522030651340997
3,sider,SIDER9,te,104,1366,106,31,0.29245283018867924,6,25,22,84,0.7924528301886793,0.1935483870967742,0.656934306569343,-0.014525523304978276,0.8550421090369016,0.5900791235544735
4,sider,SIDER9,tr,104,1366,810,296,0.3654320987654321,274,22,21,789,0.9740740740740741,0.9256756756756757,0.961121157323689,0.9007176320992143,0.9959344113928548,0.9880609776443111
4,sider,SIDER9,va,104,1366,81,42,0.5185185185185185,11,31,9,72,0.8888888888888888,0.2619047619047619,0.6747967479674797,0.19378341284975958,0.8091287912516778,0.6716637272192827
4,sider,SIDER9,te,104,1366,96,41,0.4270833333333333,11,30,13,83,0.8645833333333334,0.2682926829268293,0.6861313868613139,0.16007713445843894,0.7331846518238884,0.5750762195121951
5,sider,SIDER9,tr,104,1366,802,304,0.3790523690773067,269,35,21,781,0.9738154613466334,0.8848684210526315,0.9493670886075949,0.8715919467380125,0.9963871557847566,0.9899593122457016
5,sider,SIDER9,va,104,1366,84,39,0.4642857142857143,7,32,9,75,0.8928571428571429,0.1794871794871795,0.6666666666666666,0.10007475125401986,0.8398749429260512,0.6822344322344321
5,sider,SIDER9,te,104,1366,101,36,0.3564356435643564,11,25,10,91,0.900990099009901,0.3055555555555556,0.7445255474452555,0.25234189361266784,0.883941236501165,0.7362486248624862
6,sider,SIDER9,tr,104,1366,808,298,0.3688118811881188,271,27,30,778,0.9628712871287128,0.9093959731543624,0.9484629294755877,0.8695252469386952,0.9955917123515854,0.9882965645557844
6,sider,SIDER9,va,104,1366,85,38,0.4470588235294118,13,25,17,68,0.8,0.34210526315789475,0.6585365853658537,0.1529006468588252,0.7393165493349013,0.590092879256966
6,sider,SIDER9,te,104,1366,94,43,0.4574468085106383,12,31,18,76,0.8085106382978723,0.27906976744186046,0.6423357664233577,0.09827715851262857,0.7630957707321093,0.5937654626422564
7,sider,SIDER9,tr,104,1366,797,309,0.3877038895859473,288,21,19,778,0.9761606022584692,0.9320388349514563,0.9638336347197106,0.9100118579629731,0.9961755316839669,0.9904618045827192
7,sider,SIDER9,va,104,1366,91,32,0.3516483516483517,13,19,15,76,0.8351648351648352,0.40625,0.7235772357723578,0.2525915520176919,0.8731709142598555,0.6995192307692308
7,sider,SIDER9,te,104,1366,99,38,0.3838383838383838,11,27,18,81,0.8181818181818182,0.2894736842105263,0.6715328467153284,0.11798716089872273,0.7838301723546042,0.60207336523126
8,sider,SIDER9,tr,104,1366,789,317,0.4017743979721166,293,24,22,767,0.9721166032953105,0.9242902208201893,0.9584086799276673,0.8981104881517026,0.9957656829692644,0.9886571269786057
8,sider,SIDER9,va,104,1366,95,28,0.29473684210526313,9,19,15,80,0.8421052631578947,0.32142857142857145,0.7235772357723578,0.1730315190496904,0.8716427527980544,0.6360902255639097
8,sider,SIDER9,te,104,1366,103,34,0.3300970873786408,10,24,17,86,0.8349514563106796,0.29411764705882354,0.7007299270072993,0.1401529163951976,0.8342957105492775,0.6219303255282695
9,sider,SIDER9,tr,104,1366,798,308,0.38596491228070173,273,35,33,765,0.9586466165413534,0.8863636363636364,0.9385171790235082,0.8467068546164984,0.9929042224194565,0.9810911206587897
9,sider,SIDER9,va,104,1366,88,35,0.3977272727272727,14,21,15,73,0.8295454545454546,0.4,0.7073170731707317,0.24399511406444327,0.8431577832772629,0.6957792207792207
9,sider,SIDER9,te,104,1366,101,36,0.3564356435643564,9,27,18,83,0.8217821782178217,0.25,0.6715328467153284,0.07942374212463993,0.8257114001641123,0.6182618261826183
10,sider,SIDER9,tr,104,1366,799,307,0.38423028785982477,277,30,23,776,0.9712140175219024,0.9022801302931596,0.9520795660036167,0.8797806965514817,0.9967297440179476,0.9908558336356927
10,sider,SIDER9,va,104,1366,91,32,0.3516483516483517,8,24,15,76,0.8351648351648352,0.25,0.6829268292682927,0.0958279234989538,0.8135093931025508,0.5873969780219781
10,sider,SIDER9,te,104,1366,97,40,0.41237113402061853,12,28,12,85,0.8762886597938144,0.3,0.708029197080292,0.21086057978505476,0.8230591645829299,0.6355670103092783
11,sider,SIDER9,tr,104,1366,808,298,0.3688118811881188,270,28,16,792,0.9801980198019802,0.9060402684563759,0.9602169981916817,0.897995951366956,0.9971912893842616,0.9913677819124195
11,sider,SIDER9,va,104,1366,78,45,0.5769230769230769,10,35,10,68,0.8717948717948718,0.2222222222222222,0.6341463414634146,0.12272322840092705,0.6669328006277331,0.5753561253561252
11,sider,SIDER9,te,104,1366,101,36,0.3564356435643564,5,31,13,88,0.8712871287128713,0.1388888888888889,0.6788321167883211,0.013258062241877176,0.8190749487367219,0.6327007700770078
12,sider,SIDER9,tr,104,1366,800,306,0.3825,270,36,16,784,0.98,0.8823529411764706,0.9529837251356239,0.8810505221463008,0.9968933698630347,0.9914460784313726
12,sider,SIDER9,va,104,1366,90,33,0.36666666666666664,7,26,14,76,0.8444444444444444,0.21212121212121213,0.6747967479674797,0.06660722245808558,0.794570187871977,0.576936026936027
12,sider,SIDER9,te,104,1366,97,40,0.41237113402061853,8,32,16,81,0.8350515463917526,0.2,0.6496350364963503,0.04192549539585884,0.7465832136010436,0.5570876288659794
13,sider,SIDER9,tr,104,1366,789,317,0.4017743979721166,279,38,18,771,0.9771863117870723,0.8801261829652997,0.9493670886075949,0.8746912872640863,0.9952264244163779,0.9878195055834763
13,sider,SIDER9,va,104,1366,91,32,0.3516483516483517,8,24,18,73,0.8021978021978022,0.25,0.6585365853658537,0.0560886983562053,0.8508129662364154,0.6435439560439561
13,sider,SIDER9,te,104,1366,107,30,0.2803738317757009,8,22,20,87,0.8130841121495327,0.26666666666666666,0.6934306569343066,0.0817890538956076,0.8462443926433123,0.6118380062305295
14,sider,SIDER9,tr,104,1366,808,298,0.3688118811881188,273,25,24,784,0.9702970297029703,0.9161073825503355,0.9556962025316456,0.8873464908085997,0.9954991772490532,0.9871004717921456
14,sider,SIDER9,va,104,1366,88,35,0.3977272727272727,13,22,16,72,0.8181818181818182,0.37142857142857144,0.6910569105691057,0.2015461762569093,0.8304818550584379,0.6814935064935065
14,sider,SIDER9,te,104,1366,91,46,0.5054945054945055,13,33,11,80,0.8791208791208791,0.2826086956521739,0.6788321167883211,0.2009297362122033,0.7511486897965923,0.5941232680363115
15,sider,SIDER9,tr,104,1366,793,313,0.39470365699873894,280,33,39,754,0.9508196721311475,0.8945686900958466,0.9349005424954792,0.8405863235133758,0.9921245116040257,0.979092216640009
15,sider,SIDER9,va,104,1366,90,33,0.36666666666666664,10,23,8,82,0.9111111111111111,0.30303030303030304,0.7479674796747967,0.2684404689938136,0.8462082401928797,0.6700336700336701
15,sider,SIDER9,te,104,1366,104,33,0.3173076923076923,11,22,19,85,0.8173076923076923,0.3333333333333333,0.7007299270072993,0.15576303019396376,0.8812311961652828,0.7013403263403264
1,sider,SIDER10,tr,104,1366,559,547,0.9785330948121646,515,32,13,546,0.9767441860465116,0.9414990859232175,0.9593128390596745,0.9191289418985658,0.9954504810927284,0.9948491200988969
1,sider,SIDER10,va,104,1366,64,59,0.921875,36,23,17,47,0.734375,0.6101694915254238,0.6747967479674797,0.34759566290713895,0.7480118381073633,0.7436440677966102
1,sider,SIDER10,te,104,1366,85,52,0.611764705882353,31,21,21,64,0.7529411764705882,0.5961538461538461,0.6934306569343066,0.3490950226244343,0.8206016795952924,0.7368778280542987
2,sider,SIDER10,tr,104,1366,574,532,0.926829268292683,508,24,14,560,0.975609756097561,0.9548872180451128,0.9656419529837251,0.9312902420413955,0.9958816531864785,0.9949700034057268
2,sider,SIDER10,va,104,1366,64,59,0.921875,35,24,13,51,0.796875,0.5932203389830508,0.6991869918699187,0.39951722057240313,0.7899715066837324,0.7680084745762712
2,sider,SIDER10,te,104,1366,70,67,0.9571428571428572,39,28,18,52,0.7428571428571429,0.582089552238806,0.6642335766423357,0.32954606050231183,0.7626959008085001,0.7383795309168445
3,sider,SIDER10,tr,104,1366,576,530,0.9201388888888888,503,27,18,558,0.96875,0.9490566037735849,0.9593128390596745,0.9185516042756581,0.9956429500869343,0.9946344339622641
3,sider,SIDER10,va,104,1366,61,62,1.0163934426229508,41,21,17,44,0.7213114754098361,0.6612903225806451,0.6910569105691057,0.38321022954047446,0.7600417340145664,0.7533051295610788
3,sider,SIDER10,te,104,1366,71,66,0.9295774647887324,39,27,17,54,0.7605633802816901,0.5909090909090909,0.6788321167883211,0.35723658912678347,0.7579468640750369,0.7465855740503629
4,sider,SIDER10,tr,104,1366,580,526,0.906896551724138,503,23,7,573,0.9879310344827587,0.9562737642585551,0.972875226039783,0.9459427527734574,0.9964326568819213,0.9955503474498493
4,sider,SIDER10,va,104,1366,61,62,1.0163934426229508,41,21,15,46,0.7540983606557377,0.6612903225806451,0.7073170731707317,0.41704604591676364,0.7332176107028692,0.7461660497091486
4,sider,SIDER10,te,104,1366,67,70,1.044776119402985,33,37,16,51,0.7611940298507462,0.4714285714285714,0.6131386861313869,0.24260455638390593,0.7054876899472662,0.6941364605543711
5,sider,SIDER10,tr,104,1366,567,539,0.9506172839506173,512,27,13,554,0.9770723104056437,0.9499072356215214,0.9638336347197106,0.9278725901129178,0.9955556992879102,0.9947989777921751
5,sider,SIDER10,va,104,1366,64,59,0.921875,32,27,15,49,0.765625,0.5423728813559322,0.6585365853658537,0.3166707836588497,0.693663042730505,0.6957097457627118
5,sider,SIDER10,te,104,1366,77,60,0.7792207792207793,35,25,19,58,0.7532467532467533,0.5833333333333334,0.6788321167883211,0.3417224248857513,0.7179121607283117,0.7266233766233766
6,sider,SIDER10,tr,104,1366,578,528,0.9134948096885813,501,27,13,565,0.9775086505190311,0.9488636363636364,0.9638336347197106,0.9277351724468756,0.9961020224420746,0.995525650099612
6,sider,SIDER10,va,104,1366,60,63,1.05,41,22,18,42,0.7,0.6507936507936508,0.6747967479674797,0.35097940333555017,0.7272608701168469,0.7312169312169312
6,sider,SIDER10,te,104,1366,70,67,0.9571428571428572,37,30,17,53,0.7571428571428571,0.5522388059701493,0.656934306569343,0.3164791219373888,0.7435810031221408,0.7544776119402985
7,sider,SIDER10,tr,104,1366,567,539,0.9506172839506173,508,31,16,551,0.9717813051146384,0.9424860853432282,0.9575045207956601,0.9152337065869292,0.9946528464694594,0.9937780788120925
7,sider,SIDER10,va,104,1366,68,55,0.8088235294117647,28,27,18,50,0.7352941176470589,0.509090909090909,0.6341463414634146,0.25112278331070215,0.7715011444674857,0.7291443850267381
7,sider,SIDER10,te,104,1366,73,64,0.8767123287671232,40,24,20,53,0.726027397260274,0.625,0.6788321167883211,0.35299734847699,0.7744262301092146,0.7594178082191781
8,sider,SIDER10,tr,104,1366,554,552,0.9963898916967509,518,34,15,539,0.9729241877256317,0.9384057971014492,0.9556962025316456,0.9119250916819538,0.9937629892174553,0.9931460262648459
8,sider,SIDER10,va,104,1366,65,58,0.8923076923076924,31,27,19,46,0.7076923076923077,0.5344827586206896,0.6260162601626016,0.24612383315085012,0.7019738701899483,0.6753315649867374
8,sider,SIDER10,te,104,1366,89,48,0.5393258426966292,29,19,24,65,0.7303370786516854,0.6041666666666666,0.6861313868613139,0.3276717713976482,0.8064095154146333,0.7078651685393258
9,sider,SIDER10,tr,104,1366,566,540,0.9540636042402827,514,26,13,553,0.9770318021201413,0.9518518518518518,0.9647377938517179,0.9296550365301663,0.9950103985294556,0.994058369323387
9,sider,SIDER10,va,104,1366,67,56,0.835820895522388,39,17,23,44,0.6567164179104478,0.6964285714285714,0.6747967479674797,0.35174157278148427,0.7821655509175118,0.7454690831556503
9,sider,SIDER10,te,104,1366,75,62,0.8266666666666667,33,29,25,50,0.6666666666666666,0.532258064516129,0.6058394160583942,0.2003953841370407,0.7383754310852825,0.6767741935483871
10,sider,SIDER10,tr,104,1366,571,535,0.9369527145359019,512,23,19,552,0.9667250437828371,0.9570093457943926,0.9620253164556962,0.9239763909606037,0.9956282638853091,0.9946134834770938
10,sider,SIDER10,va,104,1366,59,64,1.0847457627118644,41,23,14,45,0.7627118644067796,0.640625,0.6991869918699187,0.4052734088986111,0.7477956506236085,0.7613877118644068
10,sider,SIDER10,te,104,1366,78,59,0.7564102564102564,35,24,20,58,0.7435897435897436,0.5932203389830508,0.6788321167883211,0.3402280531598578,0.7332520700714144,0.7081703607127335
11,sider,SIDER10,tr,104,1366,572,534,0.9335664335664335,495,39,14,558,0.9755244755244755,0.9269662921348315,0.9520795660036167,0.9048265886723245,0.9937185893596863,0.9924357010031167
11,sider,SIDER10,va,104,1366,60,63,1.05,32,31,17,43,0.7166666666666667,0.5079365079365079,0.6097560975609756,0.22932314567030848,0.6906870742084918,0.691005291005291
11,sider,SIDER10,te,104,1366,76,61,0.8026315789473685,32,29,21,55,0.7236842105263158,0.5245901639344263,0.635036496350365,0.2533529888774086,0.7124192769745579,0.6664150129421915
12,sider,SIDER10,tr,104,1366,577,529,0.9168110918544194,502,27,8,569,0.9861351819757366,0.9489603024574669,0.9683544303797469,0.937051552362033,0.9960763707314738,0.9954510161090052
12,sider,SIDER10,va,104,1366,64,59,0.921875,34,25,18,46,0.71875,0.576271186440678,0.6504065040650406,0.2983584565693142,0.69592375392103,0.6920021186440678
12,sider,SIDER10,te,104,1366,67,70,1.044776119402985,38,32,16,51,0.7611940298507462,0.5428571428571428,0.6496350364963503,0.31102634588746825,0.7005013572822006,0.7000000000000001
13,sider,SIDER10,tr,104,1366,573,533,0.9301919720767888,509,24,12,561,0.9790575916230366,0.9549718574108818,0.9674502712477396,0.9349851003380263,0.994619202649381,0.9936576852679522
13,sider,SIDER10,va,104,1366,64,59,0.921875,40,19,15,49,0.765625,0.6779661016949152,0.7235772357723578,0.4457209191760825,0.761048001019137,0.7791313559322034
13,sider,SIDER10,te,104,1366,71,66,0.9295774647887324,34,32,13,58,0.8169014084507042,0.5151515151515151,0.6715328467153284,0.34949282710776214,0.7579136058080849,0.7456252667520273
14,sider,SIDER10,tr,104,1366,577,529,0.9168110918544194,504,25,14,563,0.975736568457539,0.9527410207939508,0.9647377938517179,0.9294662513369817,0.9949310079294328,0.9936114378196328
14,sider,SIDER10,va,104,1366,63,60,0.9523809523809523,38,22,16,47,0.746031746031746,0.6333333333333333,0.6910569105691057,0.3821042129818889,0.7698075743754533,0.7587301587301587
14,sider,SIDER10,te,104,1366,68,69,1.0147058823529411,37,32,19,49,0.7205882352941176,0.5362318840579711,0.6277372262773723,0.26119900741945906,0.6231195269440435,0.6538789428815004
15,sider,SIDER10,tr,104,1366,575,531,0.9234782608695652,505,26,14,561,0.9756521739130435,0.9510357815442562,0.9638336347197106,0.9277094311678382,0.9956944709619876,0.994340456890199
15,sider,SIDER10,va,104,1366,60,63,1.05,39,24,21,39,0.65,0.6190476190476191,0.6341463414634146,0.2690476190476189,0.6411516128782533,0.671957671957672
15,sider,SIDER10,te,104,1366,73,64,0.8767123287671232,40,24,22,51,0.6986301369863014,0.625,0.6642335766423357,0.32439481026942957,0.8088308831716347,0.7758989726027398
1,sider,SIDER11,tr,104,1366,283,823,2.908127208480565,809,14,7,276,0.9752650176678446,0.982989064398542,0.9810126582278481,0.9506698813431795,0.987101843056426,0.9968700221975108
1,sider,SIDER11,va,104,1366,33,90,2.727272727272727,86,4,23,10,0.30303030303030304,0.9555555555555556,0.7804878048780488,0.36074949230074016,0.617023921994194,0.8003367003367003
1,sider,SIDER11,te,104,1366,42,95,2.261904761904762,92,3,27,15,0.35714285714285715,0.968421052631579,0.781021897810219,0.4443375028419677,0.6358946427206404,0.7360902255639098
2,sider,SIDER11,tr,104,1366,289,817,2.8269896193771626,807,10,5,284,0.9826989619377162,0.9877600979192166,0.9864376130198915,0.9651292738125682,0.9912264728449851,0.9978442525400973
2,sider,SIDER11,va,104,1366,30,93,3.1,90,3,18,12,0.4,0.967741935483871,0.8292682926829268,0.4826004826007233,0.6414275869624818,0.843010752688172
2,sider,SIDER11,te,104,1366,39,98,2.5128205128205128,93,5,23,16,0.41025641025641024,0.9489795918367347,0.7956204379562044,0.44997310213074837,0.6241135061887506,0.7556253270538985
3,sider,SIDER11,tr,104,1366,292,814,2.787671232876712,806,8,7,285,0.976027397260274,0.9901719901719902,0.9864376130198915,0.965142195155335,0.9892121213500047,0.9972484938238363
3,sider,SIDER11,va,104,1366,31,92,2.967741935483871,87,5,25,6,0.1935483870967742,0.9456521739130435,0.7560975609756098,0.21179241000515903,0.45625669386027556,0.7131837307152875
3,sider,SIDER11,te,104,1366,35,102,2.914285714285714,97,5,23,12,0.34285714285714286,0.9509803921568627,0.7956204379562044,0.38871052175164617,0.579420469348839,0.7991596638655463
4,sider,SIDER11,tr,104,1366,294,812,2.761904761904762,805,7,5,289,0.9829931972789115,0.9913793103448276,0.9891500904159132,0.9722732483357002,0.9911273582158094,0.9977589557990684
4,sider,SIDER11,va,104,1366,27,96,3.5555555555555554,89,7,24,3,0.1111111111111111,0.9270833333333334,0.7479674796747967,0.0578466847628547,0.38642935262110706,0.724537037037037
4,sider,SIDER11,te,104,1366,37,100,2.7027027027027026,93,7,22,15,0.40540540540540543,0.93,0.7883211678832117,0.4056118727886034,0.5754349552631427,0.7010810810810811
5,sider,SIDER11,tr,104,1366,286,820,2.867132867132867,811,9,4,282,0.986013986013986,0.9890243902439024,0.9882459312839059,0.9695860383507517,0.9888046826359982,0.9973435101483881
5,sider,SIDER11,va,104,1366,37,86,2.324324324324324,82,4,21,16,0.43243243243243246,0.9534883720930233,0.7967479674796748,0.4796391989238374,0.6983206732576812,0.8444374607165305
5,sider,SIDER11,te,104,1366,35,102,2.914285714285714,95,7,25,10,0.2857142857142857,0.9313725490196079,0.7664233576642335,0.28717888880603026,0.5397215922633927,0.7252100840336135
6,sider,SIDER11,tr,104,1366,292,814,2.787671232876712,804,10,8,284,0.9726027397260274,0.9877149877149877,0.9837251356238698,0.9582236694855094,0.9899459192705466,0.9977575645383865
6,sider,SIDER11,va,104,1366,27,96,3.5555555555555554,87,9,16,11,0.4074074074074074,0.90625,0.7967479674796748,0.35183532129642425,0.47055485665051405,0.7175925925925927
6,sider,SIDER11,te,104,1366,39,98,2.5128205128205128,91,7,25,14,0.358974358974359,0.9285714285714286,0.7664233576642335,0.3601751196225,0.597347110901894,0.7543171114599686
7,sider,SIDER11,tr,104,1366,287,819,2.8536585365853657,809,10,4,283,0.9860627177700348,0.9877899877899878,0.9873417721518988,0.9673799711744682,0.9831034978861798,0.9962008568280345
7,sider,SIDER11,va,104,1366,35,88,2.5142857142857142,81,7,23,12,0.34285714285714286,0.9204545454545454,0.7560975609756098,0.3287396026132311,0.5248920502934645,0.7756493506493506
7,sider,SIDER11,te,104,1366,36,101,2.8055555555555554,96,5,30,6,0.16666666666666666,0.9504950495049505,0.7445255474452555,0.18976497024355138,0.5039188153123304,0.6740924092409241
8,sider,SIDER11,tr,104,1366,292,814,2.787671232876712,803,11,7,285,0.976027397260274,0.9864864864864865,0.9837251356238698,0.958345848583937,0.9881351147309764,0.9968614317929386
8,sider,SIDER11,va,104,1366,30,93,3.1,78,15,22,8,0.26666666666666666,0.8387096774193549,0.6991869918699187,0.11605966449331188,0.47216747411307225,0.696415770609319
8,sider,SIDER11,te,104,1366,36,101,2.8055555555555554,89,12,23,13,0.3611111111111111,0.8811881188118812,0.7445255474452555,0.27611179255237234,0.566357849914457,0.764026402640264
9,sider,SIDER11,tr,104,1366,300,806,2.6866666666666665,795,11,6,294,0.98,0.9863523573200993,0.984629294755877,0.9613853081111796,0.9897484077652186,0.9969437551695616
9,sider,SIDER11,va,104,1366,15,108,7.2,101,7,13,2,0.13333333333333333,0.9351851851851852,0.8373983739837398,0.08609774781551492,0.2222612512217837,0.6222222222222222
9,sider,SIDER11,te,104,1366,43,94,2.186046511627907,85,9,30,13,0.3023255813953488,0.9042553191489362,0.7153284671532847,0.2611127389320558,0.5365949189167624,0.690252350321623
10,sider,SIDER11,tr,104,1366,284,822,2.8943661971830985,811,11,5,279,0.9823943661971831,0.98661800486618,0.9855334538878843,0.9624547540530177,0.9863426897726361,0.9965731126417875
10,sider,SIDER11,va,104,1366,33,90,2.727272727272727,87,3,22,11,0.3333333333333333,0.9666666666666667,0.7967479674796748,0.41852577817703057,0.6244027802801881,0.7680134680134679
10,sider,SIDER11,te,104,1366,41,96,2.341463414634146,89,7,29,12,0.2926829268292683,0.9270833333333334,0.7372262773722628,0.2911861795943116,0.6114963460725074,0.7535569105691057
11,sider,SIDER11,tr,104,1366,289,817,2.8269896193771626,805,12,4,285,0.986159169550173,0.98531211750306,0.9855334538878843,0.9630247155833159,0.9869312249944032,0.9965270866068366
11,sider,SIDER11,va,104,1366,27,96,3.5555555555555554,91,5,23,4,0.14814814814814814,0.9479166666666666,0.7723577235772358,0.15268914671722003,0.38965910891596367,0.6747685185185185
11,sider,SIDER11,te,104,1366,42,95,2.261904761904762,88,7,25,17,0.40476190476190477,0.9263157894736842,0.7664233576642335,0.4015794930825763,0.5946763399979103,0.7318295739348372
12,sider,SIDER11,tr,104,1366,291,815,2.8006872852233675,805,10,5,286,0.9828178694158075,0.9877300613496932,0.9864376130198915,0.9652813645311178,0.9854218081288808,0.9969725718381717
12,sider,SIDER11,va,104,1366,32,91,2.84375,84,7,21,11,0.34375,0.9230769230769231,0.7723577235772358,0.33120312924323736,0.5583138488786078,0.7915521978021978
12,sider,SIDER11,te,104,1366,35,102,2.914285714285714,97,5,25,10,0.2857142857142857,0.9509803921568627,0.781021897810219,0.3305955900395793,0.49710137111084424,0.7327731092436974
13,sider,SIDER11,tr,104,1366,289,817,2.8269896193771626,807,10,6,283,0.9792387543252595,0.9877600979192166,0.9855334538878843,0.9627351429925799,0.991172449687365,0.9979586045664576
13,sider,SIDER11,va,104,1366,37,86,2.324324324324324,82,4,24,13,0.35135135135135137,0.9534883720930233,0.7723577235772358,0.4050832197840762,0.6659950297594273,0.8114393463230672
13,sider,SIDER11,te,104,1366,32,105,3.28125,92,13,16,16,0.5,0.8761904761904762,0.7883211678832117,0.389642712976217,0.5162561367807187,0.7232142857142858
14,sider,SIDER11,tr,104,1366,295,811,2.7491525423728813,803,8,6,289,0.9796610169491525,0.9901356350184957,0.9873417721518988,0.9677198068771419,0.9910671779064885,0.9976509435933876
14,sider,SIDER11,va,104,1366,30,93,3.1,88,5,19,11,0.36666666666666664,0.946236559139785,0.8048780487804879,0.39944800999903785,0.5164074635999811,0.7860215053763441
14,sider,SIDER11,te,104,1366,33,104,3.1515151515151514,94,10,22,11,0.3333333333333333,0.9038461538461539,0.7664233576642335,0.28152186007987634,0.4241685004608274,0.6882284382284383
15,sider,SIDER11,tr,104,1366,286,820,2.867132867132867,811,9,4,282,0.986013986013986,0.9890243902439024,0.9882459312839059,0.9695860383507517,0.9853646777892483,0.9962988231280914
15,sider,SIDER11,va,104,1366,35,88,2.5142857142857142,79,9,30,5,0.14285714285714285,0.8977272727272727,0.6829268292682927,0.05765770979998014,0.4636892849101125,0.7461038961038962
15,sider,SIDER11,te,104,1366,37,100,2.7027027027027026,95,5,25,12,0.32432432432432434,0.95,0.781021897810219,0.369445257950554,0.5865240154003484,0.7527027027027028
1,sider,SIDER12,tr,104,1366,995,111,0.11155778894472362,80,31,196,799,0.8030150753768844,0.7207207207207207,0.794755877034358,0.363656789636859,0.9795531523863967,0.8494227896237946
1,sider,SIDER12,va,104,1366,114,9,0.07894736842105263,2,7,21,93,0.8157894736842105,0.2222222222222222,0.7723577235772358,0.025387913423096424,0.9406685614993704,0.5497076023391814
1,sider,SIDER12,te,104,1366,129,8,0.06201550387596899,1,7,24,105,0.813953488372093,0.125,0.7737226277372263,-0.03706138842013211,0.9596179324046914,0.5300387596899224
2,sider,SIDER12,tr,104,1366,1006,100,0.09940357852882704,66,34,163,843,0.8379721669980119,0.66,0.8218806509945751,0.3524410789130759,0.9840533785186423,0.8625347912524852
2,sider,SIDER12,va,104,1366,112,11,0.09821428571428571,5,6,19,93,0.8303571428571429,0.45454545454545453,0.7967479674796748,0.2051533175632355,0.9638356310293484,0.7256493506493507
2,sider,SIDER12,te,104,1366,120,17,0.14166666666666666,7,10,15,105,0.875,0.4117647058823529,0.8175182481751825,0.2575019497536807,0.9225553710183629,0.6507352941176471
3,sider,SIDER12,tr,104,1366,1000,106,0.106,77,29,191,809,0.809,0.7264150943396226,0.8010849909584087,0.36783592007557847,0.9828126889991912,0.8582924528301886
3,sider,SIDER12,va,104,1366,112,11,0.09821428571428571,6,5,28,84,0.75,0.5454545454545454,0.7317073170731707,0.18852179572611358,0.9480781484092483,0.6903409090909092
3,sider,SIDER12,te,104,1366,126,11,0.0873015873015873,4,7,32,94,0.746031746031746,0.36363636363636365,0.7153284671532847,0.06770956684746433,0.938916755219151,0.5447330447330447
4,sider,SIDER12,tr,104,1366,1005,101,0.10049751243781095,73,28,154,851,0.8467661691542289,0.7227722772277227,0.8354430379746836,0.406218219111263,0.9867358432253126,0.8810304911088124
4,sider,SIDER12,va,104,1366,108,15,0.1388888888888889,2,13,19,89,0.8240740740740741,0.13333333333333333,0.7398373983739838,-0.03704092727779526,0.9247957471023851,0.6104938271604938
4,sider,SIDER12,te,104,1366,125,12,0.096,2,10,26,99,0.792,0.16666666666666666,0.7372262773722628,-0.028977024990199638,0.920292641340384,0.496
5,sider,SIDER12,tr,104,1366,1000,106,0.106,73,33,172,828,0.828,0.6886792452830188,0.8146473779385172,0.36625986521853143,0.9832880095422437,0.8597735849056604
5,sider,SIDER12,va,104,1366,112,11,0.09821428571428571,4,7,19,93,0.8303571428571429,0.36363636363636365,0.7886178861788617,0.1419804763858748,0.927813008668896,0.5827922077922078
5,sider,SIDER12,te,104,1366,126,11,0.0873015873015873,2,9,23,103,0.8174603174603174,0.18181818181818182,0.7664233576642335,-0.0005076207532276432,0.9379246343603681,0.5945165945165944
6,sider,SIDER12,tr,104,1366,1011,95,0.09396636993076163,61,34,132,879,0.8694362017804155,0.6421052631578947,0.8499095840867993,0.3776627750884486,0.9861512117507805,0.870904263626425
6,sider,SIDER12,va,104,1366,105,18,0.17142857142857143,8,10,13,92,0.8761904761904762,0.4444444444444444,0.8130081300813008,0.30118406380761914,0.8787489413269967,0.6354497354497354
6,sider,SIDER12,te,104,1366,122,15,0.12295081967213115,4,11,22,100,0.819672131147541,0.26666666666666666,0.7591240875912408,0.06875169009362103,0.9197460924172456,0.6581967213114754
7,sider,SIDER12,tr,104,1366,998,108,0.10821643286573146,67,41,124,874,0.875751503006012,0.6203703703703703,0.8508137432188065,0.38961735406007997,0.9818909829279654,0.8580401543828398
7,sider,SIDER12,va,104,1366,113,10,0.08849557522123894,4,6,16,97,0.8584070796460177,0.4,0.8211382113821138,0.1913859355808917,0.9561746197301517,0.6592920353982301
7,sider,SIDER12,te,104,1366,127,10,0.07874015748031496,0,10,11,116,0.9133858267716536,0.0,0.8467153284671532,-0.08291043801843294,0.9435686512040371,0.537007874015748
8,sider,SIDER12,tr,104,1366,995,111,0.11155778894472362,81,30,197,798,0.8020100502512563,0.7297297297297297,0.794755877034358,0.36832789832617796,0.9829772334708003,0.8670967449861923
8,sider,SIDER12,va,104,1366,115,8,0.06956521739130435,2,6,28,87,0.7565217391304347,0.25,0.7235772357723578,0.003745029431365684,0.9551844301897544,0.5548913043478261
8,sider,SIDER12,te,104,1366,128,9,0.0703125,3,6,35,93,0.7265625,0.3333333333333333,0.7007299270072993,0.033144651393582705,0.9495910424929922,0.564236111111111
9,sider,SIDER12,tr,104,1366,1009,97,0.09613478691774034,69,28,164,845,0.8374628344895937,0.711340206185567,0.8264014466546112,0.38068246853008186,0.9862305179025004,0.8793078785773399
9,sider,SIDER12,va,104,1366,109,14,0.12844036697247707,3,11,22,87,0.7981651376146789,0.21428571428571427,0.7317073170731707,0.009826374050617082,0.914964975501467,0.5609436435124509
9,sider,SIDER12,te,104,1366,120,17,0.14166666666666666,6,11,23,97,0.8083333333333333,0.35294117647058826,0.7518248175182481,0.13015772155121252,0.9114146159851889,0.616421568627451
10,sider,SIDER12,tr,104,1366,996,110,0.11044176706827309,82,28,170,826,0.8293172690763052,0.7454545454545455,0.8209764918625678,0.41010236069828965,0.9835263060396507,0.8710660825118657
10,sider,SIDER12,va,104,1366,115,8,0.06956521739130435,2,6,20,95,0.8260869565217391,0.25,0.7886178861788617,0.04895895044134017,0.950089277610222,0.6043478260869566
10,sider,SIDER12,te,104,1366,127,10,0.07874015748031496,6,4,23,104,0.8188976377952756,0.6,0.8029197080291971,0.2667466015893704,0.9702226891447387,0.7346456692913386
11,sider,SIDER12,tr,104,1366,998,108,0.10821643286573146,76,32,186,812,0.8136272545090181,0.7037037037037037,0.8028933092224232,0.3611800449654596,0.9795486328292966,0.842792065612707
11,sider,SIDER12,va,104,1366,113,10,0.08849557522123894,0,10,21,92,0.8141592920353983,0.0,0.7479674796747967,-0.13498028467680556,0.8752961975522585,0.3070796460176991
11,sider,SIDER12,te,104,1366,127,10,0.07874015748031496,5,5,31,96,0.7559055118110236,0.5,0.7372262773722628,0.15124100800497337,0.9686891216611232,0.7137795275590552
12,sider,SIDER12,tr,104,1366,1003,103,0.10269192422731804,69,34,162,841,0.8384845463609173,0.6699029126213593,0.8227848101265823,0.3634577143506587,0.9832994156053045,0.8606171775934333
12,sider,SIDER12,va,104,1366,110,13,0.11818181818181818,5,8,22,88,0.8,0.38461538461538464,0.7560975609756098,0.13712555853457353,0.9547023418921841,0.7094405594405593
12,sider,SIDER12,te,104,1366,125,12,0.096,4,8,27,98,0.784,0.3333333333333333,0.7445255474452555,0.07927445385675552,0.9033466731423823,0.5566666666666666
13,sider,SIDER12,tr,104,1366,999,107,0.10710710710710711,76,31,178,821,0.8218218218218218,0.7102803738317757,0.8110307414104883,0.373966782871248,0.9779914225055324,0.8320423226965283
13,sider,SIDER12,va,104,1366,115,8,0.06956521739130435,2,6,18,97,0.8434782608695652,0.25,0.8048780487804879,0.062469916778571374,0.9587565037762595,0.6184782608695653
13,sider,SIDER12,te,104,1366,124,13,0.10483870967741936,2,11,28,96,0.7741935483870968,0.15384615384615385,0.7153284671532847,-0.050994454957679604,0.8923354535399763,0.46339950372208427
14,sider,SIDER12,tr,104,1366,1004,102,0.10159362549800798,65,37,144,860,0.8565737051792829,0.6372549019607843,0.8363471971066908,0.3649839965797001,0.9838311617077644,0.860035348800875
14,sider,SIDER12,va,104,1366,110,13,0.11818181818181818,6,7,21,89,0.8090909090909091,0.46153846153846156,0.7723577235772358,0.20101360285181802,0.8918744714946505,0.5674825174825174
14,sider,SIDER12,te,104,1366,124,13,0.10483870967741936,4,9,23,101,0.8145161290322581,0.3076923076923077,0.7664233576642335,0.09003377973393235,0.9449429808694048,0.6259305210918114
15,sider,SIDER12,tr,104,1366,1007,99,0.09831181727904667,64,35,152,855,0.8490566037735849,0.6464646464646465,0.8309222423146474,0.3568393482254899,0.9854388277045119,0.8651459982145187
15,sider,SIDER12,va,104,1366,105,18,0.17142857142857143,5,13,24,81,0.7714285714285715,0.2777777777777778,0.6991869918699187,0.04097218459591132,0.8611452116637472,0.48756613756613754
15,sider,SIDER12,te,104,1366,126,11,0.0873015873015873,4,7,29,97,0.7698412698412699,0.36363636363636365,0.7372262773722628,0.08482355571494571,0.9609213160286195,0.7016594516594516
1,sider,SIDER13,tr,104,1366,248,858,3.4596774193548385,763,95,66,182,0.7338709677419355,0.8892773892773893,0.8544303797468354,0.5998515547531046,0.7420092503846734,0.9229782314459734
1,sider,SIDER13,va,104,1366,29,94,3.2413793103448274,80,14,18,11,0.3793103448275862,0.851063829787234,0.7398373983739838,0.24300414177885174,0.36762989976541116,0.7186353631694791
1,sider,SIDER13,te,104,1366,38,99,2.6052631578947367,81,18,19,19,0.5,0.8181818181818182,0.7299270072992701,0.32083659070641846,0.49735125445932976,0.7177033492822967
2,sider,SIDER13,tr,104,1366,264,842,3.1893939393939394,734,108,64,200,0.7575757575757576,0.8717339667458432,0.8444846292947559,0.5984744963629164,0.7337562048096362,0.9131442093140429
2,sider,SIDER13,va,104,1366,22,101,4.590909090909091,83,18,13,9,0.4090909090909091,0.8217821782178217,0.7479674796747967,0.21376068830162911,0.39521466346796846,0.6926192619261926
2,sider,SIDER13,te,104,1366,29,108,3.7241379310344827,82,26,14,15,0.5172413793103449,0.7592592592592593,0.708029197080292,0.24664906328018174,0.4132725612941949,0.6708173690932311
3,sider,SIDER13,tr,104,1366,262,844,3.2213740458015265,746,98,63,199,0.7595419847328244,0.8838862559241706,0.8544303797468354,0.6172619437241231,0.7495436793365834,0.9130661879092652
3,sider,SIDER13,va,104,1366,22,101,4.590909090909091,84,17,14,8,0.36363636363636365,0.8316831683168316,0.7479674796747967,0.18600930069755797,0.28944040977715507,0.6300630063006301
3,sider,SIDER13,te,104,1366,31,106,3.4193548387096775,87,19,12,19,0.6129032258064516,0.8207547169811321,0.7737226277372263,0.4052954135788166,0.6583476800062126,0.8131466828971394
4,sider,SIDER13,tr,104,1366,252,854,3.388888888888889,754,100,54,198,0.7857142857142857,0.882903981264637,0.8607594936708861,0.6321114117254623,0.735513170147291,0.9139065462250473
4,sider,SIDER13,va,104,1366,36,87,2.4166666666666665,70,17,21,15,0.4166666666666667,0.8045977011494253,0.6910569105691057,0.22947039995658125,0.4494592094821429,0.6740102171136654
4,sider,SIDER13,te,104,1366,27,110,4.074074074074074,90,20,13,14,0.5185185185185185,0.8181818181818182,0.7591240875912408,0.3100728238831805,0.5154390762245991,0.712121212121212
5,sider,SIDER13,tr,104,1366,246,860,3.4959349593495936,755,105,55,191,0.7764227642276422,0.877906976744186,0.8553345388788427,0.6146460213621214,0.7253502412191062,0.9164256003025146
5,sider,SIDER13,va,104,1366,37,86,2.324324324324324,74,12,20,17,0.4594594594594595,0.8604651162790697,0.7398373983739838,0.34564857009184624,0.5542267541762436,0.7586423632935261
5,sider,SIDER13,te,104,1366,32,105,3.28125,92,13,19,13,0.40625,0.8761904761904762,0.7664233576642335,0.30475329530551576,0.4053778032753198,0.700595238095238
6,sider,SIDER13,tr,104,1366,253,853,3.3715415019762847,765,88,64,189,0.7470355731225297,0.8968347010550997,0.8625678119349005,0.6241888430317487,0.74779487106914,0.9223132492157416
6,sider,SIDER13,va,104,1366,29,94,3.2413793103448274,84,10,17,12,0.41379310344827586,0.8936170212765957,0.7804878048780488,0.3404936880896793,0.49676954141438445,0.7608217168011739
6,sider,SIDER13,te,104,1366,33,104,3.1515151515151514,92,12,16,17,0.5151515151515151,0.8846153846153846,0.7956204379562044,0.41847507424584535,0.5139058787974949,0.7631118881118881
7,sider,SIDER13,tr,104,1366,256,850,3.3203125,750,100,66,190,0.7421875,0.8823529411764706,0.8499095840867993,0.5988884436752179,0.7218163317536125,0.9134030330882352
7,sider,SIDER13,va,104,1366,29,94,3.2413793103448274,76,18,17,12,0.41379310344827586,0.8085106382978723,0.7154471544715447,0.21973922920677844,0.42583005279290037,0.6729640498899486
7,sider,SIDER13,te,104,1366,30,107,3.566666666666667,87,20,13,17,0.5666666666666667,0.8130841121495327,0.7591240875912408,0.3537124344974229,0.4266105133494009,0.6884735202492213
8,sider,SIDER13,tr,104,1366,258,848,3.2868217054263567,742,106,61,197,0.7635658914728682,0.875,0.849005424954792,0.6055282503091483,0.7457240254560167,0.9119199758666081
8,sider,SIDER13,va,104,1366,24,99,4.125,83,16,14,10,0.4166666666666667,0.8383838383838383,0.7560975609756098,0.24755794270488493,0.4052704441592908,0.6839225589225588
8,sider,SIDER13,te,104,1366,33,104,3.1515151515151514,82,22,19,14,0.42424242424242425,0.7884615384615384,0.7007299270072993,0.2066508915342919,0.47479652008085227,0.6279137529137528
9,sider,SIDER13,tr,104,1366,259,847,3.27027027027027,737,110,70,189,0.7297297297297297,0.8701298701298701,0.8372513562386981,0.5719641902404384,0.7305770706337217,0.9123479188414252
9,sider,SIDER13,va,104,1366,26,97,3.730769230769231,83,14,15,11,0.4230769230769231,0.8556701030927835,0.7642276422764228,0.2828132429117249,0.40070896586073657,0.6653449643140364
9,sider,SIDER13,te,104,1366,30,107,3.566666666666667,80,27,15,15,0.5,0.7476635514018691,0.6934306569343066,0.22214071460187354,0.35022235375789923,0.67196261682243
10,sider,SIDER13,tr,104,1366,262,844,3.2213740458015265,745,99,60,202,0.7709923664122137,0.8827014218009479,0.85623869801085,0.6244749746623481,0.7434405104885456,0.9176223725624977
10,sider,SIDER13,va,104,1366,25,98,3.92,73,25,11,14,0.56,0.7448979591836735,0.7073170731707317,0.2636729712123058,0.5354919904483543,0.7616326530612245
10,sider,SIDER13,te,104,1366,28,109,3.892857142857143,88,21,14,14,0.5,0.8073394495412844,0.7445255474452555,0.2841688473443971,0.3770768391066418,0.7447575360419397
11,sider,SIDER13,tr,104,1366,264,842,3.1893939393939394,730,112,64,200,0.7575757575757576,0.8669833729216152,0.840867992766727,0.5916216014592123,0.7486871080326198,0.9132566760238969
11,sider,SIDER13,va,104,1366,25,98,3.92,81,17,11,14,0.56,0.826530612244898,0.7723577235772358,0.35825493060125696,0.4977900768497975,0.7289795918367347
11,sider,SIDER13,te,104,1366,26,111,4.269230769230769,87,24,11,15,0.5769230769230769,0.7837837837837838,0.7445255474452555,0.31344202524702724,0.3394722990398671,0.6995841995841996
12,sider,SIDER13,tr,104,1366,245,861,3.5142857142857142,759,102,56,189,0.7714285714285715,0.8815331010452961,0.8571428571428571,0.615810385441568,0.7302741935426919,0.9190310270449642
12,sider,SIDER13,va,104,1366,32,91,2.84375,74,17,18,14,0.4375,0.8131868131868132,0.7154471544715447,0.253310046252392,0.47157531855767165,0.6840659340659341
12,sider,SIDER13,te,104,1366,38,99,2.6052631578947367,89,10,20,18,0.47368421052631576,0.898989898989899,0.781021897810219,0.4137579518353572,0.6675572740162588,0.7953216374269007
13,sider,SIDER13,tr,104,1366,247,859,3.477732793522267,758,101,60,187,0.757085020242915,0.8824214202561118,0.8544303797468354,0.6068999273000345,0.7278632010282773,0.9182813081777605
13,sider,SIDER13,va,104,1366,30,93,3.1,81,12,15,15,0.5,0.8709677419354839,0.7804878048780488,0.3848759284324471,0.6059192128080892,0.774910394265233
13,sider,SIDER13,te,104,1366,38,99,2.6052631578947367,83,16,16,22,0.5789473684210527,0.8383838383838383,0.7664233576642335,0.4173312068048909,0.6166461314315972,0.7607655502392344
14,sider,SIDER13,tr,104,1366,250,856,3.424,745,111,54,196,0.784,0.8703271028037384,0.8508137432188065,0.6111660463905874,0.7594062499712402,0.9155864485981308
14,sider,SIDER13,va,104,1366,28,95,3.392857142857143,69,26,17,11,0.39285714285714285,0.7263157894736842,0.6504065040650406,0.10896031654249587,0.32934719415048364,0.6069548872180451
14,sider,SIDER13,te,104,1366,37,100,2.7027027027027026,81,19,15,22,0.5945945945945946,0.81,0.7518248175182481,0.3922774950944136,0.5560818152615833,0.7332432432432433
15,sider,SIDER13,tr,104,1366,246,860,3.4959349593495936,755,105,52,194,0.7886178861788617,0.877906976744186,0.8580470162748643,0.6241094691998399,0.7487462075308418,0.9171606163736056
15,sider,SIDER13,va,104,1366,29,94,3.2413793103448274,73,21,14,15,0.5172413793103449,0.776595744680851,0.7154471544715447,0.27413135556006096,0.5096866773668289,0.714600146735143
15,sider,SIDER13,te,104,1366,40,97,2.425,80,17,17,23,0.575,0.8247422680412371,0.7518248175182481,0.39974226804123697,0.5727853279419964,0.7556701030927835
1,sider,SIDER14,tr,104,1366,155,951,6.135483870967742,743,208,59,96,0.6193548387096774,0.7812828601472135,0.7585895117540687,0.31151857269941957,0.4135739633700105,0.7962043349954209
1,sider,SIDER14,va,104,1366,27,96,3.5555555555555554,67,29,18,9,0.3333333333333333,0.6979166666666666,0.6178861788617886,0.027994083850880952,0.23071200533206454,0.5559413580246914
1,sider,SIDER14,te,104,1366,27,110,4.074074074074074,75,35,17,10,0.37037037037037035,0.6818181818181818,0.6204379562043796,0.044203158534776944,0.18669222486223674,0.4759259259259259
2,sider,SIDER14,tr,104,1366,175,931,5.32,671,260,61,114,0.6514285714285715,0.7207303974221267,0.7097649186256781,0.28709855916263444,0.4216372419330254,0.7767009360135031
2,sider,SIDER14,va,104,1366,19,104,5.473684210526316,70,34,11,8,0.42105263157894735,0.6730769230769231,0.6341463414634146,0.07173850459237267,0.1840711143702575,0.4949392712550607
2,sider,SIDER14,te,104,1366,15,122,8.133333333333333,85,37,8,7,0.4666666666666667,0.6967213114754098,0.6715328467153284,0.10926418506065881,0.13940620623161282,0.6076502732240436
3,sider,SIDER14,tr,104,1366,163,943,5.785276073619632,771,172,68,95,0.5828220858895705,0.8176033934252386,0.783001808318264,0.33169180492275063,0.36467410410436063,0.7851004170217749
3,sider,SIDER14,va,104,1366,23,100,4.3478260869565215,76,24,16,7,0.30434782608695654,0.76,0.6747967479674797,0.05778605369557101,0.3049638221547245,0.6343478260869566
3,sider,SIDER14,te,104,1366,23,114,4.956521739130435,91,23,14,9,0.391304347826087,0.7982456140350878,0.7299270072992701,0.16744431469983903,0.37057046778480685,0.7351258581235698
4,sider,SIDER14,tr,104,1366,168,938,5.583333333333333,736,202,56,112,0.6666666666666666,0.7846481876332623,0.7667269439421338,0.3592595098846044,0.44422392234868,0.7985487105289877
4,sider,SIDER14,va,104,1366,20,103,5.15,80,23,14,6,0.3,0.7766990291262136,0.6991869918699187,0.06667462028168712,0.187311128148906,0.5305825242718447
4,sider,SIDER14,te,104,1366,21,116,5.523809523809524,84,32,15,6,0.2857142857142857,0.7241379310344828,0.656934306569343,0.007927992016167224,0.20984366425491247,0.5324302134646962
5,sider,SIDER14,tr,104,1366,167,939,5.622754491017964,706,233,61,106,0.6347305389221557,0.751863684771033,0.7341772151898734,0.3002263880196163,0.41439870380098826,0.7790138572694867
5,sider,SIDER14,va,104,1366,23,100,4.3478260869565215,67,33,15,8,0.34782608695652173,0.67,0.6097560975609756,0.014744195615489704,0.19579053344416397,0.5656521739130435
5,sider,SIDER14,te,104,1366,19,118,6.2105263157894735,83,35,10,9,0.47368421052631576,0.7033898305084746,0.6715328467153284,0.13107048006914127,0.2138162105307716,0.6650312221231044
6,sider,SIDER14,tr,104,1366,165,941,5.703030303030303,748,193,61,104,0.6303030303030303,0.7948990435706695,0.7703435804701627,0.34180599248820387,0.4580200349701428,0.8086948120954497
6,sider,SIDER14,va,104,1366,16,107,6.6875,77,30,12,4,0.25,0.719626168224299,0.6585365853658537,-0.022846359249933335,0.18407481508860551,0.5823598130841122
6,sider,SIDER14,te,104,1366,28,109,3.892857142857143,79,30,20,8,0.2857142857142857,0.7247706422018348,0.635036496350365,0.009443833422775627,0.21944547521963154,0.5642201834862386
7,sider,SIDER14,tr,104,1366,173,933,5.393063583815029,682,251,62,111,0.6416184971098265,0.7309753483386924,0.716998191681736,0.2884421986348105,0.3566330830515237,0.7690958992373411
7,sider,SIDER14,va,104,1366,16,107,6.6875,74,33,8,8,0.5,0.6915887850467289,0.6666666666666666,0.13671718540493252,0.22432197637176735,0.6460280373831776
7,sider,SIDER14,te,104,1366,20,117,5.85,74,43,10,10,0.5,0.6324786324786325,0.6131386861313869,0.09604531545540901,0.1481302046529431,0.5463675213675214
8,sider,SIDER14,tr,104,1366,171,935,5.4678362573099415,720,215,58,113,0.6608187134502924,0.7700534759358288,0.7531645569620253,0.34105592896422265,0.42510552855457506,0.7968821340338368
8,sider,SIDER14,va,104,1366,18,105,5.833333333333333,83,22,11,7,0.3888888888888889,0.7904761904761904,0.7317073170731707,0.14935022126896708,0.28053462080436303,0.6714285714285714
8,sider,SIDER14,te,104,1366,20,117,5.85,79,38,11,9,0.45,0.6752136752136753,0.6423357664233577,0.09312997962964027,0.2292617583915824,0.5927350427350427
9,sider,SIDER14,tr,104,1366,175,931,5.32,686,245,58,117,0.6685714285714286,0.7368421052631579,0.7260397830018083,0.31531988126425403,0.41039924019928453,0.7842749731471534
9,sider,SIDER14,va,104,1366,17,106,6.235294117647059,74,32,10,7,0.4117647058823529,0.6981132075471698,0.6585365853658537,0.08149216397725868,0.16406315977816766,0.5615982241953386
9,sider,SIDER14,te,104,1366,17,120,7.0588235294117645,85,35,11,6,0.35294117647058826,0.7083333333333334,0.6642335766423357,0.04411308029395454,0.15475387777578634,0.6127450980392156
10,sider,SIDER14,tr,104,1366,172,934,5.430232558139535,694,240,61,111,0.6453488372093024,0.7430406852248393,0.7278481012658228,0.30239745582468613,0.4386424723775527,0.776978238135551
10,sider,SIDER14,va,104,1366,16,107,6.6875,75,32,8,8,0.5,0.7009345794392523,0.6747967479674797,0.14429042763871572,0.15668473408296366,0.6001752336448598
10,sider,SIDER14,te,104,1366,21,116,5.523809523809524,82,34,9,12,0.5714285714285714,0.7068965517241379,0.6861313868613139,0.21232026124309827,0.2511432231397359,0.6802134646962233
11,sider,SIDER14,tr,104,1366,171,935,5.4678362573099415,754,181,61,110,0.6432748538011696,0.8064171122994652,0.7811934900542495,0.3692272031627287,0.49848180573155126,0.8018575851393188
11,sider,SIDER14,va,104,1366,17,106,6.235294117647059,76,30,10,7,0.4117647058823529,0.7169811320754716,0.6747967479674797,0.09688588349474812,0.19931035909712957,0.591842397336293
11,sider,SIDER14,te,104,1366,21,116,5.523809523809524,76,40,14,7,0.3333333333333333,0.6551724137931034,0.6058394160583942,-0.008722665246218127,0.23468654819192064,0.5636288998357963
12,sider,SIDER14,tr,104,1366,176,930,5.284090909090909,700,230,63,113,0.6420454545454546,0.7526881720430108,0.7350813743218807,0.3121710346894313,0.4114656253288637,0.7850439882697948
12,sider,SIDER14,va,104,1366,17,106,6.235294117647059,75,31,10,7,0.4117647058823529,0.7075471698113207,0.6666666666666666,0.08911684554098853,0.14395370647376807,0.526914539400666
12,sider,SIDER14,te,104,1366,16,121,7.5625,85,36,11,5,0.3125,0.7024793388429752,0.656934306569343,0.010505525385702725,0.12659177670786953,0.5289256198347108
13,sider,SIDER14,tr,104,1366,173,933,5.393063583815029,708,225,57,116,0.6705202312138728,0.7588424437299035,0.7450271247739603,0.33773825433954596,0.40877573896242275,0.7957455903945876
13,sider,SIDER14,va,104,1366,18,105,5.833333333333333,76,29,9,9,0.5,0.7238095238095238,0.6910569105691057,0.171201751759133,0.25740191676434876,0.6391534391534393
13,sider,SIDER14,te,104,1366,18,119,6.611111111111111,84,35,11,7,0.3888888888888889,0.7058823529411765,0.6642335766423357,0.0694384242316547,0.1418661800810485,0.4822595704948646
14,sider,SIDER14,tr,104,1366,172,934,5.430232558139535,707,227,65,107,0.622093023255814,0.7569593147751607,0.7359855334538878,0.2991954314114912,0.42573363202027353,0.7714817489168866
14,sider,SIDER14,va,104,1366,23,100,4.3478260869565215,72,28,13,10,0.43478260869565216,0.72,0.6666666666666666,0.13061252304095686,0.2594637645275508,0.6447826086956522
14,sider,SIDER14,te,104,1366,14,123,8.785714285714286,91,32,9,5,0.35714285714285715,0.7398373983739838,0.7007299270072993,0.06616053913166474,0.12981428520130098,0.6306620209059234
15,sider,SIDER14,tr,104,1366,162,944,5.827160493827161,730,214,58,104,0.6419753086419753,0.7733050847457628,0.7540687160940326,0.32442048032025694,0.40652118507947277,0.7832247855199832
15,sider,SIDER14,va,104,1366,24,99,4.125,73,26,17,7,0.2916666666666667,0.7373737373737373,0.6504065040650406,0.025974527011361173,0.22866107342294575,0.5376683501683501
15,sider,SIDER14,te,104,1366,23,114,4.956521739130435,82,32,15,8,0.34782608695652173,0.7192982456140351,0.656934306569343,0.0551798431102766,0.19958010885264169,0.620137299771167
1,sider,SIDER15,tr,104,1366,850,256,0.30117647058823527,205,51,67,783,0.9211764705882353,0.80078125,0.8933092224231465,0.7070884336925846,0.9827457892194187,0.9435500919117648
1,sider,SIDER15,va,104,1366,95,28,0.29473684210526313,13,15,9,86,0.9052631578947369,0.4642857142857143,0.8048780487804879,0.4043343817167248,0.8971822186843954,0.7556390977443609
1,sider,SIDER15,te,104,1366,118,19,0.16101694915254236,4,15,23,95,0.8050847457627118,0.21052631578947367,0.7226277372262774,0.013563507615306196,0.8630452561488069,0.5490633363068689
2,sider,SIDER15,tr,104,1366,860,246,0.28604651162790695,188,58,71,789,0.9174418604651163,0.7642276422764228,0.8833634719710669,0.6694205749531635,0.9806220547001265,0.9344346757421064
2,sider,SIDER15,va,104,1366,99,24,0.24242424242424243,8,16,23,76,0.7676767676767676,0.3333333333333333,0.6829268292682927,0.09219625129365704,0.8525803950500389,0.5753367003367003
2,sider,SIDER15,te,104,1366,104,33,0.3173076923076923,13,20,12,92,0.8846153846153846,0.3939393939393939,0.7664233576642335,0.30839351502027407,0.7964598563653702,0.6433566433566434
3,sider,SIDER15,tr,104,1366,869,237,0.2727272727272727,181,56,68,801,0.9217491369390104,0.7637130801687764,0.8878842676311031,0.6734068008020232,0.984218001909501,0.9437420188101169
3,sider,SIDER15,va,104,1366,89,34,0.38202247191011235,10,24,12,77,0.8651685393258427,0.29411764705882354,0.7073170731707317,0.1858833749686696,0.7337966718402581,0.5419695968274951
3,sider,SIDER15,te,104,1366,105,32,0.3047619047619048,17,15,10,95,0.9047619047619048,0.53125,0.8175182481751825,0.4637562347593598,0.8995145009119438,0.7566964285714286
4,sider,SIDER15,tr,104,1366,873,233,0.26689576174112256,179,54,75,798,0.9140893470790378,0.7682403433476395,0.8833634719710669,0.661519568985337,0.983255332741161,0.9366670108008988
4,sider,SIDER15,va,104,1366,91,32,0.3516483516483517,17,15,11,80,0.8791208791208791,0.53125,0.7886178861788617,0.42936970791058576,0.9294101623763705,0.8056318681318682
4,sider,SIDER15,te,104,1366,99,38,0.3838383838383838,12,26,14,85,0.8585858585858586,0.3157894736842105,0.708029197080292,0.19908854854703703,0.7911983715267032,0.6052631578947368
5,sider,SIDER15,tr,104,1366,865,241,0.2786127167630058,191,50,66,799,0.923699421965318,0.7925311203319502,0.895117540687161,0.7000821506233285,0.9834603468603236,0.9425011392799749
5,sider,SIDER15,va,104,1366,96,27,0.28125,10,17,15,81,0.84375,0.37037037037037035,0.7398373983739838,0.22023809523809507,0.8503338865204997,0.65625
5,sider,SIDER15,te,104,1366,102,35,0.3431372549019608,9,26,12,90,0.8823529411764706,0.2571428571428571,0.7226277372262774,0.1688715900977087,0.8182484815086397,0.5966386554621849
6,sider,SIDER15,tr,104,1366,868,238,0.27419354838709675,204,34,66,802,0.923963133640553,0.8571428571428571,0.9095840867992767,0.7472626728864811,0.9869826283760225,0.952375304960694
6,sider,SIDER15,va,104,1366,92,31,0.33695652173913043,10,21,18,74,0.8043478260869565,0.3225806451612903,0.6829268292682927,0.1314295411338567,0.8163641037408603,0.6342917251051895
6,sider,SIDER15,te,104,1366,103,34,0.3300970873786408,10,24,13,90,0.8737864077669902,0.29411764705882354,0.7299270072992701,0.19404520323664975,0.8501200562951938,0.6768989149057681
7,sider,SIDER15,tr,104,1366,858,248,0.289044289044289,182,66,75,783,0.9125874125874126,0.7338709677419355,0.8725135623869801,0.6383952505258227,0.9763343269371852,0.9227432513722835
7,sider,SIDER15,va,104,1366,95,28,0.29473684210526313,11,17,11,84,0.8842105263157894,0.39285714285714285,0.7723577235772358,0.3031479545526207,0.8031901915874884,0.6364661654135338
7,sider,SIDER15,te,104,1366,110,27,0.24545454545454545,9,18,16,94,0.8545454545454545,0.3333333333333333,0.7518248175182481,0.19349821301903128,0.8494749163271778,0.613973063973064
8,sider,SIDER15,tr,104,1366,854,252,0.29508196721311475,197,55,71,783,0.9168618266978923,0.7817460317460317,0.8860759493670886,0.6838695488029168,0.9840495968176168,0.9447395078249878
8,sider,SIDER15,va,104,1366,98,25,0.25510204081632654,13,12,18,80,0.8163265306122449,0.52,0.7560975609756098,0.3117234031841983,0.8528948913431909,0.6269387755102042
8,sider,SIDER15,te,104,1366,111,26,0.23423423423423423,5,21,19,92,0.8288288288288288,0.19230769230769232,0.708029197080292,0.021804032918752568,0.8867528552973756,0.6455301455301455
9,sider,SIDER15,tr,104,1366,864,242,0.2800925925925926,187,55,58,806,0.9328703703703703,0.7727272727272727,0.8978300180831826,0.7024850040275271,0.9849085754280419,0.9459366391184574
9,sider,SIDER15,va,104,1366,95,28,0.29473684210526313,10,18,13,82,0.8631578947368421,0.35714285714285715,0.7479674796747967,0.2369151752453255,0.9047262443404048,0.7240601503759398
9,sider,SIDER15,te,104,1366,104,33,0.3173076923076923,10,23,17,87,0.8365384615384616,0.30303030303030304,0.708029197080292,0.1500319138086637,0.8364272123889933,0.6148018648018648
10,sider,SIDER15,tr,104,1366,863,243,0.28157589803012745,199,44,82,781,0.9049826187717266,0.8189300411522634,0.8860759493670886,0.6885168483888752,0.983007691959173,0.9419767391957428
10,sider,SIDER15,va,104,1366,95,28,0.29473684210526313,11,17,16,79,0.8315789473684211,0.39285714285714285,0.7317073170731707,0.22736102275897746,0.8619995087530523,0.6481203007518798
10,sider,SIDER15,te,104,1366,105,32,0.3047619047619048,10,22,20,85,0.8095238095238095,0.3125,0.6934306569343066,0.12484228293715267,0.8493372141627991,0.6334821428571429
11,sider,SIDER15,tr,104,1366,858,248,0.289044289044289,193,55,69,789,0.9195804195804196,0.7782258064516129,0.8878842676311031,0.684514189835863,0.9833212765491977,0.9419834198060004
11,sider,SIDER15,va,104,1366,96,27,0.28125,6,21,15,81,0.84375,0.2222222222222222,0.7073170731707317,0.07257196434806666,0.8320275639785686,0.5679012345679012
11,sider,SIDER15,te,104,1366,109,28,0.25688073394495414,7,21,15,94,0.8623853211009175,0.25,0.7372262773722628,0.12343593037745564,0.8888507964721158,0.6895478374836173
12,sider,SIDER15,tr,104,1366,865,241,0.2786127167630058,188,53,76,789,0.9121387283236995,0.7800829875518672,0.8833634719710669,0.6703533520496262,0.9820855502360746,0.9380255678411242
12,sider,SIDER15,va,104,1366,92,31,0.33695652173913043,10,21,21,71,0.7717391304347826,0.3225806451612903,0.6585365853658537,0.09431977559607287,0.7803834555131782,0.615007012622721
12,sider,SIDER15,te,104,1366,106,31,0.29245283018867924,16,15,24,82,0.7735849056603774,0.5161290322580645,0.7153284671532847,0.26661667379779364,0.8345459044942269,0.6588557516737674
13,sider,SIDER15,tr,104,1366,857,249,0.29054842473745623,193,56,76,781,0.911318553092182,0.7751004016064257,0.8806509945750453,0.6682523321385533,0.9804763629442774,0.934829164967923
13,sider,SIDER15,va,104,1366,103,20,0.1941747572815534,6,14,17,86,0.8349514563106796,0.3,0.7479674796747967,0.12771657625275423,0.8874666681978196,0.6038834951456311
13,sider,SIDER15,te,104,1366,103,34,0.3300970873786408,15,19,15,88,0.8543689320388349,0.4411764705882353,0.7518248175182481,0.30869511908674635,0.822866317054735,0.635208452312964
14,sider,SIDER15,tr,104,1366,863,243,0.28157589803012745,189,54,73,790,0.9154113557358053,0.7777777777777778,0.8851717902350814,0.6750538395044551,0.9817669757247728,0.9416691701357597
14,sider,SIDER15,va,104,1366,96,27,0.28125,11,16,17,79,0.8229166666666666,0.4074074074074074,0.7317073170731707,0.22736102275897746,0.8577753321494637,0.6450617283950617
14,sider,SIDER15,te,104,1366,104,33,0.3173076923076923,13,20,18,86,0.8269230769230769,0.3939393939393939,0.7226277372262774,0.22571570953719308,0.8327239525656756,0.6401515151515151
15,sider,SIDER15,tr,104,1366,863,243,0.28157589803012745,191,52,71,792,0.9177288528389339,0.7860082304526749,0.8887884267631103,0.6853258326046137,0.982211991081408,0.9398595196200449
15,sider,SIDER15,va,104,1366,92,31,0.33695652173913043,17,14,12,80,0.8695652173913043,0.5483870967741935,0.7886178861788617,0.42750241167763653,0.9097885908050753,0.7803295932678822
15,sider,SIDER15,te,104,1366,108,29,0.26851851851851855,14,15,19,89,0.8240740740740741,0.4827586206896552,0.7518248175182481,0.2931155585643275,0.909731057487809,0.7327586206896551
1,sider,SIDER16,tr,104,1366,695,411,0.5913669064748202,346,65,104,591,0.8503597122302158,0.8418491484184915,0.8471971066907775,0.6809140426946025,0.9543231015905291,0.9198778203714402
1,sider,SIDER16,va,104,1366,72,51,0.7083333333333334,33,18,19,53,0.7361111111111112,0.6470588235294118,0.6991869918699187,0.38213068690450697,0.7861671555526736,0.7529956427015251
1,sider,SIDER16,te,104,1366,92,45,0.4891304347826087,27,18,27,65,0.7065217391304348,0.6,0.6715328467153284,0.29459510440082043,0.8472770506447145,0.7254830917874395
2,sider,SIDER16,tr,104,1366,704,402,0.5710227272727273,338,64,122,582,0.8267045454545454,0.8407960199004975,0.8318264014466547,0.6514120967154678,0.9548248586613237,0.9174139953640886
2,sider,SIDER16,va,104,1366,74,49,0.6621621621621622,29,20,20,54,0.7297297297297297,0.5918367346938775,0.6747967479674797,0.32156646442360715,0.8139610519385001,0.7344180915609486
2,sider,SIDER16,te,104,1366,81,56,0.691358024691358,36,20,17,64,0.7901234567901234,0.6428571428571429,0.7299270072992701,0.4370462343796725,0.7875206211993065,0.7546296296296297
3,sider,SIDER16,tr,104,1366,701,405,0.5777460770328102,345,60,109,592,0.8445078459343794,0.8518518518518519,0.8471971066907775,0.6819749528115558,0.9566559729942135,0.9263574082879837
3,sider,SIDER16,va,104,1366,72,51,0.7083333333333334,35,16,17,55,0.7638888888888888,0.6862745098039216,0.7317073170731707,0.4489424487939943,0.8368619948212661,0.7815904139433552
3,sider,SIDER16,te,104,1366,86,51,0.5930232558139535,35,16,23,63,0.7325581395348837,0.6862745098039216,0.7153284671532847,0.40977673729650943,0.8674671545076492,0.7948016415868672
4,sider,SIDER16,tr,104,1366,706,400,0.56657223796034,342,58,127,579,0.8201133144475921,0.855,0.8327305605786618,0.6563762854279761,0.9538878844500188,0.9180524079320113
4,sider,SIDER16,va,104,1366,72,51,0.7083333333333334,31,20,21,51,0.7083333333333334,0.6078431372549019,0.6666666666666666,0.31531892501501957,0.8305403313940725,0.7764161220043573
4,sider,SIDER16,te,104,1366,81,56,0.691358024691358,37,19,19,62,0.7654320987654321,0.6607142857142857,0.7226277372262774,0.42614638447971775,0.8383068492752268,0.7883597883597884
5,sider,SIDER16,tr,104,1366,692,414,0.5982658959537572,345,69,93,599,0.865606936416185,0.8333333333333334,0.8535262206148282,0.691620718250866,0.9558359886622875,0.9244488425344167
5,sider,SIDER16,va,104,1366,80,43,0.5375,29,14,16,64,0.8,0.6744186046511628,0.7560975609756098,0.4696641106827798,0.8509636722374438,0.7813953488372093
5,sider,SIDER16,te,104,1366,87,50,0.5747126436781609,30,20,26,61,0.7011494252873564,0.6,0.6642335766423357,0.29491043805549194,0.7615558760745869,0.7002298850574712
6,sider,SIDER16,tr,104,1366,703,403,0.5732574679943101,337,66,114,589,0.8378378378378378,0.8362282878411911,0.8372513562386981,0.6601213321567155,0.955074454463368,0.9211020475876163
6,sider,SIDER16,va,104,1366,79,44,0.5569620253164557,35,9,23,56,0.7088607594936709,0.7954545454545454,0.7398373983739838,0.4842519264484392,0.8853784190364542,0.797180667433832
6,sider,SIDER16,te,104,1366,77,60,0.7792207792207793,33,27,22,55,0.7142857142857143,0.55,0.6423357664233577,0.26748929445509323,0.7656080784306083,0.7116883116883117
7,sider,SIDER16,tr,104,1366,690,416,0.6028985507246377,350,66,101,589,0.8536231884057971,0.8413461538461539,0.849005424954792,0.6850589370714874,0.9560131543354923,0.9266704988851728
7,sider,SIDER16,va,104,1366,80,43,0.5375,26,17,23,57,0.7125,0.6046511627906976,0.6747967479674797,0.3089097595560775,0.8645111995761678,0.7726744186046512
7,sider,SIDER16,te,104,1366,89,48,0.5393258426966292,29,19,23,66,0.7415730337078652,0.6041666666666666,0.6934306569343066,0.33990201457816466,0.8091982937505116,0.7244850187265918
8,sider,SIDER16,tr,104,1366,702,404,0.5754985754985755,344,60,122,580,0.8262108262108262,0.8514851485148515,0.8354430379746836,0.6608626375973407,0.9563073264152873,0.9213068742771713
8,sider,SIDER16,va,104,1366,72,51,0.7083333333333334,33,18,19,53,0.7361111111111112,0.6470588235294118,0.6991869918699187,0.38213068690450697,0.8125859559898452,0.7655228758169935
8,sider,SIDER16,te,104,1366,85,52,0.611764705882353,32,20,18,67,0.788235294117647,0.6153846153846154,0.7226277372262774,0.4068544653668849,0.8074332378433782,0.7384615384615385
9,sider,SIDER16,tr,104,1366,697,409,0.5868005738880918,350,59,100,597,0.8565279770444764,0.8557457212713936,0.85623869801085,0.6999496072720639,0.955535405292734,0.9250104359234301
9,sider,SIDER16,va,104,1366,73,50,0.684931506849315,27,23,22,51,0.6986301369863014,0.54,0.6341463414634146,0.23941856469714387,0.7492625567682083,0.6827397260273973
9,sider,SIDER16,te,104,1366,89,48,0.5393258426966292,35,13,27,62,0.6966292134831461,0.7291666666666666,0.708029197080292,0.40812255854594454,0.8503166095739578,0.7469569288389514
10,sider,SIDER16,tr,104,1366,700,406,0.58,346,60,123,577,0.8242857142857143,0.8522167487684729,0.8345388788426763,0.6598197052221747,0.9515277884482276,0.9195478536242082
10,sider,SIDER16,va,104,1366,76,47,0.618421052631579,33,14,31,45,0.5921052631578947,0.7021276595744681,0.6341463414634146,0.28617454310012985,0.8294726208015476,0.7455207166853304
10,sider,SIDER16,te,104,1366,83,54,0.6506024096385542,39,15,17,66,0.7951807228915663,0.7222222222222222,0.7664233576642335,0.514313944699416,0.8591063091718516,0.8195002231146808
11,sider,SIDER16,tr,104,1366,697,409,0.5868005738880918,340,69,115,582,0.8350071736011477,0.8312958435207825,0.833634719710669,0.6536625897769158,0.9517581639380384,0.919583755739758
11,sider,SIDER16,va,104,1366,79,44,0.5569620253164557,33,11,19,60,0.759493670886076,0.75,0.7560975609756098,0.49436513100855645,0.8606746703087964,0.789988492520138
11,sider,SIDER16,te,104,1366,83,54,0.6506024096385542,28,26,24,59,0.7108433734939759,0.5185185185185185,0.635036496350365,0.2309649368057306,0.7903014185911799,0.7010263275323516
12,sider,SIDER16,tr,104,1366,698,408,0.5845272206303725,346,62,106,592,0.8481375358166189,0.8480392156862745,0.8481012658227848,0.6833122670904732,0.959050426767126,0.9274713467048711
12,sider,SIDER16,va,104,1366,77,46,0.5974025974025974,35,11,24,53,0.6883116883116883,0.7608695652173914,0.7154471544715447,0.43504071939651995,0.8278671225940646,0.7707509881422925
12,sider,SIDER16,te,104,1366,84,53,0.6309523809523809,35,18,30,54,0.6428571428571429,0.660377358490566,0.6496350364963503,0.29575579584071976,0.7746563897286068,0.6928346810422282
13,sider,SIDER16,tr,104,1366,693,413,0.5959595959595959,348,65,112,581,0.8383838383838383,0.8426150121065376,0.8399638336347197,0.668332909974448,0.9498362352165961,0.915818510249503
13,sider,SIDER16,va,104,1366,82,41,0.5,28,13,21,61,0.7439024390243902,0.6829268292682927,0.7235772357723578,0.41099746826339306,0.8971007219080334,0.7900059488399762
13,sider,SIDER16,te,104,1366,84,53,0.6309523809523809,33,20,19,65,0.7738095238095238,0.6226415094339622,0.7153284671532847,0.3978835619696931,0.814606599440471,0.7666217430368374
14,sider,SIDER16,tr,104,1366,712,394,0.5533707865168539,323,71,95,617,0.8665730337078652,0.8197969543147208,0.8499095840867993,0.6778975013760468,0.9613794757277465,0.9292031454970627
14,sider,SIDER16,va,104,1366,67,56,0.835820895522388,37,19,19,48,0.7164179104477612,0.6607142857142857,0.6910569105691057,0.3771321961620468,0.775037175478108,0.7340085287846483
14,sider,SIDER16,te,104,1366,80,57,0.7125,32,25,26,54,0.675,0.5614035087719298,0.6277372262773723,0.23583529237143952,0.7644831359704101,0.6881578947368422
15,sider,SIDER16,tr,104,1366,687,419,0.6098981077147017,348,71,107,580,0.8442503639010189,0.8305489260143198,0.8390596745027125,0.665217712220795,0.948446596205849,0.9169124518417386
15,sider,SIDER16,va,104,1366,77,46,0.5974025974025974,28,18,25,52,0.6753246753246753,0.6086956521739131,0.6504065040650406,0.2775151822968926,0.8524107704020467,0.7577639751552795
15,sider,SIDER16,te,104,1366,95,42,0.4421052631578947,37,5,34,61,0.6421052631578947,0.8809523809523809,0.7153284671532847,0.4826528323379424,0.8964197915233453,0.7887218045112782
1,sider,SIDER17,tr,104,1366,1027,79,0.07692307692307693,56,23,68,959,0.9337877312560857,0.7088607594936709,0.9177215189873418,0.524572685239931,0.9965119401739142,0.9544266821145526
1,sider,SIDER17,va,104,1366,114,9,0.07894736842105263,4,5,6,108,0.9473684210526315,0.4444444444444444,0.9105691056910569,0.3733474169499588,0.9522258104482137,0.638401559454191
1,sider,SIDER17,te,104,1366,129,8,0.06201550387596899,2,6,9,120,0.9302325581395349,0.25,0.8905109489051095,0.15552187388538155,0.9426009262687602,0.5251937984496124
2,sider,SIDER17,tr,104,1366,1034,72,0.06963249516441006,57,15,65,969,0.937137330754352,0.7916666666666666,0.9276672694394213,0.5739311532287257,0.9972612353871292,0.9603011497958307
2,sider,SIDER17,va,104,1366,110,13,0.11818181818181818,3,10,8,102,0.9272727272727272,0.23076923076923078,0.8536585365853658,0.17026879656111982,0.9204576497699539,0.6038461538461539
2,sider,SIDER17,te,104,1366,126,11,0.0873015873015873,3,8,5,121,0.9603174603174603,0.2727272727272727,0.9051094890510949,0.27007293153214107,0.9264592142520561,0.5303030303030303
3,sider,SIDER17,tr,104,1366,1025,81,0.07902439024390244,61,20,68,957,0.9336585365853659,0.7530864197530864,0.9204339963833634,0.5573882170084509,0.9967151488546502,0.9580126467931345
3,sider,SIDER17,va,104,1366,116,7,0.0603448275862069,2,5,18,98,0.8448275862068966,0.2857142857142857,0.8130081300813008,0.08195854512053265,0.9708458211032175,0.6748768472906403
3,sider,SIDER17,te,104,1366,129,8,0.06201550387596899,3,5,10,119,0.9224806201550387,0.375,0.8905109489051095,0.23802140152800869,0.9538149624724639,0.6337209302325582
4,sider,SIDER17,tr,104,1366,1028,78,0.07587548638132295,59,19,59,969,0.9426070038910506,0.7564102564102564,0.9294755877034359,0.5797119892925059,0.996960659458491,0.9598361269081113
4,sider,SIDER17,va,104,1366,119,4,0.03361344537815126,1,3,9,110,0.9243697478991597,0.25,0.9024390243902439,0.11317106276544443,0.9702310723530857,0.48949579831932777
4,sider,SIDER17,te,104,1366,123,14,0.11382113821138211,2,12,4,119,0.967479674796748,0.14285714285714285,0.8832116788321168,0.1633148793421884,0.9060186206218108,0.5757839721254355
5,sider,SIDER17,tr,104,1366,1023,83,0.08113391984359726,60,23,64,959,0.9374389051808406,0.7228915662650602,0.9213381555153707,0.5514061621067208,0.9964504281742983,0.9559469549753266
5,sider,SIDER17,va,104,1366,115,8,0.06956521739130435,2,6,6,109,0.9478260869565217,0.25,0.9024390243902439,0.19782608695652057,0.9455512950514989,0.5706521739130435
5,sider,SIDER17,te,104,1366,132,5,0.03787878787878788,2,3,8,124,0.9393939393939394,0.4,0.9197080291970803,0.24466632013430903,0.9680397406258823,0.7242424242424242
6,sider,SIDER17,tr,104,1366,1032,74,0.07170542635658915,59,15,53,979,0.9486434108527132,0.7972972972972973,0.9385171790235082,0.6178140968221688,0.997821959771799,0.9690708150010475
6,sider,SIDER17,va,104,1366,113,10,0.08849557522123894,6,4,9,104,0.9203539823008849,0.6,0.8943089430894309,0.4345908687553218,0.9661202085482611,0.7548672566371682
6,sider,SIDER17,te,104,1366,125,12,0.096,4,8,6,119,0.952,0.3333333333333333,0.8978102189781022,0.31009608196894867,0.9301839528241679,0.6313333333333334
7,sider,SIDER17,tr,104,1366,1027,79,0.07692307692307693,59,20,68,959,0.9337877312560857,0.7468354430379747,0.9204339963833634,0.5498095678455145,0.9965661129889124,0.9552216730553535
7,sider,SIDER17,va,104,1366,118,5,0.0423728813559322,2,3,10,108,0.9152542372881356,0.4,0.8943089430894309,0.20981417514025152,0.9395379251056061,0.5830508474576271
7,sider,SIDER17,te,104,1366,125,12,0.096,3,9,11,114,0.912,0.25,0.8540145985401459,0.15119731207167758,0.9371203112409143,0.6
8,sider,SIDER17,tr,104,1366,1023,83,0.08113391984359726,62,21,68,955,0.9335288367546432,0.7469879518072289,0.9195298372513563,0.5566973088957153,0.9963792658387026,0.9550695450423394
8,sider,SIDER17,va,104,1366,113,10,0.08849557522123894,3,7,6,107,0.9469026548672567,0.3,0.8943089430894309,0.25911425206228483,0.9498307304147227,0.6814159292035399
8,sider,SIDER17,te,104,1366,134,3,0.022388059701492536,1,2,9,125,0.9328358208955224,0.3333333333333333,0.9197080291970803,0.14975071017797767,0.9761164447267581,0.5771144278606966
9,sider,SIDER17,tr,104,1366,1023,83,0.08113391984359726,62,21,59,964,0.9423264907135875,0.7469879518072289,0.9276672694394213,0.5818130263839201,0.9967205878521712,0.9592563803601504
9,sider,SIDER17,va,104,1366,118,5,0.0423728813559322,1,4,9,109,0.923728813559322,0.2,0.8943089430894309,0.08940414053601002,0.9773297255298351,0.6101694915254238
9,sider,SIDER17,te,104,1366,129,8,0.06201550387596899,2,6,6,123,0.9534883720930233,0.25,0.9124087591240876,0.2034883720930223,0.9296909514159508,0.5474806201550387
10,sider,SIDER17,tr,104,1366,1027,79,0.07692307692307693,60,19,56,971,0.9454722492697176,0.759493670886076,0.9321880650994575,0.5925435814650953,0.9971980817027796,0.9634735557664575
10,sider,SIDER17,va,104,1366,114,9,0.07894736842105263,4,5,10,104,0.9122807017543859,0.4444444444444444,0.8780487804878049,0.2925028743894021,0.9668175973228086,0.7387914230019493
10,sider,SIDER17,te,104,1366,129,8,0.06201550387596899,4,4,9,120,0.9302325581395349,0.5,0.9051094890510949,0.3442394211023969,0.9616864450392126,0.6967054263565892
11,sider,SIDER17,tr,104,1366,1030,76,0.07378640776699029,58,18,56,974,0.945631067961165,0.7631578947368421,0.9330922242314648,0.5897040260514239,0.9972397584205491,0.962538323965253
11,sider,SIDER17,va,104,1366,112,11,0.09821428571428571,3,8,9,103,0.9196428571428571,0.2727272727272727,0.8617886178861789,0.1850081582066542,0.9342428168131857,0.5844155844155844
11,sider,SIDER17,te,104,1366,128,9,0.0703125,3,6,11,117,0.9140625,0.3333333333333333,0.8759124087591241,0.2023494586754517,0.9449553190451883,0.6371527777777778
12,sider,SIDER17,tr,104,1366,1025,81,0.07902439024390244,64,17,54,971,0.9473170731707317,0.7901234567901234,0.9358047016274864,0.6223174358841986,0.9973002355831926,0.9654441433303221
12,sider,SIDER17,va,104,1366,117,6,0.05128205128205128,2,4,11,106,0.905982905982906,0.3333333333333333,0.8780487804878049,0.16767669566555796,0.970261549295601,0.6723646723646723
12,sider,SIDER17,te,104,1366,128,9,0.0703125,4,5,10,118,0.921875,0.4444444444444444,0.8905109489051095,0.2996191984597917,0.9327986035844404,0.5798611111111112
13,sider,SIDER17,tr,104,1366,1026,80,0.07797270955165692,64,16,63,963,0.9385964912280702,0.8,0.9285714285714286,0.6001125479510621,0.99695430125294,0.9606846978557505
13,sider,SIDER17,va,104,1366,118,5,0.0423728813559322,1,4,10,108,0.9152542372881356,0.2,0.8861788617886179,0.07975860564850923,0.9511868642933257,0.5559322033898305
13,sider,SIDER17,te,104,1366,126,11,0.0873015873015873,3,8,3,123,0.9761904761904762,0.2727272727272727,0.9197080291970803,0.3305416623596782,0.9272915395946976,0.6125541125541126
14,sider,SIDER17,tr,104,1366,1034,72,0.06963249516441006,53,19,73,961,0.9294003868471954,0.7361111111111112,0.9168173598553345,0.5167539087276568,0.996725356198551,0.9529470234257467
14,sider,SIDER17,va,104,1366,115,8,0.06956521739130435,3,5,12,103,0.8956521739130435,0.375,0.8617886178861789,0.20396137268094033,0.9760935408740695,0.7608695652173912
14,sider,SIDER17,te,104,1366,121,16,0.1322314049586777,5,11,8,113,0.9338842975206612,0.3125,0.8613138686131386,0.2700120734334819,0.9120388557177197,0.641012396694215
15,sider,SIDER17,tr,104,1366,1025,81,0.07902439024390244,64,17,60,965,0.9414634146341463,0.7901234567901234,0.930379746835443,0.6040929383146215,0.9968181984205885,0.9589340560072268
15,sider,SIDER17,va,104,1366,115,8,0.06956521739130435,0,8,11,104,0.9043478260869565,0.0,0.8455284552845529,-0.08265771673985378,0.9307638302837833,0.5016304347826086
15,sider,SIDER17,te,104,1366,130,7,0.05384615384615385,3,4,7,123,0.9461538461538461,0.42857142857142855,0.9197080291970803,0.31719900939330276,0.9750346997730526,0.6901098901098902
1,sider,SIDER18,tr,104,1366,194,912,4.701030927835052,780,132,43,151,0.7783505154639175,0.8552631578947368,0.8417721518987342,0.5522423258785167,0.6855390681283965,0.9114131172002171
1,sider,SIDER18,va,104,1366,29,94,3.2413793103448274,72,22,18,11,0.3793103448275862,0.7659574468085106,0.6747967479674797,0.13917269446559152,0.2944610502309503,0.6287600880410859
1,sider,SIDER18,te,104,1366,26,111,4.269230769230769,87,24,17,9,0.34615384615384615,0.7837837837837838,0.7007299270072993,0.11915423007130034,0.22297015152064312,0.5783090783090783
2,sider,SIDER18,tr,104,1366,206,900,4.368932038834951,826,74,46,160,0.7766990291262136,0.9177777777777778,0.891500904159132,0.6619823954938008,0.8012616964671998,0.942923408845739
2,sider,SIDER18,va,104,1366,16,107,6.6875,96,11,13,3,0.1875,0.897196261682243,0.8048780487804879,0.08970958657766319,0.22125484456469724,0.6670560747663551
2,sider,SIDER18,te,104,1366,27,110,4.074074074074074,95,15,20,7,0.25925925925925924,0.8636363636363636,0.7445255474452555,0.13315404962516886,0.30332799631793816,0.6848484848484849
3,sider,SIDER18,tr,104,1366,204,902,4.421568627450981,762,140,35,169,0.8284313725490197,0.844789356984479,0.8417721518987342,0.5819255586699786,0.7409242621236765,0.9229951958610495
3,sider,SIDER18,va,104,1366,21,102,4.857142857142857,80,22,17,4,0.19047619047619047,0.7843137254901961,0.6829268292682927,-0.023233331304639705,0.19891589493239775,0.6052754435107376
3,sider,SIDER18,te,104,1366,24,113,4.708333333333333,94,19,18,6,0.25,0.831858407079646,0.7299270072992701,0.08056179166081459,0.20512009010762514,0.5792772861356932
4,sider,SIDER18,tr,104,1366,205,901,4.3951219512195125,796,105,42,163,0.7951219512195122,0.8834628190899001,0.8670886075949367,0.6153950917600441,0.7687314570011337,0.9260713028883896
4,sider,SIDER18,va,104,1366,25,98,3.92,82,16,21,4,0.16,0.8367346938775511,0.6991869918699187,-0.0035610111591414585,0.2198650434083877,0.5473469387755102
4,sider,SIDER18,te,104,1366,19,118,6.2105263157894735,84,34,8,11,0.5789473684210527,0.711864406779661,0.6934306569343066,0.21400780914397752,0.29920589904370404,0.7033898305084746
5,sider,SIDER18,tr,104,1366,196,910,4.642857142857143,741,169,21,175,0.8928571428571429,0.8142857142857143,0.8282097649186256,0.5833096802871056,0.7340746415778088,0.9257765193989684
5,sider,SIDER18,va,104,1366,29,94,3.2413793103448274,74,20,18,11,0.3793103448275862,0.7872340425531915,0.6910569105691057,0.16282390511883138,0.29561998149330626,0.5630961115187088
5,sider,SIDER18,te,104,1366,24,113,4.708333333333333,75,38,15,9,0.375,0.6637168141592921,0.6131386861313869,0.031000897900233852,0.17247728494974449,0.4616519174041298
6,sider,SIDER18,tr,104,1366,201,905,4.502487562189055,766,139,42,159,0.7910447761194029,0.8464088397790055,0.8363471971066908,0.5540603791127411,0.703371755761562,0.9083340205052088
6,sider,SIDER18,va,104,1366,21,102,4.857142857142857,72,30,15,6,0.2857142857142857,0.7058823529411765,0.6341463414634146,-0.006949473371488077,0.1818290883980695,0.5177404295051353
6,sider,SIDER18,te,104,1366,27,110,4.074074074074074,79,31,18,9,0.3333333333333333,0.7181818181818181,0.6423357664233577,0.045071015504567144,0.2244125421428051,0.48888888888888893
7,sider,SIDER18,tr,104,1366,199,907,4.557788944723618,829,78,34,165,0.8291457286432161,0.9140022050716649,0.8987341772151899,0.689440706324618,0.8064389932894037,0.9478954862515444
7,sider,SIDER18,va,104,1366,25,98,3.92,83,15,17,8,0.32,0.8469387755102041,0.7398373983739838,0.17229645733529392,0.2920556253000704,0.643673469387755
7,sider,SIDER18,te,104,1366,25,112,4.48,93,19,18,7,0.28,0.8303571428571429,0.7299270072992701,0.1087004395841413,0.25162708257502175,0.5785714285714285
8,sider,SIDER18,tr,104,1366,208,898,4.3173076923076925,796,102,39,169,0.8125,0.8864142538975501,0.8725135623869801,0.6349884858263004,0.763042728380465,0.9359206356004797
8,sider,SIDER18,va,104,1366,15,108,7.2,87,21,13,2,0.13333333333333333,0.8055555555555556,0.7235772357723578,-0.05128776445321719,0.12220131555810654,0.5290123456790123
8,sider,SIDER18,te,104,1366,26,111,4.269230769230769,97,14,18,8,0.3076923076923077,0.8738738738738738,0.7664233576642335,0.19392011633158368,0.3146453883572229,0.6566181566181565
9,sider,SIDER18,tr,104,1366,195,911,4.671794871794872,790,121,35,160,0.8205128205128205,0.867178924259056,0.8589511754068716,0.6019912391036419,0.7387245194168831,0.9197922823608884
9,sider,SIDER18,va,104,1366,26,97,3.730769230769231,83,14,20,6,0.23076923076923078,0.8556701030927835,0.7235772357723578,0.09564237286040367,0.2746026217546432,0.6106264869151468
9,sider,SIDER18,te,104,1366,28,109,3.892857142857143,91,18,21,7,0.25,0.8348623853211009,0.7153284671532847,0.08859893138295646,0.31412462099950733,0.6294233289646134
10,sider,SIDER18,tr,104,1366,206,900,4.368932038834951,808,92,33,173,0.8398058252427184,0.8977777777777778,0.8869801084990958,0.6727367976041114,0.7729393117019908,0.9416774541531824
10,sider,SIDER18,va,104,1366,16,107,6.6875,90,17,11,5,0.3125,0.8411214953271028,0.7723577235772358,0.13484406647750205,0.21955886662369156,0.6279205607476636
10,sider,SIDER18,te,104,1366,27,110,4.074074074074074,94,16,21,6,0.2222222222222222,0.8545454545454545,0.7299270072992701,0.08317568031380411,0.2652223886884669,0.5653198653198652
11,sider,SIDER18,tr,104,1366,204,902,4.421568627450981,816,86,36,168,0.8235294117647058,0.9046563192904656,0.8896925858951176,0.6714657441668604,0.8176779902072143,0.9432796400156516
11,sider,SIDER18,va,104,1366,21,102,4.857142857142857,82,20,12,9,0.42857142857142855,0.803921568627451,0.7398373983739838,0.20608988825623645,0.33657717953222854,0.7058823529411765
11,sider,SIDER18,te,104,1366,24,113,4.708333333333333,93,20,17,7,0.2916666666666667,0.8230088495575221,0.7299270072992701,0.10958152039169029,0.22876939283135464,0.6194690265486725
12,sider,SIDER18,tr,104,1366,205,901,4.3951219512195125,790,111,39,166,0.8097560975609757,0.876803551609323,0.864376130198915,0.6157443726606484,0.751027227387277,0.9275845266776752
12,sider,SIDER18,va,104,1366,23,100,4.3478260869565215,82,18,13,10,0.43478260869565216,0.82,0.7479674796747967,0.2369151752453255,0.32961837995612137,0.6934782608695652
12,sider,SIDER18,te,104,1366,21,116,5.523809523809524,92,24,17,4,0.19047619047619047,0.7931034482758621,0.7007299270072993,-0.014669965236895953,0.13722960442579457,0.45935960591133
13,sider,SIDER18,tr,104,1366,201,905,4.502487562189055,804,101,43,158,0.7860696517412935,0.8883977900552487,0.8698010849909584,0.6141744154475328,0.7290182569032899,0.9245622715153514
13,sider,SIDER18,va,104,1366,19,104,5.473684210526316,83,21,14,5,0.2631578947368421,0.7980769230769231,0.7154471544715447,0.05420250511234911,0.24456844622749035,0.5809716599190283
13,sider,SIDER18,te,104,1366,29,108,3.7241379310344827,89,19,21,8,0.27586206896551724,0.8240740740740741,0.708029197080292,0.10262548821866103,0.2799600014131457,0.5644955300127714
14,sider,SIDER18,tr,104,1366,207,899,4.342995169082125,765,134,25,182,0.8792270531400966,0.8509454949944383,0.85623869801085,0.630425008035668,0.7517672379313826,0.928731870623828
14,sider,SIDER18,va,104,1366,20,103,5.15,83,20,15,5,0.25,0.8058252427184466,0.7154471544715447,0.051189535412658464,0.32550619753297316,0.6398058252427185
14,sider,SIDER18,te,104,1366,22,115,5.2272727272727275,79,36,15,7,0.3181818181818182,0.6869565217391305,0.6277372262773723,0.004065228270798474,0.255710530955717,0.566798418972332
15,sider,SIDER18,tr,104,1366,203,903,4.448275862068965,810,93,30,173,0.8522167487684729,0.8970099667774086,0.8887884267631103,0.6786169260339873,0.8153948812874344,0.9447872172124664
15,sider,SIDER18,va,104,1366,21,102,4.857142857142857,84,18,14,7,0.3333333333333333,0.8235294117647058,0.7398373983739838,0.14667175952451367,0.2693666904382044,0.6685340802987862
15,sider,SIDER18,te,104,1366,25,112,4.48,92,20,22,3,0.12,0.8214285714285714,0.6934306569343066,-0.060526908004360946,0.18351338664038647,0.5189285714285714
1,sider,SIDER19,tr,104,1366,775,331,0.4270967741935484,290,41,64,711,0.9174193548387096,0.8761329305135952,0.9050632911392406,0.7789863425450549,0.9851776746661312,0.9644479095604717
1,sider,SIDER19,va,104,1366,85,38,0.4470588235294118,14,24,17,68,0.8,0.3684210526315789,0.6666666666666666,0.17923502383696752,0.7815115562169885,0.659907120743034
1,sider,SIDER19,te,104,1366,103,34,0.3300970873786408,16,18,29,74,0.7184466019417476,0.47058823529411764,0.656934306569343,0.17386002911036422,0.8807665672365486,0.6761850371216448
2,sider,SIDER19,tr,104,1366,782,324,0.4143222506393862,288,36,67,715,0.9143222506393862,0.8888888888888888,0.906871609403255,0.7830174840638341,0.9853474342523859,0.9639694041867954
2,sider,SIDER19,va,104,1366,87,36,0.41379310344827586,20,16,16,71,0.8160919540229885,0.5555555555555556,0.7398373983739838,0.3716475095785439,0.8310529296626452,0.7183908045977012
2,sider,SIDER19,te,104,1366,94,43,0.4574468085106383,13,30,20,74,0.7872340425531915,0.3023255813953488,0.635036496350365,0.0971934003494847,0.8170820564810937,0.6494309747649679
3,sider,SIDER19,tr,104,1366,787,319,0.40533672172808133,286,33,63,724,0.9199491740787802,0.896551724137931,0.9132007233273056,0.7959370503742599,0.988433032262142,0.9716275049491542
3,sider,SIDER19,va,104,1366,78,45,0.5769230769230769,19,26,18,60,0.7692307692307693,0.4222222222222222,0.6422764227642277,0.20107849552548848,0.7879078135991493,0.6789173789173789
3,sider,SIDER19,te,104,1366,98,39,0.3979591836734694,18,21,20,78,0.7959183673469388,0.46153846153846156,0.7007299270072993,0.2595017921385804,0.8193444987072505,0.6835426478283622
4,sider,SIDER19,tr,104,1366,789,317,0.4017743979721166,279,38,66,723,0.9163498098859315,0.8801261829652997,0.9059674502712477,0.7773899946082922,0.9851778893873706,0.9640342565160548
4,sider,SIDER19,va,104,1366,87,36,0.41379310344827586,24,12,20,67,0.7701149425287356,0.6666666666666666,0.7398373983739838,0.4146057652251283,0.8648130712640308,0.7432950191570882
4,sider,SIDER19,te,104,1366,87,50,0.5747126436781609,22,28,21,66,0.7586206896551724,0.44,0.6423357664233577,0.206049212679966,0.7332350599341222,0.6277011494252874
5,sider,SIDER19,tr,104,1366,775,331,0.4270967741935484,300,31,57,718,0.9264516129032258,0.9063444108761329,0.9204339963833634,0.815696265880071,0.9873166543344335,0.9710359614072703
5,sider,SIDER19,va,104,1366,90,33,0.36666666666666664,12,21,17,73,0.8111111111111111,0.36363636363636365,0.6910569105691057,0.1824005768374798,0.8073828137513854,0.6538720538720538
5,sider,SIDER19,te,104,1366,98,39,0.3979591836734694,20,19,18,80,0.8163265306122449,0.5128205128205128,0.7299270072992701,0.33176143751050213,0.8217613980987449,0.6993720565149137
6,sider,SIDER19,tr,104,1366,791,315,0.39823008849557523,282,33,52,739,0.934260429835651,0.8952380952380953,0.9231464737793852,0.8154122905752003,0.9876534860177638,0.9699335781510244
6,sider,SIDER19,va,104,1366,81,42,0.5185185185185185,25,17,16,65,0.8024691358024691,0.5952380952380952,0.7317073170731707,0.4000661320993192,0.8120541515975946,0.7339800117577895
6,sider,SIDER19,te,104,1366,91,46,0.5054945054945055,18,28,25,66,0.7252747252747253,0.391304347826087,0.6131386861313869,0.11863751885077867,0.760383597435288,0.6058289536550405
7,sider,SIDER19,tr,104,1366,772,334,0.4326424870466321,292,42,58,714,0.9248704663212435,0.874251497005988,0.9095840867992767,0.7888601735076827,0.9857546038924316,0.9677329279265304
7,sider,SIDER19,va,104,1366,88,35,0.3977272727272727,17,18,13,75,0.8522727272727273,0.4857142857142857,0.7479674796747967,0.35511847713499933,0.9006105334442223,0.7987012987012987
7,sider,SIDER19,te,104,1366,103,34,0.3300970873786408,16,18,19,84,0.8155339805825242,0.47058823529411764,0.7299270072992701,0.28338414125521666,0.9205213481964679,0.778269560251285
8,sider,SIDER19,tr,104,1366,790,316,0.4,279,37,62,728,0.9215189873417722,0.8829113924050633,0.9104882459312839,0.78693279283538,0.9874227412386174,0.9686388399294984
8,sider,SIDER19,va,104,1366,81,42,0.5185185185185185,17,25,12,69,0.8518518518518519,0.40476190476190477,0.6991869918699187,0.28667126530591514,0.8178009716192041,0.7380952380952381
8,sider,SIDER19,te,104,1366,92,45,0.4891304347826087,20,25,25,67,0.7282608695652174,0.4444444444444444,0.635036496350365,0.1727053140096618,0.8046031565435672,0.6504830917874396
9,sider,SIDER19,tr,104,1366,789,317,0.4017743979721166,283,34,49,740,0.9378960709759189,0.8927444794952681,0.9249547920433996,0.8194863788979116,0.9903055173005595,0.9748273780251329
9,sider,SIDER19,va,104,1366,82,41,0.5,27,14,21,61,0.7439024390243902,0.6585365853658537,0.7154471544715447,0.388908729652601,0.8576112950196908,0.7558001189767996
9,sider,SIDER19,te,104,1366,92,45,0.4891304347826087,22,23,17,75,0.8152173913043478,0.4888888888888889,0.708029197080292,0.3165047398231656,0.7784078570548938,0.6724637681159421
10,sider,SIDER19,tr,104,1366,772,334,0.4326424870466321,285,49,65,707,0.9158031088082902,0.8532934131736527,0.8969258589511754,0.759220298799859,0.9848974196518798,0.9642211690608421
10,sider,SIDER19,va,104,1366,91,32,0.3516483516483517,17,15,21,70,0.7692307692307693,0.53125,0.7073170731707317,0.28530613240500424,0.8904451498888528,0.7225274725274726
10,sider,SIDER19,te,104,1366,100,37,0.37,18,19,23,77,0.77,0.4864864864864865,0.6934306569343066,0.24867825173319874,0.8406672717881676,0.6654054054054054
11,sider,SIDER19,tr,104,1366,777,329,0.42342342342342343,296,33,61,716,0.9214929214929215,0.8996960486322189,0.9150090415913201,0.8029278999516836,0.9860581762876268,0.9672460128387181
11,sider,SIDER19,va,104,1366,88,35,0.3977272727272727,13,22,19,69,0.7840909090909091,0.37142857142857144,0.6666666666666666,0.15994271721930384,0.8439139837139247,0.6719155844155843
11,sider,SIDER19,te,104,1366,98,39,0.3979591836734694,16,23,23,75,0.7653061224489796,0.41025641025641024,0.6642335766423357,0.1755625327053898,0.7946441585079895,0.6200941915227629
12,sider,SIDER19,tr,104,1366,788,318,0.4035532994923858,287,31,66,722,0.916243654822335,0.9025157232704403,0.9122965641952984,0.7949651959330185,0.9863816138939483,0.9662767774478818
12,sider,SIDER19,va,104,1366,82,41,0.5,19,22,19,63,0.7682926829268293,0.4634146341463415,0.6666666666666666,0.23639448585188366,0.8193266304776832,0.6888756692444973
12,sider,SIDER19,te,104,1366,93,44,0.4731182795698925,24,20,19,74,0.7956989247311828,0.5454545454545454,0.7153284671532847,0.3432570384610663,0.8076379969919214,0.7099217986314761
13,sider,SIDER19,tr,104,1366,781,325,0.41613316261203587,295,30,64,717,0.9180537772087067,0.9076923076923077,0.9150090415913201,0.8033525850078755,0.9875031428367784,0.9702767654880331
13,sider,SIDER19,va,104,1366,83,40,0.4819277108433735,18,22,20,63,0.7590361445783133,0.45,0.6585365853658537,0.2119284039520331,0.8253396986322808,0.6930722891566264
13,sider,SIDER19,te,104,1366,99,38,0.3838383838383838,11,27,21,78,0.7878787878787878,0.2894736842105263,0.6496350364963503,0.08184910873425798,0.781289345197951,0.5782828282828283
14,sider,SIDER19,tr,104,1366,796,310,0.38944723618090454,278,32,55,741,0.9309045226130653,0.896774193548387,0.9213381555153707,0.8103773695461067,0.9887795693026613,0.9705138596206841
14,sider,SIDER19,va,104,1366,77,46,0.5974025974025974,18,28,15,62,0.8051948051948052,0.391304347826087,0.6504065040650406,0.21458864453761728,0.757553895220108,0.6706662902315076
14,sider,SIDER19,te,104,1366,90,47,0.5222222222222223,17,30,21,69,0.7666666666666667,0.3617021276595745,0.6277372262773723,0.13611947026728027,0.7469898217351139,0.6230496453900709
15,sider,SIDER19,tr,104,1366,782,324,0.4143222506393862,291,33,55,727,0.9296675191815856,0.8981481481481481,0.9204339963833634,0.8125772849369851,0.9873377281268465,0.9694574689779294
15,sider,SIDER19,va,104,1366,80,43,0.5375,19,24,12,68,0.85,0.4418604651162791,0.7073170731707317,0.32053815360438664,0.8654989492982779,0.770639534883721
15,sider,SIDER19,te,104,1366,101,36,0.3564356435643564,20,16,27,74,0.7326732673267327,0.5555555555555556,0.6861313868613139,0.2672262773477102,0.9192784265121955,0.7835533553355335
1,sider,SIDER20,tr,104,1366,818,288,0.35207823960880197,220,68,125,693,0.8471882640586798,0.7638888888888888,0.825497287522604,0.5788513711279587,0.9705838774742206,0.9117618344199947
1,sider,SIDER20,va,104,1366,95,28,0.29473684210526313,11,17,22,73,0.7684210526315789,0.39285714285714285,0.6829268292682927,0.15262941835822771,0.8431977652521159,0.637593984962406
1,sider,SIDER20,te,104,1366,108,29,0.26851851851851855,9,20,27,81,0.75,0.3103448275862069,0.656934306569343,0.05600657182333017,0.8342032757881417,0.5804597701149425
2,sider,SIDER20,tr,104,1366,829,277,0.3341375150784077,210,67,112,717,0.864897466827503,0.7581227436823105,0.8381555153707052,0.5942009171914118,0.9720871720257585,0.9129023267561718
2,sider,SIDER20,va,104,1366,91,32,0.3516483516483517,8,24,21,70,0.7692307692307693,0.25,0.6341463414634146,0.019876019581659687,0.8605480107754585,0.6644917582417582
2,sider,SIDER20,te,104,1366,101,36,0.3564356435643564,19,17,19,82,0.8118811881188119,0.5277777777777778,0.7372262773722628,0.33392245503432844,0.8663590170757368,0.7552255225522553
3,sider,SIDER20,tr,104,1366,833,273,0.3277310924369748,210,63,103,730,0.8763505402160864,0.7692307692307693,0.8499095840867993,0.6179395755299781,0.9734125075900938,0.9149659863945578
3,sider,SIDER20,va,104,1366,85,38,0.4470588235294118,12,26,20,65,0.7647058823529411,0.3157894736842105,0.6260162601626016,0.08477667934320125,0.7626514906537676,0.6074303405572756
3,sider,SIDER20,te,104,1366,103,34,0.3300970873786408,17,17,23,80,0.7766990291262136,0.5,0.708029197080292,0.2628753375628624,0.8474865150520088,0.685608223872073
4,sider,SIDER20,tr,104,1366,836,270,0.3229665071770335,209,61,128,708,0.84688995215311,0.774074074074074,0.8291139240506329,0.5795265560844454,0.9714556689218257,0.9107877015771753
4,sider,SIDER20,va,104,1366,86,37,0.43023255813953487,19,18,19,67,0.7790697674418605,0.5135135135135135,0.6991869918699187,0.29040115020446855,0.8422008599456028,0.7042740414833438
4,sider,SIDER20,te,104,1366,99,38,0.3838383838383838,15,23,25,74,0.7474747474747475,0.39473684210526316,0.6496350364963503,0.14003239723208094,0.7764203551072162,0.6115098351940457
5,sider,SIDER20,tr,104,1366,825,281,0.3406060606060606,222,59,114,711,0.8618181818181818,0.7900355871886121,0.8435804701627486,0.6170428352501256,0.9694593365574687,0.9094359969804808
5,sider,SIDER20,va,104,1366,100,23,0.23,10,13,21,79,0.79,0.43478260869565216,0.7235772357723578,0.2018607416257447,0.859894934225792,0.6217391304347826
5,sider,SIDER20,te,104,1366,96,41,0.4270833333333333,17,24,19,77,0.8020833333333334,0.4146341463414634,0.6861313868613139,0.22548079065279764,0.8214382386966083,0.6511686991869919
6,sider,SIDER20,tr,104,1366,834,272,0.3261390887290168,219,53,101,733,0.8788968824940048,0.8051470588235294,0.8607594936708861,0.6496287185542584,0.9755080277025059,0.9229638348145014
6,sider,SIDER20,va,104,1366,88,35,0.3977272727272727,19,16,16,72,0.8181818181818182,0.5428571428571428,0.7398373983739838,0.3610389610389609,0.7943497905690979,0.7175324675324676
6,sider,SIDER20,te,104,1366,99,38,0.3838383838383838,19,19,19,80,0.8080808080808081,0.5,0.7226277372262774,0.30808080808080796,0.8684894570131496,0.7329877724614566
7,sider,SIDER20,tr,104,1366,821,285,0.3471376370280146,209,76,119,702,0.8550548112058465,0.7333333333333333,0.8236889692585895,0.5634186280131456,0.967612741397478,0.9027629976280531
7,sider,SIDER20,va,104,1366,90,33,0.36666666666666664,14,19,19,71,0.7888888888888889,0.42424242424242425,0.6910569105691057,0.21313131313131303,0.8380342910774172,0.6925925925925924
7,sider,SIDER20,te,104,1366,110,27,0.24545454545454545,14,13,26,84,0.7636363636363637,0.5185185185185185,0.7153284671532847,0.24685954897272722,0.9249762786967981,0.7353535353535353
8,sider,SIDER20,tr,104,1366,822,284,0.34549878345498786,207,77,117,705,0.8576642335766423,0.7288732394366197,0.8245931283905967,0.5630085120379252,0.9695024174565732,0.90768822178815
8,sider,SIDER20,va,104,1366,96,27,0.28125,11,16,21,75,0.78125,0.4074074074074074,0.6991869918699187,0.17799002956840893,0.873932309611054,0.6500771604938271
8,sider,SIDER20,te,104,1366,103,34,0.3300970873786408,14,20,20,83,0.8058252427184466,0.4117647058823529,0.708029197080292,0.21758994860079947,0.8623920832347898,0.6707595659623073
9,sider,SIDER20,tr,104,1366,835,271,0.32455089820359284,209,62,105,730,0.874251497005988,0.7712177121771218,0.849005424954792,0.6157097038239873,0.9746446205952914,0.9187595289126544
9,sider,SIDER20,va,104,1366,87,36,0.41379310344827586,15,21,12,75,0.8620689655172413,0.4166666666666667,0.7317073170731707,0.3063979592798066,0.8645262060151578,0.7426564495530013
9,sider,SIDER20,te,104,1366,99,38,0.3838383838383838,9,29,23,76,0.7676767676767676,0.23684210526315788,0.6204379562043796,0.004781563053204074,0.7722093447305487,0.5536948431685274
10,sider,SIDER20,tr,104,1366,821,285,0.3471376370280146,215,70,119,702,0.8550548112058465,0.7543859649122807,0.8291139240506329,0.5805553524113065,0.9704393656629717,0.9122272795264652
10,sider,SIDER20,va,104,1366,97,26,0.26804123711340205,11,15,19,78,0.8041237113402062,0.4230769230769231,0.7235772357723578,0.21601304513990505,0.8872943357962952,0.7014274385408407
10,sider,SIDER20,te,104,1366,103,34,0.3300970873786408,19,15,16,87,0.8446601941747572,0.5588235294117647,0.7737226277372263,0.3996225465006199,0.891411181524481,0.7584237578526556
11,sider,SIDER20,tr,104,1366,821,285,0.3471376370280146,220,65,115,706,0.8599269183922046,0.7719298245614035,0.8372513562386981,0.6013994692785107,0.9707804143320466,0.9129666431608865
11,sider,SIDER20,va,104,1366,95,28,0.29473684210526313,7,21,21,74,0.7789473684210526,0.25,0.6585365853658537,0.02894736842105261,0.8199673731062691,0.5928571428571427
11,sider,SIDER20,te,104,1366,105,32,0.3047619047619048,13,19,22,83,0.7904761904761904,0.40625,0.7007299270072993,0.19085243827263815,0.8093272512581673,0.6001488095238094
12,sider,SIDER20,tr,104,1366,829,277,0.3341375150784077,208,69,101,728,0.8781664656212304,0.7509025270758123,0.8462929475587704,0.6074450933574599,0.9757853371361344,0.9213723637282099
12,sider,SIDER20,va,104,1366,93,30,0.3225806451612903,16,14,18,75,0.8064516129032258,0.5333333333333333,0.7398373983739838,0.3262659664191819,0.8843874125180514,0.7150537634408604
12,sider,SIDER20,te,104,1366,99,38,0.3838383838383838,14,24,25,74,0.7474747474747475,0.3684210526315789,0.6423357664233577,0.11498250139473683,0.7934592209717213,0.6087187666135034
13,sider,SIDER20,tr,104,1366,819,287,0.3504273504273504,215,72,105,714,0.8717948717948718,0.7491289198606271,0.8399638336347197,0.6002538273533837,0.9710239410756003,0.9139428128975167
13,sider,SIDER20,va,104,1366,96,27,0.28125,14,13,18,78,0.8125,0.5185185185185185,0.7479674796747967,0.3123015242734046,0.9284386956824003,0.7750771604938271
13,sider,SIDER20,te,104,1366,106,31,0.29245283018867924,14,17,17,89,0.839622641509434,0.45161290322580644,0.7518248175182481,0.29123554473524027,0.8307434119477857,0.6488131466828971
14,sider,SIDER20,tr,104,1366,831,275,0.3309265944645006,216,59,127,704,0.8471720818291215,0.7854545454545454,0.8318264014466547,0.5911599411751611,0.9713484787111433,0.9108675199649929
14,sider,SIDER20,va,104,1366,96,27,0.28125,12,15,18,78,0.8125,0.4444444444444444,0.7317073170731707,0.2476592930782703,0.8445717528477644,0.6304012345679013
14,sider,SIDER20,te,104,1366,94,43,0.4574468085106383,16,27,20,74,0.7872340425531915,0.37209302325581395,0.656934306569343,0.16798703914084198,0.7125498858176746,0.545522018802573
15,sider,SIDER20,tr,104,1366,839,267,0.3182359952324195,202,65,99,740,0.8820023837902264,0.7565543071161048,0.8517179023508138,0.6139809309120621,0.9771791728171271,0.9240044104583216
15,sider,SIDER20,va,104,1366,87,36,0.41379310344827586,14,22,20,67,0.7701149425287356,0.3888888888888889,0.6585365853658537,0.16176479221181425,0.7760161042495763,0.6348978288633461
15,sider,SIDER20,te,104,1366,95,42,0.4421052631578947,25,17,20,75,0.7894736842105263,0.5952380952380952,0.7299270072992701,0.37767806417355315,0.8738890092237158,0.7551378446115288
1,sider,SIDER21,tr,104,1366,776,330,0.4252577319587629,301,29,33,743,0.9574742268041238,0.9121212121212121,0.9439421338155516,0.8666090103318618,0.9945230995854063,0.9863187285223367
1,sider,SIDER21,va,104,1366,90,33,0.36666666666666664,14,19,14,76,0.8444444444444444,0.42424242424242425,0.7317073170731707,0.2839120649181019,0.8464916054301037,0.7026936026936027
1,sider,SIDER21,te,104,1366,116,21,0.1810344827586207,9,12,18,98,0.8448275862068966,0.42857142857142855,0.781021897810219,0.2476038324812076,0.897516161428201,0.6642036124794745
2,sider,SIDER21,tr,104,1366,798,308,0.38596491228070173,282,26,38,760,0.9523809523809523,0.9155844155844156,0.9421338155515371,0.8580111642135131,0.9940385339234468,0.9838069198971454
2,sider,SIDER21,va,104,1366,92,31,0.33695652173913043,11,20,21,71,0.7717391304347826,0.3548387096774194,0.6666666666666666,0.12526702287275826,0.8302373985803242,0.645336605890603
2,sider,SIDER21,te,104,1366,92,45,0.4891304347826087,18,27,9,83,0.9021739130434783,0.4,0.7372262773722628,0.35676226662584487,0.7571915632586685,0.663768115942029
3,sider,SIDER21,tr,104,1366,800,306,0.3825,282,24,36,764,0.955,0.9215686274509803,0.945750452079566,0.8663930525823679,0.995213703580198,0.9865502450980392
3,sider,SIDER21,va,104,1366,85,38,0.4470588235294118,14,24,17,68,0.8,0.3684210526315789,0.6666666666666666,0.17923502383696752,0.8046130906558735,0.6826625386996903
3,sider,SIDER21,te,104,1366,97,40,0.41237113402061853,19,21,14,83,0.8556701030927835,0.475,0.7445255474452555,0.3515905178886978,0.8593874177158283,0.7237113402061855
4,sider,SIDER21,tr,104,1366,796,310,0.38944723618090454,285,25,31,765,0.9610552763819096,0.9193548387096774,0.9493670886075949,0.8753169076205558,0.994836605520333,0.9861626681796077
4,sider,SIDER21,va,104,1366,88,35,0.3977272727272727,20,15,17,71,0.8068181818181818,0.5714285714285714,0.7398373983739838,0.37213496683672836,0.8845655850949796,0.7675324675324676
4,sider,SIDER21,te,104,1366,98,39,0.3979591836734694,11,28,11,87,0.8877551020408163,0.28205128205128205,0.7153284671532847,0.20870799927831138,0.8471497837084544,0.6703296703296703
5,sider,SIDER21,tr,104,1366,785,321,0.4089171974522293,290,31,34,751,0.956687898089172,0.9034267912772586,0.9412296564195298,0.8577640248702639,0.9947183724790258,0.9863801416750997
5,sider,SIDER21,va,104,1366,87,36,0.41379310344827586,13,23,15,72,0.8275862068965517,0.3611111111111111,0.6910569105691057,0.2047555988039206,0.8576941380568304,0.7041826309067688
5,sider,SIDER21,te,104,1366,110,27,0.24545454545454545,9,18,14,96,0.8727272727272727,0.3333333333333333,0.7664233576642335,0.2193092015847249,0.8869309688950551,0.6558922558922559
6,sider,SIDER21,tr,104,1366,807,299,0.3705080545229244,286,13,27,780,0.966542750929368,0.9565217391304348,0.9638336347197106,0.9101136818868906,0.9974208130656472,0.992670736407604
6,sider,SIDER21,va,104,1366,84,39,0.4642857142857143,15,24,14,70,0.8333333333333334,0.38461538461538464,0.6910569105691057,0.23892595989619891,0.782230357041853,0.6645299145299146
6,sider,SIDER21,te,104,1366,91,46,0.5054945054945055,11,35,6,85,0.9340659340659341,0.2391304347826087,0.7007299270072993,0.24809802717046966,0.7604079514741916,0.7116579073100813
7,sider,SIDER21,tr,104,1366,795,311,0.39119496855345914,285,26,27,768,0.9660377358490566,0.9163987138263665,0.9520795660036167,0.8815757783772171,0.9958609044642052,0.9888127161317721
7,sider,SIDER21,va,104,1366,83,40,0.4819277108433735,13,27,10,73,0.8795180722891566,0.325,0.6991869918699187,0.24571791097882703,0.7818717980656767,0.66355421686747
7,sider,SIDER21,te,104,1366,104,33,0.3173076923076923,14,19,20,84,0.8076923076923077,0.42424242424242425,0.7153284671532847,0.22960500846964974,0.9013856868784127,0.7476689976689977
8,sider,SIDER21,tr,104,1366,793,313,0.39470365699873894,283,30,31,762,0.9609079445145019,0.9041533546325878,0.9448462929475587,0.8642277967619131,0.9944252512706147,0.9845855710308651
8,sider,SIDER21,va,104,1366,83,40,0.4819277108433735,17,23,10,73,0.8795180722891566,0.425,0.7317073170731707,0.34463915368349146,0.8395940674431381,0.7204819277108434
8,sider,SIDER21,te,104,1366,106,31,0.29245283018867924,9,22,10,96,0.9056603773584906,0.2903225806451613,0.7664233576642335,0.23726533075560988,0.8877861032562266,0.6883749239196592
9,sider,SIDER21,tr,104,1366,801,305,0.3807740324594257,281,24,33,768,0.9588014981273408,0.921311475409836,0.9484629294755877,0.8723227235271446,0.9954491017034206,0.9870285094451606
9,sider,SIDER21,va,104,1366,84,39,0.4642857142857143,19,20,14,70,0.8333333333333334,0.48717948717948717,0.7235772357723578,0.3366193893889851,0.9206569574272963,0.8214285714285714
9,sider,SIDER21,te,104,1366,97,40,0.41237113402061853,9,31,12,85,0.8762886597938144,0.225,0.6861313868613139,0.1278315472570258,0.830380243074561,0.649742268041237
10,sider,SIDER21,tr,104,1366,788,318,0.4035532994923858,297,21,34,754,0.9568527918781726,0.9339622641509434,0.9502712477396021,0.8804391973687345,0.9948921950205489,0.9866272387702326
10,sider,SIDER21,va,104,1366,91,32,0.3516483516483517,12,20,16,75,0.8241758241758241,0.375,0.7073170731707317,0.20839701304446842,0.8818062714234357,0.7366071428571428
10,sider,SIDER21,te,104,1366,103,34,0.3300970873786408,17,17,12,91,0.883495145631068,0.5,0.7883211678832117,0.40551513231435293,0.8895192011489317,0.7805539691604798
11,sider,SIDER21,tr,104,1366,797,309,0.3877038895859473,285,24,36,761,0.9548306148055207,0.9223300970873787,0.945750452079566,0.867161977720522,0.9943358767922366,0.9838756177088028
11,sider,SIDER21,va,104,1366,87,36,0.41379310344827586,17,19,16,71,0.8160919540229885,0.4722222222222222,0.7154471544715447,0.29607289412604126,0.824332119597008,0.7116858237547893
11,sider,SIDER21,te,104,1366,98,39,0.3979591836734694,14,25,6,92,0.9387755102040817,0.358974358974359,0.7737226277372263,0.3805300796342361,0.8330235588995918,0.7127158555729984
12,sider,SIDER21,tr,104,1366,803,303,0.37733499377334995,277,26,43,760,0.9464508094645081,0.9141914191419142,0.9376130198915009,0.846477612098537,0.994625260680001,0.9850950848509508
12,sider,SIDER21,va,104,1366,89,34,0.38202247191011235,14,20,15,74,0.8314606741573034,0.4117647058823529,0.7154471544715447,0.25625976688735247,0.8955756493437045,0.7511566424322539
12,sider,SIDER21,te,104,1366,90,47,0.5222222222222223,17,30,13,77,0.8555555555555555,0.3617021276595745,0.6861313868613139,0.24939791103676653,0.7797393995610686,0.65
13,sider,SIDER21,tr,104,1366,785,321,0.4089171974522293,301,20,33,752,0.9579617834394905,0.9376947040498442,0.9520795660036167,0.8854151259692082,0.9946440906486558,0.9857967736174772
13,sider,SIDER21,va,104,1366,100,23,0.23,9,14,17,83,0.83,0.391304347826087,0.7479674796747967,0.21133981514071262,0.9225908616369559,0.7286956521739131
13,sider,SIDER21,te,104,1366,97,40,0.41237113402061853,17,23,14,83,0.8556701030927835,0.425,0.7299270072992701,0.3049848295859215,0.8553812424541867,0.7208762886597938
14,sider,SIDER21,tr,104,1366,804,302,0.3756218905472637,276,26,46,758,0.9427860696517413,0.9139072847682119,0.9349005424954792,0.8401772673098197,0.994190668371354,0.983674343514217
14,sider,SIDER21,va,104,1366,85,38,0.4470588235294118,16,22,18,67,0.788235294117647,0.42105263157894735,0.6747967479674797,0.2162275228307214,0.8478276306325294,0.7179566563467492
14,sider,SIDER21,te,104,1366,93,44,0.4731182795698925,12,32,13,80,0.8602150537634409,0.2727272727272727,0.6715328467153284,0.16071339353349773,0.7403632494690358,0.6006842619745846
15,sider,SIDER21,tr,104,1366,793,313,0.39470365699873894,290,23,36,757,0.9546027742749055,0.9265175718849841,0.9466546112115732,0.8705383156671491,0.9951445558057285,0.9863622995137163
15,sider,SIDER21,va,104,1366,88,35,0.3977272727272727,10,25,16,72,0.8181818181818182,0.2857142857142857,0.6666666666666666,0.11481591176777159,0.8055463074040788,0.6251623376623376
15,sider,SIDER21,te,104,1366,101,36,0.3564356435643564,24,12,23,78,0.7722772277227723,0.6666666666666666,0.7445255474452555,0.40695910176235256,0.8721961485152129,0.7621012101210121
1,sider,SIDER22,tr,104,1366,705,401,0.5687943262411348,348,53,87,618,0.8765957446808511,0.8678304239401496,0.8734177215189873,0.7326262706370019,0.9686679928918736,0.9395447551334429
1,sider,SIDER22,va,104,1366,72,51,0.7083333333333334,30,21,19,53,0.7361111111111112,0.5882352941176471,0.6747967479674797,0.3263972757855426,0.7540955649679035,0.6884531590413944
1,sider,SIDER22,te,104,1366,104,33,0.3173076923076923,14,19,21,83,0.7980769230769231,0.42424242424242425,0.708029197080292,0.2179800713044651,0.8321220280398932,0.6515151515151515
2,sider,SIDER22,tr,104,1366,715,391,0.5468531468531469,327,64,73,642,0.8979020979020979,0.8363171355498721,0.8761301989150091,0.7305245415911228,0.9706847724647467,0.9404932663244683
2,sider,SIDER22,va,104,1366,75,48,0.64,28,20,17,58,0.7733333333333333,0.5833333333333334,0.6991869918699187,0.3612103742598409,0.8294206701788245,0.7533333333333333
2,sider,SIDER22,te,104,1366,91,46,0.5054945054945055,19,27,19,72,0.7912087912087912,0.41304347826086957,0.6642335766423357,0.2154552629526923,0.7447518987740196,0.6356903965599618
3,sider,SIDER22,tr,104,1366,719,387,0.5382475660639777,325,62,74,645,0.8970792767732962,0.8397932816537468,0.8770343580470162,0.7318400227006141,0.9721388509497015,0.9445720261776154
3,sider,SIDER22,va,104,1366,72,51,0.7083333333333334,25,26,21,51,0.7083333333333334,0.49019607843137253,0.6178861788617886,0.20213983814711226,0.7007636732268538,0.6146514161220044
3,sider,SIDER22,te,104,1366,90,47,0.5222222222222223,24,23,27,63,0.7,0.5106382978723404,0.635036496350365,0.20685842166302365,0.7701746485837238,0.6439716312056738
4,sider,SIDER22,tr,104,1366,725,381,0.5255172413793103,320,61,75,650,0.896551724137931,0.8398950131233596,0.8770343580470162,0.7303642134119536,0.9736593446017294,0.9473708027875827
4,sider,SIDER22,va,104,1366,79,44,0.5569620253164557,23,21,24,55,0.6962025316455697,0.5227272727272727,0.6341463414634146,0.21596782163037265,0.7933980786011641,0.6844073647871116
4,sider,SIDER22,te,104,1366,77,60,0.7792207792207793,28,32,16,61,0.7922077922077922,0.4666666666666667,0.6496350364963503,0.27506946284084227,0.7342802647691462,0.699134199134199
5,sider,SIDER22,tr,104,1366,711,395,0.5555555555555556,340,55,82,629,0.8846694796061885,0.8607594936708861,0.8761301989150091,0.7352843809569575,0.9709481483022967,0.943588100197618
5,sider,SIDER22,va,104,1366,76,47,0.618421052631579,19,28,13,63,0.8289473684210527,0.40425531914893614,0.6666666666666666,0.25828167307461575,0.6886820343082283,0.643756998880179
5,sider,SIDER22,te,104,1366,94,43,0.4574468085106383,27,16,15,79,0.8404255319148937,0.627906976744186,0.7737226277372263,0.47137442053397816,0.8265838282423781,0.7372587827808015
6,sider,SIDER22,tr,104,1366,720,386,0.5361111111111111,324,62,80,640,0.8888888888888888,0.8393782383419689,0.8716094032549728,0.7209271295894786,0.9713565228333014,0.9407941134139322
6,sider,SIDER22,va,104,1366,79,44,0.5569620253164557,25,19,22,57,0.7215189873417721,0.5681818181818182,0.6666666666666666,0.28578133558710284,0.786328685538782,0.6726121979286537
6,sider,SIDER22,te,104,1366,82,55,0.6707317073170732,30,25,20,62,0.7560975609756098,0.5454545454545454,0.6715328467153284,0.30704781339637766,0.8035245020342612,0.708980044345898
7,sider,SIDER22,tr,104,1366,701,405,0.5777460770328102,344,61,79,622,0.8873038516405135,0.8493827160493828,0.8734177215189873,0.7302788724187349,0.9697412943928421,0.9414909917049719
7,sider,SIDER22,va,104,1366,86,37,0.43023255813953487,19,18,18,68,0.7906976744186046,0.5135135135135135,0.7073170731707317,0.30421118793211804,0.8382047209483732,0.7115021998742929
7,sider,SIDER22,te,104,1366,94,43,0.4574468085106383,23,20,23,71,0.7553191489361702,0.5348837209302325,0.6861313868613139,0.2851676426474659,0.8499876561962136,0.7144977733795151
8,sider,SIDER22,tr,104,1366,699,407,0.5822603719599427,344,63,81,618,0.8841201716738197,0.8452088452088452,0.8698010849909584,0.7230881829256114,0.9683199526432853,0.9399967661770237
8,sider,SIDER22,va,104,1366,83,40,0.4819277108433735,19,21,25,58,0.6987951807228916,0.475,0.6260162601626016,0.1698505225843685,0.806658408638324,0.6524096385542169
8,sider,SIDER22,te,104,1366,99,38,0.3838383838383838,22,16,19,80,0.8080808080808081,0.5789473684210527,0.7445255474452555,0.37837674294317,0.8033769857272843,0.6690590111642742
9,sider,SIDER22,tr,104,1366,718,388,0.5403899721448467,334,54,89,629,0.8760445682451253,0.8608247422680413,0.8707052441229657,0.7235824396467271,0.9696788582389941,0.9373151365476841
9,sider,SIDER22,va,104,1366,76,47,0.618421052631579,24,23,19,57,0.75,0.5106382978723404,0.6585365853658537,0.2655918442065849,0.7178635462618558,0.6245800671892496
9,sider,SIDER22,te,104,1366,87,50,0.5747126436781609,20,30,28,59,0.6781609195402298,0.4,0.5766423357664233,0.07887123959541854,0.72751055659324,0.6179310344827585
10,sider,SIDER22,tr,104,1366,715,391,0.5468531468531469,336,55,85,630,0.8811188811188811,0.8593350383631714,0.8734177215189873,0.7290429293086071,0.972610098381517,0.9450700194945719
10,sider,SIDER22,va,104,1366,80,43,0.5375,24,19,24,56,0.7,0.5581395348837209,0.6504065040650406,0.2523379056040751,0.7626903574545081,0.6319767441860465
10,sider,SIDER22,te,104,1366,86,51,0.5930232558139535,23,28,23,63,0.7325581395348837,0.45098039215686275,0.6277372262773723,0.18787195500974058,0.7148009602301061,0.6223210214318284
11,sider,SIDER22,tr,104,1366,717,389,0.5425383542538355,337,52,80,637,0.8884239888423989,0.8663239074550129,0.8806509945750453,0.7436329951225653,0.9681390556106801,0.9368476908570056
11,sider,SIDER22,va,104,1366,72,51,0.7083333333333334,30,21,20,52,0.7222222222222222,0.5882352941176471,0.6666666666666666,0.3113917361180114,0.7744508361503594,0.7163671023965141
11,sider,SIDER22,te,104,1366,92,45,0.4891304347826087,19,26,26,66,0.717391304347826,0.4222222222222222,0.6204379562043796,0.13961352657004827,0.7553080186771168,0.5969806763285024
12,sider,SIDER22,tr,104,1366,722,384,0.5318559556786704,334,50,85,637,0.8822714681440443,0.8697916666666666,0.8779385171790235,0.7380794805022597,0.9711261826030078,0.9416803728070176
12,sider,SIDER22,va,104,1366,75,48,0.64,29,19,16,59,0.7866666666666666,0.6041666666666666,0.7154471544715447,0.39581230263519956,0.7679576293659061,0.7166666666666667
12,sider,SIDER22,te,104,1366,84,53,0.6309523809523809,31,22,30,54,0.6428571428571429,0.5849056603773585,0.6204379562043796,0.22319715961919404,0.710622858270836,0.6506064690026954
13,sider,SIDER22,tr,104,1366,705,401,0.5687943262411348,342,59,92,613,0.8695035460992908,0.8528678304239401,0.8634719710669078,0.7112098659149955,0.9713001152331937,0.9443430431014662
13,sider,SIDER22,va,104,1366,84,39,0.4642857142857143,18,21,23,61,0.7261904761904762,0.46153846153846156,0.6422764227642277,0.1853123291652752,0.8108068753558907,0.6626984126984128
13,sider,SIDER22,te,104,1366,92,45,0.4891304347826087,23,22,19,73,0.7934782608695652,0.5111111111111111,0.7007299270072993,0.31026191460772024,0.8002696886506229,0.6655797101449276
14,sider,SIDER22,tr,104,1366,720,386,0.5361111111111111,336,50,82,638,0.8861111111111111,0.8704663212435233,0.8806509945750453,0.7437567552833568,0.971114081655432,0.939326065054692
14,sider,SIDER22,va,104,1366,71,52,0.7323943661971831,27,25,18,53,0.7464788732394366,0.5192307692307693,0.6504065040650406,0.27251135487635125,0.7058489673498582,0.6587215601300108
14,sider,SIDER22,te,104,1366,90,47,0.5222222222222223,24,23,26,64,0.7111111111111111,0.5106382978723404,0.6423357664233577,0.21866940650081826,0.7849030397664015,0.6638297872340425
15,sider,SIDER22,tr,104,1366,706,400,0.56657223796034,345,55,87,619,0.876770538243626,0.8625,0.8716094032549728,0.728054555025153,0.9692310576148366,0.9421016288951841
15,sider,SIDER22,va,104,1366,80,43,0.5375,26,17,22,58,0.725,0.6046511627906976,0.6829268292682927,0.3222423253997986,0.7485147534025964,0.676889534883721
15,sider,SIDER22,te,104,1366,95,42,0.4421052631578947,26,16,32,63,0.6631578947368421,0.6190476190476191,0.6496350364963503,0.2633445896098068,0.8569977640725006,0.7065162907268171
1,sider,SIDER23,tr,104,1366,96,1010,10.520833333333334,933,77,29,67,0.6979166666666666,0.9237623762376238,0.9041591320072333,0.5201082572357493,0.5563003919582427,0.9387840346534653
1,sider,SIDER23,va,104,1366,12,111,9.25,100,11,8,4,0.3333333333333333,0.9009009009009009,0.8455284552845529,0.21239533527154397,0.3674471481929521,0.7987987987987988
1,sider,SIDER23,te,104,1366,12,125,10.416666666666666,114,11,10,2,0.16666666666666666,0.912,0.8467153284671532,0.0758846366602536,0.11901734923407291,0.5253333333333333
2,sider,SIDER23,tr,104,1366,99,1007,10.171717171717171,931,76,27,72,0.7272727272727273,0.9245283018867925,0.906871609403255,0.5465548622240625,0.5534592677696506,0.9328689075461667
2,sider,SIDER23,va,104,1366,12,111,9.25,100,11,10,2,0.16666666666666666,0.9009009009009009,0.8292682926829268,0.06521122796347444,0.10840985886191172,0.5322822822822822
2,sider,SIDER23,te,104,1366,9,128,14.222222222222221,116,12,7,2,0.2222222222222222,0.90625,0.8613138686131386,0.10507971889111177,0.11073443934011307,0.6006944444444444
3,sider,SIDER23,tr,104,1366,100,1006,10.06,924,82,29,71,0.71,0.9184890656063618,0.8996383363471971,0.5220409254613052,0.5470316622878539,0.9333747514910536
3,sider,SIDER23,va,104,1366,12,111,9.25,92,19,9,3,0.25,0.8288288288288288,0.7723577235772358,0.06103306206990366,0.13077346572530676,0.5525525525525525
3,sider,SIDER23,te,104,1366,8,129,16.125,111,18,5,3,0.375,0.8604651162790697,0.8321167883211679,0.15325963360861855,0.15600360575243585,0.631782945736434
4,sider,SIDER23,tr,104,1366,97,1009,10.402061855670103,904,105,29,68,0.7010309278350515,0.8959365708622399,0.8788426763110307,0.46485581053191893,0.49021339636077393,0.9140059056123753
4,sider,SIDER23,va,104,1366,11,112,10.181818181818182,100,12,9,2,0.18181818181818182,0.8928571428571429,0.8292682926829268,0.06709732505039699,0.13514592089901095,0.5698051948051949
4,sider,SIDER23,te,104,1366,12,125,10.416666666666666,110,15,8,4,0.3333333333333333,0.88,0.8321167883211679,0.17449642937778442,0.22237122895614536,0.5106666666666667
5,sider,SIDER23,tr,104,1366,97,1009,10.402061855670103,901,108,23,74,0.7628865979381443,0.8929633300297324,0.8815551537070524,0.5003388728219467,0.5061799387316623,0.9231861698323337
5,sider,SIDER23,va,104,1366,12,111,9.25,97,14,10,2,0.16666666666666666,0.8738738738738738,0.8048780487804879,0.03575936245280476,0.1215092492916508,0.5435435435435436
5,sider,SIDER23,te,104,1366,11,126,11.454545454545455,106,20,9,2,0.18181818181818182,0.8412698412698413,0.7883211678832117,0.01708866368121795,0.17092432977941424,0.5079365079365079
6,sider,SIDER23,tr,104,1366,102,1004,9.843137254901961,905,99,33,69,0.6764705882352942,0.901394422310757,0.8806509945750453,0.4658405406833824,0.5075757858156924,0.9169986719787517
6,sider,SIDER23,va,104,1366,7,116,16.571428571428573,102,14,4,3,0.42857142857142855,0.8793103448275862,0.8536585365853658,0.20667340789367333,0.23788395084195335,0.5517241379310345
6,sider,SIDER23,te,104,1366,11,126,11.454545454545455,110,16,10,1,0.09090909090909091,0.873015873015873,0.8102189781021898,-0.029735367168788177,0.08572744602741138,0.5555555555555556
7,sider,SIDER23,tr,104,1366,98,1008,10.285714285714286,904,104,27,71,0.7244897959183674,0.8968253968253969,0.8815551537070524,0.4837950409777299,0.5813411065192999,0.9290370910268869
7,sider,SIDER23,va,104,1366,12,111,9.25,97,14,8,4,0.3333333333333333,0.8738738738738738,0.8211382113821138,0.1739506546662879,0.3263495604209543,0.6996996996996997
7,sider,SIDER23,te,104,1366,10,127,12.7,113,14,8,2,0.2,0.889763779527559,0.8394160583941606,0.07270266226404504,0.11661738451878398,0.6133858267716537
8,sider,SIDER23,tr,104,1366,97,1009,10.402061855670103,915,94,26,71,0.7319587628865979,0.9068384539147671,0.891500904159132,0.5071748176261928,0.5185901278692322,0.9212193352610015
8,sider,SIDER23,va,104,1366,11,112,10.181818181818182,101,11,5,6,0.5454545454545454,0.9017857142857143,0.8699186991869918,0.3698016559870233,0.2705537025416108,0.7167207792207794
8,sider,SIDER23,te,104,1366,12,125,10.416666666666666,109,16,7,5,0.4166666666666667,0.872,0.8321167883211679,0.22651847275724232,0.14383142315768038,0.6000000000000001
9,sider,SIDER23,tr,104,1366,92,1014,11.021739130434783,916,98,26,66,0.717391304347826,0.903353057199211,0.8878842676311031,0.4823677888360747,0.49790146844290784,0.9223962353142956
9,sider,SIDER23,va,104,1366,13,110,8.461538461538462,98,12,11,2,0.15384615384615385,0.8909090909090909,0.8130081300813008,0.04332461264117996,0.13944158573406462,0.5454545454545455
9,sider,SIDER23,te,104,1366,15,122,8.133333333333333,107,15,11,4,0.26666666666666666,0.8770491803278688,0.8102189781021898,0.12984116378967173,0.2032766522263444,0.5803278688524589
10,sider,SIDER23,tr,104,1366,99,1007,10.171717171717171,884,123,29,70,0.7070707070707071,0.8778550148957299,0.8625678119349005,0.4399658916144417,0.4664694239712633,0.8995064849086696
10,sider,SIDER23,va,104,1366,10,113,11.3,88,25,6,4,0.4,0.7787610619469026,0.7479674796747967,0.11509308254526178,0.11302257259698759,0.5256637168141592
10,sider,SIDER23,te,104,1366,11,126,11.454545454545455,107,19,9,2,0.18181818181818182,0.8492063492063492,0.7956204379562044,0.023401742616603848,0.12888233551396103,0.6673881673881674
11,sider,SIDER23,tr,104,1366,100,1006,10.06,885,121,29,71,0.71,0.8797216699801192,0.864376130198915,0.44650092696294447,0.5537667714519043,0.9196123260437375
11,sider,SIDER23,va,104,1366,9,114,12.666666666666666,95,19,7,2,0.2222222222222222,0.8333333333333334,0.7886178861788617,0.03844956599791397,0.08563269821219356,0.5492202729044834
11,sider,SIDER23,te,104,1366,11,126,11.454545454545455,108,18,8,3,0.2727272727272727,0.8571428571428571,0.8102189781021898,0.09796078304624867,0.1446820926235616,0.6854256854256855
12,sider,SIDER23,tr,104,1366,94,1012,10.76595744680851,916,96,28,66,0.7021276595744681,0.9051383399209486,0.8878842676311031,0.4789494121067674,0.5074445240125661,0.9237763855016398
12,sider,SIDER23,va,104,1366,10,113,11.3,97,16,10,0,0.0,0.8584070796460177,0.7886178861788617,-0.11503470437503842,0.08091617889005957,0.5230088495575221
12,sider,SIDER23,te,104,1366,16,121,7.5625,101,20,13,3,0.1875,0.8347107438016529,0.7591240875912408,0.01908531953134873,0.15767872693388074,0.6590909090909092
13,sider,SIDER23,tr,104,1366,96,1010,10.520833333333334,892,118,27,69,0.71875,0.8831683168316832,0.8688969258589512,0.4521216500151292,0.5478178355135842,0.9184251237623762
13,sider,SIDER23,va,104,1366,10,113,11.3,99,14,5,5,0.5,0.8761061946902655,0.8455284552845529,0.28441744988888534,0.24509017883316633,0.7460176991150442
13,sider,SIDER23,te,104,1366,14,123,8.785714285714286,108,15,9,5,0.35714285714285715,0.8780487804878049,0.8248175182481752,0.20175788701941136,0.22239829672075306,0.648664343786295
14,sider,SIDER23,tr,104,1366,103,1003,9.737864077669903,893,110,25,78,0.7572815533980582,0.8903290129611167,0.8779385171790235,0.5010519304081504,0.5180225677069221,0.9155059094560977
14,sider,SIDER23,va,104,1366,7,116,16.571428571428573,100,16,5,2,0.2857142857142857,0.8620689655172413,0.8292682926829268,0.0968662148029726,0.08193437554354135,0.5554187192118226
14,sider,SIDER23,te,104,1366,10,127,12.7,110,17,6,4,0.4,0.8661417322834646,0.8321167883211679,0.19216584405729858,0.13593918462866472,0.6755905511811024
15,sider,SIDER23,tr,104,1366,92,1014,11.021739130434783,937,77,25,67,0.7282608695652174,0.9240631163708086,0.9077757685352622,0.5353125890829185,0.5890075848271765,0.9432724466169282
15,sider,SIDER23,va,104,1366,14,109,7.785714285714286,98,11,11,3,0.21428571428571427,0.8990825688073395,0.8211382113821138,0.1133682830930535,0.17558917879330718,0.63564875491481
15,sider,SIDER23,te,104,1366,14,123,8.785714285714286,106,17,13,1,0.07142857142857142,0.8617886178861789,0.781021897810219,-0.05987858563890464,0.1330420755091107,0.6492450638792102
1,sider,SIDER24,tr,104,1366,503,603,1.1988071570576542,575,28,27,476,0.9463220675944334,0.9535655058043118,0.9502712477396021,0.8997407477741278,0.9905479148111968,0.9912762232574701
1,sider,SIDER24,va,104,1366,60,63,1.05,41,22,23,37,0.6166666666666667,0.6507936507936508,0.6341463414634146,0.2676019432671502,0.6838812074482289,0.7095238095238096
1,sider,SIDER24,te,104,1366,78,59,0.7564102564102564,29,30,31,47,0.6025641025641025,0.4915254237288136,0.5547445255474452,0.09390605612882168,0.6938596555266094,0.5910473707083876
2,sider,SIDER24,tr,104,1366,528,578,1.0946969696969697,566,12,25,503,0.9526515151515151,0.9792387543252595,0.9665461121157324,0.9331432147797696,0.9938973347131761,0.9935628997588339
2,sider,SIDER24,va,104,1366,55,68,1.2363636363636363,44,24,19,36,0.6545454545454545,0.6470588235294118,0.6504065040650406,0.30000424409187054,0.6081430334616458,0.6759358288770054
2,sider,SIDER24,te,104,1366,58,79,1.3620689655172413,48,31,19,39,0.6724137931034483,0.6075949367088608,0.635036496350365,0.27676597164306393,0.5578047467983713,0.678742907027499
3,sider,SIDER24,tr,104,1366,527,579,1.0986717267552182,553,26,23,504,0.9563567362428842,0.9550949913644214,0.9556962025316456,0.9112322577158329,0.9921885381922508,0.9920575617845333
3,sider,SIDER24,va,104,1366,47,76,1.6170212765957446,49,27,20,27,0.574468085106383,0.6447368421052632,0.6178861788617886,0.2146271267675089,0.5610782931229447,0.6570548712206048
3,sider,SIDER24,te,104,1366,67,70,1.044776119402985,46,24,32,35,0.5223880597014925,0.6571428571428571,0.5912408759124088,0.18123929450794607,0.6371511198691057,0.6514925373134329
4,sider,SIDER24,tr,104,1366,525,581,1.1066666666666667,561,20,24,501,0.9542857142857143,0.9655765920826161,0.9602169981916817,0.9202244034374623,0.9929533137433619,0.9924202934185722
4,sider,SIDER24,va,104,1366,59,64,1.0847457627118644,40,24,26,33,0.559322033898305,0.625,0.5934959349593496,0.18466468569779396,0.5685259053594822,0.6374470338983051
4,sider,SIDER24,te,104,1366,57,80,1.4035087719298245,40,40,23,34,0.5964912280701754,0.5,0.5401459854014599,0.09542982349409625,0.5139189008810136,0.6111842105263158
5,sider,SIDER24,tr,104,1366,517,589,1.1392649903288201,556,33,20,497,0.9613152804642167,0.9439728353140917,0.9520795660036167,0.9041501560908086,0.9922487302113774,0.9921743899275237
5,sider,SIDER24,va,104,1366,53,70,1.320754716981132,37,33,19,34,0.6415094339622641,0.5285714285714286,0.5772357723577236,0.1691262383662982,0.5768335923730501,0.6242587601078168
5,sider,SIDER24,te,104,1366,71,66,0.9295774647887324,40,26,24,47,0.6619718309859155,0.6060606060606061,0.635036496350365,0.2684337263439087,0.6441948682809199,0.6316688006828851
6,sider,SIDER24,tr,104,1366,527,579,1.0986717267552182,557,22,23,504,0.9563567362428842,0.9620034542314335,0.9593128390596745,0.9184399580374922,0.9941340360510229,0.9939993379935962
6,sider,SIDER24,va,104,1366,55,68,1.2363636363636363,42,26,22,33,0.6,0.6176470588235294,0.6097560975609756,0.21660706161751112,0.5653468381254937,0.5978609625668451
6,sider,SIDER24,te,104,1366,59,78,1.3220338983050848,47,31,22,37,0.6271186440677966,0.6025641025641025,0.6131386861313869,0.2274692409575937,0.5566986472226287,0.6400478053020426
7,sider,SIDER24,tr,104,1366,505,601,1.19009900990099,578,23,29,476,0.9425742574257425,0.961730449251248,0.9529837251356239,0.9052178265028326,0.9910893214004133,0.9914993163209832
7,sider,SIDER24,va,104,1366,65,58,0.8923076923076924,36,22,29,36,0.5538461538461539,0.6206896551724138,0.5853658536585366,0.17453580901856758,0.7234592117479293,0.6840848806366048
7,sider,SIDER24,te,104,1366,71,66,0.9295774647887324,46,20,30,41,0.5774647887323944,0.696969696969697,0.635036496350365,0.27591042667674004,0.6454214340728506,0.6540759709773795
8,sider,SIDER24,tr,104,1366,515,591,1.1475728155339806,564,27,29,486,0.9436893203883495,0.9543147208121827,0.9493670886075949,0.8982342623239724,0.9917048645132647,0.9912654214512181
8,sider,SIDER24,va,104,1366,54,69,1.2777777777777777,47,22,18,36,0.6666666666666666,0.6811594202898551,0.6747967479674797,0.3457903754283796,0.7281385644611295,0.7230273752012881
8,sider,SIDER24,te,104,1366,72,65,0.9027777777777778,37,28,23,49,0.6805555555555556,0.5692307692307692,0.6277372262773723,0.2514030816308929,0.7229798450546525,0.7
9,sider,SIDER24,tr,104,1366,523,583,1.1147227533460804,565,18,23,500,0.9560229445506692,0.9691252144082333,0.9629294755877035,0.9256416073798175,0.9929572198368712,0.9923550961106429
9,sider,SIDER24,va,104,1366,49,74,1.510204081632653,45,29,16,33,0.673469387755102,0.6081081081081081,0.6341463414634146,0.27570908690481566,0.6418840459917212,0.6933259790402647
9,sider,SIDER24,te,104,1366,69,68,0.9855072463768116,41,27,24,45,0.6521739130434783,0.6029411764705882,0.6277372262773723,0.2554419507493556,0.7005141154563741,0.6687979539641944
10,sider,SIDER24,tr,104,1366,525,581,1.1066666666666667,558,23,23,502,0.9561904761904761,0.9604130808950087,0.9584086799276673,0.9166035570854848,0.9920422173574459,0.991413818539464
10,sider,SIDER24,va,104,1366,48,75,1.5625,53,22,19,29,0.6041666666666666,0.7066666666666667,0.6666666666666666,0.3077708612752495,0.658568489634746,0.7000000000000001
10,sider,SIDER24,te,104,1366,68,69,1.0147058823529411,40,29,23,45,0.6617647058823529,0.5797101449275363,0.6204379562043796,0.24225055101151077,0.6379633261422785,0.6756180733162831
11,sider,SIDER24,tr,104,1366,533,573,1.075046904315197,544,29,20,513,0.9624765478424016,0.9493891797556719,0.9556962025316456,0.9114495048246388,0.9906657117175717,0.9902213097845839
11,sider,SIDER24,va,104,1366,50,73,1.46,47,26,21,29,0.58,0.6438356164383562,0.6178861788617886,0.22112600675558938,0.5372279834347884,0.6290410958904109
11,sider,SIDER24,te,104,1366,58,79,1.3620689655172413,46,33,22,36,0.6206896551724138,0.5822784810126582,0.5985401459854015,0.20057481689442702,0.612698998610832,0.6544085552160629
12,sider,SIDER24,tr,104,1366,522,584,1.1187739463601531,562,22,28,494,0.946360153256705,0.9623287671232876,0.9547920433996383,0.9092976133042697,0.992505156355936,0.9925339841494778
12,sider,SIDER24,va,104,1366,55,68,1.2363636363636363,37,31,17,38,0.6909090909090909,0.5441176470588235,0.6097560975609756,0.2354678664337566,0.6483318805000278,0.6863636363636364
12,sider,SIDER24,te,104,1366,64,73,1.140625,47,26,25,39,0.609375,0.6438356164383562,0.6277372262773723,0.2529941045420404,0.6261165844364854,0.6487585616438357
13,sider,SIDER24,tr,104,1366,517,589,1.1392649903288201,556,33,22,495,0.9574468085106383,0.9439728353140917,0.9502712477396021,0.9004281347427456,0.9903526890285823,0.9903600174705185
13,sider,SIDER24,va,104,1366,63,60,0.9523809523809523,34,26,27,36,0.5714285714285714,0.5666666666666667,0.5691056910569106,0.1380587194543522,0.6896929929836315,0.6441798941798942
13,sider,SIDER24,te,104,1366,61,76,1.2459016393442623,44,32,14,47,0.7704918032786885,0.5789473684210527,0.6642335766423357,0.35149225380614363,0.6892111820404854,0.7182916307161346
14,sider,SIDER24,tr,104,1366,518,588,1.135135135135135,556,32,27,491,0.9478764478764479,0.9455782312925171,0.9466546112115732,0.8929783892128091,0.989270495406095,0.9895710214587765
14,sider,SIDER24,va,104,1366,63,60,0.9523809523809523,40,20,30,33,0.5238095238095238,0.6666666666666666,0.5934959349593496,0.19226473854584367,0.6464673733450539,0.6119047619047618
14,sider,SIDER24,te,104,1366,60,77,1.2833333333333334,46,31,22,38,0.6333333333333333,0.5974025974025974,0.6131386861313869,0.22895873407798387,0.6178108853252553,0.664069264069264
15,sider,SIDER24,tr,104,1366,521,585,1.1228406909788868,558,27,30,491,0.9424184261036468,0.9538461538461539,0.9484629294755877,0.8965602610583281,0.9904479776684749,0.9899306068212018
15,sider,SIDER24,va,104,1366,57,66,1.1578947368421053,42,24,31,26,0.45614035087719296,0.6363636363636364,0.5528455284552846,0.09391250308432844,0.5304552955260542,0.5506379585326954
15,sider,SIDER24,te,104,1366,63,74,1.1746031746031746,49,25,17,46,0.7301587301587301,0.6621621621621622,0.6934306569343066,0.3913149396593764,0.7623295299872559,0.7625482625482626
1,sider,SIDER25,tr,104,1366,751,355,0.47270306258322237,321,34,51,700,0.9320905459387483,0.9042253521126761,0.9231464737793852,0.8263898944818362,0.9896049044666039,0.976680857448285
1,sider,SIDER25,va,104,1366,89,34,0.38202247191011235,17,17,18,71,0.797752808988764,0.5,0.7154471544715447,0.2951310961728813,0.8897167059830614,0.7435558493060145
1,sider,SIDER25,te,104,1366,107,30,0.2803738317757009,10,20,21,86,0.8037383177570093,0.3333333333333333,0.7007299270072993,0.13547725257261037,0.8550752525427694,0.5978193146417445
2,sider,SIDER25,tr,104,1366,771,335,0.4345006485084306,313,22,51,720,0.933852140077821,0.9343283582089552,0.933996383363472,0.8489986003041686,0.9927421103579032,0.9828309812803685
2,sider,SIDER25,va,104,1366,91,32,0.3516483516483517,17,15,19,72,0.7912087912087912,0.53125,0.7235772357723578,0.31092742504939364,0.877257995105531,0.726820054945055
2,sider,SIDER25,te,104,1366,85,52,0.611764705882353,27,25,11,74,0.8705882352941177,0.5192307692307693,0.7372262773722628,0.4225370025843871,0.823180984541939,0.7757918552036199
3,sider,SIDER25,tr,104,1366,780,326,0.41794871794871796,298,28,47,733,0.9397435897435897,0.9141104294478528,0.9321880650994575,0.8403067506667355,0.9932799242012924,0.9832369828535472
3,sider,SIDER25,va,104,1366,75,48,0.64,18,30,15,60,0.8,0.375,0.6341463414634146,0.19266865889711304,0.8282256908546766,0.7219444444444444
3,sider,SIDER25,te,104,1366,92,45,0.4891304347826087,29,16,16,76,0.8260869565217391,0.6444444444444445,0.7664233576642335,0.47053140096618346,0.8622039212464844,0.7985507246376811
4,sider,SIDER25,tr,104,1366,779,327,0.4197689345314506,302,25,44,735,0.9435173299101413,0.9235474006116208,0.9376130198915009,0.8533934013683356,0.992699985642723,0.9819948730631682
4,sider,SIDER25,va,104,1366,77,46,0.5974025974025974,25,21,13,64,0.8311688311688312,0.5434782608695652,0.7235772357723578,0.3923244578503094,0.8406745099884948,0.780067758328628
4,sider,SIDER25,te,104,1366,91,46,0.5054945054945055,19,27,15,76,0.8351648351648352,0.41304347826086957,0.6934306569343066,0.27136751936819714,0.8168984977809757,0.6834687052078356
5,sider,SIDER25,tr,104,1366,764,342,0.4476439790575916,315,27,45,719,0.9410994764397905,0.9210526315789473,0.9349005424954792,0.8503994342927776,0.992002311531417,0.9813787850953737
5,sider,SIDER25,va,104,1366,85,38,0.4470588235294118,14,24,17,68,0.8,0.3684210526315789,0.6666666666666666,0.17923502383696752,0.838559267994571,0.689783281733746
5,sider,SIDER25,te,104,1366,98,39,0.3979591836734694,16,23,14,84,0.8571428571428571,0.41025641025641024,0.7299270072992701,0.291778332668773,0.8132375493298094,0.6912611198325485
6,sider,SIDER25,tr,104,1366,776,330,0.4252577319587629,309,21,41,735,0.9471649484536082,0.9363636363636364,0.9439421338155516,0.8691875869655523,0.9946300520027618,0.986756091846298
6,sider,SIDER25,va,104,1366,75,48,0.64,20,28,15,60,0.8,0.4166666666666667,0.6504065040650406,0.23424374030084524,0.7185413016212194,0.6961111111111111
6,sider,SIDER25,te,104,1366,96,41,0.4270833333333333,20,21,11,85,0.8854166666666666,0.4878048780487805,0.7664233576642335,0.40847028780012606,0.9180802139912799,0.8140243902439025
7,sider,SIDER25,tr,104,1366,763,343,0.44954128440366975,311,32,42,721,0.944954128440367,0.9067055393586005,0.9330922242314648,0.8450658834908146,0.9937508959568786,0.9853501408052455
7,sider,SIDER25,va,104,1366,79,44,0.5569620253164557,24,20,13,66,0.8354430379746836,0.5454545454545454,0.7317073170731707,0.39810534963658867,0.857626777925224,0.7796317606444189
7,sider,SIDER25,te,104,1366,105,32,0.3047619047619048,17,15,19,86,0.819047619047619,0.53125,0.7518248175182481,0.33674013903507516,0.8715423705513965,0.7261904761904762
8,sider,SIDER25,tr,104,1366,767,339,0.44198174706649285,312,27,49,718,0.9361147327249022,0.9203539823008849,0.9312839059674503,0.842126429341991,0.9924352857864157,0.9818220627430166
8,sider,SIDER25,va,104,1366,83,40,0.4819277108433735,18,22,12,71,0.8554216867469879,0.45,0.7235772357723578,0.3331707078355747,0.869448097578945,0.764156626506024
8,sider,SIDER25,te,104,1366,97,40,0.41237113402061853,21,19,12,85,0.8762886597938144,0.525,0.7737226277372263,0.42667687946430427,0.8934718619845716,0.7987113402061856
9,sider,SIDER25,tr,104,1366,765,341,0.44575163398692813,318,23,46,719,0.9398692810457516,0.9325513196480938,0.9376130198915009,0.857395450523039,0.9927593850364119,0.9824928602917218
9,sider,SIDER25,va,104,1366,85,38,0.4470588235294118,22,16,11,74,0.8705882352941177,0.5789473684210527,0.7804878048780488,0.46879948999151577,0.8922912728246729,0.8287925696594427
9,sider,SIDER25,te,104,1366,97,40,0.41237113402061853,17,23,18,79,0.8144329896907216,0.425,0.7007299270072993,0.24961216270658546,0.8765569478970731,0.7329896907216494
10,sider,SIDER25,tr,104,1366,760,346,0.45526315789473687,318,28,42,718,0.9447368421052632,0.9190751445086706,0.9367088607594937,0.854758459383747,0.9924130960779558,0.9832293885001522
10,sider,SIDER25,va,104,1366,92,31,0.33695652173913043,18,13,19,73,0.7934782608695652,0.5806451612903226,0.7398373983739838,0.3541926715783535,0.8950243838324793,0.7647265077138851
10,sider,SIDER25,te,104,1366,95,42,0.4421052631578947,17,25,14,81,0.8526315789473684,0.40476190476190477,0.7153284671532847,0.28362872730231875,0.8259845184829429,0.7115288220551378
11,sider,SIDER25,tr,104,1366,780,326,0.41794871794871796,305,21,50,730,0.9358974358974359,0.9355828220858896,0.9358047016274864,0.8510978817930751,0.9933998509087647,0.9830737769388077
11,sider,SIDER25,va,104,1366,74,49,0.6621621621621622,15,34,14,60,0.8108108108108109,0.30612244897959184,0.6097560975609756,0.13486182454973802,0.7016887631322382,0.6696083838940982
11,sider,SIDER25,te,104,1366,93,44,0.4731182795698925,23,21,12,81,0.8709677419354839,0.5227272727272727,0.7591240875912408,0.4214961575369383,0.8798696694527701,0.790811339198436
12,sider,SIDER25,tr,104,1366,773,333,0.4307891332470893,302,31,50,723,0.9353169469598965,0.9069069069069069,0.9267631103074141,0.8294350746375798,0.9921049447782528,0.9810263044415697
12,sider,SIDER25,va,104,1366,81,42,0.5185185185185185,26,16,16,65,0.8024691358024691,0.6190476190476191,0.7398373983739838,0.421516754850088,0.9085829943979131,0.8245149911816578
12,sider,SIDER25,te,104,1366,93,44,0.4731182795698925,21,23,24,69,0.7419354838709677,0.4772727272727273,0.656934306569343,0.2179337339983584,0.8424533492558757,0.7082111436950146
13,sider,SIDER25,tr,104,1366,759,347,0.45718050065876153,318,29,43,716,0.9433465085638999,0.9164265129682997,0.9349005424954792,0.8508200220697221,0.9925471572611526,0.9837720647143027
13,sider,SIDER25,va,104,1366,87,36,0.41379310344827586,19,17,17,70,0.8045977011494253,0.5277777777777778,0.7235772357723578,0.3323754789272029,0.855406210624286,0.7219029374201787
13,sider,SIDER25,te,104,1366,101,36,0.3564356435643564,19,17,19,82,0.8118811881188119,0.5277777777777778,0.7372262773722628,0.33392245503432844,0.8828305588419555,0.7458745874587459
14,sider,SIDER25,tr,104,1366,776,330,0.4252577319587629,306,24,41,735,0.9471649484536082,0.9272727272727272,0.9412296564195298,0.8622457579874243,0.9935198151385451,0.983932755388941
14,sider,SIDER25,va,104,1366,77,46,0.5974025974025974,19,27,18,59,0.7662337662337663,0.41304347826086957,0.6341463414634146,0.18914695720162691,0.7952541695549472,0.68944099378882
14,sider,SIDER25,te,104,1366,94,43,0.4574468085106383,22,21,11,83,0.8829787234042553,0.5116279069767442,0.7664233576642335,0.4282416396614036,0.8749024917577313,0.7887184562097972
15,sider,SIDER25,tr,104,1366,774,332,0.4289405684754522,305,27,43,731,0.9444444444444444,0.9186746987951807,0.9367088607594937,0.8518949551540045,0.9936324859466505,0.9843832695121573
15,sider,SIDER25,va,104,1366,81,42,0.5185185185185185,16,26,15,66,0.8148148148148148,0.38095238095238093,0.6666666666666666,0.213812117177551,0.7939384679157797,0.6771017048794827
15,sider,SIDER25,te,104,1366,92,45,0.4891304347826087,28,17,18,74,0.8043478260869565,0.6222222222222222,0.7445255474452555,0.4242197822234605,0.9128820175176438,0.8231884057971016
1,sider,SIDER26,tr,104,1366,1012,94,0.09288537549407115,85,9,50,962,0.950592885375494,0.9042553191489362,0.9466546112115732,0.728226850364634,0.9984093043722398,0.9826707173492558
1,sider,SIDER26,va,104,1366,111,12,0.10810810810810811,1,11,10,101,0.9099099099099099,0.08333333333333333,0.8292682926829268,-0.007025626261012185,0.9268433363050499,0.6084834834834835
1,sider,SIDER26,te,104,1366,134,3,0.022388059701492536,1,2,10,124,0.9253731343283582,0.3333333333333333,0.9124087591240876,0.13932809450997402,0.995884324381231,0.835820895522388
2,sider,SIDER26,tr,104,1366,1023,83,0.08113391984359726,77,6,34,989,0.9667644183773216,0.927710843373494,0.9638336347197106,0.7842818546719557,0.9990749964519794,0.9884405657821904
2,sider,SIDER26,va,104,1366,116,7,0.0603448275862069,0,7,11,105,0.9051724137931034,0.0,0.8536585365853658,-0.07698522025642958,0.9691689137620815,0.6096059113300493
2,sider,SIDER26,te,104,1366,118,19,0.16101694915254236,2,17,6,112,0.9491525423728814,0.10526315789473684,0.8321167883211679,0.08020513569171821,0.9044214779350678,0.6474130240856378
3,sider,SIDER26,tr,104,1366,1020,86,0.08431372549019608,73,13,30,990,0.9705882352941176,0.8488372093023255,0.961121157323689,0.7550742815119217,0.9986888744374263,0.9844106247150024
3,sider,SIDER26,va,104,1366,109,14,0.12844036697247707,4,10,6,103,0.944954128440367,0.2857142857142857,0.8699186991869918,0.2680563964278295,0.9549581580541888,0.7506553079947574
3,sider,SIDER26,te,104,1366,128,9,0.0703125,2,7,10,118,0.921875,0.2222222222222222,0.8759124087591241,0.12628047853591293,0.9463003937604392,0.6150173611111112
4,sider,SIDER26,tr,104,1366,1022,84,0.0821917808219178,75,9,40,982,0.9608610567514677,0.8928571428571429,0.9556962025316456,0.7409584980900437,0.9986231779028659,0.9829058335663032
4,sider,SIDER26,va,104,1366,109,14,0.12844036697247707,1,13,3,106,0.9724770642201835,0.07142857142857142,0.8699186991869918,0.07861294380541434,0.9226402666650768,0.6487549148099607
4,sider,SIDER26,te,104,1366,126,11,0.0873015873015873,2,9,9,117,0.9285714285714286,0.18181818181818182,0.8686131386861314,0.1103896103896101,0.9557214953293662,0.6789321789321789
5,sider,SIDER26,tr,104,1366,1018,88,0.08644400785854617,71,17,37,981,0.9636542239685658,0.8068181818181818,0.9511754068716094,0.7024172458801993,0.9983995916738163,0.9813471155563493
5,sider,SIDER26,va,104,1366,114,9,0.07894736842105263,1,8,5,109,0.956140350877193,0.1111111111111111,0.8943089430894309,0.08130305304690437,0.9714891302035128,0.7119883040935672
5,sider,SIDER26,te,104,1366,125,12,0.096,1,11,5,120,0.96,0.08333333333333333,0.8832116788321168,0.059862721099516326,0.9223384263056518,0.5399999999999999
6,sider,SIDER26,tr,104,1366,1025,81,0.07902439024390244,74,7,31,994,0.9697560975609756,0.9135802469135802,0.9656419529837251,0.7850889296399601,0.9991008063441346,0.9884311954230652
6,sider,SIDER26,va,104,1366,103,20,0.1941747572815534,4,16,6,97,0.941747572815534,0.2,0.8211382113821138,0.1913859355808917,0.912910931575203,0.6902912621359224
6,sider,SIDER26,te,104,1366,129,8,0.06201550387596899,2,6,7,122,0.9457364341085271,0.25,0.9051094890510949,0.18526154487268257,0.9709405723482774,0.7054263565891473
7,sider,SIDER26,tr,104,1366,1015,91,0.0896551724137931,78,13,23,992,0.9773399014778326,0.8571428571428571,0.9674502712477396,0.7960262100393871,0.9986727036533727,0.985237914794565
7,sider,SIDER26,va,104,1366,112,11,0.09821428571428571,1,10,4,108,0.9642857142857143,0.09090909090909091,0.8861788617886179,0.07975860564850923,0.9779896425289348,0.7922077922077922
7,sider,SIDER26,te,104,1366,130,7,0.05384615384615385,1,6,5,125,0.9615384615384616,0.14285714285714285,0.9197080291970803,0.11232893365178186,0.9724556392282947,0.7263736263736263
8,sider,SIDER26,tr,104,1366,1013,93,0.09180651530108588,83,10,43,970,0.9575518262586377,0.8924731182795699,0.9520795660036167,0.742471105644111,0.998264675519246,0.9810315362651127
8,sider,SIDER26,va,104,1366,114,9,0.07894736842105263,2,7,7,107,0.9385964912280702,0.2222222222222222,0.8861788617886179,0.16081871345029164,0.9704730796572096,0.7612085769980506
8,sider,SIDER26,te,104,1366,130,7,0.05384615384615385,1,6,11,119,0.9153846153846154,0.14285714285714285,0.8759124087591241,0.0453638122061566,0.9791806724116474,0.7197802197802198
9,sider,SIDER26,tr,104,1366,1021,85,0.0832517140058766,76,9,28,993,0.9725759059745348,0.8941176470588236,0.9665461121157324,0.7909287631833871,0.999139649741811,0.9895085556259722
9,sider,SIDER26,va,104,1366,109,14,0.12844036697247707,5,9,7,102,0.9357798165137615,0.35714285714285715,0.8699186991869918,0.313529307992652,0.9325454426096742,0.7152686762778506
9,sider,SIDER26,te,104,1366,127,10,0.07874015748031496,0,10,10,117,0.9212598425196851,0.0,0.8540145985401459,-0.07874015748031472,0.9297492584467075,0.5173228346456693
10,sider,SIDER26,tr,104,1366,1020,86,0.08431372549019608,71,15,50,970,0.9509803921568627,0.8255813953488372,0.9412296564195298,0.6662151851020663,0.9977838399009696,0.9744186046511627
10,sider,SIDER26,va,104,1366,116,7,0.0603448275862069,1,6,5,111,0.9568965517241379,0.14285714285714285,0.9105691056910569,0.10728486231736178,0.9799304042029912,0.7352216748768473
10,sider,SIDER26,te,104,1366,121,16,0.1322314049586777,3,13,5,116,0.9586776859504132,0.1875,0.8686131386861314,0.20021375477409878,0.9281437110106383,0.6694214876033058
11,sider,SIDER26,tr,104,1366,1011,95,0.09396636993076163,87,8,65,946,0.9357072205736894,0.9157894736842105,0.933996383363472,0.6929858475676862,0.9977482130159352,0.9760528918736009
11,sider,SIDER26,va,104,1366,118,5,0.0423728813559322,1,4,13,105,0.8898305084745762,0.2,0.8617886178861789,0.05585635568094073,0.9604072704971066,0.5491525423728814
11,sider,SIDER26,te,104,1366,128,9,0.0703125,3,6,6,122,0.953125,0.3333333333333333,0.9124087591240876,0.28645833333333226,0.94524229774127,0.7165798611111112
12,sider,SIDER26,tr,104,1366,1018,88,0.08644400785854617,74,14,34,984,0.9666011787819253,0.8409090909090909,0.9566003616636528,0.7361835873630671,0.9987265354131332,0.9851480175031256
12,sider,SIDER26,va,104,1366,114,9,0.07894736842105263,2,7,10,104,0.9122807017543859,0.2222222222222222,0.8617886178861789,0.118046548527257,0.9535330794767607,0.661793372319688
12,sider,SIDER26,te,104,1366,125,12,0.096,2,10,9,116,0.928,0.16666666666666666,0.8613138686131386,0.09848296146488311,0.9645899978531167,0.7056666666666667
13,sider,SIDER26,tr,104,1366,1016,90,0.08858267716535433,74,16,39,977,0.9616141732283464,0.8222222222222222,0.9502712477396021,0.707586743147318,0.9984653758639145,0.9824256342957131
13,sider,SIDER26,va,104,1366,113,10,0.08849557522123894,4,6,8,105,0.9292035398230089,0.4,0.8861788617886179,0.3032156449425999,0.9689219182387512,0.7327433628318584
13,sider,SIDER26,te,104,1366,128,9,0.0703125,2,7,6,122,0.953125,0.2222222222222222,0.9051094890510949,0.18526154487268257,0.895834380244362,0.45442708333333337
14,sider,SIDER26,tr,104,1366,1020,86,0.08431372549019608,76,10,26,994,0.9745098039215686,0.8837209302325582,0.9674502712477396,0.7943034195638753,0.9989813002010485,0.9879160966712267
14,sider,SIDER26,va,104,1366,111,12,0.10810810810810811,1,11,5,106,0.954954954954955,0.08333333333333333,0.8699186991869918,0.05274113936603713,0.9497890017693509,0.6737987987987989
14,sider,SIDER26,te,104,1366,126,11,0.0873015873015873,3,8,6,120,0.9523809523809523,0.2727272727272727,0.8978102189781022,0.24691458232921482,0.9207209925621374,0.6320346320346321
15,sider,SIDER26,tr,104,1366,1020,86,0.08431372549019608,75,11,33,987,0.9676470588235294,0.872093023255814,0.9602169981916817,0.7575600191206202,0.9988266307326956,0.9859268125854994
15,sider,SIDER26,va,104,1366,112,11,0.09821428571428571,0,11,8,104,0.9285714285714286,0.0,0.8455284552845529,-0.08265771673985378,0.8647599747947488,0.41193181818181823
15,sider,SIDER26,te,104,1366,125,12,0.096,5,7,8,117,0.936,0.4166666666666667,0.8905109489051095,0.34019468468876396,0.9482149316016688,0.7076666666666667
1,sider,SIDER27,tr,104,1366,721,385,0.5339805825242718,343,42,60,661,0.9167822468793343,0.8909090909090909,0.9077757685352622,0.7994903696676894,0.9868033136733328,0.9732334239962535
1,sider,SIDER27,va,104,1366,79,44,0.5569620253164557,19,25,15,64,0.810126582278481,0.4318181818181818,0.6747967479674797,0.2593114239837706,0.7602026361093387,0.6728998849252014
1,sider,SIDER27,te,104,1366,108,29,0.26851851851851855,8,21,28,80,0.7407407407407407,0.27586206896551724,0.6423357664233577,0.015409215528112004,0.8626582761521642,0.596743295019157
2,sider,SIDER27,tr,104,1366,738,368,0.4986449864498645,327,41,59,679,0.9200542005420054,0.8885869565217391,0.9095840867992767,0.7993703423665224,0.987725282914657,0.9742952456698479
2,sider,SIDER27,va,104,1366,85,38,0.4470588235294118,19,19,27,58,0.6823529411764706,0.5,0.6260162601626016,0.17413647752361133,0.8296803601958156,0.6424148606811145
2,sider,SIDER27,te,104,1366,85,52,0.611764705882353,19,33,17,68,0.8,0.36538461538461536,0.635036496350365,0.18234518717098275,0.776164675203246,0.6613122171945701
3,sider,SIDER27,tr,104,1366,735,371,0.5047619047619047,348,23,59,676,0.9197278911564626,0.9380053908355795,0.9258589511754068,0.8397443565557796,0.9896425015680357,0.9778719034783725
3,sider,SIDER27,va,104,1366,76,47,0.618421052631579,18,29,19,57,0.75,0.3829787234042553,0.6097560975609756,0.14089247454388423,0.6946218043502332,0.5862262038073908
3,sider,SIDER27,te,104,1366,97,40,0.41237113402061853,20,20,32,65,0.6701030927835051,0.5,0.6204379562043796,0.15937380377484767,0.8310020757249765,0.6670103092783506
4,sider,SIDER27,tr,104,1366,734,372,0.5068119891008175,349,23,77,657,0.8950953678474114,0.9381720430107527,0.9095840867992767,0.808992771014137,0.9878540156436243,0.9753816178840351
4,sider,SIDER27,va,104,1366,86,37,0.43023255813953487,20,17,29,57,0.6627906976744186,0.5405405405405406,0.6260162601626016,0.19047601352354282,0.7808745914452875,0.6228786926461345
4,sider,SIDER27,te,104,1366,88,49,0.5568181818181818,25,24,36,52,0.5909090909090909,0.5102040816326531,0.5620437956204379,0.09751589241088886,0.6818413295177491,0.5684137291280149
5,sider,SIDER27,tr,104,1366,731,375,0.5129958960328317,340,35,61,670,0.9165526675786594,0.9066666666666666,0.9132007233273056,0.810630871918482,0.9882622901605486,0.9757245782033743
5,sider,SIDER27,va,104,1366,81,42,0.5185185185185185,14,28,16,65,0.8024691358024691,0.3333333333333333,0.6422764227642277,0.14995906339933568,0.7613931606692752,0.6452087007642563
5,sider,SIDER27,te,104,1366,96,41,0.4270833333333333,11,30,19,77,0.8020833333333334,0.2682926829268293,0.6423357664233577,0.07792910849882813,0.7927670671922746,0.5980691056910569
6,sider,SIDER27,tr,104,1366,736,370,0.5027173913043478,347,23,56,680,0.9239130434782609,0.9378378378378378,0.9285714285714286,0.8448727830390028,0.9899063511626122,0.9792376615746181
6,sider,SIDER27,va,104,1366,79,44,0.5569620253164557,20,24,19,60,0.759493670886076,0.45454545454545453,0.6504065040650406,0.22047589035962947,0.6943874897497054,0.5724971231300344
6,sider,SIDER27,te,104,1366,93,44,0.4731182795698925,21,23,31,62,0.6666666666666666,0.4772727272727273,0.6058394160583942,0.13849571846813605,0.744398855601252,0.5662267839687194
7,sider,SIDER27,tr,104,1366,731,375,0.5129958960328317,349,26,77,654,0.8946648426812586,0.9306666666666666,0.906871609403255,0.8028667867895979,0.9870866827828702,0.9727277701778385
7,sider,SIDER27,va,104,1366,74,49,0.6621621621621622,20,29,14,60,0.8108108108108109,0.40816326530612246,0.6504065040650406,0.23970226660370159,0.7626464846230856,0.6999448428019855
7,sider,SIDER27,te,104,1366,103,34,0.3300970873786408,19,15,30,73,0.7087378640776699,0.5588235294117647,0.6715328467153284,0.24112494629600717,0.8783493759799943,0.6804683038263849
8,sider,SIDER27,tr,104,1366,731,375,0.5129958960328317,352,23,57,674,0.9220246238030095,0.9386666666666666,0.9276672694394213,0.8440024116003971,0.988472025202764,0.9753962608299135
8,sider,SIDER27,va,104,1366,80,43,0.5375,16,27,24,56,0.7,0.37209302325581395,0.5853658536585366,0.07338434423053145,0.7742728849888056,0.6049418604651162
8,sider,SIDER27,te,104,1366,97,40,0.41237113402061853,17,23,24,73,0.7525773195876289,0.425,0.656934306569343,0.1763095407674212,0.8148032681151647,0.6435567010309278
9,sider,SIDER27,tr,104,1366,751,355,0.47270306258322237,330,25,58,693,0.9227696404793608,0.9295774647887324,0.9249547920433996,0.8338204660814383,0.989677904958963,0.9762063727236924
9,sider,SIDER27,va,104,1366,76,47,0.618421052631579,22,25,15,61,0.8026315789473685,0.46808510638297873,0.6747967479674797,0.2868274165977601,0.7992327980278043,0.6982082866741322
9,sider,SIDER27,te,104,1366,81,56,0.691358024691358,17,39,15,66,0.8148148148148148,0.30357142857142855,0.6058394160583942,0.13755238471649353,0.7256358915407928,0.6384479717813051
10,sider,SIDER27,tr,104,1366,737,369,0.5006784260515604,340,29,61,676,0.9172320217096337,0.9214092140921409,0.918625678119349,0.8225388032884633,0.9898597446818408,0.9778215353388271
10,sider,SIDER27,va,104,1366,84,39,0.4642857142857143,15,24,24,60,0.7142857142857143,0.38461538461538464,0.6097560975609756,0.09890109890109886,0.7980670990370613,0.6248473748473748
10,sider,SIDER27,te,104,1366,87,50,0.5747126436781609,21,29,19,68,0.7816091954022989,0.42,0.6496350364963503,0.21347110693688687,0.7982322895638451,0.7020689655172414
11,sider,SIDER27,tr,104,1366,740,366,0.4945945945945946,338,28,56,684,0.9243243243243243,0.9234972677595629,0.9240506329113924,0.8330532589260876,0.9902838632387273,0.9785389898094816
11,sider,SIDER27,va,104,1366,82,41,0.5,16,25,20,62,0.7560975609756098,0.3902439024390244,0.6341463414634146,0.15161960871578062,0.7949710000689392,0.6534800713860797
11,sider,SIDER27,te,104,1366,86,51,0.5930232558139535,20,31,17,69,0.8023255813953488,0.39215686274509803,0.6496350364963503,0.21174533713351062,0.7163969846002343,0.6545827633378933
12,sider,SIDER27,tr,104,1366,745,361,0.48456375838926175,340,21,61,684,0.9181208053691275,0.9418282548476454,0.9258589511754068,0.8387600149009318,0.9910092442602892,0.9802022718399672
12,sider,SIDER27,va,104,1366,79,44,0.5569620253164557,16,28,18,61,0.7721518987341772,0.36363636363636365,0.6260162601626016,0.14553506791954782,0.8094364458296686,0.6918872266973534
12,sider,SIDER27,te,104,1366,84,53,0.6309523809523809,22,31,19,65,0.7738095238095238,0.41509433962264153,0.635036496350365,0.2009050590974451,0.7400163869182439,0.6291554357592093
13,sider,SIDER27,tr,104,1366,730,376,0.5150684931506849,351,25,57,673,0.9219178082191781,0.9335106382978723,0.9258589511754068,0.8398103987995748,0.9898658115232704,0.9785594578839988
13,sider,SIDER27,va,104,1366,87,36,0.41379310344827586,11,25,24,63,0.7241379310344828,0.3055555555555556,0.6016260162601627,0.029943096752686863,0.8096305446964442,0.6325031928480205
13,sider,SIDER27,te,104,1366,91,46,0.5054945054945055,18,28,26,65,0.7142857142857143,0.391304347826087,0.6058394160583942,0.1067959651182874,0.7291750112843722,0.6032011466794076
14,sider,SIDER27,tr,104,1366,743,363,0.48855989232839836,337,26,59,684,0.9205921938088829,0.928374655647383,0.9231464737793852,0.8314989100585201,0.9891443517471535,0.9766192451864787
14,sider,SIDER27,va,104,1366,80,43,0.5375,16,27,22,58,0.725,0.37209302325581395,0.6016260162601627,0.10019959920240475,0.7215504138018306,0.5755813953488372
14,sider,SIDER27,te,104,1366,85,52,0.611764705882353,23,29,28,57,0.6705882352941176,0.4423076923076923,0.583941605839416,0.1133326639622106,0.6720348154517934,0.5805429864253393
15,sider,SIDER27,tr,104,1366,741,365,0.4925775978407557,336,29,77,664,0.8960863697705803,0.9205479452054794,0.9041591320072333,0.7938556098491756,0.9869796668546368,0.971990830606548
15,sider,SIDER27,va,104,1366,78,45,0.5769230769230769,13,32,18,60,0.7692307692307693,0.28888888888888886,0.5934959349593496,0.06447655851252686,0.7357831598563536,0.6129629629629629
15,sider,SIDER27,te,104,1366,89,48,0.5393258426966292,28,20,28,61,0.6853932584269663,0.5833333333333334,0.6496350364963503,0.2607892846745499,0.7772516893509962,0.6624531835205993
