split,dataset,subtask,set,num_of_retained_feature,num_of_compounds,postives,negtives,negtives/postives,tn,fp,fn,tp,se,sp,acc,mcc,auc_prc,auc_roc
1,sider,SIDER1,tr,509,1366,595,511,0.8588235294117647,511,0,0,595,1.0,1.0,1.0,1.0,1.0,1.0
1,sider,SIDER1,va,509,1366,62,61,0.9838709677419355,33,28,14,48,0.7741935483870968,0.5409836065573771,0.6585365853658537,0.324309572727099,0.7326373450734707,0.7459016393442623
1,sider,SIDER1,te,509,1366,77,60,0.7792207792207793,34,26,12,65,0.8441558441558441,0.5666666666666667,0.7226277372262774,0.43159420849650215,0.775396908633491,0.7573593073593075
2,sider,SIDER1,tr,509,1366,597,509,0.8525963149078727,509,0,0,597,1.0,1.0,1.0,1.0,1.0,1.0
2,sider,SIDER1,va,509,1366,64,59,0.921875,30,29,12,52,0.8125,0.5084745762711864,0.6666666666666666,0.3381578490530044,0.7235995834643109,0.715572033898305
2,sider,SIDER1,te,509,1366,73,64,0.8767123287671232,31,33,18,55,0.7534246575342466,0.484375,0.6277372262773723,0.2475273918616562,0.693190849445016,0.674978595890411
3,sider,SIDER1,tr,509,1366,599,507,0.8464106844741235,507,0,0,599,1.0,1.0,1.0,1.0,1.0,1.0
3,sider,SIDER1,va,509,1366,63,60,0.9523809523809523,34,26,8,55,0.873015873015873,0.5666666666666667,0.7235772357723578,0.46346609093473057,0.7676507902811223,0.7981481481481482
3,sider,SIDER1,te,509,1366,72,65,0.9027777777777778,33,32,15,57,0.7916666666666666,0.5076923076923077,0.656934306569343,0.3133282742776759,0.696299770166648,0.7194444444444443
4,sider,SIDER1,tr,509,1366,601,505,0.8402662229617305,505,0,0,601,1.0,1.0,1.0,1.0,1.0,1.0
4,sider,SIDER1,va,509,1366,65,58,0.8923076923076924,33,25,5,60,0.9230769230769231,0.5689655172413793,0.7560975609756098,0.5315840941573874,0.7969970448278378,0.7840848806366048
4,sider,SIDER1,te,509,1366,68,69,1.0147058823529411,35,34,17,51,0.75,0.5072463768115942,0.6277372262773723,0.26504348521025156,0.7123049590194612,0.7080136402387041
5,sider,SIDER1,tr,509,1366,596,510,0.8557046979865772,510,0,0,596,1.0,1.0,1.0,1.0,1.0,1.0
5,sider,SIDER1,va,509,1366,62,61,0.9838709677419355,28,33,8,54,0.8709677419354839,0.45901639344262296,0.6666666666666666,0.36261264641267354,0.7426554057357787,0.7509254362771021
5,sider,SIDER1,te,509,1366,76,61,0.8026315789473685,23,38,14,62,0.8157894736842105,0.3770491803278688,0.6204379562043796,0.21585640665435302,0.6690595316771684,0.6548748921484038
6,sider,SIDER1,tr,509,1366,609,497,0.8160919540229885,497,0,0,609,1.0,1.0,1.0,1.0,1.0,1.0
6,sider,SIDER1,va,509,1366,61,62,1.0163934426229508,29,33,6,55,0.9016393442622951,0.46774193548387094,0.6829268292682927,0.4093174742690701,0.8257802858620189,0.8104177683765204
6,sider,SIDER1,te,509,1366,64,73,1.140625,29,44,12,52,0.8125,0.3972602739726027,0.5912408759124088,0.22853204913756822,0.6935913520260741,0.685466609589041
7,sider,SIDER1,tr,509,1366,582,524,0.9003436426116839,524,0,0,582,1.0,1.0,1.0,1.0,1.0,1.0
7,sider,SIDER1,va,509,1366,73,50,0.684931506849315,31,19,11,62,0.8493150684931506,0.62,0.7560975609756098,0.4861203211005882,0.8130923062006218,0.7857534246575342
7,sider,SIDER1,te,509,1366,79,58,0.7341772151898734,28,30,14,65,0.8227848101265823,0.4827586206896552,0.6788321167883211,0.32742666558945777,0.7769112068869662,0.7228284591881274
8,sider,SIDER1,tr,509,1366,598,508,0.8494983277591973,508,0,0,598,1.0,1.0,1.0,1.0,1.0,1.0
8,sider,SIDER1,va,509,1366,60,63,1.05,31,32,8,52,0.8666666666666667,0.49206349206349204,0.6747967479674797,0.38533800364978993,0.7511005963276377,0.7783068783068783
8,sider,SIDER1,te,509,1366,76,61,0.8026315789473685,32,29,12,64,0.8421052631578947,0.5245901639344263,0.7007299270072993,0.3903097455513656,0.8125857188873715,0.7828947368421052
9,sider,SIDER1,tr,509,1366,594,512,0.8619528619528619,512,0,0,594,1.0,1.0,1.0,1.0,1.0,1.0
9,sider,SIDER1,va,509,1366,67,56,0.835820895522388,33,23,14,53,0.7910447761194029,0.5892857142857143,0.6991869918699187,0.3897955108256469,0.7186874417806697,0.7156183368869936
9,sider,SIDER1,te,509,1366,73,64,0.8767123287671232,27,37,18,55,0.7534246575342466,0.421875,0.5985401459854015,0.1862225692412666,0.6785221394214314,0.6763698630136987
10,sider,SIDER1,tr,509,1366,598,508,0.8494983277591973,508,0,0,598,1.0,1.0,1.0,1.0,1.0,1.0
10,sider,SIDER1,va,509,1366,70,53,0.7571428571428571,28,25,16,54,0.7714285714285715,0.5283018867924528,0.6666666666666666,0.30965489418549785,0.7439771345600326,0.7055256064690025
10,sider,SIDER1,te,509,1366,66,71,1.0757575757575757,36,35,12,54,0.8181818181818182,0.5070422535211268,0.656934306569343,0.3406184770791742,0.7313851608601425,0.7804097311139565
11,sider,SIDER1,tr,509,1366,602,504,0.8372093023255814,504,0,0,602,1.0,1.0,1.0,1.0,1.0,1.0
11,sider,SIDER1,va,509,1366,64,59,0.921875,26,33,9,55,0.859375,0.4406779661016949,0.6585365853658537,0.33222978014618215,0.707669941347177,0.7000794491525424
11,sider,SIDER1,te,509,1366,68,69,1.0147058823529411,31,38,12,56,0.8235294117647058,0.4492753623188406,0.635036496350365,0.293922486738467,0.7194359752177002,0.7086530264279626
12,sider,SIDER1,tr,509,1366,590,516,0.8745762711864407,516,0,0,590,1.0,1.0,1.0,1.0,1.0,1.0
12,sider,SIDER1,va,509,1366,65,58,0.8923076923076924,30,28,14,51,0.7846153846153846,0.5172413793103449,0.6585365853658537,0.31436320153926056,0.7781344907000232,0.7496021220159151
12,sider,SIDER1,te,509,1366,79,58,0.7341772151898734,36,22,15,64,0.810126582278481,0.6206896551724138,0.7299270072992701,0.4403371145472562,0.8053453238958868,0.7769532955041467
13,sider,SIDER1,tr,509,1366,592,514,0.8682432432432432,514,0,0,592,1.0,1.0,1.0,1.0,1.0,1.0
13,sider,SIDER1,va,509,1366,72,51,0.7083333333333334,33,18,14,58,0.8055555555555556,0.6470588235294118,0.7398373983739838,0.45890623471665576,0.850255643624037,0.8003812636165577
13,sider,SIDER1,te,509,1366,70,67,0.9571428571428572,32,35,14,56,0.8,0.47761194029850745,0.6423357664233577,0.293849496479305,0.6684795352912674,0.697228144989339
14,sider,SIDER1,tr,509,1366,610,496,0.8131147540983606,496,0,0,610,1.0,1.0,1.0,1.0,1.0,1.0
14,sider,SIDER1,va,509,1366,61,62,1.0163934426229508,31,31,7,54,0.8852459016393442,0.5,0.6910569105691057,0.4168670109964666,0.8321418391129922,0.8172924378635642
14,sider,SIDER1,te,509,1366,63,74,1.1746031746031746,32,42,13,50,0.7936507936507936,0.43243243243243246,0.5985401459854015,0.2399132896358469,0.6170142829052148,0.6758901758901759
15,sider,SIDER1,tr,509,1366,593,513,0.8650927487352446,513,0,0,593,1.0,1.0,1.0,1.0,1.0,1.0
15,sider,SIDER1,va,509,1366,65,58,0.8923076923076924,32,26,10,55,0.8461538461538461,0.5517241379310345,0.7073170731707317,0.41884509059313135,0.8040677472757691,0.7993368700265253
15,sider,SIDER1,te,509,1366,76,61,0.8026315789473685,36,25,17,59,0.7763157894736842,0.5901639344262295,0.6934306569343066,0.3739763059102669,0.7682468104869663,0.748274374460742
1,sider,SIDER2,tr,509,1366,762,344,0.45144356955380577,344,0,0,762,1.0,1.0,1.0,1.0,1.0,1.0
1,sider,SIDER2,va,509,1366,82,41,0.5,0,41,2,80,0.975609756097561,0.0,0.6504065040650406,-0.09090909090909034,0.719372867720578,0.5544318857822725
1,sider,SIDER2,te,509,1366,112,25,0.22321428571428573,0,25,0,112,1.0,0.0,0.8175182481751825,0.0,0.8288793354224644,0.5407142857142858
2,sider,SIDER2,tr,509,1366,784,322,0.4107142857142857,322,0,0,784,1.0,1.0,1.0,1.0,1.0,1.0
2,sider,SIDER2,va,509,1366,78,45,0.5769230769230769,0,45,0,78,1.0,0.0,0.6341463414634146,0.0,0.7528628734406495,0.6551282051282051
2,sider,SIDER2,te,509,1366,94,43,0.4574468085106383,1,42,0,94,1.0,0.023255813953488372,0.6934306569343066,0.12678277252461564,0.6740598416755016,0.5243691241959426
3,sider,SIDER2,tr,509,1366,768,338,0.4401041666666667,338,0,0,768,1.0,1.0,1.0,1.0,1.0,1.0
3,sider,SIDER2,va,509,1366,86,37,0.43023255813953487,0,37,0,86,1.0,0.0,0.6991869918699187,0.0,0.7244086268595666,0.5092708988057825
3,sider,SIDER2,te,509,1366,102,35,0.3431372549019608,0,35,0,102,1.0,0.0,0.7445255474452555,0.0,0.7354076135731726,0.5246498599439776
4,sider,SIDER2,tr,509,1366,782,324,0.4143222506393862,0,324,0,782,1.0,0.0,0.7070524412296564,0.0,0.49131068218237595,0.0
4,sider,SIDER2,va,509,1366,87,36,0.41379310344827586,0,36,0,87,1.0,0.0,0.7073170731707317,0.0,0.6378795941664123,0.4061302681992337
4,sider,SIDER2,te,509,1366,87,50,0.5747126436781609,0,50,0,87,1.0,0.0,0.635036496350365,0.0,0.5509417938686898,0.337816091954023
5,sider,SIDER2,tr,509,1366,770,336,0.43636363636363634,336,0,0,770,1.0,1.0,1.0,1.0,1.0,1.0
5,sider,SIDER2,va,509,1366,90,33,0.36666666666666664,0,33,1,89,0.9888888888888889,0.0,0.7235772357723578,-0.05482211671282161,0.8092219704259793,0.6121212121212121
5,sider,SIDER2,te,509,1366,96,41,0.4270833333333333,0,41,0,96,1.0,0.0,0.7007299270072993,0.0,0.7687359441390387,0.604420731707317
6,sider,SIDER2,tr,509,1366,793,313,0.39470365699873894,313,0,0,793,1.0,1.0,1.0,1.0,0.9999999999999999,1.0
6,sider,SIDER2,va,509,1366,79,44,0.5569620253164557,1,43,1,78,0.9873417721518988,0.022727272727272728,0.6422764227642277,0.03816106420643633,0.7086209779440087,0.5759493670886077
6,sider,SIDER2,te,509,1366,84,53,0.6309523809523809,0,53,0,84,1.0,0.0,0.6131386861313869,0.0,0.7831770011400403,0.7232704402515724
7,sider,SIDER2,tr,509,1366,766,340,0.44386422976501305,340,0,0,766,1.0,1.0,1.0,1.0,1.0,1.0
7,sider,SIDER2,va,509,1366,91,32,0.3516483516483517,0,32,0,91,1.0,0.0,0.7398373983739838,0.0,0.774148411599119,0.5396634615384616
7,sider,SIDER2,te,509,1366,99,38,0.3838383838383838,0,38,0,99,1.0,0.0,0.7226277372262774,0.0,0.8250376558238457,0.6664008506113768
8,sider,SIDER2,tr,509,1366,784,322,0.4107142857142857,322,0,0,784,1.0,1.0,1.0,1.0,1.0,1.0
8,sider,SIDER2,va,509,1366,74,49,0.6621621621621622,0,49,0,74,1.0,0.0,0.6016260162601627,0.0,0.6850671480086489,0.6097628240485383
8,sider,SIDER2,te,509,1366,98,39,0.3979591836734694,0,39,0,98,1.0,0.0,0.7153284671532847,0.0,0.7336619385178107,0.5170068027210883
9,sider,SIDER2,tr,509,1366,785,321,0.4089171974522293,321,0,0,785,1.0,1.0,1.0,1.0,1.0,1.0
9,sider,SIDER2,va,509,1366,77,46,0.5974025974025974,0,46,0,77,1.0,0.0,0.6260162601626016,0.0,0.7118593079785076,0.6665725578769057
9,sider,SIDER2,te,509,1366,94,43,0.4574468085106383,0,43,0,94,1.0,0.0,0.6861313868613139,0.0,0.7031521169854575,0.5091538842157348
10,sider,SIDER2,tr,509,1366,764,342,0.4476439790575916,342,0,0,764,1.0,1.0,1.0,1.0,1.0,1.0
10,sider,SIDER2,va,509,1366,95,28,0.29473684210526313,0,28,0,95,1.0,0.0,0.7723577235772358,0.0,0.8144165948804606,0.6219924812030075
10,sider,SIDER2,te,509,1366,97,40,0.41237113402061853,1,39,0,97,1.0,0.025,0.7153284671532847,0.13353232699590328,0.6922615509203587,0.5006443298969072
11,sider,SIDER2,tr,509,1366,784,322,0.4107142857142857,322,0,0,784,1.0,1.0,1.0,1.0,1.0,1.0
11,sider,SIDER2,va,509,1366,85,38,0.4470588235294118,0,38,0,85,1.0,0.0,0.6910569105691057,0.0,0.7928600494597922,0.6476780185758514
11,sider,SIDER2,te,509,1366,87,50,0.5747126436781609,0,50,1,86,0.9885057471264368,0.0,0.6277372262773723,-0.06500637093654242,0.708365134497296,0.5770114942528736
12,sider,SIDER2,tr,509,1366,773,333,0.4307891332470893,333,0,0,773,1.0,1.0,1.0,1.0,1.0,1.0
12,sider,SIDER2,va,509,1366,87,36,0.41379310344827586,0,36,0,87,1.0,0.0,0.7073170731707317,0.0,0.7991448216167418,0.6040868454661559
12,sider,SIDER2,te,509,1366,96,41,0.4270833333333333,0,41,0,96,1.0,0.0,0.7007299270072993,0.0,0.696840136199852,0.5235010162601625
13,sider,SIDER2,tr,509,1366,769,337,0.43823146944083224,0,337,0,769,1.0,0.0,0.6952983725135624,0.0,1.0,1.0
13,sider,SIDER2,va,509,1366,92,31,0.33695652173913043,0,31,0,92,1.0,0.0,0.7479674796747967,0.0,0.8006315832675472,0.6463884992987378
13,sider,SIDER2,te,509,1366,95,42,0.4421052631578947,0,42,0,95,1.0,0.0,0.6934306569343066,0.0,0.7576283975841802,0.6030075187969924
14,sider,SIDER2,tr,509,1366,773,333,0.4307891332470893,333,0,0,773,1.0,1.0,1.0,1.0,1.0,1.0
14,sider,SIDER2,va,509,1366,83,40,0.4819277108433735,1,39,1,82,0.9879518072289156,0.025,0.6747967479674797,0.04797243142721353,0.7410367566530185,0.5498493975903614
14,sider,SIDER2,te,509,1366,100,37,0.37,0,37,0,100,1.0,0.0,0.7299270072992701,0.0,0.7736518061498491,0.5548648648648649
15,sider,SIDER2,tr,509,1366,782,324,0.4143222506393862,324,0,0,782,1.0,1.0,1.0,1.0,0.9999999999999999,1.0
15,sider,SIDER2,va,509,1366,81,42,0.5185185185185185,0,42,1,80,0.9876543209876543,0.0,0.6504065040650406,-0.06519318822649568,0.7471743047817263,0.6563786008230452
15,sider,SIDER2,te,509,1366,93,44,0.4731182795698925,1,43,0,93,1.0,0.022727272727272728,0.6861313868613139,0.12466532737801277,0.7807295772063823,0.6014173998044966
1,sider,SIDER3,tr,509,1366,16,1090,68.125,1087,3,16,0,0.0,0.9972477064220183,0.9828209764918626,-0.0063185818186670545,0.007268270473839944,0.0
1,sider,SIDER3,va,509,1366,3,120,40.0,120,0,3,0,0.0,1.0,0.975609756097561,0.0,0.01596290270630876,0.2888888888888889
1,sider,SIDER3,te,509,1366,2,135,67.5,135,0,2,0,0.0,1.0,0.9854014598540146,0.0,0.010293379706533776,0.32592592592592595
2,sider,SIDER3,tr,509,1366,15,1091,72.73333333333333,1091,0,15,0,0.0,1.0,0.9864376130198915,0.0,0.006811922286932726,0.0
2,sider,SIDER3,va,509,1366,2,121,60.5,121,0,2,0,0.0,1.0,0.983739837398374,0.0,0.011582373605678691,0.32644628099173556
2,sider,SIDER3,te,509,1366,4,133,33.25,133,0,4,0,0.0,1.0,0.9708029197080292,0.0,0.07902482449414598,0.38533834586466165
3,sider,SIDER3,tr,509,1366,16,1090,68.125,1090,0,16,0,0.0,1.0,0.9855334538878843,0.0,0.007268270473839944,0.0
3,sider,SIDER3,va,509,1366,3,120,40.0,120,0,3,0,0.0,1.0,0.975609756097561,0.0,0.022128725315970512,0.4805555555555555
3,sider,SIDER3,te,509,1366,2,135,67.5,135,0,2,0,0.0,1.0,0.9854014598540146,0.0,0.5139762403913347,0.8074074074074074
4,sider,SIDER3,tr,509,1366,18,1088,60.44444444444444,1088,0,18,0,0.0,1.0,0.9837251356238698,0.0,0.008181802787066834,0.0
4,sider,SIDER3,va,509,1366,1,122,122.0,122,0,1,0,0.0,1.0,0.991869918699187,0.0,0.013157894736842105,0.6967213114754098
4,sider,SIDER3,te,509,1366,2,135,67.5,135,0,2,0,0.0,1.0,0.9854014598540146,0.0,0.02249576065891473,0.47777777777777775
5,sider,SIDER3,tr,509,1366,17,1089,64.05882352941177,1089,0,17,0,0.0,1.0,0.984629294755877,0.0,0.007724897179502817,0.0
5,sider,SIDER3,va,509,1366,1,122,122.0,122,0,1,0,0.0,1.0,0.991869918699187,0.0,0.005319148936170213,0.23770491803278693
5,sider,SIDER3,te,509,1366,3,134,44.666666666666664,134,0,3,0,0.0,1.0,0.9781021897810219,0.0,0.35375242408906094,0.654228855721393
6,sider,SIDER3,tr,509,1366,15,1091,72.73333333333333,1091,0,15,0,0.0,1.0,0.9864376130198915,0.0,0.006811922286932726,0.0
6,sider,SIDER3,va,509,1366,2,121,60.5,121,0,2,0,0.0,1.0,0.983739837398374,0.0,0.011582373605678691,0.32644628099173556
6,sider,SIDER3,te,509,1366,4,133,33.25,133,0,4,0,0.0,1.0,0.9708029197080292,0.0,0.07902482449414598,0.38533834586466165
7,sider,SIDER3,tr,509,1366,18,1088,60.44444444444444,1088,0,18,0,0.0,1.0,0.9837251356238698,0.0,0.008181802787066834,0.0
7,sider,SIDER3,va,509,1366,2,121,60.5,119,2,2,0,0.0,0.9834710743801653,0.967479674796748,-0.0165289256198333,0.024756452429149797,0.6652892561983471
7,sider,SIDER3,te,509,1366,1,136,136.0,136,0,1,0,0.0,1.0,0.9927007299270073,0.0,0.025,0.8602941176470589
8,sider,SIDER3,tr,509,1366,17,1089,64.05882352941177,1089,0,17,0,0.0,1.0,0.984629294755877,0.0,0.007724897179502817,0.0
8,sider,SIDER3,va,509,1366,1,122,122.0,122,0,1,0,0.0,1.0,0.991869918699187,0.0,0.007692307692307693,0.47540983606557374
8,sider,SIDER3,te,509,1366,3,134,44.666666666666664,134,0,3,0,0.0,1.0,0.9781021897810219,0.0,0.3485683818653162,0.5820895522388059
9,sider,SIDER3,tr,509,1366,18,1088,60.44444444444444,1088,0,18,0,0.0,1.0,0.9837251356238698,0.0,0.008181802787066834,0.0
9,sider,SIDER3,va,509,1366,1,122,122.0,122,0,1,0,0.0,1.0,0.991869918699187,0.0,0.008064516129032258,0.5
9,sider,SIDER3,te,509,1366,2,135,67.5,135,0,2,0,0.0,1.0,0.9854014598540146,0.0,1.0,1.0
10,sider,SIDER3,tr,509,1366,18,1088,60.44444444444444,1088,0,18,0,0.0,1.0,0.9837251356238698,0.0,0.008181802787066834,0.0
10,sider,SIDER3,va,509,1366,2,121,60.5,121,0,2,0,0.0,1.0,0.983739837398374,0.0,0.5066569216182049,0.5413223140495868
10,sider,SIDER3,te,509,1366,1,136,136.0,136,0,1,0,0.0,1.0,0.9927007299270073,0.0,0.007352941176470588,0.5073529411764706
11,sider,SIDER3,tr,509,1366,18,1088,60.44444444444444,1088,0,18,0,0.0,1.0,0.9837251356238698,0.0,0.008181802787066834,0.0
11,sider,SIDER3,va,509,1366,1,122,122.0,122,0,1,0,0.0,1.0,0.991869918699187,0.0,0.004545454545454545,0.10655737704918034
11,sider,SIDER3,te,509,1366,2,135,67.5,135,0,2,0,0.0,1.0,0.9854014598540146,0.0,0.5086541031809677,0.6851851851851851
12,sider,SIDER3,tr,509,1366,15,1091,72.73333333333333,1091,0,15,0,0.0,1.0,0.9864376130198915,0.0,0.006811922286932726,0.0
12,sider,SIDER3,va,509,1366,2,121,60.5,121,0,2,0,0.0,1.0,0.983739837398374,0.0,0.011582373605678691,0.32644628099173556
12,sider,SIDER3,te,509,1366,4,133,33.25,133,0,4,0,0.0,1.0,0.9708029197080292,0.0,0.07902482449414598,0.38533834586466165
13,sider,SIDER3,tr,509,1366,17,1089,64.05882352941177,1089,0,17,0,0.0,1.0,0.984629294755877,0.0,0.007724897179502817,0.0
13,sider,SIDER3,va,509,1366,2,121,60.5,121,0,2,0,0.0,1.0,0.983739837398374,0.0,0.009913003663003664,0.2024793388429752
13,sider,SIDER3,te,509,1366,2,135,67.5,135,0,2,0,0.0,1.0,0.9854014598540146,0.0,0.025673486786018756,0.737037037037037
14,sider,SIDER3,tr,509,1366,15,1091,72.73333333333333,1091,0,15,0,0.0,1.0,0.9864376130198915,0.0,0.006811922286932726,0.0
14,sider,SIDER3,va,509,1366,3,120,40.0,120,0,3,0,0.0,1.0,0.975609756097561,0.0,0.02279842130075912,0.5111111111111111
14,sider,SIDER3,te,509,1366,3,134,44.666666666666664,134,0,3,0,0.0,1.0,0.9781021897810219,0.0,0.013496389421931916,0.23383084577114427
15,sider,SIDER3,tr,509,1366,13,1093,84.07692307692308,1093,0,13,0,0.0,1.0,0.9882459312839059,0.0,0.005900059941010102,0.0
15,sider,SIDER3,va,509,1366,2,121,60.5,121,0,2,0,0.0,1.0,0.983739837398374,0.0,0.01170316211651178,0.3388429752066116
15,sider,SIDER3,te,509,1366,6,131,21.833333333333332,131,0,6,0,0.0,1.0,0.9562043795620438,0.0,0.09605785285435328,0.5356234096692112
1,sider,SIDER4,tr,509,1366,670,436,0.6507462686567164,436,0,0,670,1.0,1.0,1.0,1.0,1.0,1.0
1,sider,SIDER4,va,509,1366,84,39,0.4642857142857143,14,25,6,78,0.9285714285714286,0.358974358974359,0.7479674796747967,0.36261465001018034,0.84212504751866,0.7535103785103786
1,sider,SIDER4,te,509,1366,99,38,0.3838383838383838,8,30,12,87,0.8787878787878788,0.21052631578947367,0.6934306569343066,0.11324576061948852,0.8542229252649309,0.6847421584263689
2,sider,SIDER4,tr,509,1366,704,402,0.5710227272727273,402,0,0,704,1.0,1.0,1.0,1.0,1.0,1.0
2,sider,SIDER4,va,509,1366,71,52,0.7323943661971831,17,35,7,64,0.9014084507042254,0.3269230769230769,0.6585365853658537,0.28462530584323203,0.7432659031779066,0.7107258938244854
2,sider,SIDER4,te,509,1366,78,59,0.7564102564102564,13,46,4,74,0.9487179487179487,0.22033898305084745,0.635036496350365,0.25391666545955516,0.6629162089817273,0.663407214254672
3,sider,SIDER4,tr,509,1366,695,411,0.5913669064748202,411,0,0,695,1.0,1.0,1.0,1.0,1.0,1.0
3,sider,SIDER4,va,509,1366,68,55,0.8088235294117647,19,36,6,62,0.9117647058823529,0.34545454545454546,0.6585365853658537,0.31780170931463614,0.7212581627342542,0.743048128342246
3,sider,SIDER4,te,509,1366,90,47,0.5222222222222223,10,37,9,81,0.9,0.2127659574468085,0.6642335766423357,0.15489250063785584,0.7571120106573586,0.649645390070922
4,sider,SIDER4,tr,509,1366,690,416,0.6028985507246377,416,0,0,690,1.0,1.0,1.0,1.0,1.0,1.0
4,sider,SIDER4,va,509,1366,77,46,0.5974025974025974,12,34,13,64,0.8311688311688312,0.2608695652173913,0.6178861788617886,0.11066499773292347,0.7337300014775234,0.6445511010728402
4,sider,SIDER4,te,509,1366,86,51,0.5930232558139535,10,41,5,81,0.9418604651162791,0.19607843137254902,0.6642335766423357,0.2135480038120208,0.7982535720404289,0.7136342909256725
5,sider,SIDER4,tr,509,1366,685,421,0.6145985401459854,421,0,0,685,1.0,1.0,1.0,1.0,1.0,1.0
5,sider,SIDER4,va,509,1366,72,51,0.7083333333333334,12,39,8,64,0.8888888888888888,0.23529411764705882,0.6178861788617886,0.16579823242114716,0.692342226317602,0.6451525054466232
5,sider,SIDER4,te,509,1366,96,41,0.4270833333333333,9,32,9,87,0.90625,0.21951219512195122,0.7007299270072993,0.1704778347763448,0.7909972452709519,0.6402439024390243
6,sider,SIDER4,tr,509,1366,694,412,0.5936599423631124,412,0,0,694,1.0,1.0,1.0,1.0,1.0,1.0
6,sider,SIDER4,va,509,1366,74,49,0.6621621621621622,14,35,9,65,0.8783783783783784,0.2857142857142857,0.6422764227642277,0.2060341203645807,0.7873763937089379,0.7002206287920575
6,sider,SIDER4,te,509,1366,85,52,0.611764705882353,12,40,5,80,0.9411764705882353,0.23076923076923078,0.6715328467153284,0.2530972193970272,0.7642388085992957,0.7152714932126697
7,sider,SIDER4,tr,509,1366,697,409,0.5868005738880918,409,0,0,697,1.0,1.0,1.0,1.0,1.0,1.0
7,sider,SIDER4,va,509,1366,75,48,0.64,11,37,5,70,0.9333333333333333,0.22916666666666666,0.6585365853658537,0.2356420192048803,0.7350552575105012,0.6694444444444444
7,sider,SIDER4,te,509,1366,81,56,0.691358024691358,12,44,6,75,0.9259259259259259,0.21428571428571427,0.635036496350365,0.20403790677659747,0.7901871149815815,0.7137345679012346
8,sider,SIDER4,tr,509,1366,688,418,0.6075581395348837,418,0,0,688,1.0,1.0,1.0,1.0,1.0,1.0
8,sider,SIDER4,va,509,1366,74,49,0.6621621621621622,12,37,8,66,0.8918918918918919,0.24489795918367346,0.6341463414634146,0.18148225478723903,0.7531852480963298,0.6803640375068947
8,sider,SIDER4,te,509,1366,91,46,0.5054945054945055,12,34,3,88,0.967032967032967,0.2608695652173913,0.7299270072992701,0.3446856616354557,0.8211998212924432,0.7431915910176781
9,sider,SIDER4,tr,509,1366,701,405,0.5777460770328102,405,0,0,701,1.0,1.0,1.0,1.0,1.0,1.0
9,sider,SIDER4,va,509,1366,73,50,0.684931506849315,16,34,8,65,0.8904109589041096,0.32,0.6585365853658537,0.26079038149463285,0.7481996171693764,0.7312328767123288
9,sider,SIDER4,te,509,1366,79,58,0.7341772151898734,16,42,8,71,0.8987341772151899,0.27586206896551724,0.635036496350365,0.22694342347253796,0.7134226969791,0.6850720209515495
10,sider,SIDER4,tr,509,1366,690,416,0.6028985507246377,416,0,0,690,1.0,1.0,1.0,1.0,1.0,1.0
10,sider,SIDER4,va,509,1366,79,44,0.5569620253164557,9,35,9,70,0.8860759493670886,0.20454545454545456,0.6422764227642277,0.1228965716314217,0.7876685963882059,0.6700230149597238
10,sider,SIDER4,te,509,1366,84,53,0.6309523809523809,8,45,6,78,0.9285714285714286,0.1509433962264151,0.6277372262773723,0.1278524664659944,0.6646543823293982,0.5910826594788858
11,sider,SIDER4,tr,509,1366,688,418,0.6075581395348837,418,0,0,688,1.0,1.0,1.0,1.0,1.0,1.0
11,sider,SIDER4,va,509,1366,70,53,0.7571428571428571,15,38,10,60,0.8571428571428571,0.2830188679245283,0.6097560975609756,0.17247785665038382,0.6836920046069619,0.6590296495956873
11,sider,SIDER4,te,509,1366,95,42,0.4421052631578947,14,28,10,85,0.8947368421052632,0.3333333333333333,0.7226277372262774,0.27663689531048025,0.792440163196849,0.6887218045112782
12,sider,SIDER4,tr,509,1366,704,402,0.5710227272727273,402,0,0,704,1.0,1.0,1.0,1.0,1.0,1.0
12,sider,SIDER4,va,509,1366,70,53,0.7571428571428571,11,42,9,61,0.8714285714285714,0.20754716981132076,0.5853658536585366,0.10598564700245189,0.6722709262224975,0.6460916442048518
12,sider,SIDER4,te,509,1366,79,58,0.7341772151898734,21,37,4,75,0.9493670886075949,0.3620689655172414,0.7007299270072993,0.3983982435220805,0.6649694889039479,0.6663029244871236
13,sider,SIDER4,tr,509,1366,685,421,0.6145985401459854,421,0,0,685,1.0,1.0,1.0,1.0,1.0,1.0
13,sider,SIDER4,va,509,1366,82,41,0.5,14,27,9,73,0.8902439024390244,0.34146341463414637,0.7073170731707317,0.2801397166943044,0.7872491066677596,0.6585365853658537
13,sider,SIDER4,te,509,1366,86,51,0.5930232558139535,11,40,9,77,0.8953488372093024,0.21568627450980393,0.6423357664233577,0.15201509625776782,0.766295969053185,0.6660966712266302
14,sider,SIDER4,tr,509,1366,677,429,0.6336779911373708,429,0,0,677,1.0,1.0,1.0,1.0,1.0,1.0
14,sider,SIDER4,va,509,1366,84,39,0.4642857142857143,10,29,9,75,0.8928571428571429,0.2564102564102564,0.6910569105691057,0.19219560064624874,0.8239117716677428,0.6898656898656899
14,sider,SIDER4,te,509,1366,92,45,0.4891304347826087,9,36,5,87,0.9456521739130435,0.2,0.7007299270072993,0.22583984549400393,0.8438091441509294,0.7176328502415458
15,sider,SIDER4,tr,509,1366,693,413,0.5959595959595959,413,0,0,693,1.0,1.0,1.0,1.0,1.0,1.0
15,sider,SIDER4,va,509,1366,71,52,0.7323943661971831,9,43,6,65,0.9154929577464789,0.17307692307692307,0.6016260162601627,0.13370861775705212,0.7294871247788952,0.6316359696641387
15,sider,SIDER4,te,509,1366,89,48,0.5393258426966292,12,36,7,82,0.9213483146067416,0.25,0.6861313868613139,0.23652532882127425,0.815930066700904,0.7324438202247191
1,sider,SIDER5,tr,509,1366,893,213,0.23852183650615902,9,204,2,891,0.9977603583426652,0.04225352112676056,0.8137432188065099,0.1590093962573135,0.9881240311900481,0.9487826548691175
1,sider,SIDER5,va,509,1366,93,30,0.3225806451612903,2,28,0,93,1.0,0.06666666666666667,0.7723577235772358,0.22636181087252075,0.8471411194709066,0.6297491039426524
1,sider,SIDER5,te,509,1366,121,16,0.1322314049586777,0,16,1,120,0.9917355371900827,0.0,0.8759124087591241,-0.031181560935001015,0.9379661507885324,0.7252066115702479
2,sider,SIDER5,tr,509,1366,899,207,0.23025583982202447,2,205,0,899,1.0,0.00966183574879227,0.8146473779385172,0.08870030930907508,0.9897803213805945,0.9544904966871403
2,sider,SIDER5,va,509,1366,101,22,0.21782178217821782,0,22,0,101,1.0,0.0,0.8211382113821138,0.0,0.9064738048904235,0.6701170117011701
2,sider,SIDER5,te,509,1366,107,30,0.2803738317757009,0,30,0,107,1.0,0.0,0.781021897810219,0.0,0.8942491286268803,0.7009345794392523
3,sider,SIDER5,tr,509,1366,898,208,0.23162583518930957,10,198,6,892,0.9933184855233853,0.04807692307692308,0.8155515370705244,0.1354717588163234,0.9898633752478774,0.9531651533321912
3,sider,SIDER5,va,509,1366,98,25,0.25510204081632654,0,25,1,97,0.9897959183673469,0.0,0.7886178861788617,-0.04572745711889065,0.8807292845227126,0.6599999999999999
3,sider,SIDER5,te,509,1366,111,26,0.23423423423423423,1,25,3,108,0.972972972972973,0.038461538461538464,0.7956204379562044,0.02663237886521671,0.8814618336964749,0.6358281358281358
4,sider,SIDER5,tr,509,1366,909,197,0.21672167216721672,1,196,0,909,1.0,0.005076142131979695,0.8227848101265823,0.06462010948767173,0.9896523287724034,0.9509027044836461
4,sider,SIDER5,va,509,1366,92,31,0.33695652173913043,0,31,0,92,1.0,0.0,0.7479674796747967,0.0,0.8967374383137529,0.7352734922861149
4,sider,SIDER5,te,509,1366,106,31,0.29245283018867924,0,31,0,106,1.0,0.0,0.7737226277372263,0.0,0.8599227648230495,0.7203286670724285
5,sider,SIDER5,tr,509,1366,889,217,0.2440944881889764,1,216,0,889,1.0,0.004608294930875576,0.8047016274864376,0.06088914482863379,0.9876130261957636,0.9490754899877146
5,sider,SIDER5,va,509,1366,105,18,0.17142857142857143,1,17,0,105,1.0,0.05555555555555555,0.8617886178861789,0.21866460081657285,0.9450616344614664,0.760846560846561
5,sider,SIDER5,te,509,1366,113,24,0.21238938053097345,0,24,0,113,1.0,0.0,0.8248175182481752,0.0,0.8578690623773582,0.5678466076696165
6,sider,SIDER5,tr,509,1366,906,200,0.22075055187637968,0,200,0,906,1.0,0.0,0.8191681735985533,0.0,0.9887382136144368,0.9483774834437085
6,sider,SIDER5,va,509,1366,94,29,0.30851063829787234,0,29,0,94,1.0,0.0,0.7642276422764228,0.0,0.9291769843819367,0.8088774761555393
6,sider,SIDER5,te,509,1366,107,30,0.2803738317757009,0,30,0,107,1.0,0.0,0.781021897810219,0.0,0.8629757399367137,0.6080996884735201
7,sider,SIDER5,tr,509,1366,898,208,0.23162583518930957,1,207,0,898,1.0,0.004807692307692308,0.8128390596745028,0.06250652593844773,0.9896961269794456,0.9545464279595681
7,sider,SIDER5,va,509,1366,100,23,0.23,1,22,0,100,1.0,0.043478260869565216,0.8211382113821138,0.1887800803727554,0.915101651950549,0.7178260869565217
7,sider,SIDER5,te,509,1366,109,28,0.25688073394495414,0,28,0,109,1.0,0.0,0.7956204379562044,0.0,0.8470923191046906,0.6382699868938401
8,sider,SIDER5,tr,509,1366,898,208,0.23162583518930957,1,207,0,898,1.0,0.004807692307692308,0.8128390596745028,0.06250652593844773,0.9890592576745981,0.9522764262463594
8,sider,SIDER5,va,509,1366,92,31,0.33695652173913043,0,31,0,92,1.0,0.0,0.7479674796747967,0.0,0.8717951146442267,0.7082748948106592
8,sider,SIDER5,te,509,1366,117,20,0.17094017094017094,0,20,0,117,1.0,0.0,0.8540145985401459,0.0,0.92193157780018,0.7055555555555556
9,sider,SIDER5,tr,509,1366,902,204,0.2261640798226164,0,204,2,900,0.9977827050997783,0.0,0.8137432188065099,-0.020241480576048212,0.9896797495006555,0.952790096082779
9,sider,SIDER5,va,509,1366,92,31,0.33695652173913043,0,31,0,92,1.0,0.0,0.7479674796747967,0.0,0.8052295088681121,0.6598877980364657
9,sider,SIDER5,te,509,1366,113,24,0.21238938053097345,0,24,0,113,1.0,0.0,0.8248175182481752,0.0,0.8622425695047806,0.6238938053097346
10,sider,SIDER5,tr,509,1366,902,204,0.2261640798226164,0,204,0,902,1.0,0.0,0.8155515370705244,0.0,0.9886377318866293,0.9497576192339464
10,sider,SIDER5,va,509,1366,99,24,0.24242424242424243,0,24,0,99,1.0,0.0,0.8048780487804879,0.0,0.9158165871290543,0.7352693602693603
10,sider,SIDER5,te,509,1366,106,31,0.29245283018867924,1,30,0,106,1.0,0.03225806451612903,0.781021897810219,0.158563283866448,0.9163977041285728,0.7595861229458307
11,sider,SIDER5,tr,509,1366,893,213,0.23852183650615902,2,211,0,893,1.0,0.009389671361502348,0.8092224231464737,0.08714979881106678,0.9879849342224307,0.948509271380429
11,sider,SIDER5,va,509,1366,100,23,0.23,0,23,0,100,1.0,0.0,0.8130081300813008,0.0,0.8818509496261151,0.6247826086956523
11,sider,SIDER5,te,509,1366,114,23,0.20175438596491227,0,23,0,114,1.0,0.0,0.8321167883211679,0.0,0.9275349273082587,0.7494279176201373
12,sider,SIDER5,tr,509,1366,901,205,0.22752497225305215,5,200,1,900,0.9988901220865705,0.024390243902439025,0.8182640144665461,0.12315644999210437,0.9893899043382591,0.953155030995371
12,sider,SIDER5,va,509,1366,98,25,0.25510204081632654,2,23,0,98,1.0,0.08,0.8130081300813008,0.2545454545454524,0.9019571813017921,0.6987755102040817
12,sider,SIDER5,te,509,1366,108,29,0.26851851851851855,1,28,0,108,1.0,0.034482758620689655,0.7956204379562044,0.16547920455440554,0.8057788262508929,0.5881226053639846
13,sider,SIDER5,tr,509,1366,893,213,0.23852183650615902,4,209,1,892,0.9988801791713325,0.018779342723004695,0.810126582278481,0.1038044115928415,0.9857206485857202,0.9406600108301921
13,sider,SIDER5,va,509,1366,104,19,0.18269230769230768,1,18,0,104,1.0,0.05263157894736842,0.8536585365853658,0.21181658108067375,0.9358305894569651,0.7272267206477733
13,sider,SIDER5,te,509,1366,110,27,0.24545454545454545,1,26,0,110,1.0,0.037037037037037035,0.8102189781021898,0.17307925067797642,0.8555330252382395,0.6525252525252525
14,sider,SIDER5,tr,509,1366,896,210,0.234375,10,200,2,894,0.9977678571428571,0.047619047619047616,0.8173598553345389,0.17182839538591352,0.9885542343260159,0.9500956632653061
14,sider,SIDER5,va,509,1366,100,23,0.23,0,23,1,99,0.99,0.0,0.8048780487804879,-0.04341941848573374,0.8824972315009266,0.6856521739130435
14,sider,SIDER5,te,509,1366,111,26,0.23423423423423423,1,25,0,111,1.0,0.038461538461538464,0.8175182481751825,0.1771761911627274,0.8749308039454732,0.6271656271656271
15,sider,SIDER5,tr,509,1366,894,212,0.2371364653243848,6,206,0,894,1.0,0.02830188679245283,0.8137432188065099,0.15166316383969514,0.9890550271920946,0.951474188510405
15,sider,SIDER5,va,509,1366,99,24,0.24242424242424243,0,24,0,99,1.0,0.0,0.8048780487804879,0.0,0.8819416480216047,0.678030303030303
15,sider,SIDER5,te,509,1366,114,23,0.20175438596491227,1,22,2,112,0.9824561403508771,0.043478260869565216,0.8248175182481752,0.06623378019771162,0.9392291842086655,0.7490465293668955
1,sider,SIDER6,tr,509,1366,777,329,0.42342342342342343,329,0,0,777,1.0,1.0,1.0,1.0,1.0,1.0
1,sider,SIDER6,va,509,1366,80,43,0.5375,2,41,3,77,0.9625,0.046511627906976744,0.6422764227642277,0.021759878532666557,0.8205756861802063,0.7029069767441861
1,sider,SIDER6,te,509,1366,105,32,0.3047619047619048,4,28,5,100,0.9523809523809523,0.125,0.7591240875912408,0.13215313487844704,0.782669297862983,0.5776785714285714
2,sider,SIDER6,tr,509,1366,784,322,0.4107142857142857,10,312,0,784,1.0,0.031055900621118012,0.7179023508137432,0.14904754203732812,1.0,1.0
2,sider,SIDER6,va,509,1366,84,39,0.4642857142857143,2,37,1,83,0.9880952380952381,0.05128205128205128,0.6910569105691057,0.11878634332361292,0.8067957290079008,0.6712454212454213
2,sider,SIDER6,te,509,1366,94,43,0.4574468085106383,2,41,1,93,0.9893617021276596,0.046511627906976744,0.6934306569343066,0.11375141850323492,0.8142127041364444,0.6840672934190996
3,sider,SIDER6,tr,509,1366,777,329,0.42342342342342343,23,306,0,777,1.0,0.06990881458966565,0.7233273056057866,0.22395576691978694,1.0,1.0
3,sider,SIDER6,va,509,1366,87,36,0.41379310344827586,3,33,6,81,0.9310344827586207,0.08333333333333333,0.6829268292682927,0.025103134713699043,0.7802446897751375,0.6286717752234993
3,sider,SIDER6,te,509,1366,98,39,0.3979591836734694,6,33,3,95,0.9693877551020408,0.15384615384615385,0.7372262773722628,0.22446535845891652,0.8033839581410508,0.653846153846154
4,sider,SIDER6,tr,509,1366,790,316,0.4,7,309,0,790,1.0,0.022151898734177215,0.720614828209765,0.1261886162812672,1.0,1.0
4,sider,SIDER6,va,509,1366,80,43,0.5375,2,41,1,79,0.9875,0.046511627906976744,0.6585365853658537,0.10513695387335203,0.7941067042366379,0.7267441860465117
4,sider,SIDER6,te,509,1366,92,45,0.4891304347826087,1,44,0,92,1.0,0.022222222222222223,0.6788321167883211,0.12260782902637916,0.7549737442988832,0.6393719806763284
5,sider,SIDER6,tr,509,1366,769,337,0.43823146944083224,337,0,0,769,1.0,1.0,1.0,1.0,1.0,1.0
5,sider,SIDER6,va,509,1366,95,28,0.29473684210526313,4,24,1,94,0.9894736842105263,0.14285714285714285,0.7967479674796748,0.28098027896241284,0.8983230544956644,0.7120300751879699
5,sider,SIDER6,te,509,1366,98,39,0.3979591836734694,3,36,2,96,0.9795918367346939,0.07692307692307693,0.7226277372262774,0.1359992276608999,0.8355391863148696,0.7022501308215594
6,sider,SIDER6,tr,509,1366,785,321,0.4089171974522293,17,304,0,785,1.0,0.0529595015576324,0.7251356238698011,0.19538572601623702,1.0,1.0
6,sider,SIDER6,va,509,1366,82,41,0.5,1,40,1,81,0.9878048780487805,0.024390243902439025,0.6666666666666666,0.04545454545454517,0.8298553064111603,0.6891731112433075
6,sider,SIDER6,te,509,1366,95,42,0.4421052631578947,1,41,2,93,0.9789473684210527,0.023809523809523808,0.6861313868613139,0.008685467724474441,0.7366621187487832,0.5839598997493733
7,sider,SIDER6,tr,509,1366,777,329,0.42342342342342343,5,324,0,777,1.0,0.015197568389057751,0.7070524412296564,0.10356282844403962,1.0,1.0
7,sider,SIDER6,va,509,1366,88,35,0.3977272727272727,1,34,0,88,1.0,0.02857142857142857,0.7235772357723578,0.14355799976811928,0.7873916218012625,0.6405844155844156
7,sider,SIDER6,te,509,1366,97,40,0.41237113402061853,1,39,1,96,0.9896907216494846,0.025,0.708029197080292,0.055689986267251905,0.7824190561354144,0.6701030927835052
8,sider,SIDER6,tr,509,1366,775,331,0.4270967741935484,1,330,0,775,1.0,0.0030211480362537764,0.701627486437613,0.04603156233834791,1.0,1.0
8,sider,SIDER6,va,509,1366,88,35,0.3977272727272727,0,35,0,88,1.0,0.0,0.7154471544715447,0.0,0.8019395867644274,0.6344155844155844
8,sider,SIDER6,te,509,1366,99,38,0.3838383838383838,0,38,0,99,1.0,0.0,0.7226277372262774,0.0,0.8018137612339782,0.6392876129718233
9,sider,SIDER6,tr,509,1366,787,319,0.40533672172808133,2,317,0,787,1.0,0.006269592476489028,0.713381555153707,0.06685324398243829,1.0,1.0
9,sider,SIDER6,va,509,1366,80,43,0.5375,0,43,0,80,1.0,0.0,0.6504065040650406,0.0,0.7648727120766998,0.6781976744186047
9,sider,SIDER6,te,509,1366,95,42,0.4421052631578947,0,42,0,95,1.0,0.0,0.6934306569343066,0.0,0.7537145010827138,0.5979949874686716
10,sider,SIDER6,tr,509,1366,779,327,0.4197689345314506,20,307,0,779,1.0,0.06116207951070336,0.7224231464737794,0.20945702833957433,1.0,1.0
10,sider,SIDER6,va,509,1366,85,38,0.4470588235294118,3,35,3,82,0.9647058823529412,0.07894736842105263,0.6910569105691057,0.09363738903635517,0.8076164100089547,0.645201238390093
10,sider,SIDER6,te,509,1366,98,39,0.3979591836734694,2,37,2,96,0.9795918367346939,0.05128205128205128,0.7153284671532847,0.08275244795661252,0.810225313961751,0.6381475667189953
11,sider,SIDER6,tr,509,1366,790,316,0.4,17,299,0,790,1.0,0.05379746835443038,0.7296564195298373,0.1975515880364439,1.0,1.0
11,sider,SIDER6,va,509,1366,78,45,0.5769230769230769,3,42,0,78,1.0,0.06666666666666667,0.6585365853658537,0.20816659994661244,0.7231893307051049,0.6626780626780626
11,sider,SIDER6,te,509,1366,94,43,0.4574468085106383,0,43,2,92,0.9787234042553191,0.0,0.6715328467153284,-0.08232247418362193,0.7998752768411049,0.6707075705096487
12,sider,SIDER6,tr,509,1366,779,327,0.4197689345314506,327,0,0,779,1.0,1.0,1.0,1.0,1.0,1.0
12,sider,SIDER6,va,509,1366,89,34,0.38202247191011235,1,33,6,83,0.9325842696629213,0.029411764705882353,0.6829268292682927,-0.07336439895463483,0.7906460412800622,0.6288830138797092
12,sider,SIDER6,te,509,1366,94,43,0.4574468085106383,3,40,5,89,0.9468085106382979,0.06976744186046512,0.6715328467153284,0.032804755064800406,0.7295055279916138,0.6083621969322117
13,sider,SIDER6,tr,509,1366,770,336,0.43636363636363634,336,0,0,770,1.0,1.0,1.0,1.0,1.0,1.0
13,sider,SIDER6,va,509,1366,92,31,0.33695652173913043,2,29,9,83,0.9021739130434783,0.06451612903225806,0.6910569105691057,-0.050680803401738306,0.8022818563146956,0.5750350631136045
13,sider,SIDER6,te,509,1366,100,37,0.37,11,26,7,93,0.93,0.2972972972972973,0.7591240875912408,0.29873451346710356,0.7917931911103289,0.6129729729729729
14,sider,SIDER6,tr,509,1366,783,323,0.4125159642401022,24,299,0,783,1.0,0.07430340557275542,0.7296564195298373,0.23188444155679513,1.0,1.0
14,sider,SIDER6,va,509,1366,78,45,0.5769230769230769,3,42,1,77,0.9871794871794872,0.06666666666666667,0.6504065040650406,0.14621932327068618,0.6917655339431139,0.5891737891737892
14,sider,SIDER6,te,509,1366,101,36,0.3564356435643564,4,32,1,100,0.9900990099009901,0.1111111111111111,0.7591240875912408,0.2375548566071765,0.7674813402098508,0.6152365236523653
15,sider,SIDER6,tr,509,1366,779,327,0.4197689345314506,23,304,0,779,1.0,0.07033639143730887,0.7251356238698011,0.22492852856780599,1.0,1.0
15,sider,SIDER6,va,509,1366,84,39,0.4642857142857143,2,37,2,82,0.9761904761904762,0.05128205128205128,0.6829268292682927,0.07207208507103326,0.7938827963729912,0.6526251526251526
15,sider,SIDER6,te,509,1366,99,38,0.3838383838383838,3,35,1,98,0.98989898989899,0.07894736842105263,0.7372262773722628,0.18307732252857278,0.7673694541167494,0.5963583200425306
1,sider,SIDER7,tr,509,1366,1012,94,0.09288537549407115,94,0,0,1012,1.0,1.0,1.0,1.0,1.0,1.0
1,sider,SIDER7,va,509,1366,106,17,0.16037735849056603,2,15,1,105,0.9905660377358491,0.11764705882352941,0.8699186991869918,0.24210623144189364,0.9359906907032328,0.7319644839067702
1,sider,SIDER7,te,509,1366,129,8,0.06201550387596899,1,7,2,127,0.9844961240310077,0.125,0.9343065693430657,0.17543876775842893,0.9615814266942905,0.5998062015503876
2,sider,SIDER7,tr,509,1366,1012,94,0.09288537549407115,94,0,0,1012,1.0,1.0,1.0,1.0,1.0,1.0
2,sider,SIDER7,va,509,1366,113,10,0.08849557522123894,0,10,0,113,1.0,0.0,0.9186991869918699,0.0,0.9647218303503592,0.679646017699115
2,sider,SIDER7,te,509,1366,122,15,0.12295081967213115,1,14,0,122,1.0,0.06666666666666667,0.8978102189781022,0.24454840332462824,0.9463640309504872,0.7426229508196721
3,sider,SIDER7,tr,509,1366,1011,95,0.09396636993076163,95,0,0,1011,1.0,1.0,1.0,1.0,1.0,1.0
3,sider,SIDER7,va,509,1366,115,8,0.06956521739130435,0,8,3,112,0.9739130434782609,0.0,0.9105691056910569,-0.04170288281141432,0.9454520997465194,0.725
3,sider,SIDER7,te,509,1366,121,16,0.1322314049586777,2,14,3,118,0.9752066115702479,0.125,0.8759124087591241,0.17162363087197144,0.9817576471829459,0.8672520661157025
4,sider,SIDER7,tr,509,1366,1015,91,0.0896551724137931,91,0,0,1015,1.0,1.0,1.0,1.0,1.0,1.0
4,sider,SIDER7,va,509,1366,111,12,0.10810810810810811,2,10,0,111,1.0,0.16666666666666666,0.9186991869918699,0.3910147848655679,0.9721348474587265,0.8378378378378379
4,sider,SIDER7,te,509,1366,121,16,0.1322314049586777,0,16,0,121,1.0,0.0,0.8832116788321168,0.0,0.9413083997492189,0.7102272727272727
5,sider,SIDER7,tr,509,1366,1007,99,0.09831181727904667,99,0,0,1007,1.0,1.0,1.0,1.0,1.0,1.0
5,sider,SIDER7,va,509,1366,112,11,0.09821428571428571,2,9,1,111,0.9910714285714286,0.18181818181818182,0.9186991869918699,0.3198327992569198,0.9478458965602788,0.775974025974026
5,sider,SIDER7,te,509,1366,128,9,0.0703125,0,9,0,128,1.0,0.0,0.9343065693430657,0.0,0.9526566914980207,0.59375
6,sider,SIDER7,tr,509,1366,1019,87,0.08537782139352307,87,0,0,1019,1.0,1.0,1.0,1.0,1.0,1.0
6,sider,SIDER7,va,509,1366,107,16,0.14953271028037382,0,16,0,107,1.0,0.0,0.8699186991869918,0.0,0.8680293621652619,0.655373831775701
6,sider,SIDER7,te,509,1366,121,16,0.1322314049586777,1,15,0,121,1.0,0.0625,0.8905109489051095,0.23581055457094516,0.9355910857979135,0.7200413223140496
7,sider,SIDER7,tr,509,1366,1005,101,0.10049751243781095,101,0,0,1005,1.0,1.0,1.0,1.0,1.0,1.0
7,sider,SIDER7,va,509,1366,111,12,0.10810810810810811,2,10,0,111,1.0,0.16666666666666666,0.9186991869918699,0.3910147848655679,0.9681511127821867,0.8048048048048049
7,sider,SIDER7,te,509,1366,131,6,0.04580152671755725,0,6,0,131,1.0,0.0,0.9562043795620438,0.0,0.9947998829683256,0.8944020356234097
8,sider,SIDER7,tr,509,1366,1004,102,0.10159362549800798,102,0,0,1004,1.0,1.0,1.0,1.0,1.0,1.0
8,sider,SIDER7,va,509,1366,112,11,0.09821428571428571,2,9,3,109,0.9732142857142857,0.18181818181818182,0.9024390243902439,0.2240278482186068,0.9369331980082444,0.6152597402597403
8,sider,SIDER7,te,509,1366,131,6,0.04580152671755725,1,5,1,130,0.9923664122137404,0.16666666666666666,0.9562043795620438,0.2713418976265782,0.9846435564539063,0.7862595419847329
9,sider,SIDER7,tr,509,1366,1014,92,0.09072978303747535,92,0,0,1014,1.0,1.0,1.0,1.0,1.0,1.0
9,sider,SIDER7,va,509,1366,112,11,0.09821428571428571,1,10,1,111,0.9910714285714286,0.09090909090909091,0.9105691056910569,0.18497299856036828,0.9398691299592709,0.7280844155844155
9,sider,SIDER7,te,509,1366,121,16,0.1322314049586777,2,14,2,119,0.9834710743801653,0.125,0.8832116788321168,0.20692397000007307,0.912802313074337,0.5991735537190083
10,sider,SIDER7,tr,509,1366,1016,90,0.08858267716535433,90,0,0,1016,1.0,1.0,1.0,1.0,1.0,1.0
10,sider,SIDER7,va,509,1366,113,10,0.08849557522123894,0,10,0,113,1.0,0.0,0.9186991869918699,0.0,0.9657509230173502,0.7743362831858407
10,sider,SIDER7,te,509,1366,118,19,0.16101694915254236,2,17,0,118,1.0,0.10526315789473684,0.8759124087591241,0.3033278709102638,0.907290178346318,0.7466547725245317
11,sider,SIDER7,tr,509,1366,1012,94,0.09288537549407115,94,0,0,1012,1.0,1.0,1.0,1.0,1.0,1.0
11,sider,SIDER7,va,509,1366,112,11,0.09821428571428571,2,9,2,110,0.9821428571428571,0.18181818181818182,0.9105691056910569,0.2637804101315699,0.9483711082747265,0.6972402597402597
11,sider,SIDER7,te,509,1366,123,14,0.11382113821138211,1,13,2,121,0.983739837398374,0.07142857142857142,0.8905109489051095,0.11418104283847184,0.9169522029139439,0.6062717770034843
12,sider,SIDER7,tr,509,1366,1015,91,0.0896551724137931,91,0,0,1015,1.0,1.0,1.0,1.0,1.0,1.0
12,sider,SIDER7,va,509,1366,107,16,0.14953271028037382,3,13,2,105,0.9813084112149533,0.1875,0.8780487804878049,0.28755435990470585,0.9314475828387728,0.7593457943925234
12,sider,SIDER7,te,509,1366,125,12,0.096,1,11,3,122,0.976,0.08333333333333333,0.8978102189781022,0.09962963998182038,0.9561370811860379,0.7040000000000001
13,sider,SIDER7,tr,509,1366,1005,101,0.10049751243781095,101,0,0,1005,1.0,1.0,1.0,1.0,1.0,1.0
13,sider,SIDER7,va,509,1366,115,8,0.06956521739130435,1,7,1,114,0.991304347826087,0.125,0.9349593495934959,0.22676821473116213,0.9752801693843468,0.7489130434782609
13,sider,SIDER7,te,509,1366,127,10,0.07874015748031496,0,10,4,123,0.968503937007874,0.0,0.8978102189781022,-0.04866338497270734,0.9722099894895634,0.7716535433070866
14,sider,SIDER7,tr,509,1366,1010,96,0.09504950495049505,96,0,0,1010,1.0,1.0,1.0,1.0,1.0,1.0
14,sider,SIDER7,va,509,1366,114,9,0.07894736842105263,1,8,2,112,0.9824561403508771,0.1111111111111111,0.9186991869918699,0.15795970073575583,0.9484346503163361,0.5857699805068226
14,sider,SIDER7,te,509,1366,123,14,0.11382113821138211,1,13,2,121,0.983739837398374,0.07142857142857142,0.8905109489051095,0.11418104283847184,0.9479092545375084,0.7003484320557491
15,sider,SIDER7,tr,509,1366,1015,91,0.0896551724137931,91,0,0,1015,1.0,1.0,1.0,1.0,1.0,1.0
15,sider,SIDER7,va,509,1366,110,13,0.11818181818181818,0,13,0,110,1.0,0.0,0.8943089430894309,0.0,0.9650513930197315,0.786013986013986
15,sider,SIDER7,te,509,1366,122,15,0.12295081967213115,1,14,3,119,0.9754098360655737,0.06666666666666667,0.8759124087591241,0.07803858105000305,0.9559181001000407,0.7595628415300546
1,sider,SIDER8,tr,509,1366,190,916,4.821052631578947,0,916,190,0,0.0,0.0,0.0,-1.0,0.09117882650555292,0.0
1,sider,SIDER8,va,509,1366,24,99,4.125,99,0,24,0,0.0,1.0,0.8048780487804879,0.0,0.15749642987758725,0.41561447811447816
1,sider,SIDER8,te,509,1366,31,106,3.4193548387096775,106,0,31,0,0.0,1.0,0.7737226277372263,0.0,0.22254624184725544,0.49634814363968355
2,sider,SIDER8,tr,509,1366,201,905,4.502487562189055,0,905,201,0,0.0,0.0,0.0,-1.0,0.09086799276672694,0.0
2,sider,SIDER8,va,509,1366,17,106,6.235294117647059,106,0,17,0,0.0,1.0,0.8617886178861789,0.0,0.13244226239292073,0.490566037735849
2,sider,SIDER8,te,509,1366,27,110,4.074074074074074,109,1,27,0,0.0,0.990909090909091,0.7956204379562044,-0.04248308880277603,0.18650951031956975,0.4681818181818182
3,sider,SIDER8,tr,509,1366,194,912,4.701030927835052,0,912,194,0,0.0,0.0,0.0,-1.0,0.09333446877131675,0.0
3,sider,SIDER8,va,509,1366,27,96,3.5555555555555554,96,0,27,0,0.0,1.0,0.7804878048780488,0.0,0.33942770035241776,0.5707947530864198
3,sider,SIDER8,te,509,1366,24,113,4.708333333333333,113,0,24,0,0.0,1.0,0.8248175182481752,0.0,0.12842127884299162,0.3644911504424779
4,sider,SIDER8,tr,509,1366,205,901,4.3951219512195125,0,901,205,0,0.0,0.0,0.0,-1.0,0.0926763110307414,0.0
4,sider,SIDER8,va,509,1366,19,104,5.473684210526316,104,0,19,0,0.0,1.0,0.8455284552845529,0.0,0.16271550490482156,0.5303643724696355
4,sider,SIDER8,te,509,1366,21,116,5.523809523809524,116,0,21,0,0.0,1.0,0.8467153284671532,0.0,0.11387782949255891,0.3620689655172413
5,sider,SIDER8,tr,509,1366,200,906,4.53,0,906,200,0,0.0,0.0,0.0,-1.0,0.09041591320072333,0.0
5,sider,SIDER8,va,509,1366,28,95,3.392857142857143,95,0,28,0,0.0,1.0,0.7723577235772358,0.0,0.25399843104401837,0.5165413533834586
5,sider,SIDER8,te,509,1366,17,120,7.0588235294117645,120,0,17,0,0.0,1.0,0.8759124087591241,0.0,0.10745251579471471,0.44656862745098047
6,sider,SIDER8,tr,509,1366,198,908,4.585858585858586,0,908,198,0,0.0,0.0,0.0,-1.0,0.08951175406871609,0.0
6,sider,SIDER8,va,509,1366,19,104,5.473684210526316,103,1,19,0,0.0,0.9903846153846154,0.8373983739837398,-0.038697260005123094,0.1265408905064684,0.42155870445344124
6,sider,SIDER8,te,509,1366,28,109,3.892857142857143,109,0,28,0,0.0,1.0,0.7956204379562044,0.0,0.24917600470904522,0.5275229357798165
7,sider,SIDER8,tr,509,1366,194,912,4.701030927835052,0,912,194,0,0.0,0.0,0.0,-1.0,0.08770343580470162,0.0
7,sider,SIDER8,va,509,1366,22,101,4.590909090909091,101,0,22,0,0.0,1.0,0.8211382113821138,0.0,0.1865006074128031,0.5083258325832583
7,sider,SIDER8,te,509,1366,29,108,3.7241379310344827,108,0,29,0,0.0,1.0,0.7883211678832117,0.0,0.2616213299389156,0.570242656449553
8,sider,SIDER8,tr,509,1366,190,916,4.821052631578947,0,916,190,0,0.0,0.0,0.0,-1.0,0.08589511754068715,0.0
8,sider,SIDER8,va,509,1366,24,99,4.125,99,0,24,0,0.0,1.0,0.8048780487804879,0.0,0.22865874442287418,0.5130471380471381
8,sider,SIDER8,te,509,1366,31,106,3.4193548387096775,106,0,31,0,0.0,1.0,0.7737226277372263,0.0,0.20280613584480472,0.46911138161898974
9,sider,SIDER8,tr,509,1366,204,902,4.421568627450981,0,902,204,0,0.0,0.0,0.0,-1.0,0.09848306622702019,0.0
9,sider,SIDER8,va,509,1366,15,108,7.2,108,0,15,0,0.0,1.0,0.8780487804878049,0.0,0.10953426642753236,0.470679012345679
9,sider,SIDER8,te,509,1366,26,111,4.269230769230769,111,0,26,0,0.0,1.0,0.8102189781021898,0.0,0.21873510964597165,0.5677408177408177
10,sider,SIDER8,tr,509,1366,204,902,4.421568627450981,0,902,204,0,0.0,0.0,0.0,-1.0,0.09848299600347114,0.0
10,sider,SIDER8,va,509,1366,14,109,7.785714285714286,109,0,14,0,0.0,1.0,0.8861788617886179,0.0,0.17469974247574993,0.573394495412844
10,sider,SIDER8,te,509,1366,27,110,4.074074074074074,110,0,27,0,0.0,1.0,0.8029197080291971,0.0,0.17948620019985198,0.46228956228956225
11,sider,SIDER8,tr,509,1366,202,904,4.475247524752476,0,904,202,0,0.0,0.0,0.0,-1.0,0.09132007233273057,0.0
11,sider,SIDER8,va,509,1366,16,107,6.6875,107,0,16,0,0.0,1.0,0.8699186991869918,0.0,0.11467773960286032,0.4509345794392524
11,sider,SIDER8,te,509,1366,27,110,4.074074074074074,110,0,27,0,0.0,1.0,0.8029197080291971,0.0,0.24607748735765625,0.5632996632996633
12,sider,SIDER8,tr,509,1366,203,903,4.448275862068965,0,903,203,0,0.0,0.0,0.0,-1.0,0.09177215189873418,0.0
12,sider,SIDER8,va,509,1366,20,103,5.15,103,0,20,0,0.0,1.0,0.8373983739837398,0.0,0.14447427862939438,0.3203883495145631
12,sider,SIDER8,te,509,1366,22,115,5.2272727272727275,115,0,22,0,0.0,1.0,0.8394160583941606,0.0,0.1551884523045049,0.5114624505928855
13,sider,SIDER8,tr,509,1366,201,905,4.502487562189055,0,905,201,0,0.0,0.0,0.0,-1.0,0.09086799276672694,0.0
13,sider,SIDER8,va,509,1366,22,101,4.590909090909091,101,0,22,0,0.0,1.0,0.8211382113821138,0.0,0.1758056041231742,0.47974797479747977
13,sider,SIDER8,te,509,1366,22,115,5.2272727272727275,115,0,22,0,0.0,1.0,0.8394160583941606,0.0,0.13606891245256317,0.4272727272727273
14,sider,SIDER8,tr,509,1366,211,895,4.241706161137441,0,895,211,0,0.0,0.0,0.0,-1.0,0.09538878842676311,0.0
14,sider,SIDER8,va,509,1366,17,106,6.235294117647059,106,0,17,0,0.0,1.0,0.8617886178861789,0.0,0.11210084972547547,0.42341842397336293
14,sider,SIDER8,te,509,1366,17,120,7.0588235294117645,120,0,17,0,0.0,1.0,0.8759124087591241,0.0,0.0956523201189685,0.44926470588235295
15,sider,SIDER8,tr,509,1366,191,915,4.790575916230367,0,915,191,0,0.0,0.0,0.0,-1.0,0.08634719710669078,0.0
15,sider,SIDER8,va,509,1366,22,101,4.590909090909091,101,0,22,0,0.0,1.0,0.8211382113821138,0.0,0.1591071516920932,0.43271827182718287
15,sider,SIDER8,te,509,1366,32,105,3.28125,104,1,32,0,0.0,0.9904761904761905,0.7591240875912408,-0.04733810683311457,0.23643968349511277,0.5089285714285714
1,sider,SIDER9,tr,509,1366,792,314,0.39646464646464646,308,6,4,788,0.9949494949494949,0.9808917197452229,0.9909584086799277,0.9777301851320922,0.9997423222608971,0.9993606446631924
1,sider,SIDER9,va,509,1366,91,32,0.3516483516483517,3,29,4,87,0.9560439560439561,0.09375,0.7317073170731707,0.09429622402298045,0.8389101928529978,0.6536744505494505
1,sider,SIDER9,te,509,1366,104,33,0.3173076923076923,0,33,3,101,0.9711538461538461,0.0,0.7372262773722628,-0.08428465791072173,0.9044089963515545,0.7354312354312355
2,sider,SIDER9,tr,509,1366,806,300,0.37220843672456577,0,300,0,806,1.0,0.0,0.72875226039783,0.0,0.9998959484312677,0.9997229114971051
2,sider,SIDER9,va,509,1366,86,37,0.43023255813953487,0,37,0,86,1.0,0.0,0.6991869918699187,0.0,0.7944387618591529,0.6866750471401635
2,sider,SIDER9,te,509,1366,95,42,0.4421052631578947,0,42,0,95,1.0,0.0,0.6934306569343066,0.0,0.7667995992479879,0.6110275689223058
3,sider,SIDER9,tr,509,1366,794,312,0.3929471032745592,308,4,8,786,0.9899244332493703,0.9871794871794872,0.9891500904159132,0.973354894524248,0.9998013452850197,0.9994994510107861
3,sider,SIDER9,va,509,1366,87,36,0.41379310344827586,3,33,5,82,0.9425287356321839,0.08333333333333333,0.6910569105691057,0.04771777977595583,0.7492716218469929,0.551404853128991
3,sider,SIDER9,te,509,1366,106,31,0.29245283018867924,2,29,10,96,0.9056603773584906,0.06451612903225806,0.7153284671532847,-0.04414145726114796,0.8347263930147354,0.6409007912355447
4,sider,SIDER9,tr,509,1366,810,296,0.3654320987654321,293,3,5,805,0.9938271604938271,0.9898648648648649,0.9927667269439421,0.9815980866566619,0.9998287905053247,0.999537037037037
4,sider,SIDER9,va,509,1366,81,42,0.5185185185185185,3,39,2,79,0.9753086419753086,0.07142857142857142,0.6666666666666666,0.11222870815556028,0.7577055552691032,0.6355085243974132
4,sider,SIDER9,te,509,1366,96,41,0.4270833333333333,1,40,4,92,0.9583333333333334,0.024390243902439025,0.6788321167883211,-0.042189987825051484,0.8119656885843279,0.6366869918699187
5,sider,SIDER9,tr,509,1366,802,304,0.3790523690773067,293,11,1,801,0.9987531172069826,0.9638157894736842,0.9891500904159132,0.9727564629505466,0.9997683435714635,0.9994011681323008
5,sider,SIDER9,va,509,1366,84,39,0.4642857142857143,0,39,2,82,0.9761904761904762,0.0,0.6666666666666666,-0.08760219196903868,0.8275009530866162,0.6883394383394383
5,sider,SIDER9,te,509,1366,101,36,0.3564356435643564,0,36,0,101,1.0,0.0,0.7372262773722628,0.0,0.8107898902510429,0.6265126512651265
6,sider,SIDER9,tr,509,1366,808,298,0.3688118811881188,296,2,7,801,0.9913366336633663,0.9932885906040269,0.9918625678119349,0.979502802542943,0.9998802909210112,0.9996802113097215
6,sider,SIDER9,va,509,1366,85,38,0.4470588235294118,5,33,6,79,0.9294117647058824,0.13157894736842105,0.6829268292682927,0.09875511773126014,0.8203319044747467,0.6492260061919506
6,sider,SIDER9,te,509,1366,94,43,0.4574468085106383,1,42,4,90,0.9574468085106383,0.023255813953488372,0.6642335766423357,-0.047755619180683606,0.7713311209017275,0.5470064324591787
7,sider,SIDER9,tr,509,1366,797,309,0.3877038895859473,306,3,4,793,0.9949811794228356,0.9902912621359223,0.9936708860759493,0.9842997055860924,0.999865050324596,0.9996548545719588
7,sider,SIDER9,va,509,1366,91,32,0.3516483516483517,3,29,5,86,0.945054945054945,0.09375,0.7235772357723578,0.06903810220205732,0.8446262977653785,0.6699862637362638
7,sider,SIDER9,te,509,1366,99,38,0.3838383838383838,2,36,4,95,0.9595959595959596,0.05263157894736842,0.708029197080292,0.02675082393901431,0.7991699967483669,0.6041998936735778
8,sider,SIDER9,tr,509,1366,789,317,0.4017743979721166,315,2,8,781,0.9898605830164765,0.9936908517350158,0.9909584086799277,0.9780995672719984,0.9998727178524058,0.9996861418638775
8,sider,SIDER9,va,509,1366,95,28,0.29473684210526313,2,26,8,87,0.9157894736842105,0.07142857142857142,0.7235772357723578,-0.019610961043935005,0.8330146092117137,0.6169172932330826
8,sider,SIDER9,te,509,1366,103,34,0.3300970873786408,3,31,3,100,0.970873786407767,0.08823529411764706,0.7518248175182481,0.12476736453446535,0.7820806383843288,0.5802398629354654
9,sider,SIDER9,tr,509,1366,798,308,0.38596491228070173,296,12,1,797,0.9987468671679198,0.961038961038961,0.9882459312839059,0.970730446985265,0.99977927434727,0.9994385313934186
9,sider,SIDER9,va,509,1366,88,35,0.3977272727272727,0,35,2,86,0.9772727272727273,0.0,0.6991869918699187,-0.08108023500143989,0.8677367006073834,0.7055194805194805
9,sider,SIDER9,te,509,1366,101,36,0.3564356435643564,2,34,1,100,0.9900990099009901,0.05555555555555555,0.7445255474452555,0.13730397936954614,0.8539652170881176,0.682068206820682
10,sider,SIDER9,tr,509,1366,799,307,0.38423028785982477,301,6,8,791,0.9899874843554443,0.9804560260586319,0.9873417721518988,0.968510731250218,0.9997926601667378,0.9994639064302691
10,sider,SIDER9,va,509,1366,91,32,0.3516483516483517,2,30,5,86,0.945054945054945,0.0625,0.7154471544715447,0.014307013300038413,0.8829159420075214,0.6885302197802198
10,sider,SIDER9,te,509,1366,97,40,0.41237113402061853,5,35,3,94,0.9690721649484536,0.125,0.7226277372262774,0.1824051739579057,0.8085897068313194,0.643298969072165
11,sider,SIDER9,tr,509,1366,808,298,0.3688118811881188,293,5,5,803,0.9938118811881188,0.9832214765100671,0.9909584086799277,0.9770333576981859,0.9997651185542338,0.9993728819190644
11,sider,SIDER9,va,509,1366,78,45,0.5769230769230769,4,41,2,76,0.9743589743589743,0.08888888888888889,0.6504065040650406,0.14142652165383257,0.7462720403213211,0.6433048433048433
11,sider,SIDER9,te,509,1366,101,36,0.3564356435643564,2,34,3,98,0.9702970297029703,0.05555555555555555,0.7299270072992701,0.060679773155094,0.8548726299819669,0.6716171617161716
12,sider,SIDER9,tr,509,1366,800,306,0.3825,0,306,0,800,1.0,0.0,0.7233273056057866,0.0,0.9999346124291175,0.999828431372549
12,sider,SIDER9,va,509,1366,90,33,0.36666666666666664,0,33,0,90,1.0,0.0,0.7317073170731707,0.0,0.8315585665538059,0.672053872053872
12,sider,SIDER9,te,509,1366,97,40,0.41237113402061853,0,40,1,96,0.9896907216494846,0.0,0.7007299270072993,-0.05506487711171269,0.7435779610114934,0.5829896907216495
13,sider,SIDER9,tr,509,1366,789,317,0.4017743979721166,311,6,5,784,0.9936628643852978,0.9810725552050473,0.9900542495479204,0.9756584120375764,0.999729242114672,0.9993362999924034
13,sider,SIDER9,va,509,1366,91,32,0.3516483516483517,1,31,6,85,0.9340659340659341,0.03125,0.6991869918699187,-0.06568219742290361,0.8522700809754775,0.6641483516483516
13,sider,SIDER9,te,509,1366,107,30,0.2803738317757009,2,28,6,101,0.9439252336448598,0.06666666666666667,0.7518248175182481,0.018680416376513194,0.8057285550677216,0.5470404984423675
14,sider,SIDER9,tr,509,1366,808,298,0.3688118811881188,292,6,1,807,0.9987623762376238,0.9798657718120806,0.9936708860759493,0.9839033348274486,0.9999309145520755,0.9998131105056814
14,sider,SIDER9,va,509,1366,88,35,0.3977272727272727,2,33,1,87,0.9886363636363636,0.05714285714285714,0.7235772357723578,0.133903677340074,0.8184591108056265,0.6855519480519482
14,sider,SIDER9,te,509,1366,91,46,0.5054945054945055,0,46,1,90,0.989010989010989,0.0,0.656934306569343,-0.0609661493283783,0.7505396293575166,0.5941232680363114
15,sider,SIDER9,tr,509,1366,793,313,0.39470365699873894,307,6,3,790,0.9962168978562421,0.9808306709265175,0.9918625678119349,0.9799120315433009,0.9998474747876553,0.9996172580365741
15,sider,SIDER9,va,509,1366,90,33,0.36666666666666664,2,31,2,88,0.9777777777777777,0.06060606060606061,0.7317073170731707,0.09587892373351593,0.8445525724053639,0.6710437710437711
15,sider,SIDER9,te,509,1366,104,33,0.3173076923076923,0,33,7,97,0.9326923076923077,0.0,0.708029197080292,-0.13071265744589539,0.8717325802662454,0.6646270396270397
1,sider,SIDER10,tr,509,1366,559,547,0.9785330948121646,546,1,7,552,0.9874776386404294,0.9981718464351006,0.9927667269439421,0.9855914677741998,0.9998121686007494,0.9998070464037047
1,sider,SIDER10,va,509,1366,64,59,0.921875,43,16,18,46,0.71875,0.7288135593220338,0.7235772357723578,0.44720839707116,0.7414834393758812,0.7560911016949152
1,sider,SIDER10,te,509,1366,85,52,0.611764705882353,33,19,26,59,0.6941176470588235,0.6346153846153846,0.6715328467153284,0.32216708862106724,0.8128997942114577,0.7217194570135748
2,sider,SIDER10,tr,509,1366,574,532,0.926829268292683,530,2,11,563,0.980836236933798,0.9962406015037594,0.9882459312839059,0.9766020337549028,0.9997311379064381,0.9997085483744204
2,sider,SIDER10,va,509,1366,64,59,0.921875,38,21,14,50,0.78125,0.6440677966101694,0.7154471544715447,0.4301289777830508,0.8441141017964182,0.8123675847457628
2,sider,SIDER10,te,509,1366,70,67,0.9571428571428572,43,24,18,52,0.7428571428571429,0.6417910447761194,0.6934306569343066,0.3868818876804477,0.7964525437564842,0.7637526652452025
3,sider,SIDER10,tr,509,1366,576,530,0.9201388888888888,528,2,8,568,0.9861111111111112,0.9962264150943396,0.9909584086799277,0.9819516147679672,0.999792664134301,0.9997739779874214
3,sider,SIDER10,va,509,1366,61,62,1.0163934426229508,41,21,19,42,0.6885245901639344,0.6612903225806451,0.6747967479674797,0.3499074441343064,0.7108666224979544,0.7255420412480169
3,sider,SIDER10,te,509,1366,71,66,0.9295774647887324,43,23,20,51,0.7183098591549296,0.6515151515151515,0.6861313868613139,0.37077571920705266,0.8219357369050395,0.7966282543747332
4,sider,SIDER10,tr,509,1366,580,526,0.906896551724138,525,1,11,569,0.9810344827586207,0.9980988593155894,0.9891500904159132,0.9784280299914031,0.9996497702905078,0.999606660548053
4,sider,SIDER10,va,509,1366,61,62,1.0163934426229508,43,19,16,45,0.7377049180327869,0.6935483870967742,0.7154471544715447,0.4315957962266639,0.7702534371679034,0.7694341618191433
4,sider,SIDER10,te,509,1366,67,70,1.044776119402985,43,27,21,46,0.6865671641791045,0.6142857142857143,0.6496350364963503,0.30143187523824433,0.7473914451976373,0.7268656716417911
5,sider,SIDER10,tr,509,1366,567,539,0.9506172839506173,536,3,11,556,0.9805996472663139,0.9944341372912802,0.9873417721518988,0.9747786511434714,0.9996927430172579,0.999672788788435
5,sider,SIDER10,va,509,1366,64,59,0.921875,31,28,19,45,0.703125,0.5254237288135594,0.6178861788617886,0.23246007344087588,0.7232811135974453,0.6848516949152541
5,sider,SIDER10,te,509,1366,77,60,0.7792207792207793,39,21,24,53,0.6883116883116883,0.65,0.6715328467153284,0.33678431397254804,0.7792582915898955,0.7504329004329005
6,sider,SIDER10,tr,509,1366,578,528,0.9134948096885813,526,2,8,570,0.986159169550173,0.9962121212121212,0.9909584086799277,0.9819466651575145,0.999816683820071,0.9997968438712383
6,sider,SIDER10,va,509,1366,60,63,1.05,43,20,19,41,0.6833333333333333,0.6825396825396826,0.6829268292682927,0.36577626246239286,0.7317338132867106,0.7449735449735451
6,sider,SIDER10,te,509,1366,70,67,0.9571428571428572,42,25,25,45,0.6428571428571429,0.6268656716417911,0.635036496350365,0.26972281449893387,0.6903655364966683,0.6980810234541578
7,sider,SIDER10,tr,509,1366,567,539,0.9506172839506173,536,3,8,559,0.9858906525573192,0.9944341372912802,0.9900542495479204,0.9801403972604105,0.9997497008766059,0.9997316868065167
7,sider,SIDER10,va,509,1366,68,55,0.8088235294117647,35,20,20,48,0.7058823529411765,0.6363636363636364,0.6747967479674797,0.3422459893048127,0.7888054177976418,0.7352941176470589
7,sider,SIDER10,te,509,1366,73,64,0.8767123287671232,40,24,22,51,0.6986301369863014,0.625,0.6642335766423357,0.32439481026942957,0.8171031912491595,0.7692636986301371
8,sider,SIDER10,tr,509,1366,554,552,0.9963898916967509,549,3,7,547,0.9873646209386282,0.9945652173913043,0.9909584086799277,0.9819426823249146,0.9996755348554988,0.9996664573850259
8,sider,SIDER10,va,509,1366,65,58,0.8923076923076924,48,10,17,48,0.7384615384615385,0.8275862068965517,0.7804878048780488,0.56604774535809,0.840165349720452,0.7985411140583554
8,sider,SIDER10,te,509,1366,89,48,0.5393258426966292,27,21,27,62,0.6966292134831461,0.5625,0.6496350364963503,0.25298575788296934,0.7951745067021564,0.6753277153558053
9,sider,SIDER10,tr,509,1366,566,540,0.9540636042402827,538,2,5,561,0.991166077738516,0.9962962962962963,0.9936708860759493,0.9873509302290416,0.9998024094942858,0.9997906033241722
9,sider,SIDER10,va,509,1366,67,56,0.835820895522388,37,19,30,37,0.5522388059701493,0.6607142857142857,0.6016260162601627,0.21295309168443488,0.7646855996521191,0.732409381663113
9,sider,SIDER10,te,509,1366,75,62,0.8266666666666667,38,24,23,52,0.6933333333333334,0.6129032258064516,0.656934306569343,0.30669860400087534,0.7594643576826641,0.693978494623656
10,sider,SIDER10,tr,509,1366,571,535,0.9369527145359019,534,1,10,561,0.9824868651488616,0.9981308411214953,0.9900542495479204,0.9802279194809023,0.9997577955780225,0.9997413948311701
10,sider,SIDER10,va,509,1366,59,64,1.0847457627118644,46,18,17,42,0.711864406779661,0.71875,0.7154471544715447,0.4303865081625977,0.7350815241809605,0.7730402542372882
10,sider,SIDER10,te,509,1366,78,59,0.7564102564102564,40,19,25,53,0.6794871794871795,0.6779661016949152,0.6788321167883211,0.3544619877467562,0.8129206062560588,0.7481529769665365
11,sider,SIDER10,tr,509,1366,572,534,0.9335664335664335,531,3,8,564,0.986013986013986,0.9943820224719101,0.9900542495479204,0.9801313155875042,0.9997541614240278,0.9997331788062126
11,sider,SIDER10,va,509,1366,60,63,1.05,38,25,21,39,0.65,0.6031746031746031,0.6260162601626016,0.25330866439828165,0.7177559051530626,0.6965608465608466
11,sider,SIDER10,te,509,1366,76,61,0.8026315789473685,32,29,22,54,0.7105263157894737,0.5245901639344263,0.6277372262773723,0.23912162765219128,0.7135655739168206,0.6671699741156168
12,sider,SIDER10,tr,509,1366,577,529,0.9168110918544194,529,0,7,570,0.9878682842287695,1.0,0.9936708860759493,0.9874041823502656,0.9999318142953564,0.9999246477281291
12,sider,SIDER10,va,509,1366,64,59,0.921875,39,20,19,45,0.703125,0.6610169491525424,0.6829268292682927,0.3644316020811356,0.6617887919751962,0.6823358050847458
12,sider,SIDER10,te,509,1366,67,70,1.044776119402985,39,31,22,45,0.6716417910447762,0.5571428571428572,0.6131386861313869,0.23011322920239488,0.6996704846904207,0.6867803837953093
13,sider,SIDER10,tr,509,1366,573,533,0.9301919720767888,530,3,10,563,0.9825479930191972,0.9943714821763602,0.9882459312839059,0.9765502318791812,0.9996647719194837,0.9996349158014335
13,sider,SIDER10,va,509,1366,64,59,0.921875,45,14,18,46,0.71875,0.7627118644067796,0.7398373983739838,0.4812070552519081,0.7807433934957295,0.7665519067796609
13,sider,SIDER10,te,509,1366,71,66,0.9295774647887324,45,21,22,49,0.6901408450704225,0.6818181818181818,0.6861313868613139,0.3718003751318077,0.7494383090506639,0.7584293640631669
14,sider,SIDER10,tr,509,1366,577,529,0.9168110918544194,527,2,9,568,0.9844020797227037,0.996219281663516,0.9900542495479204,0.9801606641220336,0.9997217024532679,0.9996920385410489
14,sider,SIDER10,va,509,1366,63,60,0.9523809523809523,35,25,12,51,0.8095238095238095,0.5833333333333334,0.6991869918699187,0.404133478174094,0.7302076318889585,0.7264550264550265
14,sider,SIDER10,te,509,1366,68,69,1.0147058823529411,45,24,25,43,0.6323529411764706,0.6521739130434783,0.6423357664233577,0.2845875144603182,0.7101346629966576,0.7195225916453538
15,sider,SIDER10,tr,509,1366,575,531,0.9234782608695652,529,2,7,568,0.9878260869565217,0.9962335216572504,0.9918625678119349,0.9837455174700594,0.9997892227525924,0.9997674609023172
15,sider,SIDER10,va,509,1366,60,63,1.05,41,22,25,35,0.5833333333333334,0.6507936507936508,0.6178861788617886,0.23468642813636184,0.6940153472075242,0.6861111111111111
15,sider,SIDER10,te,509,1366,73,64,0.8767123287671232,46,18,22,51,0.6986301369863014,0.71875,0.708029197080292,0.4164896300255976,0.8062870089682201,0.7825342465753424
1,sider,SIDER11,tr,509,1366,283,823,2.908127208480565,823,0,0,283,1.0,1.0,1.0,1.0,1.0,1.0
1,sider,SIDER11,va,509,1366,33,90,2.727272727272727,88,2,28,5,0.15151515151515152,0.9777777777777777,0.7560975609756098,0.24727202479638144,0.5084738713904485,0.7346801346801347
1,sider,SIDER11,te,509,1366,42,95,2.261904761904762,93,2,37,5,0.11904761904761904,0.9789473684210527,0.7153284671532847,0.20519634151637273,0.6657135215110513,0.8092731829573935
2,sider,SIDER11,tr,509,1366,289,817,2.8269896193771626,817,0,0,289,1.0,1.0,1.0,1.0,1.0,1.0
2,sider,SIDER11,va,509,1366,30,93,3.1,92,1,26,4,0.13333333333333333,0.989247311827957,0.7804878048780488,0.2665618529206239,0.6268333846484206,0.8
2,sider,SIDER11,te,509,1366,39,98,2.5128205128205128,98,0,36,3,0.07692307692307693,1.0,0.7372262773722628,0.23718595165009326,0.6925576364085887,0.8055991627420198
3,sider,SIDER11,tr,509,1366,292,814,2.787671232876712,814,0,0,292,1.0,1.0,1.0,1.0,1.0,1.0
3,sider,SIDER11,va,509,1366,31,92,2.967741935483871,91,1,29,2,0.06451612903225806,0.9891304347826086,0.7560975609756098,0.15099599207037964,0.45158855719349156,0.6791725105189341
3,sider,SIDER11,te,509,1366,35,102,2.914285714285714,99,3,29,6,0.17142857142857143,0.9705882352941176,0.7664233576642335,0.25000437671238873,0.5419581536874453,0.7453781512605041
4,sider,SIDER11,tr,509,1366,294,812,2.761904761904762,812,0,0,294,1.0,1.0,1.0,1.0,1.0,1.0
4,sider,SIDER11,va,509,1366,27,96,3.5555555555555554,93,3,26,1,0.037037037037037035,0.96875,0.7642276422764228,0.013504244240670036,0.30711367597508227,0.6493055555555555
4,sider,SIDER11,te,509,1366,37,100,2.7027027027027026,98,2,33,4,0.10810810810810811,0.98,0.7445255474452555,0.1911637163983544,0.5097175932415146,0.7070270270270271
5,sider,SIDER11,tr,509,1366,286,820,2.867132867132867,820,0,0,286,1.0,1.0,1.0,1.0,1.0,1.0
5,sider,SIDER11,va,509,1366,37,86,2.324324324324324,86,0,34,3,0.08108108108108109,1.0,0.7235772357723578,0.2410562343274025,0.5977299844359298,0.7382149591451918
5,sider,SIDER11,te,509,1366,35,102,2.914285714285714,101,1,32,3,0.08571428571428572,0.9901960784313726,0.7591240875912408,0.1966433963927459,0.5185532386881383,0.7145658263305322
6,sider,SIDER11,tr,509,1366,292,814,2.787671232876712,814,0,0,292,1.0,1.0,1.0,1.0,1.0,1.0
6,sider,SIDER11,va,509,1366,27,96,3.5555555555555554,96,0,24,3,0.1111111111111111,1.0,0.8048780487804879,0.29814239699997036,0.46478117502420696,0.6523919753086419
6,sider,SIDER11,te,509,1366,39,98,2.5128205128205128,97,1,35,4,0.10256410256410256,0.9897959183673469,0.7372262773722628,0.22225799705693364,0.5096368292275604,0.6975405546834119
7,sider,SIDER11,tr,509,1366,287,819,2.8536585365853657,819,0,0,287,1.0,1.0,1.0,1.0,1.0,1.0
7,sider,SIDER11,va,509,1366,35,88,2.5142857142857142,84,4,28,7,0.2,0.9545454545454546,0.7398373983739838,0.24435781919482902,0.5493054667717735,0.7564935064935066
7,sider,SIDER11,te,509,1366,36,101,2.8055555555555554,100,1,32,4,0.1111111111111111,0.9900990099009901,0.7591240875912408,0.2375548566071765,0.5566838393211937,0.715071507150715
8,sider,SIDER11,tr,509,1366,292,814,2.787671232876712,814,0,0,292,1.0,1.0,1.0,1.0,1.0,1.0
8,sider,SIDER11,va,509,1366,30,93,3.1,92,1,26,4,0.13333333333333333,0.989247311827957,0.7804878048780488,0.2665618529206239,0.4469546812975321,0.6358422939068099
8,sider,SIDER11,te,509,1366,36,101,2.8055555555555554,99,2,32,4,0.1111111111111111,0.9801980198019802,0.7518248175182481,0.1963879665704394,0.45620263361071867,0.6498899889988998
9,sider,SIDER11,tr,509,1366,300,806,2.6866666666666665,806,0,0,300,1.0,1.0,1.0,1.0,1.0,1.0
9,sider,SIDER11,va,509,1366,15,108,7.2,105,3,15,0,0.0,0.9722222222222222,0.8536585365853658,-0.05892556509887846,0.17274169857389016,0.6580246913580247
9,sider,SIDER11,te,509,1366,43,94,2.186046511627907,93,1,40,3,0.06976744186046512,0.9893617021276596,0.7007299270072993,0.16298360896623135,0.5521873587460988,0.7090549233052944
10,sider,SIDER11,tr,509,1366,284,822,2.8943661971830985,822,0,0,284,1.0,1.0,1.0,1.0,1.0,1.0
10,sider,SIDER11,va,509,1366,33,90,2.727272727272727,90,0,31,2,0.06060606060606061,1.0,0.7479674796747967,0.21231789386223207,0.5459344156141798,0.7316498316498317
10,sider,SIDER11,te,509,1366,41,96,2.341463414634146,96,0,37,4,0.0975609756097561,1.0,0.7299270072992701,0.2653675796321465,0.6241815702619806,0.7596544715447154
11,sider,SIDER11,tr,509,1366,289,817,2.8269896193771626,817,0,0,289,1.0,1.0,1.0,1.0,1.0,1.0
11,sider,SIDER11,va,509,1366,27,96,3.5555555555555554,96,0,24,3,0.1111111111111111,1.0,0.8048780487804879,0.29814239699997036,0.6179958762762541,0.7935956790123457
11,sider,SIDER11,te,509,1366,42,95,2.261904761904762,93,2,40,2,0.047619047619047616,0.9789473684210527,0.6934306569343066,0.07275512668614972,0.5006348046096676,0.6784461152882205
12,sider,SIDER11,tr,509,1366,291,815,2.8006872852233675,815,0,0,291,1.0,1.0,1.0,1.0,1.0,1.0
12,sider,SIDER11,va,509,1366,32,91,2.84375,91,0,30,2,0.0625,1.0,0.7560975609756098,0.2168043639583952,0.57602198156462,0.7657967032967034
12,sider,SIDER11,te,509,1366,35,102,2.914285714285714,101,1,32,3,0.08571428571428572,0.9901960784313726,0.7591240875912408,0.1966433963927459,0.5572375224969491,0.7563025210084034
13,sider,SIDER11,tr,509,1366,289,817,2.8269896193771626,817,0,0,289,1.0,1.0,1.0,1.0,1.0,1.0
13,sider,SIDER11,va,509,1366,37,86,2.324324324324324,86,0,34,3,0.08108108108108109,1.0,0.7235772357723578,0.2410562343274025,0.6855681217765679,0.7900691389063482
13,sider,SIDER11,te,509,1366,32,105,3.28125,103,2,27,5,0.15625,0.9809523809523809,0.7883211678832117,0.2636395675148038,0.5590865028480256,0.743452380952381
14,sider,SIDER11,tr,509,1366,295,811,2.7491525423728813,811,0,0,295,1.0,1.0,1.0,1.0,1.0,1.0
14,sider,SIDER11,va,509,1366,30,93,3.1,90,3,27,3,0.1,0.967741935483871,0.7560975609756098,0.13504892964960377,0.45729762615840525,0.7250896057347671
14,sider,SIDER11,te,509,1366,33,104,3.1515151515151514,103,1,30,3,0.09090909090909091,0.9903846153846154,0.7737226277372263,0.20647845768655,0.40287591304090353,0.6771561771561772
15,sider,SIDER11,tr,509,1366,286,820,2.867132867132867,820,0,0,286,1.0,1.0,1.0,1.0,1.0,1.0
15,sider,SIDER11,va,509,1366,35,88,2.5142857142857142,86,2,34,1,0.02857142857142857,0.9772727272727273,0.7073170731707317,0.017094086468945616,0.4303156730841934,0.6938311688311688
15,sider,SIDER11,te,509,1366,37,100,2.7027027027027026,99,1,32,5,0.13513513513513514,0.99,0.7591240875912408,0.2714993886271107,0.6617675086985728,0.8137837837837838
1,sider,SIDER12,tr,509,1366,995,111,0.11155778894472362,0,111,0,995,1.0,0.0,0.8996383363471971,0.0,0.7435306873887308,0.0
1,sider,SIDER12,va,509,1366,114,9,0.07894736842105263,0,9,0,114,1.0,0.0,0.926829268292683,0.0,0.9186349404865481,0.47758284600389866
1,sider,SIDER12,te,509,1366,129,8,0.06201550387596899,0,8,0,129,1.0,0.0,0.9416058394160584,0.0,0.9012947947572036,0.32170542635658916
2,sider,SIDER12,tr,509,1366,1006,100,0.09940357852882704,100,0,0,1006,1.0,1.0,1.0,1.0,1.0,1.0
2,sider,SIDER12,va,509,1366,112,11,0.09821428571428571,0,11,0,112,1.0,0.0,0.9105691056910569,0.0,0.9343871487889651,0.5592532467532467
2,sider,SIDER12,te,509,1366,120,17,0.14166666666666666,0,17,0,120,1.0,0.0,0.8759124087591241,0.0,0.9054825989365494,0.6779411764705883
3,sider,SIDER12,tr,509,1366,1000,106,0.106,106,0,0,1000,1.0,1.0,1.0,1.0,1.0,1.0
3,sider,SIDER12,va,509,1366,112,11,0.09821428571428571,0,11,0,112,1.0,0.0,0.9105691056910569,0.0,0.9225008811490637,0.5511363636363636
3,sider,SIDER12,te,509,1366,126,11,0.0873015873015873,0,11,0,126,1.0,0.0,0.9197080291970803,0.0,0.9484497018588144,0.6378066378066379
4,sider,SIDER12,tr,509,1366,1005,101,0.10049751243781095,0,101,0,1005,1.0,0.0,0.9086799276672695,0.0,1.0,1.0
4,sider,SIDER12,va,509,1366,108,15,0.1388888888888889,0,15,0,108,1.0,0.0,0.8780487804878049,0.0,0.8664538405968696,0.4222222222222222
4,sider,SIDER12,te,509,1366,125,12,0.096,0,12,0,125,1.0,0.0,0.9124087591240876,0.0,0.9269433916992356,0.5373333333333333
5,sider,SIDER12,tr,509,1366,1000,106,0.106,106,0,0,1000,1.0,1.0,1.0,1.0,1.0,1.0
5,sider,SIDER12,va,509,1366,112,11,0.09821428571428571,0,11,0,112,1.0,0.0,0.9105691056910569,0.0,0.9471684732793811,0.6201298701298701
5,sider,SIDER12,te,509,1366,126,11,0.0873015873015873,0,11,0,126,1.0,0.0,0.9197080291970803,0.0,0.9349274210483087,0.47258297258297255
6,sider,SIDER12,tr,509,1366,1011,95,0.09396636993076163,95,0,0,1011,1.0,1.0,1.0,1.0,1.0,1.0
6,sider,SIDER12,va,509,1366,105,18,0.17142857142857143,0,18,3,102,0.9714285714285714,0.0,0.8292682926829268,-0.06546536707079723,0.9020549370212638,0.646031746031746
6,sider,SIDER12,te,509,1366,122,15,0.12295081967213115,0,15,0,122,1.0,0.0,0.8905109489051095,0.0,0.8871713629037286,0.5278688524590164
7,sider,SIDER12,tr,509,1366,998,108,0.10821643286573146,0,108,0,998,1.0,0.0,0.9023508137432188,0.0,0.7482473424181246,0.0
7,sider,SIDER12,va,509,1366,113,10,0.08849557522123894,0,10,0,113,1.0,0.0,0.9186991869918699,0.0,0.8599043681708413,0.38230088495575215
7,sider,SIDER12,te,509,1366,127,10,0.07874015748031496,0,10,0,127,1.0,0.0,0.927007299270073,0.0,0.9138224114052835,0.4196850393700788
8,sider,SIDER12,tr,509,1366,995,111,0.11155778894472362,111,0,0,995,1.0,1.0,1.0,1.0,1.0,1.0
8,sider,SIDER12,va,509,1366,115,8,0.06956521739130435,0,8,0,115,1.0,0.0,0.9349593495934959,0.0,0.9514179392457951,0.5902173913043478
8,sider,SIDER12,te,509,1366,128,9,0.0703125,0,9,0,128,1.0,0.0,0.9343065693430657,0.0,0.9347838727843001,0.4704861111111111
9,sider,SIDER12,tr,509,1366,1009,97,0.09613478691774034,0,97,0,1009,1.0,0.0,0.9122965641952984,0.0,1.0,1.0
9,sider,SIDER12,va,509,1366,109,14,0.12844036697247707,0,14,0,109,1.0,0.0,0.8861788617886179,0.0,0.9483453623708,0.6834862385321101
9,sider,SIDER12,te,509,1366,120,17,0.14166666666666666,0,17,0,120,1.0,0.0,0.8759124087591241,0.0,0.9354751915009725,0.7014705882352941
10,sider,SIDER12,tr,509,1366,996,110,0.11044176706827309,110,0,0,996,1.0,1.0,1.0,1.0,1.0,1.0
10,sider,SIDER12,va,509,1366,115,8,0.06956521739130435,0,8,0,115,1.0,0.0,0.9349593495934959,0.0,0.9562278090511654,0.5717391304347826
10,sider,SIDER12,te,509,1366,127,10,0.07874015748031496,0,10,0,127,1.0,0.0,0.927007299270073,0.0,0.9382233440047378,0.5480314960629921
11,sider,SIDER12,tr,509,1366,998,108,0.10821643286573146,108,0,0,998,1.0,1.0,1.0,1.0,1.0,1.0
11,sider,SIDER12,va,509,1366,113,10,0.08849557522123894,0,10,0,113,1.0,0.0,0.9186991869918699,0.0,0.9444441481063569,0.5415929203539823
11,sider,SIDER12,te,509,1366,127,10,0.07874015748031496,1,9,1,126,0.9921259842519685,0.1,0.927007299270073,0.1998030526356355,0.9381965040630429,0.552755905511811
12,sider,SIDER12,tr,509,1366,1003,103,0.10269192422731804,103,0,0,1003,1.0,1.0,1.0,1.0,1.0,1.0
12,sider,SIDER12,va,509,1366,110,13,0.11818181818181818,0,13,0,110,1.0,0.0,0.8943089430894309,0.0,0.9353063656343921,0.6272727272727272
12,sider,SIDER12,te,509,1366,125,12,0.096,0,12,0,125,1.0,0.0,0.9124087591240876,0.0,0.9361057664603668,0.5506666666666666
13,sider,SIDER12,tr,509,1366,999,107,0.10710710710710711,0,107,0,999,1.0,0.0,0.903254972875226,0.0,0.7498316909756062,0.0
13,sider,SIDER12,va,509,1366,115,8,0.06956521739130435,0,8,0,115,1.0,0.0,0.9349593495934959,0.0,0.8849149226993269,0.32065217391304346
13,sider,SIDER12,te,509,1366,124,13,0.10483870967741936,0,13,0,124,1.0,0.0,0.9051094890510949,0.0,0.8480572596166687,0.3033498759305211
14,sider,SIDER12,tr,509,1366,1004,102,0.10159362549800798,102,0,0,1004,1.0,1.0,1.0,1.0,1.0,1.0
14,sider,SIDER12,va,509,1366,110,13,0.11818181818181818,0,13,0,110,1.0,0.0,0.8943089430894309,0.0,0.9638097994134843,0.7895104895104894
14,sider,SIDER12,te,509,1366,124,13,0.10483870967741936,0,13,0,124,1.0,0.0,0.9051094890510949,0.0,0.9088243181035714,0.46215880893300243
15,sider,SIDER12,tr,509,1366,1007,99,0.09831181727904667,99,0,0,1007,1.0,1.0,1.0,1.0,1.0,1.0
15,sider,SIDER12,va,509,1366,105,18,0.17142857142857143,0,18,0,105,1.0,0.0,0.8536585365853658,0.0,0.8798421995756157,0.5941798941798941
15,sider,SIDER12,te,509,1366,126,11,0.0873015873015873,0,11,1,125,0.9920634920634921,0.0,0.9124087591240876,-0.02533620800437684,0.9453085438933019,0.5634920634920635
1,sider,SIDER13,tr,509,1366,248,858,3.4596774193548385,858,0,0,248,1.0,1.0,1.0,1.0,1.0,1.0
1,sider,SIDER13,va,509,1366,29,94,3.2413793103448274,91,3,27,2,0.06896551724137931,0.9680851063829787,0.7560975609756098,0.07964021837710378,0.3376732416872938,0.6691122523844462
1,sider,SIDER13,te,509,1366,38,99,2.6052631578947367,97,2,33,5,0.13157894736842105,0.9797979797979798,0.7445255474452555,0.22645605177960337,0.4868846191391394,0.639819245082403
2,sider,SIDER13,tr,509,1366,264,842,3.1893939393939394,842,0,0,264,1.0,1.0,1.0,1.0,1.0,1.0
2,sider,SIDER13,va,509,1366,22,101,4.590909090909091,98,3,18,4,0.18181818181818182,0.9702970297029703,0.8292682926829268,0.25163245709904136,0.3437886247993929,0.6867686768676868
2,sider,SIDER13,te,509,1366,29,108,3.7241379310344827,104,4,24,5,0.1724137931034483,0.9629629629629629,0.7956204379562044,0.22321775727601015,0.4485395823975608,0.6883780332056194
3,sider,SIDER13,tr,509,1366,262,844,3.2213740458015265,844,0,0,262,1.0,1.0,1.0,1.0,1.0,1.0
3,sider,SIDER13,va,509,1366,22,101,4.590909090909091,100,1,19,3,0.13636363636363635,0.9900990099009901,0.8373983739837398,0.2732315313953622,0.4164453386902104,0.6453645364536453
3,sider,SIDER13,te,509,1366,31,106,3.4193548387096775,102,4,23,8,0.25806451612903225,0.9622641509433962,0.8029197080291971,0.3261062760925625,0.4486021729453956,0.7455873402312843
4,sider,SIDER13,tr,509,1366,252,854,3.388888888888889,854,0,0,252,1.0,1.0,1.0,1.0,0.9999999999999999,1.0
4,sider,SIDER13,va,509,1366,36,87,2.4166666666666665,86,1,34,2,0.05555555555555555,0.9885057471264368,0.7154471544715447,0.12996217152732142,0.4773222227965268,0.6411238825031929
4,sider,SIDER13,te,509,1366,27,110,4.074074074074074,106,4,24,3,0.1111111111111111,0.9636363636363636,0.7956204379562044,0.13503739569133494,0.4305812012924156,0.6976430976430976
5,sider,SIDER13,tr,509,1366,246,860,3.4959349593495936,860,0,0,246,1.0,1.0,1.0,1.0,1.0,1.0
5,sider,SIDER13,va,509,1366,37,86,2.324324324324324,84,2,34,3,0.08108108108108109,0.9767441860465116,0.7073170731707317,0.13428939879834909,0.5064252431907891,0.7083595223130108
5,sider,SIDER13,te,509,1366,32,105,3.28125,105,0,29,3,0.09375,1.0,0.7883211678832117,0.27103656745081806,0.46001900537324014,0.699702380952381
6,sider,SIDER13,tr,509,1366,253,853,3.3715415019762847,853,0,0,253,1.0,1.0,1.0,1.0,1.0,1.0
6,sider,SIDER13,va,509,1366,29,94,3.2413793103448274,93,1,26,3,0.10344827586206896,0.9893617021276596,0.7804878048780488,0.2221028436900628,0.33963233529063375,0.6012472487160674
6,sider,SIDER13,te,509,1366,33,104,3.1515151515151514,103,1,28,5,0.15151515151515152,0.9903846153846154,0.7883211678832117,0.2965132114769755,0.48872792400926124,0.6576340326340326
7,sider,SIDER13,tr,509,1366,256,850,3.3203125,850,0,0,256,1.0,1.0,1.0,1.0,1.0,1.0
7,sider,SIDER13,va,509,1366,29,94,3.2413793103448274,90,4,23,6,0.20689655172413793,0.9574468085106383,0.7804878048780488,0.2552559454469172,0.48963988942425724,0.6870873074101247
7,sider,SIDER13,te,509,1366,30,107,3.566666666666667,106,1,25,5,0.16666666666666666,0.9906542056074766,0.8102189781021898,0.3179271294923242,0.5048717183840111,0.6884735202492211
8,sider,SIDER13,tr,509,1366,258,848,3.2868217054263567,848,0,0,258,1.0,1.0,1.0,1.0,1.0,1.0
8,sider,SIDER13,va,509,1366,24,99,4.125,98,1,21,3,0.125,0.98989898989899,0.8211382113821138,0.2567059603693026,0.4551871291826622,0.7112794612794613
8,sider,SIDER13,te,509,1366,33,104,3.1515151515151514,101,3,27,6,0.18181818181818182,0.9711538461538461,0.781021897810219,0.26403373805444286,0.40503118718631603,0.6305361305361304
9,sider,SIDER13,tr,509,1366,259,847,3.27027027027027,847,0,0,259,1.0,1.0,1.0,1.0,1.0,1.0
9,sider,SIDER13,va,509,1366,26,97,3.730769230769231,95,2,24,2,0.07692307692307693,0.979381443298969,0.7886178861788617,0.12960218601884121,0.4043973474193524,0.6590007930214116
9,sider,SIDER13,te,509,1366,30,107,3.566666666666667,104,3,25,5,0.16666666666666666,0.9719626168224299,0.7956204379562044,0.24449368492789328,0.4220262144067961,0.6657320872274144
10,sider,SIDER13,tr,509,1366,262,844,3.2213740458015265,844,0,0,262,1.0,1.0,1.0,1.0,1.0,1.0
10,sider,SIDER13,va,509,1366,25,98,3.92,94,4,20,5,0.2,0.9591836734693877,0.8048780487804879,0.24598458059779338,0.4020356322519432,0.7375510204081632
10,sider,SIDER13,te,509,1366,28,109,3.892857142857143,105,4,24,4,0.14285714285714285,0.963302752293578,0.7956204379562044,0.18256305597733719,0.32555392118552884,0.6808650065530799
11,sider,SIDER13,tr,509,1366,264,842,3.1893939393939394,842,0,0,264,1.0,1.0,1.0,1.0,1.0,1.0
11,sider,SIDER13,va,509,1366,25,98,3.92,98,0,20,5,0.2,1.0,0.8373983739837398,0.40755575681770595,0.5519528342451946,0.7106122448979592
11,sider,SIDER13,te,509,1366,26,111,4.269230769230769,108,3,23,3,0.11538461538461539,0.972972972972973,0.8102189781021898,0.1693092726659348,0.34685605932835717,0.6555786555786556
12,sider,SIDER13,tr,509,1366,245,861,3.5142857142857142,861,0,0,245,1.0,1.0,1.0,1.0,1.0,1.0
12,sider,SIDER13,va,509,1366,32,91,2.84375,90,1,28,4,0.125,0.989010989010989,0.7642276422764228,0.2532890368516453,0.5167579803190507,0.6998626373626373
12,sider,SIDER13,te,509,1366,38,99,2.6052631578947367,97,2,32,6,0.15789473684210525,0.9797979797979798,0.7518248175182481,0.2628939038283696,0.515220409842584,0.7232854864433811
13,sider,SIDER13,tr,509,1366,247,859,3.477732793522267,859,0,0,247,1.0,1.0,1.0,1.0,1.0,1.0
13,sider,SIDER13,va,509,1366,30,93,3.1,92,1,28,2,0.06666666666666667,0.989247311827957,0.7642276422764228,0.15565792842320414,0.5223436202149608,0.760931899641577
13,sider,SIDER13,te,509,1366,38,99,2.6052631578947367,97,2,35,3,0.07894736842105263,0.9797979797979798,0.7299270072992701,0.1402525965643402,0.5475119635562647,0.6951089845826688
14,sider,SIDER13,tr,509,1366,250,856,3.424,856,0,0,250,1.0,1.0,1.0,1.0,1.0,1.0
14,sider,SIDER13,va,509,1366,28,95,3.392857142857143,92,3,26,2,0.07142857142857142,0.968421052631579,0.7642276422764228,0.08461337946027206,0.33869272969202546,0.5484962406015038
14,sider,SIDER13,te,509,1366,37,100,2.7027027027027026,98,2,29,8,0.21621621621621623,0.98,0.7737226277372263,0.3349144596076873,0.6330214161274738,0.762972972972973
15,sider,SIDER13,tr,509,1366,246,860,3.4959349593495936,860,0,0,246,1.0,1.0,1.0,1.0,1.0,1.0
15,sider,SIDER13,va,509,1366,29,94,3.2413793103448274,93,1,27,2,0.06896551724137931,0.9893617021276596,0.7723577235772358,0.16050292381965686,0.4263584484049926,0.6903888481291269
15,sider,SIDER13,te,509,1366,40,97,2.425,96,1,33,7,0.175,0.9896907216494846,0.7518248175182481,0.3193339894769911,0.6370034528354556,0.7675257731958763
1,sider,SIDER14,tr,509,1366,155,951,6.135483870967742,951,0,0,155,1.0,1.0,1.0,1.0,1.0,1.0
1,sider,SIDER14,va,509,1366,27,96,3.5555555555555554,96,0,26,1,0.037037037037037035,1.0,0.7886178861788617,0.17071583991052527,0.3414872450309019,0.5682870370370371
1,sider,SIDER14,te,509,1366,27,110,4.074074074074074,109,1,27,0,0.0,0.990909090909091,0.7956204379562044,-0.04248308880277603,0.22843878586779007,0.5683501683501684
2,sider,SIDER14,tr,509,1366,175,931,5.32,931,0,0,175,1.0,1.0,1.0,1.0,1.0,1.0
2,sider,SIDER14,va,509,1366,19,104,5.473684210526316,103,1,19,0,0.0,0.9903846153846154,0.8373983739837398,-0.038697260005123094,0.22873152534713675,0.5895748987854251
2,sider,SIDER14,te,509,1366,15,122,8.133333333333333,122,0,15,0,0.0,1.0,0.8905109489051095,0.0,0.1790970225329888,0.6743169398907105
3,sider,SIDER14,tr,509,1366,163,943,5.785276073619632,943,0,0,163,1.0,1.0,1.0,1.0,1.0,1.0
3,sider,SIDER14,va,509,1366,23,100,4.3478260869565215,100,0,22,1,0.043478260869565216,1.0,0.8211382113821138,0.1887800803727554,0.2675363266418834,0.5726086956521739
3,sider,SIDER14,te,509,1366,23,114,4.956521739130435,112,2,23,0,0.0,0.9824561403508771,0.8175182481751825,-0.05467132581295982,0.2802312346939855,0.7044241037376049
4,sider,SIDER14,tr,509,1366,168,938,5.583333333333333,938,0,0,168,1.0,1.0,1.0,1.0,1.0,1.0
4,sider,SIDER14,va,509,1366,20,103,5.15,103,0,20,0,0.0,1.0,0.8373983739837398,0.0,0.1893818201402646,0.5718446601941747
4,sider,SIDER14,te,509,1366,21,116,5.523809523809524,116,0,21,0,0.0,1.0,0.8467153284671532,0.0,0.21316096437456422,0.5443349753694581
5,sider,SIDER14,tr,509,1366,167,939,5.622754491017964,939,0,0,167,1.0,1.0,1.0,1.0,1.0,1.0
5,sider,SIDER14,va,509,1366,23,100,4.3478260869565215,100,0,23,0,0.0,1.0,0.8130081300813008,0.0,0.3030642911315139,0.5856521739130435
5,sider,SIDER14,te,509,1366,19,118,6.2105263157894735,118,0,19,0,0.0,1.0,0.8613138686131386,0.0,0.24424576929218716,0.5807314897413024
6,sider,SIDER14,tr,509,1366,165,941,5.703030303030303,941,0,0,165,1.0,1.0,1.0,1.0,0.9999999999999999,1.0
6,sider,SIDER14,va,509,1366,16,107,6.6875,107,0,16,0,0.0,1.0,0.8699186991869918,0.0,0.2471480105105098,0.5537383177570093
6,sider,SIDER14,te,509,1366,28,109,3.892857142857143,108,1,28,0,0.0,0.9908256880733946,0.7883211678832117,-0.04346065952175362,0.3082701532883456,0.6576015727391874
7,sider,SIDER14,tr,509,1366,173,933,5.393063583815029,933,0,0,173,1.0,1.0,1.0,1.0,1.0,1.0
7,sider,SIDER14,va,509,1366,16,107,6.6875,103,4,15,1,0.0625,0.9626168224299065,0.8455284552845529,0.042784904760907794,0.18089159979995467,0.5134345794392523
7,sider,SIDER14,te,509,1366,20,117,5.85,117,0,20,0,0.0,1.0,0.8540145985401459,0.0,0.20909109317277613,0.5482905982905982
8,sider,SIDER14,tr,509,1366,171,935,5.4678362573099415,935,0,0,171,1.0,1.0,1.0,1.0,1.0,1.0
8,sider,SIDER14,va,509,1366,18,105,5.833333333333333,105,0,17,1,0.05555555555555555,1.0,0.8617886178861789,0.21866460081657285,0.3582016373346819,0.6571428571428571
8,sider,SIDER14,te,509,1366,20,117,5.85,114,3,20,0,0.0,0.9743589743589743,0.8321167883211679,-0.06186290287718356,0.15266190878930852,0.49059829059829063
9,sider,SIDER14,tr,509,1366,175,931,5.32,931,0,0,175,1.0,1.0,1.0,1.0,1.0,1.0
9,sider,SIDER14,va,509,1366,17,106,6.235294117647059,106,0,17,0,0.0,1.0,0.8617886178861789,0.0,0.2981913169211132,0.7047724750277469
9,sider,SIDER14,te,509,1366,17,120,7.0588235294117645,120,0,17,0,0.0,1.0,0.8759124087591241,0.0,0.11188086365967145,0.5009803921568627
10,sider,SIDER14,tr,509,1366,172,934,5.430232558139535,934,0,0,172,1.0,1.0,1.0,1.0,1.0,1.0
10,sider,SIDER14,va,509,1366,16,107,6.6875,107,0,16,0,0.0,1.0,0.8699186991869918,0.0,0.15301475125934988,0.5081775700934579
10,sider,SIDER14,te,509,1366,21,116,5.523809523809524,116,0,21,0,0.0,1.0,0.8467153284671532,0.0,0.27342204910626483,0.6477832512315271
11,sider,SIDER14,tr,509,1366,171,935,5.4678362573099415,935,0,0,171,1.0,1.0,1.0,1.0,1.0,1.0
11,sider,SIDER14,va,509,1366,17,106,6.235294117647059,106,0,17,0,0.0,1.0,0.8617886178861789,0.0,0.21506454386442983,0.6509433962264151
11,sider,SIDER14,te,509,1366,21,116,5.523809523809524,116,0,21,0,0.0,1.0,0.8467153284671532,0.0,0.3305665376991017,0.5899014778325122
12,sider,SIDER14,tr,509,1366,176,930,5.284090909090909,930,0,0,176,1.0,1.0,1.0,1.0,1.0,1.0
12,sider,SIDER14,va,509,1366,17,106,6.235294117647059,106,0,17,0,0.0,1.0,0.8617886178861789,0.0,0.22667439674527726,0.6026637069922309
12,sider,SIDER14,te,509,1366,16,121,7.5625,121,0,16,0,0.0,1.0,0.8832116788321168,0.0,0.19931697873022658,0.6787190082644629
13,sider,SIDER14,tr,509,1366,173,933,5.393063583815029,933,0,0,173,1.0,1.0,1.0,1.0,1.0,1.0
13,sider,SIDER14,va,509,1366,18,105,5.833333333333333,105,0,18,0,0.0,1.0,0.8536585365853658,0.0,0.2543498476522956,0.6031746031746033
13,sider,SIDER14,te,509,1366,18,119,6.611111111111111,119,0,18,0,0.0,1.0,0.8686131386861314,0.0,0.2048595296439457,0.5186741363211952
14,sider,SIDER14,tr,509,1366,172,934,5.430232558139535,934,0,0,172,1.0,1.0,1.0,1.0,1.0,1.0
14,sider,SIDER14,va,509,1366,23,100,4.3478260869565215,99,1,23,0,0.0,0.99,0.8048780487804879,-0.04341941848573374,0.27642359871588734,0.6495652173913044
14,sider,SIDER14,te,509,1366,14,123,8.785714285714286,123,0,14,0,0.0,1.0,0.8978102189781022,0.0,0.09515351357351355,0.45412311265969796
15,sider,SIDER14,tr,509,1366,162,944,5.827160493827161,944,0,0,162,1.0,1.0,1.0,1.0,1.0,1.0
15,sider,SIDER14,va,509,1366,24,99,4.125,99,0,24,0,0.0,1.0,0.8048780487804879,0.0,0.31336568617570704,0.6346801346801346
15,sider,SIDER14,te,509,1366,23,114,4.956521739130435,113,1,23,0,0.0,0.9912280701754386,0.8248175182481752,-0.03851607628114397,0.23061377554832038,0.6247139588100687
1,sider,SIDER15,tr,509,1366,850,256,0.30117647058823527,256,0,0,850,1.0,1.0,1.0,1.0,0.9999999999999999,1.0
1,sider,SIDER15,va,509,1366,95,28,0.29473684210526313,0,28,0,95,1.0,0.0,0.7723577235772358,0.0,0.8493764382912102,0.6823308270676691
1,sider,SIDER15,te,509,1366,118,19,0.16101694915254236,0,19,0,118,1.0,0.0,0.8613138686131386,0.0,0.8960627500456076,0.6110615521855486
2,sider,SIDER15,tr,509,1366,860,246,0.28604651162790695,246,0,0,860,1.0,1.0,1.0,1.0,0.9999999999999999,1.0
2,sider,SIDER15,va,509,1366,99,24,0.24242424242424243,0,24,0,99,1.0,0.0,0.8048780487804879,0.0,0.863856641205606,0.6311026936026937
2,sider,SIDER15,te,509,1366,104,33,0.3173076923076923,1,32,0,104,1.0,0.030303030303030304,0.7664233576642335,0.15222649416526088,0.8353316676761762,0.6974067599067599
3,sider,SIDER15,tr,509,1366,869,237,0.2727272727272727,237,0,0,869,1.0,1.0,1.0,1.0,1.0,1.0
3,sider,SIDER15,va,509,1366,89,34,0.38202247191011235,0,34,0,89,1.0,0.0,0.7235772357723578,0.0,0.7908941163602352,0.5964970257766027
3,sider,SIDER15,te,509,1366,105,32,0.3047619047619048,1,31,0,105,1.0,0.03125,0.7737226277372263,0.15532816304615718,0.7954641687019162,0.6311011904761905
4,sider,SIDER15,tr,509,1366,873,233,0.26689576174112256,233,0,0,873,1.0,1.0,1.0,1.0,1.0,1.0
4,sider,SIDER15,va,509,1366,91,32,0.3516483516483517,0,32,0,91,1.0,0.0,0.7398373983739838,0.0,0.8352912054363606,0.6775412087912087
4,sider,SIDER15,te,509,1366,99,38,0.3838383838383838,0,38,0,99,1.0,0.0,0.7226277372262774,0.0,0.8442537908993778,0.6721158958001062
5,sider,SIDER15,tr,509,1366,865,241,0.2786127167630058,241,0,0,865,1.0,1.0,1.0,1.0,1.0,1.0
5,sider,SIDER15,va,509,1366,96,27,0.28125,0,27,0,96,1.0,0.0,0.7804878048780488,0.0,0.8622020669273911,0.6649305555555556
5,sider,SIDER15,te,509,1366,102,35,0.3431372549019608,0,35,0,102,1.0,0.0,0.7445255474452555,0.0,0.8130447662232827,0.5778711484593837
6,sider,SIDER15,tr,509,1366,868,238,0.27419354838709675,238,0,0,868,1.0,1.0,1.0,1.0,1.0,1.0
6,sider,SIDER15,va,509,1366,92,31,0.33695652173913043,1,30,0,92,1.0,0.03225806451612903,0.7560975609756098,0.15596715541914338,0.8512559597408355,0.6486676016830295
6,sider,SIDER15,te,509,1366,103,34,0.3300970873786408,0,34,0,103,1.0,0.0,0.7518248175182481,0.0,0.8419753016828228,0.6407766990291262
7,sider,SIDER15,tr,509,1366,858,248,0.289044289044289,248,0,0,858,1.0,1.0,1.0,1.0,1.0,1.0
7,sider,SIDER15,va,509,1366,95,28,0.29473684210526313,0,28,1,94,0.9894736842105263,0.0,0.7642276422764228,-0.04915155902879479,0.865229191702872,0.6718045112781955
7,sider,SIDER15,te,509,1366,110,27,0.24545454545454545,0,27,0,110,1.0,0.0,0.8029197080291971,0.0,0.8767330978897553,0.6234006734006734
8,sider,SIDER15,tr,509,1366,854,252,0.29508196721311475,252,0,0,854,1.0,1.0,1.0,1.0,1.0,1.0
8,sider,SIDER15,va,509,1366,98,25,0.25510204081632654,0,25,0,98,1.0,0.0,0.7967479674796748,0.0,0.8862029308307956,0.6787755102040816
8,sider,SIDER15,te,509,1366,111,26,0.23423423423423423,0,26,0,111,1.0,0.0,0.8102189781021898,0.0,0.8512887226233927,0.5997920997920998
9,sider,SIDER15,tr,509,1366,864,242,0.2800925925925926,242,0,0,864,1.0,1.0,1.0,1.0,1.0,1.0
9,sider,SIDER15,va,509,1366,95,28,0.29473684210526313,0,28,0,95,1.0,0.0,0.7723577235772358,0.0,0.7783771040185238,0.5486842105263158
9,sider,SIDER15,te,509,1366,104,33,0.3173076923076923,0,33,1,103,0.9903846153846154,0.0,0.7518248175182481,-0.04830263757166932,0.8560037500668354,0.6532634032634034
10,sider,SIDER15,tr,509,1366,863,243,0.28157589803012745,243,0,0,863,1.0,1.0,1.0,1.0,1.0,1.0
10,sider,SIDER15,va,509,1366,95,28,0.29473684210526313,0,28,0,95,1.0,0.0,0.7723577235772358,0.0,0.8440938114265922,0.6287593984962406
10,sider,SIDER15,te,509,1366,105,32,0.3047619047619048,0,32,0,105,1.0,0.0,0.7664233576642335,0.0,0.8461320398486889,0.6729166666666666
11,sider,SIDER15,tr,509,1366,858,248,0.289044289044289,248,0,0,858,1.0,1.0,1.0,1.0,1.0,0.9999999999999999
11,sider,SIDER15,va,509,1366,96,27,0.28125,0,27,0,96,1.0,0.0,0.7804878048780488,0.0,0.8237490503956462,0.5952932098765433
11,sider,SIDER15,te,509,1366,109,28,0.25688073394495414,0,28,0,109,1.0,0.0,0.7956204379562044,0.0,0.8832302845778439,0.7067496723460026
12,sider,SIDER15,tr,509,1366,865,241,0.2786127167630058,241,0,0,865,1.0,1.0,1.0,1.0,0.9999999999999999,1.0
12,sider,SIDER15,va,509,1366,92,31,0.33695652173913043,0,31,0,92,1.0,0.0,0.7479674796747967,0.0,0.7625214471620576,0.5255960729312763
12,sider,SIDER15,te,509,1366,106,31,0.29245283018867924,0,31,0,106,1.0,0.0,0.7737226277372263,0.0,0.8302307743995525,0.622945830797322
13,sider,SIDER15,tr,509,1366,857,249,0.29054842473745623,249,0,0,857,1.0,1.0,1.0,1.0,1.0,1.0
13,sider,SIDER15,va,509,1366,103,20,0.1941747572815534,0,20,0,103,1.0,0.0,0.8373983739837398,0.0,0.8903273655180984,0.6145631067961165
13,sider,SIDER15,te,509,1366,103,34,0.3300970873786408,1,33,0,103,1.0,0.029411764705882353,0.7591240875912408,0.14924840536900166,0.8549282211992003,0.6844660194174758
14,sider,SIDER15,tr,509,1366,863,243,0.28157589803012745,243,0,0,863,1.0,1.0,1.0,1.0,0.9999999999999999,1.0
14,sider,SIDER15,va,509,1366,96,27,0.28125,1,26,0,96,1.0,0.037037037037037035,0.7886178861788617,0.17071583991052527,0.8095198586673705,0.5752314814814815
14,sider,SIDER15,te,509,1366,104,33,0.3173076923076923,0,33,0,104,1.0,0.0,0.7591240875912408,0.0,0.7724352800047968,0.5029137529137528
15,sider,SIDER15,tr,509,1366,863,243,0.28157589803012745,243,0,0,863,1.0,1.0,1.0,1.0,1.0,1.0
15,sider,SIDER15,va,509,1366,92,31,0.33695652173913043,0,31,0,92,1.0,0.0,0.7479674796747967,0.0,0.8331804711905371,0.6765427769985974
15,sider,SIDER15,te,509,1366,108,29,0.26851851851851855,1,28,0,108,1.0,0.034482758620689655,0.7956204379562044,0.16547920455440554,0.8610105216629823,0.6254789272030651
1,sider,SIDER16,tr,509,1366,695,411,0.5913669064748202,374,37,38,657,0.9453237410071943,0.9099756690997567,0.9321880650994575,0.8548760348945132,0.9889150576490531,0.9769364070787165
1,sider,SIDER16,va,509,1366,72,51,0.7083333333333334,22,29,10,62,0.8611111111111112,0.43137254901960786,0.6829268292682927,0.32844091985724466,0.7750239610758657,0.7231753812636166
1,sider,SIDER16,te,509,1366,92,45,0.4891304347826087,17,28,14,78,0.8478260869565217,0.37777777777777777,0.6934306569343066,0.25322870038619333,0.8602559821577914,0.7237922705314009
2,sider,SIDER16,tr,509,1366,704,402,0.5710227272727273,364,38,34,670,0.9517045454545454,0.9054726368159204,0.9349005424954792,0.8590368478104441,0.9866751860592476,0.9720749943464496
2,sider,SIDER16,va,509,1366,74,49,0.6621621621621622,20,29,8,66,0.8918918918918919,0.40816326530612246,0.6991869918699187,0.3503274574671935,0.797960204685943,0.733177054605626
2,sider,SIDER16,te,509,1366,81,56,0.691358024691358,27,29,9,72,0.8888888888888888,0.48214285714285715,0.7226277372262774,0.4144151805271229,0.8946247736499717,0.833994708994709
3,sider,SIDER16,tr,509,1366,701,405,0.5777460770328102,373,32,33,668,0.9529243937232525,0.9209876543209876,0.9412296564195298,0.8734583693159509,0.9898666683929184,0.9779820714675683
3,sider,SIDER16,va,509,1366,72,51,0.7083333333333334,28,23,13,59,0.8194444444444444,0.5490196078431373,0.7073170731707317,0.3850770231077026,0.821032271311705,0.7480936819172113
3,sider,SIDER16,te,509,1366,86,51,0.5930232558139535,24,27,17,69,0.8023255813953488,0.47058823529411764,0.6788321167883211,0.2880927252426316,0.8367392937836629,0.7244642042863657
4,sider,SIDER16,tr,509,1366,706,400,0.56657223796034,372,28,36,670,0.9490084985835694,0.93,0.9421338155515371,0.8753215633560452,0.9873999942464304,0.9711543909348442
4,sider,SIDER16,va,509,1366,72,51,0.7083333333333334,21,30,6,66,0.9166666666666666,0.4117647058823529,0.7073170731707317,0.3909115234578192,0.8174591574297043,0.7587145969498911
4,sider,SIDER16,te,509,1366,81,56,0.691358024691358,18,38,8,73,0.9012345679012346,0.32142857142857145,0.6642335766423357,0.2791493927629773,0.8126544847127994,0.7526455026455026
5,sider,SIDER16,tr,509,1366,692,414,0.5982658959537572,386,28,39,653,0.9436416184971098,0.9323671497584541,0.9394213381555153,0.8715526946921845,0.9886644330459978,0.976257295244478
5,sider,SIDER16,va,509,1366,80,43,0.5375,14,29,11,69,0.8625,0.32558139534883723,0.6747967479674797,0.2228650756744689,0.8418238580714218,0.7405523255813953
5,sider,SIDER16,te,509,1366,87,50,0.5747126436781609,19,31,11,76,0.8735632183908046,0.38,0.6934306569343066,0.2951741815809446,0.762637185302087,0.693103448275862
6,sider,SIDER16,tr,509,1366,703,403,0.5732574679943101,365,38,26,677,0.9630156472261735,0.9057071960297767,0.9421338155515371,0.8745205666534769,0.9895678087257078,0.9772598117250069
6,sider,SIDER16,va,509,1366,79,44,0.5569620253164557,18,26,10,69,0.8734177215189873,0.4090909090909091,0.7073170731707317,0.32294665127699,0.8126890897669811,0.7428078250863062
6,sider,SIDER16,te,509,1366,77,60,0.7792207792207793,17,43,12,65,0.8441558441558441,0.2833333333333333,0.5985401459854015,0.15484009543272717,0.748574199634066,0.6915584415584415
7,sider,SIDER16,tr,509,1366,690,416,0.6028985507246377,390,26,39,651,0.9434782608695652,0.9375,0.9412296564195298,0.8758171034494262,0.9890413792735095,0.9766095317725753
7,sider,SIDER16,va,509,1366,80,43,0.5375,16,27,11,69,0.8625,0.37209302325581395,0.6910569105691057,0.2702569149246683,0.8689213456990248,0.7494186046511627
7,sider,SIDER16,te,509,1366,89,48,0.5393258426966292,20,28,18,71,0.797752808988764,0.4166666666666667,0.6642335766423357,0.2284917142995674,0.8279868109190922,0.6987359550561798
8,sider,SIDER16,tr,509,1366,702,404,0.5754985754985755,377,27,34,668,0.9515669515669516,0.9331683168316832,0.9448462929475587,0.8815749991222224,0.9898500451300553,0.9783433471552283
8,sider,SIDER16,va,509,1366,72,51,0.7083333333333334,22,29,9,63,0.875,0.43137254901960786,0.6910569105691057,0.34763734592269396,0.7215280772732946,0.7189542483660132
8,sider,SIDER16,te,509,1366,85,52,0.611764705882353,23,29,16,69,0.8117647058823529,0.4423076923076923,0.6715328467153284,0.27322679023668317,0.7958430397823569,0.7262443438914028
9,sider,SIDER16,tr,509,1366,697,409,0.5868005738880918,374,35,25,672,0.9641319942611191,0.9144254278728606,0.945750452079566,0.8831857239091827,0.9913102419169788,0.9809206764583106
9,sider,SIDER16,va,509,1366,73,50,0.684931506849315,18,32,9,64,0.8767123287671232,0.36,0.6666666666666666,0.28089875327071323,0.7396161910653078,0.6521917808219178
9,sider,SIDER16,te,509,1366,89,48,0.5393258426966292,16,32,19,70,0.7865168539325843,0.3333333333333333,0.6277372262773723,0.13110529465187987,0.7831528338582161,0.6561329588014981
10,sider,SIDER16,tr,509,1366,700,406,0.58,363,43,32,668,0.9542857142857143,0.8940886699507389,0.9321880650994575,0.8534267190280357,0.9885438466309905,0.9740728360309641
10,sider,SIDER16,va,509,1366,76,47,0.618421052631579,12,35,12,64,0.8421052631578947,0.2553191489361702,0.6178861788617886,0.11945389099725147,0.7818881412985478,0.6780515117581188
10,sider,SIDER16,te,509,1366,83,54,0.6506024096385542,26,28,11,72,0.8674698795180723,0.48148148148148145,0.7153284671532847,0.3840607808749779,0.8319654600183541,0.784471218206158
11,sider,SIDER16,tr,509,1366,697,409,0.5868005738880918,379,30,38,659,0.945480631276901,0.9266503667481663,0.9385171790235082,0.8687246153528928,0.9893961888969034,0.9767638464533646
11,sider,SIDER16,va,509,1366,79,44,0.5569620253164557,22,22,17,62,0.7848101265822784,0.5,0.6829268292682927,0.29337517668821667,0.8065269550341286,0.703970080552359
11,sider,SIDER16,te,509,1366,83,54,0.6506024096385542,22,32,16,67,0.8072289156626506,0.4074074074074074,0.6496350364963503,0.23427705191290626,0.7837477574613368,0.7052655064703257
12,sider,SIDER16,tr,509,1366,698,408,0.5845272206303725,374,34,28,670,0.9598853868194842,0.9166666666666666,0.9439421338155516,0.8792981273553094,0.9904614224577436,0.9785732344513736
12,sider,SIDER16,va,509,1366,77,46,0.5974025974025974,23,23,14,63,0.8181818181818182,0.5,0.6991869918699187,0.3356986153798953,0.8451289440400532,0.7423771880293619
12,sider,SIDER16,te,509,1366,84,53,0.6309523809523809,29,24,25,59,0.7023809523809523,0.5471698113207547,0.6423357664233577,0.2487141848683081,0.7647286208171455,0.6612758310871518
13,sider,SIDER16,tr,509,1366,693,413,0.5959595959595959,370,43,31,662,0.9552669552669553,0.8958837772397095,0.9330922242314648,0.8564093015555801,0.9873631956483149,0.9731437515941148
13,sider,SIDER16,va,509,1366,82,41,0.5,18,23,9,73,0.8902439024390244,0.43902439024390244,0.7398373983739838,0.37499999999999983,0.8593479055146392,0.7611540749553836
13,sider,SIDER16,te,509,1366,84,53,0.6309523809523809,22,31,10,74,0.8809523809523809,0.41509433962264153,0.7007299270072993,0.3407753666438841,0.8704917378117281,0.7973944294699011
14,sider,SIDER16,tr,509,1366,712,394,0.5533707865168539,366,28,29,683,0.9592696629213483,0.9289340101522843,0.9484629294755877,0.8877022575932838,0.9887601926938954,0.9771003251012376
14,sider,SIDER16,va,509,1366,67,56,0.835820895522388,19,37,7,60,0.8955223880597015,0.3392857142857143,0.6422764227642277,0.28639930018426946,0.7654249959943638,0.7212153518123667
14,sider,SIDER16,te,509,1366,80,57,0.7125,26,31,17,63,0.7875,0.45614035087719296,0.6496350364963503,0.2587816532207831,0.7292291473402386,0.6765350877192983
15,sider,SIDER16,tr,509,1366,687,419,0.6098981077147017,379,40,40,647,0.9417758369723436,0.9045346062052506,0.9276672694394213,0.8463104431775941,0.9883930274967752,0.9755899712700581
15,sider,SIDER16,va,509,1366,77,46,0.5974025974025974,22,24,19,58,0.7532467532467533,0.4782608695652174,0.6504065040650406,0.23762422826087864,0.8407376316834064,0.7296725014116318
15,sider,SIDER16,te,509,1366,95,42,0.4421052631578947,22,20,16,79,0.8315789473684211,0.5238095238095238,0.7372262773722628,0.3659994117654194,0.8626688644406901,0.7494987468671679
1,sider,SIDER17,tr,509,1366,1027,79,0.07692307692307693,0,79,0,1027,1.0,0.0,0.9285714285714286,0.0,0.9981607539673953,0.9755709760516682
1,sider,SIDER17,va,509,1366,114,9,0.07894736842105263,0,9,0,114,1.0,0.0,0.926829268292683,0.0,0.9628888167124322,0.6920077972709552
1,sider,SIDER17,te,509,1366,129,8,0.06201550387596899,0,8,0,129,1.0,0.0,0.9416058394160584,0.0,0.9279707159511317,0.5222868217054264
2,sider,SIDER17,tr,509,1366,1034,72,0.06963249516441006,0,72,0,1034,1.0,0.0,0.9349005424954792,0.0,0.9983198505602382,0.9752444659359552
2,sider,SIDER17,va,509,1366,110,13,0.11818181818181818,0,13,0,110,1.0,0.0,0.8943089430894309,0.0,0.9251024694773642,0.7034965034965035
2,sider,SIDER17,te,509,1366,126,11,0.0873015873015873,0,11,0,126,1.0,0.0,0.9197080291970803,0.0,0.948044505086091,0.6608946608946609
3,sider,SIDER17,tr,509,1366,1025,81,0.07902439024390244,0,81,0,1025,1.0,0.0,0.9267631103074141,0.0,0.998103404923091,0.9755615778380007
3,sider,SIDER17,va,509,1366,116,7,0.0603448275862069,0,7,0,116,1.0,0.0,0.943089430894309,0.0,0.9743976911986125,0.6761083743842364
3,sider,SIDER17,te,509,1366,129,8,0.06201550387596899,0,8,0,129,1.0,0.0,0.9416058394160584,0.0,0.9658821107469111,0.6782945736434108
4,sider,SIDER17,tr,509,1366,1028,78,0.07587548638132295,0,78,0,1028,1.0,0.0,0.9294755877034359,0.0,0.9979639657903956,0.972762645914397
4,sider,SIDER17,va,509,1366,119,4,0.03361344537815126,0,4,0,119,1.0,0.0,0.967479674796748,0.0,0.9789585469099031,0.6302521008403361
4,sider,SIDER17,te,509,1366,123,14,0.11382113821138211,0,14,0,123,1.0,0.0,0.8978102189781022,0.0,0.899581303983433,0.6585365853658537
5,sider,SIDER17,tr,509,1366,1023,83,0.08113391984359726,0,83,0,1023,1.0,0.0,0.9249547920433996,0.0,0.9977774258616063,0.9725353025003237
5,sider,SIDER17,va,509,1366,115,8,0.06956521739130435,0,8,0,115,1.0,0.0,0.9349593495934959,0.0,0.9500389174392851,0.5597826086956521
5,sider,SIDER17,te,509,1366,132,5,0.03787878787878788,0,5,0,132,1.0,0.0,0.9635036496350365,0.0,0.9754968032826277,0.7348484848484849
6,sider,SIDER17,tr,509,1366,1032,74,0.07170542635658915,0,74,0,1032,1.0,0.0,0.9330922242314648,0.0,0.9984749183424071,0.9780536350303792
6,sider,SIDER17,va,509,1366,113,10,0.08849557522123894,0,10,0,113,1.0,0.0,0.9186991869918699,0.0,0.9666614840826959,0.7424778761061948
6,sider,SIDER17,te,509,1366,125,12,0.096,0,12,0,125,1.0,0.0,0.9124087591240876,0.0,0.9607105446491383,0.7233333333333333
7,sider,SIDER17,tr,509,1366,1027,79,0.07692307692307693,0,79,0,1027,1.0,0.0,0.9285714285714286,0.0,0.9977544553146975,0.9707270777612069
7,sider,SIDER17,va,509,1366,118,5,0.0423728813559322,0,5,0,118,1.0,0.0,0.959349593495935,0.0,0.9501925912829206,0.5389830508474576
7,sider,SIDER17,te,509,1366,125,12,0.096,0,12,0,125,1.0,0.0,0.9124087591240876,0.0,0.958937955913795,0.72
8,sider,SIDER17,tr,509,1366,1023,83,0.08113391984359726,0,83,0,1023,1.0,0.0,0.9249547920433996,0.0,0.9968809284682733,0.9611348620287602
8,sider,SIDER17,va,509,1366,113,10,0.08849557522123894,0,10,0,113,1.0,0.0,0.9186991869918699,0.0,0.9565669052455823,0.707079646017699
8,sider,SIDER17,te,509,1366,134,3,0.022388059701492536,0,3,0,134,1.0,0.0,0.9781021897810219,0.0,0.9819355324316352,0.5746268656716418
9,sider,SIDER17,tr,509,1366,1023,83,0.08113391984359726,0,83,0,1023,1.0,0.0,0.9249547920433996,0.0,0.9974182171323499,0.9676830489111873
9,sider,SIDER17,va,509,1366,118,5,0.0423728813559322,0,5,0,118,1.0,0.0,0.959349593495935,0.0,0.9593170869273175,0.5067796610169492
9,sider,SIDER17,te,509,1366,129,8,0.06201550387596899,0,8,0,129,1.0,0.0,0.9416058394160584,0.0,0.9665968747812932,0.6918604651162791
10,sider,SIDER17,tr,509,1366,1025,81,0.07902439024390244,0,81,0,1025,1.0,0.0,0.9267631103074141,0.0,0.9978168889659851,0.9720325203252033
10,sider,SIDER17,va,509,1366,117,6,0.05128205128205128,0,6,0,117,1.0,0.0,0.9512195121951219,0.0,0.9815672191721097,0.7165242165242165
10,sider,SIDER17,te,509,1366,128,9,0.0703125,0,9,0,128,1.0,0.0,0.9343065693430657,0.0,0.9639715378240915,0.6319444444444444
11,sider,SIDER17,tr,509,1366,1030,76,0.07378640776699029,0,76,0,1030,1.0,0.0,0.9312839059674503,0.0,0.9980032678343183,0.9732115482881961
11,sider,SIDER17,va,509,1366,112,11,0.09821428571428571,0,11,0,112,1.0,0.0,0.9105691056910569,0.0,0.9391498138155454,0.6128246753246753
11,sider,SIDER17,te,509,1366,128,9,0.0703125,0,9,0,128,1.0,0.0,0.9343065693430657,0.0,0.9368518906626182,0.5572916666666666
12,sider,SIDER17,tr,509,1366,1025,81,0.07902439024390244,0,81,0,1025,1.0,0.0,0.9267631103074141,0.0,0.9981091774991833,0.9755374887082204
12,sider,SIDER17,va,509,1366,117,6,0.05128205128205128,0,6,0,117,1.0,0.0,0.9512195121951219,0.0,0.9710932435599061,0.6481481481481481
12,sider,SIDER17,te,509,1366,128,9,0.0703125,0,9,0,128,1.0,0.0,0.9343065693430657,0.0,0.9319011385498999,0.5894097222222222
13,sider,SIDER17,tr,509,1366,1026,80,0.07797270955165692,0,80,0,1026,1.0,0.0,0.9276672694394213,0.0,0.9984284569063656,0.9792519493177387
13,sider,SIDER17,va,509,1366,118,5,0.0423728813559322,0,5,0,118,1.0,0.0,0.959349593495935,0.0,0.9756789164436348,0.6271186440677966
13,sider,SIDER17,te,509,1366,126,11,0.0873015873015873,0,11,0,126,1.0,0.0,0.9197080291970803,0.0,0.903555721274376,0.5303030303030304
14,sider,SIDER17,tr,509,1366,1034,72,0.06963249516441006,0,72,0,1034,1.0,0.0,0.9349005424954792,0.0,0.9982724996367234,0.9745862884160755
14,sider,SIDER17,va,509,1366,115,8,0.06956521739130435,0,8,0,115,1.0,0.0,0.9349593495934959,0.0,0.9677793347601178,0.6684782608695652
14,sider,SIDER17,te,509,1366,121,16,0.1322314049586777,0,16,0,121,1.0,0.0,0.8832116788321168,0.0,0.9320400353018345,0.6678719008264462
15,sider,SIDER17,tr,509,1366,1025,81,0.07902439024390244,0,81,0,1025,1.0,0.0,0.9267631103074141,0.0,0.997865519306405,0.9725022583559167
15,sider,SIDER17,va,509,1366,115,8,0.06956521739130435,0,8,0,115,1.0,0.0,0.9349593495934959,0.0,0.9518647926194885,0.5576086956521739
15,sider,SIDER17,te,509,1366,130,7,0.05384615384615385,0,7,0,130,1.0,0.0,0.948905109489051,0.0,0.9798060967832342,0.7285714285714285
1,sider,SIDER18,tr,509,1366,194,912,4.701030927835052,912,0,194,0,0.0,1.0,0.8245931283905967,0.0,0.8009134864734545,0.9737407306927112
1,sider,SIDER18,va,509,1366,29,94,3.2413793103448274,94,0,29,0,0.0,1.0,0.7642276422764228,0.0,0.31021066522830176,0.6412325752017608
1,sider,SIDER18,te,509,1366,26,111,4.269230769230769,111,0,26,0,0.0,1.0,0.8102189781021898,0.0,0.20170628292920095,0.5613305613305614
2,sider,SIDER18,tr,509,1366,206,900,4.368932038834951,900,0,206,0,0.0,1.0,0.8137432188065099,0.0,0.7807346306171151,0.9693851132686084
2,sider,SIDER18,va,509,1366,16,107,6.6875,107,0,16,0,0.0,1.0,0.8699186991869918,0.0,0.2024211594100164,0.6875
2,sider,SIDER18,te,509,1366,27,110,4.074074074074074,110,0,27,0,0.0,1.0,0.8029197080291971,0.0,0.2111755280416485,0.5033670033670034
3,sider,SIDER18,tr,509,1366,204,902,4.421568627450981,902,0,204,0,0.0,1.0,0.8155515370705244,0.0,0.7572989634346867,0.9683111603843311
3,sider,SIDER18,va,509,1366,21,102,4.857142857142857,102,0,21,0,0.0,1.0,0.8292682926829268,0.0,0.22865252711941675,0.5933706816059757
3,sider,SIDER18,te,509,1366,24,113,4.708333333333333,113,0,24,0,0.0,1.0,0.8248175182481752,0.0,0.2111106493362309,0.5984513274336283
4,sider,SIDER18,tr,509,1366,205,901,4.3951219512195125,901,0,205,0,0.0,1.0,0.8146473779385172,0.0,0.8209997206676795,0.9755339595571316
4,sider,SIDER18,va,509,1366,25,98,3.92,98,0,25,0,0.0,1.0,0.7967479674796748,0.0,0.29948543960760354,0.6081632653061224
4,sider,SIDER18,te,509,1366,19,118,6.2105263157894735,118,0,19,0,0.0,1.0,0.8613138686131386,0.0,0.1938761094051043,0.619536128456735
5,sider,SIDER18,tr,509,1366,196,910,4.642857142857143,910,0,196,0,0.0,1.0,0.8227848101265823,0.0,0.7133128761657948,0.9636970172684458
5,sider,SIDER18,va,509,1366,29,94,3.2413793103448274,94,0,29,0,0.0,1.0,0.7642276422764228,0.0,0.4267583583031395,0.5829053558327218
5,sider,SIDER18,te,509,1366,24,113,4.708333333333333,113,0,24,0,0.0,1.0,0.8248175182481752,0.0,0.22318763982830486,0.6157817109144542
6,sider,SIDER18,tr,509,1366,201,905,4.502487562189055,905,0,201,0,0.0,1.0,0.8182640144665461,0.0,0.7382381971367723,0.9675709848547319
6,sider,SIDER18,va,509,1366,21,102,4.857142857142857,102,0,21,0,0.0,1.0,0.8292682926829268,0.0,0.19814493848000592,0.5788982259570495
6,sider,SIDER18,te,509,1366,27,110,4.074074074074074,110,0,27,0,0.0,1.0,0.8029197080291971,0.0,0.2592812018036029,0.5808080808080809
7,sider,SIDER18,tr,509,1366,199,907,4.557788944723618,907,0,199,0,0.0,1.0,0.8200723327305606,0.0,0.8243432264443673,0.9741541223205332
7,sider,SIDER18,va,509,1366,25,98,3.92,98,0,25,0,0.0,1.0,0.7967479674796748,0.0,0.3173279347070064,0.6995918367346938
7,sider,SIDER18,te,509,1366,25,112,4.48,112,0,25,0,0.0,1.0,0.8175182481751825,0.0,0.1936296936492951,0.5439285714285714
8,sider,SIDER18,tr,509,1366,208,898,4.3173076923076925,898,0,208,0,0.0,1.0,0.8119349005424955,0.0,0.7493366858297429,0.9648470961110159
8,sider,SIDER18,va,509,1366,15,108,7.2,108,0,15,0,0.0,1.0,0.8780487804878049,0.0,0.16502584678431204,0.5709876543209876
8,sider,SIDER18,te,509,1366,26,111,4.269230769230769,111,0,26,0,0.0,1.0,0.8102189781021898,0.0,0.2938717578461666,0.6552321552321552
9,sider,SIDER18,tr,509,1366,195,911,4.671794871794872,911,0,195,0,0.0,1.0,0.8236889692585895,0.0,0.7821245324887569,0.9718483492358355
9,sider,SIDER18,va,509,1366,26,97,3.730769230769231,97,0,26,0,0.0,1.0,0.7886178861788617,0.0,0.3144443172471878,0.6439333862014275
9,sider,SIDER18,te,509,1366,28,109,3.892857142857143,109,0,28,0,0.0,1.0,0.7956204379562044,0.0,0.3911090095988974,0.6585845347313237
10,sider,SIDER18,tr,509,1366,206,900,4.368932038834951,900,0,206,0,0.0,1.0,0.8137432188065099,0.0,0.7587827009987919,0.967319309600863
10,sider,SIDER18,va,509,1366,16,107,6.6875,107,0,16,0,0.0,1.0,0.8699186991869918,0.0,0.27965073976848487,0.7330607476635514
10,sider,SIDER18,te,509,1366,27,110,4.074074074074074,110,0,27,0,0.0,1.0,0.8029197080291971,0.0,0.3512891010842828,0.6272727272727272
11,sider,SIDER18,tr,509,1366,204,902,4.421568627450981,902,0,204,0,0.0,1.0,0.8155515370705244,0.0,0.7731860560046502,0.9672785965827573
11,sider,SIDER18,va,509,1366,21,102,4.857142857142857,102,0,21,0,0.0,1.0,0.8292682926829268,0.0,0.32372431480980196,0.5597572362278245
11,sider,SIDER18,te,509,1366,24,113,4.708333333333333,113,0,24,0,0.0,1.0,0.8248175182481752,0.0,0.2998408300330016,0.6500737463126843
12,sider,SIDER18,tr,509,1366,205,901,4.3951219512195125,901,0,205,0,0.0,1.0,0.8146473779385172,0.0,0.7727710930275228,0.9708183319347066
12,sider,SIDER18,va,509,1366,23,100,4.3478260869565215,100,0,23,0,0.0,1.0,0.8130081300813008,0.0,0.41500559746017507,0.7047826086956521
12,sider,SIDER18,te,509,1366,21,116,5.523809523809524,116,0,21,0,0.0,1.0,0.8467153284671532,0.0,0.1854104585165002,0.5143678160919539
13,sider,SIDER18,tr,509,1366,201,905,4.502487562189055,905,0,201,0,0.0,1.0,0.8182640144665461,0.0,0.7928623609702342,0.9727220252329514
13,sider,SIDER18,va,509,1366,19,104,5.473684210526316,104,0,19,0,0.0,1.0,0.8455284552845529,0.0,0.30198961585001444,0.6700404858299596
13,sider,SIDER18,te,509,1366,29,108,3.7241379310344827,108,0,29,0,0.0,1.0,0.7883211678832117,0.0,0.2727145714444049,0.6069604086845466
14,sider,SIDER18,tr,509,1366,207,899,4.342995169082125,899,0,207,0,0.0,1.0,0.8128390596745028,0.0,0.7271960421419343,0.9601382104646602
14,sider,SIDER18,va,509,1366,20,103,5.15,103,0,20,0,0.0,1.0,0.8373983739837398,0.0,0.2635957572848917,0.6932038834951456
14,sider,SIDER18,te,509,1366,22,115,5.2272727272727275,115,0,22,0,0.0,1.0,0.8394160583941606,0.0,0.31731903285443597,0.7430830039525692
15,sider,SIDER18,tr,509,1366,203,903,4.448275862068965,903,0,203,0,0.0,1.0,0.8164556962025317,0.0,0.7530632535030264,0.9662591580337028
15,sider,SIDER18,va,509,1366,21,102,4.857142857142857,102,0,21,0,0.0,1.0,0.8292682926829268,0.0,0.40331881114042595,0.7072829131652661
15,sider,SIDER18,te,509,1366,25,112,4.48,112,0,25,0,0.0,1.0,0.8175182481751825,0.0,0.1869629939310761,0.5460714285714285
1,sider,SIDER19,tr,509,1366,775,331,0.4270967741935484,277,54,12,763,0.984516129032258,0.8368580060422961,0.9403254972875226,0.8561422335904415,0.9919548330856978,0.9786609492252217
1,sider,SIDER19,va,509,1366,85,38,0.4470588235294118,8,30,7,78,0.9176470588235294,0.21052631578947367,0.6991869918699187,0.18098457933386555,0.7763934502507094,0.6613003095975234
1,sider,SIDER19,te,509,1366,103,34,0.3300970873786408,4,30,14,89,0.8640776699029126,0.11764705882352941,0.6788321167883211,-0.02336749561486614,0.7949037536624426,0.5522558537978297
2,sider,SIDER19,tr,509,1366,782,324,0.4143222506393862,34,290,6,776,0.9923273657289002,0.10493827160493827,0.7323688969258589,0.2370973611999336,0.9905919420313875,0.9744561270562975
2,sider,SIDER19,va,509,1366,87,36,0.41379310344827586,5,31,5,82,0.9425287356321839,0.1388888888888889,0.7073170731707317,0.13554705368839587,0.8231139109522035,0.6554916985951469
2,sider,SIDER19,te,509,1366,94,43,0.4574468085106383,4,39,5,89,0.9468085106382979,0.09302325581395349,0.6788321167883211,0.07461076310554239,0.7821941557155864,0.6415141019297378
3,sider,SIDER19,tr,509,1366,787,319,0.40533672172808133,30,289,5,782,0.9936467598475223,0.09404388714733543,0.7341772151898734,0.22693800072174572,0.9914011911932381,0.9754912309353005
3,sider,SIDER19,va,509,1366,78,45,0.5769230769230769,5,40,3,75,0.9615384615384616,0.1111111111111111,0.6504065040650406,0.14190336970001255,0.7716634888468378,0.672934472934473
3,sider,SIDER19,te,509,1366,98,39,0.3979591836734694,5,34,1,97,0.9897959183673469,0.1282051282051282,0.7445255474452555,0.26020757031472347,0.877617561064574,0.7642595499738357
4,sider,SIDER19,tr,509,1366,789,317,0.4017743979721166,11,306,0,789,1.0,0.03470031545741325,0.7233273056057866,0.1581241316207651,0.9917505346963227,0.9756550039382199
4,sider,SIDER19,va,509,1366,87,36,0.41379310344827586,1,35,1,86,0.9885057471264368,0.027777777777777776,0.7073170731707317,0.05858030336746033,0.8221215424716156,0.6634738186462324
4,sider,SIDER19,te,509,1366,87,50,0.5747126436781609,4,46,0,87,1.0,0.08,0.6642335766423357,0.22875932126947077,0.7454210016978464,0.652183908045977
5,sider,SIDER19,tr,509,1366,775,331,0.4270967741935484,37,294,5,770,0.9935483870967742,0.11178247734138973,0.7296564195298373,0.25236262570237317,0.990710837683497,0.9777507065588149
5,sider,SIDER19,va,509,1366,90,33,0.36666666666666664,3,30,5,85,0.9444444444444444,0.09090909090909091,0.7154471544715447,0.06352097575605481,0.8211183157227939,0.601010101010101
5,sider,SIDER19,te,509,1366,98,39,0.3979591836734694,5,34,5,93,0.9489795918367347,0.1282051282051282,0.7153284671532847,0.13389822322552442,0.881951299827815,0.7318158032443747
6,sider,SIDER19,tr,509,1366,791,315,0.39823008849557523,22,293,1,790,0.9987357774968394,0.06984126984126984,0.7341772151898734,0.2168923101281196,0.9921337567990721,0.9773764373005839
6,sider,SIDER19,va,509,1366,81,42,0.5185185185185185,3,39,2,79,0.9753086419753086,0.07142857142857142,0.6666666666666666,0.11222870815556028,0.8558233124260661,0.7621987066431511
6,sider,SIDER19,te,509,1366,91,46,0.5054945054945055,5,41,3,88,0.967032967032967,0.10869565217391304,0.6788321167883211,0.1525175434329654,0.721666688458152,0.6237458193979932
7,sider,SIDER19,tr,509,1366,772,334,0.4326424870466321,26,308,2,770,0.9974093264248705,0.07784431137724551,0.7197106690777577,0.2199484907588014,0.9887107047495993,0.9737131953709162
7,sider,SIDER19,va,509,1366,88,35,0.3977272727272727,4,31,0,88,1.0,0.11428571428571428,0.7479674796747967,0.29071258232523806,0.8194700489913844,0.6922077922077923
7,sider,SIDER19,te,509,1366,103,34,0.3300970873786408,5,29,3,100,0.970873786407767,0.14705882352941177,0.7664233576642335,0.21724617173113991,0.871046782922839,0.7135922330097088
8,sider,SIDER19,tr,509,1366,790,316,0.4,25,291,3,787,0.9962025316455696,0.07911392405063292,0.7341772151898734,0.21660005636099086,0.9931790405535231,0.9813170966191315
8,sider,SIDER19,va,509,1366,81,42,0.5185185185185185,2,40,1,80,0.9876543209876543,0.047619047619047616,0.6666666666666666,0.10843334143872546,0.7590290092163451,0.6925338036449148
8,sider,SIDER19,te,509,1366,92,45,0.4891304347826087,9,36,4,88,0.9565217391304348,0.2,0.708029197080292,0.2508374150360374,0.7525066337703202,0.6205314009661835
9,sider,SIDER19,tr,509,1366,789,317,0.4017743979721166,23,294,3,786,0.9961977186311787,0.07255520504731862,0.7314647377938517,0.20519215471174992,0.9920032167149363,0.977492173537561
9,sider,SIDER19,va,509,1366,82,41,0.5,6,35,4,78,0.9512195121951219,0.14634146341463414,0.6829268292682927,0.1682812647646683,0.7581357595277516,0.6284949434860201
9,sider,SIDER19,te,509,1366,92,45,0.4891304347826087,4,41,3,89,0.967391304347826,0.08888888888888889,0.6788321167883211,0.12004250631858186,0.7336076087492849,0.6131642512077294
10,sider,SIDER19,tr,509,1366,772,334,0.4326424870466321,57,277,9,763,0.9883419689119171,0.17065868263473055,0.7414104882459313,0.30817127140451817,0.9905621537193585,0.9757589742794203
10,sider,SIDER19,va,509,1366,91,32,0.3516483516483517,6,26,4,87,0.9560439560439561,0.1875,0.7560975609756098,0.23043124946782703,0.825863513597449,0.6524725274725275
10,sider,SIDER19,te,509,1366,100,37,0.37,3,34,6,94,0.94,0.08108108108108109,0.708029197080292,0.037780482591741216,0.7971229461939924,0.5883783783783784
11,sider,SIDER19,tr,509,1366,777,329,0.42342342342342343,48,281,5,772,0.9935649935649936,0.1458966565349544,0.7414104882459313,0.29847718313801885,0.9900255722805703,0.9730433864172465
11,sider,SIDER19,va,509,1366,88,35,0.3977272727272727,3,32,2,86,0.9772727272727273,0.08571428571428572,0.7235772357723578,0.14391311243706323,0.8284523710942198,0.6707792207792208
11,sider,SIDER19,te,509,1366,98,39,0.3979591836734694,7,32,3,95,0.9693877551020408,0.1794871794871795,0.7445255474452555,0.25826470852652,0.8067960137805105,0.6109366823652538
12,sider,SIDER19,tr,509,1366,788,318,0.4035532994923858,24,294,0,788,1.0,0.07547169811320754,0.7341772151898734,0.23444530458936386,0.9911700868007767,0.9753695367621236
12,sider,SIDER19,va,509,1366,82,41,0.5,4,37,3,79,0.9634146341463414,0.0975609756097561,0.6747967479674797,0.12407291674636607,0.7916171303534482,0.6891731112433076
12,sider,SIDER19,te,509,1366,93,44,0.4731182795698925,4,40,4,89,0.956989247311828,0.09090909090909091,0.6788321167883211,0.09537804366047814,0.8110684777897553,0.6573802541544477
13,sider,SIDER19,tr,509,1366,781,325,0.41613316261203587,37,288,3,778,0.9961587708066582,0.11384615384615385,0.7368896925858951,0.2683927173140489,0.9886555200028637,0.9743169506549788
13,sider,SIDER19,va,509,1366,83,40,0.4819277108433735,4,36,2,81,0.9759036144578314,0.1,0.6910569105691057,0.16506802035475185,0.7983785135752909,0.6626506024096386
13,sider,SIDER19,te,509,1366,99,38,0.3838383838383838,2,36,4,95,0.9595959595959596,0.05263157894736842,0.708029197080292,0.02675082393901431,0.8048693344318052,0.5832004253056885
14,sider,SIDER19,tr,509,1366,796,310,0.38944723618090454,56,254,12,784,0.9849246231155779,0.18064516129032257,0.759493670886076,0.3095746074887742,0.9918583746909815,0.9762137299400226
14,sider,SIDER19,va,509,1366,77,46,0.5974025974025974,7,39,6,71,0.922077922077922,0.15217391304347827,0.6341463414634146,0.11685934596390082,0.7175076043895958,0.6380575945793336
14,sider,SIDER19,te,509,1366,90,47,0.5222222222222223,7,40,10,80,0.8888888888888888,0.14893617021276595,0.635036496350365,0.0544671580137111,0.7236639314402249,0.5732860520094563
15,sider,SIDER19,tr,509,1366,782,324,0.4143222506393862,14,310,0,782,1.0,0.043209876543209874,0.7197106690777577,0.1759071814875449,0.9918599418416363,0.9793738751539263
15,sider,SIDER19,va,509,1366,80,43,0.5375,1,42,0,80,1.0,0.023255813953488372,0.6585365853658537,0.12348973264146645,0.8489052474014471,0.776453488372093
15,sider,SIDER19,te,509,1366,101,36,0.3564356435643564,6,30,4,97,0.9603960396039604,0.16666666666666666,0.7518248175182481,0.214994909840916,0.8726732726303726,0.7194719471947194
1,sider,SIDER20,tr,509,1366,818,288,0.35207823960880197,288,0,0,818,1.0,1.0,1.0,1.0,1.0,1.0
1,sider,SIDER20,va,509,1366,95,28,0.29473684210526313,4,24,5,90,0.9473684210526315,0.14285714285714285,0.7642276422764228,0.14527695986154798,0.7613628155411643,0.5338345864661653
1,sider,SIDER20,te,509,1366,108,29,0.26851851851851855,4,25,9,99,0.9166666666666666,0.13793103448275862,0.7518248175182481,0.07610316434400761,0.865376500863418,0.6143039591315453
2,sider,SIDER20,tr,509,1366,829,277,0.3341375150784077,277,0,0,829,1.0,1.0,1.0,1.0,1.0,1.0
2,sider,SIDER20,va,509,1366,91,32,0.3516483516483517,0,32,3,88,0.967032967032967,0.0,0.7154471544715447,-0.09376144618769863,0.822564317292771,0.6274038461538461
2,sider,SIDER20,te,509,1366,101,36,0.3564356435643564,4,32,2,99,0.9801980198019802,0.1111111111111111,0.7518248175182481,0.1963879665704394,0.814273306690909,0.6617161716171617
3,sider,SIDER20,tr,509,1366,833,273,0.3277310924369748,273,0,0,833,1.0,1.0,1.0,1.0,1.0,1.0
3,sider,SIDER20,va,509,1366,85,38,0.4470588235294118,0,38,2,83,0.9764705882352941,0.0,0.6747967479674797,-0.08596163121886627,0.7259121579160479,0.5736842105263158
3,sider,SIDER20,te,509,1366,103,34,0.3300970873786408,4,30,3,100,0.970873786407767,0.11764705882352941,0.7591240875912408,0.17365325442127735,0.8181472430269715,0.674757281553398
4,sider,SIDER20,tr,509,1366,836,270,0.3229665071770335,270,0,0,836,1.0,1.0,1.0,1.0,1.0,1.0
4,sider,SIDER20,va,509,1366,86,37,0.43023255813953487,2,35,1,85,0.9883720930232558,0.05405405405405406,0.7073170731707317,0.12613407610154784,0.8185050593745136,0.6926461345065997
4,sider,SIDER20,te,509,1366,99,38,0.3838383838383838,1,37,2,97,0.9797979797979798,0.02631578947368421,0.7153284671532847,0.018702747639700073,0.8814634156799546,0.7312599681020734
5,sider,SIDER20,tr,509,1366,825,281,0.3406060606060606,281,0,0,825,1.0,1.0,1.0,1.0,1.0,1.0
5,sider,SIDER20,va,509,1366,100,23,0.23,2,21,7,93,0.93,0.08695652173913043,0.7723577235772358,0.025387913423096424,0.8407419657183672,0.6273913043478261
5,sider,SIDER20,te,509,1366,96,41,0.4270833333333333,3,38,1,95,0.9895833333333334,0.07317073170731707,0.7153284671532847,0.1706921671071359,0.8323914251928537,0.6913109756097561
6,sider,SIDER20,tr,509,1366,834,272,0.3261390887290168,272,0,0,834,1.0,1.0,1.0,1.0,1.0,1.0
6,sider,SIDER20,va,509,1366,88,35,0.3977272727272727,1,34,2,86,0.9772727272727273,0.02857142857142857,0.7073170731707317,0.017094086468945616,0.8192906162177775,0.7165584415584415
6,sider,SIDER20,te,509,1366,99,38,0.3838383838383838,1,37,0,99,1.0,0.02631578947368421,0.7299270072992701,0.1384064548683537,0.8268849709816151,0.684742158426369
7,sider,SIDER20,tr,509,1366,821,285,0.3471376370280146,285,0,0,821,1.0,1.0,1.0,1.0,1.0,1.0
7,sider,SIDER20,va,509,1366,90,33,0.36666666666666664,2,31,1,89,0.9888888888888889,0.06060606060606061,0.7398373983739838,0.1421634190304859,0.8049428198925742,0.6511784511784512
7,sider,SIDER20,te,509,1366,110,27,0.24545454545454545,1,26,1,109,0.990909090909091,0.037037037037037035,0.8029197080291971,0.0926868207405712,0.9182341799200874,0.7909090909090909
8,sider,SIDER20,tr,509,1366,822,284,0.34549878345498786,284,0,0,822,1.0,1.0,1.0,1.0,1.0,1.0
8,sider,SIDER20,va,509,1366,96,27,0.28125,4,23,3,93,0.96875,0.14814814814814814,0.7886178861788617,0.2088560765230494,0.8556162460797937,0.6242283950617284
8,sider,SIDER20,te,509,1366,103,34,0.3300970873786408,1,33,4,99,0.9611650485436893,0.029411764705882353,0.7299270072992701,-0.021706205046516408,0.7882240577143643,0.615648201027984
9,sider,SIDER20,tr,509,1366,835,271,0.32455089820359284,271,0,0,835,1.0,1.0,1.0,1.0,1.0,1.0
9,sider,SIDER20,va,509,1366,87,36,0.41379310344827586,2,34,2,85,0.9770114942528736,0.05555555555555555,0.7073170731707317,0.08353833569312727,0.8314262901948829,0.6567688378033206
9,sider,SIDER20,te,509,1366,99,38,0.3838383838383838,2,36,3,96,0.9696969696969697,0.05263157894736842,0.7153284671532847,0.053308679237124776,0.7653892105897462,0.5903774587985114
10,sider,SIDER20,tr,509,1366,821,285,0.3471376370280146,285,0,0,821,1.0,1.0,1.0,1.0,1.0,1.0
10,sider,SIDER20,va,509,1366,97,26,0.26804123711340205,1,25,2,95,0.979381443298969,0.038461538461538464,0.7804878048780488,0.04722682204069439,0.8601686931988621,0.6931007137192705
10,sider,SIDER20,te,509,1366,103,34,0.3300970873786408,4,30,2,101,0.9805825242718447,0.11764705882352941,0.7664233576642335,0.2073428666659714,0.7862611466652494,0.6456310679611651
11,sider,SIDER20,tr,509,1366,821,285,0.3471376370280146,285,0,0,821,1.0,1.0,1.0,1.0,1.0,1.0
11,sider,SIDER20,va,509,1366,95,28,0.29473684210526313,2,26,8,87,0.9157894736842105,0.07142857142857142,0.7235772357723578,-0.019610961043935005,0.8085276474728784,0.6082706766917294
11,sider,SIDER20,te,509,1366,105,32,0.3047619047619048,1,31,7,98,0.9333333333333333,0.03125,0.7226277372262774,-0.06390538771348905,0.8009256931278932,0.5589285714285714
12,sider,SIDER20,tr,509,1366,829,277,0.3341375150784077,277,0,0,829,1.0,1.0,1.0,1.0,1.0,1.0
12,sider,SIDER20,va,509,1366,93,30,0.3225806451612903,3,27,2,91,0.978494623655914,0.1,0.7642276422764228,0.1706931163439083,0.8777242138111491,0.7440860215053764
12,sider,SIDER20,te,509,1366,99,38,0.3838383838383838,0,38,2,97,0.9797979797979798,0.0,0.708029197080292,-0.07540884945007056,0.8019731693217449,0.6220095693779905
13,sider,SIDER20,tr,509,1366,819,287,0.3504273504273504,287,0,0,819,1.0,1.0,1.0,1.0,1.0,1.0
13,sider,SIDER20,va,509,1366,96,27,0.28125,2,25,3,93,0.96875,0.07407407407407407,0.7723577235772358,0.08975930358485192,0.8729331487280363,0.7040895061728395
13,sider,SIDER20,te,509,1366,106,31,0.29245283018867924,4,27,3,103,0.9716981132075472,0.12903225806451613,0.781021897810219,0.19141392031737625,0.842794004358395,0.6527693244065733
14,sider,SIDER20,tr,509,1366,831,275,0.3309265944645006,275,0,0,831,1.0,1.0,1.0,1.0,1.0,1.0
14,sider,SIDER20,va,509,1366,96,27,0.28125,2,25,4,92,0.9583333333333334,0.07407407407407407,0.7642276422764228,0.06227205981308927,0.8118366234593773,0.5466820987654322
14,sider,SIDER20,te,509,1366,94,43,0.4574468085106383,1,42,4,90,0.9574468085106383,0.023255813953488372,0.6642335766423357,-0.047755619180683606,0.7880337832429241,0.6041563582384959
15,sider,SIDER20,tr,509,1366,839,267,0.3182359952324195,267,0,0,839,1.0,1.0,1.0,1.0,1.0,1.0
15,sider,SIDER20,va,509,1366,87,36,0.41379310344827586,0,36,0,87,1.0,0.0,0.7073170731707317,0.0,0.8073353079072737,0.7196679438058748
15,sider,SIDER20,te,509,1366,95,42,0.4421052631578947,3,39,4,91,0.9578947368421052,0.07142857142857142,0.6861313868613139,0.06140146280668954,0.7924412745566733,0.6343358395989976
1,sider,SIDER21,tr,509,1366,776,330,0.4252577319587629,330,0,0,776,1.0,1.0,1.0,1.0,1.0,1.0
1,sider,SIDER21,va,509,1366,90,33,0.36666666666666664,6,27,5,85,0.9444444444444444,0.18181818181818182,0.7398373983739838,0.19604135208589582,0.8434011338022542,0.706060606060606
1,sider,SIDER21,te,509,1366,116,21,0.1810344827586207,4,17,9,107,0.9224137931034483,0.19047619047619047,0.8102189781021898,0.13877509493938242,0.9300732692854697,0.7073070607553367
2,sider,SIDER21,tr,509,1366,798,308,0.38596491228070173,308,0,0,798,1.0,1.0,1.0,1.0,1.0,1.0
2,sider,SIDER21,va,509,1366,92,31,0.33695652173913043,2,29,5,87,0.9456521739130435,0.06451612903225806,0.7235772357723578,0.01905659142181284,0.8041443083748843,0.6216690042075736
2,sider,SIDER21,te,509,1366,92,45,0.4891304347826087,8,37,1,91,0.9891304347826086,0.17777777777777778,0.7226277372262774,0.3164110466086725,0.7994476987286658,0.688647342995169
3,sider,SIDER21,tr,509,1366,800,306,0.3825,306,0,0,800,1.0,1.0,1.0,1.0,1.0,1.0
3,sider,SIDER21,va,509,1366,85,38,0.4470588235294118,3,35,5,80,0.9411764705882353,0.07894736842105263,0.6747967479674797,0.037706670145775195,0.768579528557378,0.5978328173374613
3,sider,SIDER21,te,509,1366,97,40,0.41237113402061853,6,34,4,93,0.9587628865979382,0.15,0.7226277372262774,0.1901055201067629,0.8617789297176874,0.7197164948453608
4,sider,SIDER21,tr,509,1366,796,310,0.38944723618090454,310,0,0,796,1.0,1.0,1.0,1.0,1.0,1.0
4,sider,SIDER21,va,509,1366,88,35,0.3977272727272727,8,27,6,82,0.9318181818181818,0.22857142857142856,0.7317073170731707,0.2278632691295215,0.8599486801676294,0.726948051948052
4,sider,SIDER21,te,509,1366,98,39,0.3979591836734694,5,34,5,93,0.9489795918367347,0.1282051282051282,0.7153284671532847,0.13389822322552442,0.8452982699236249,0.6865515436944009
5,sider,SIDER21,tr,509,1366,785,321,0.4089171974522293,321,0,0,785,1.0,1.0,1.0,1.0,1.0,1.0
5,sider,SIDER21,va,509,1366,87,36,0.41379310344827586,7,29,4,83,0.9540229885057471,0.19444444444444445,0.7317073170731707,0.23672096484320482,0.8081864690010346,0.6778416347381864
5,sider,SIDER21,te,509,1366,110,27,0.24545454545454545,4,23,4,106,0.9636363636363636,0.14814814814814814,0.8029197080291971,0.189635661265753,0.8976036319244287,0.6835016835016834
6,sider,SIDER21,tr,509,1366,807,299,0.3705080545229244,299,0,0,807,1.0,1.0,1.0,1.0,1.0,1.0
6,sider,SIDER21,va,509,1366,84,39,0.4642857142857143,6,33,5,79,0.9404761904761905,0.15384615384615385,0.6910569105691057,0.15380879826916113,0.7967517237638977,0.6822344322344323
6,sider,SIDER21,te,509,1366,91,46,0.5054945054945055,2,44,0,91,1.0,0.043478260869565216,0.6788321167883211,0.17119453390223346,0.7591201942295326,0.6368848542761586
7,sider,SIDER21,tr,509,1366,795,311,0.39119496855345914,311,0,0,795,1.0,1.0,1.0,1.0,1.0,1.0
7,sider,SIDER21,va,509,1366,83,40,0.4819277108433735,5,35,5,78,0.9397590361445783,0.125,0.6747967479674797,0.11100184472310815,0.7963016898895635,0.6635542168674698
7,sider,SIDER21,te,509,1366,104,33,0.3173076923076923,2,31,5,99,0.9519230769230769,0.06060606060606061,0.7372262773722628,0.024331793377374466,0.9068542828869115,0.7616550116550116
8,sider,SIDER21,tr,509,1366,793,313,0.39470365699873894,313,0,0,793,1.0,1.0,1.0,1.0,1.0,1.0
8,sider,SIDER21,va,509,1366,83,40,0.4819277108433735,5,35,3,80,0.963855421686747,0.125,0.6910569105691057,0.16879479887667012,0.839148891618882,0.7412650602409638
8,sider,SIDER21,te,509,1366,106,31,0.29245283018867924,1,30,2,104,0.9811320754716981,0.03225806451612903,0.7664233576642335,0.038282991802551215,0.8890406838410316,0.6987218502738892
9,sider,SIDER21,tr,509,1366,801,305,0.3807740324594257,305,0,0,801,1.0,1.0,1.0,1.0,1.0,1.0
9,sider,SIDER21,va,509,1366,84,39,0.4642857142857143,7,32,3,81,0.9642857142857143,0.1794871794871795,0.7154471544715447,0.24479905605808955,0.841667219817072,0.7680097680097681
9,sider,SIDER21,te,509,1366,97,40,0.41237113402061853,3,37,6,91,0.9381443298969072,0.075,0.6861313868613139,0.024122819863032774,0.7362482372667626,0.547680412371134
10,sider,SIDER21,tr,509,1366,788,318,0.4035532994923858,318,0,0,788,1.0,1.0,1.0,1.0,1.0,1.0
10,sider,SIDER21,va,509,1366,91,32,0.3516483516483517,3,29,4,87,0.9560439560439561,0.09375,0.7317073170731707,0.09429622402298045,0.8640315574929247,0.704326923076923
10,sider,SIDER21,te,509,1366,103,34,0.3300970873786408,5,29,3,100,0.970873786407767,0.14705882352941177,0.7664233576642335,0.21724617173113991,0.8206052769088844,0.6681896059394633
11,sider,SIDER21,tr,509,1366,797,309,0.3877038895859473,309,0,0,797,1.0,1.0,1.0,1.0,1.0,1.0
11,sider,SIDER21,va,509,1366,87,36,0.41379310344827586,5,31,7,80,0.9195402298850575,0.1388888888888889,0.6910569105691057,0.0895958926273957,0.7458602540316728,0.6280332056194124
11,sider,SIDER21,te,509,1366,98,39,0.3979591836734694,6,33,4,94,0.9591836734693877,0.15384615384615385,0.7299270072992701,0.1960814658760222,0.807389184248716,0.6512297226582942
12,sider,SIDER21,tr,509,1366,803,303,0.37733499377334995,303,0,0,803,1.0,1.0,1.0,1.0,1.0,1.0
12,sider,SIDER21,va,509,1366,89,34,0.38202247191011235,5,29,3,86,0.9662921348314607,0.14705882352941177,0.7398373983739838,0.2055728441658955,0.8645100438821983,0.7214144084600133
12,sider,SIDER21,te,509,1366,90,47,0.5222222222222223,7,40,5,85,0.9444444444444444,0.14893617021276595,0.6715328467153284,0.15681271799952548,0.7536015582358997,0.6035460992907802
13,sider,SIDER21,tr,509,1366,785,321,0.4089171974522293,321,0,0,785,1.0,1.0,1.0,1.0,1.0,1.0
13,sider,SIDER21,va,509,1366,100,23,0.23,4,19,6,94,0.94,0.17391304347826086,0.7967479674796748,0.16251675854035463,0.9156735034323467,0.7256521739130435
13,sider,SIDER21,te,509,1366,97,40,0.41237113402061853,7,33,4,93,0.9587628865979382,0.175,0.7299270072992701,0.22380504900433745,0.862469983398799,0.7304123711340206
14,sider,SIDER21,tr,509,1366,804,302,0.3756218905472637,302,0,0,804,1.0,1.0,1.0,1.0,1.0,1.0
14,sider,SIDER21,va,509,1366,85,38,0.4470588235294118,6,32,2,83,0.9764705882352941,0.15789473684210525,0.7235772357723578,0.25176453605025284,0.8587207357221256,0.7383900928792569
14,sider,SIDER21,te,509,1366,93,44,0.4731182795698925,5,39,1,92,0.989247311827957,0.11363636363636363,0.708029197080292,0.2347485996795291,0.7979446198288576,0.6727761485826003
15,sider,SIDER21,tr,509,1366,793,313,0.39470365699873894,313,0,0,793,1.0,1.0,1.0,1.0,1.0,1.0
15,sider,SIDER21,va,509,1366,88,35,0.3977272727272727,4,31,2,86,0.9772727272727273,0.11428571428571428,0.7317073170731707,0.1917808300636083,0.8209683123840218,0.6724025974025974
15,sider,SIDER21,te,509,1366,101,36,0.3564356435643564,5,31,3,98,0.9702970297029703,0.1388888888888889,0.7518248175182481,0.2049456575755571,0.8937549769471719,0.7720022002200221
1,sider,SIDER22,tr,509,1366,705,401,0.5687943262411348,237,164,75,630,0.8936170212765957,0.5910224438902744,0.7839059674502713,0.5177236130082551,0.9270850250674566,0.871475566403141
1,sider,SIDER22,va,509,1366,72,51,0.7083333333333334,21,30,9,63,0.875,0.4117647058823529,0.6829268292682927,0.32898411859028986,0.6915982278651956,0.6670751633986928
1,sider,SIDER22,te,509,1366,104,33,0.3173076923076923,11,22,19,85,0.8173076923076923,0.3333333333333333,0.7007299270072993,0.15576303019396376,0.7674713201453047,0.5655594405594406
2,sider,SIDER22,tr,509,1366,715,391,0.5468531468531469,197,194,55,660,0.9230769230769231,0.5038363171355499,0.7748643761301989,0.4865772706711754,0.9222021179953721,0.8634449949027954
2,sider,SIDER22,va,509,1366,75,48,0.64,19,29,9,66,0.88,0.3958333333333333,0.6910569105691057,0.32089073632882276,0.8064703846698777,0.7193055555555555
2,sider,SIDER22,te,509,1366,91,46,0.5054945054945055,13,33,10,81,0.8901098901098901,0.2826086956521739,0.6861313868613139,0.21823396418072422,0.7773226120309571,0.6686574295269947
3,sider,SIDER22,tr,509,1366,719,387,0.5382475660639777,200,187,55,664,0.9235048678720446,0.5167958656330749,0.7811934900542495,0.4985795558754107,0.9326198161635975,0.8757659396304801
3,sider,SIDER22,va,509,1366,72,51,0.7083333333333334,16,35,9,63,0.875,0.3137254901960784,0.6422764227642277,0.23104621386462149,0.6571969884290284,0.6252723311546842
3,sider,SIDER22,te,509,1366,90,47,0.5222222222222223,18,29,16,74,0.8222222222222222,0.3829787234042553,0.6715328467153284,0.22552332743538483,0.7358760151527346,0.6520094562647755
4,sider,SIDER22,tr,509,1366,725,381,0.5255172413793103,189,192,50,675,0.9310344827586207,0.49606299212598426,0.7811934900542495,0.4931170235851168,0.9289857890887385,0.8694415784233868
4,sider,SIDER22,va,509,1366,79,44,0.5569620253164557,16,28,14,65,0.8227848101265823,0.36363636363636365,0.6585365853658537,0.2080812846053358,0.7659223729813757,0.675776754890679
4,sider,SIDER22,te,509,1366,77,60,0.7792207792207793,17,43,7,70,0.9090909090909091,0.2833333333333333,0.635036496350365,0.2511515892149079,0.7269076933316558,0.6861471861471862
5,sider,SIDER22,tr,509,1366,711,395,0.5555555555555556,208,187,58,653,0.9184247538677919,0.5265822784810127,0.7784810126582279,0.49890718782783317,0.9189673522599444,0.8619736865530809
5,sider,SIDER22,va,509,1366,76,47,0.618421052631579,14,33,11,65,0.8552631578947368,0.2978723404255319,0.6422764227642277,0.1849049591295175,0.6876905455737323,0.6142217245240763
5,sider,SIDER22,te,509,1366,94,43,0.4574468085106383,14,29,12,82,0.8723404255319149,0.32558139534883723,0.7007299270072993,0.23423062056897695,0.8555697622126075,0.7130133597229094
6,sider,SIDER22,tr,509,1366,720,386,0.5361111111111111,201,185,55,665,0.9236111111111112,0.5207253886010362,0.783001808318264,0.5021603803187034,0.9197933624221579,0.8631674582613702
6,sider,SIDER22,va,509,1366,79,44,0.5569620253164557,14,30,13,66,0.8354430379746836,0.3181818181818182,0.6504065040650406,0.17790324694333984,0.8025955550759137,0.6800920598388953
6,sider,SIDER22,te,509,1366,82,55,0.6707317073170732,8,47,8,74,0.9024390243902439,0.14545454545454545,0.5985401459854015,0.07309923024233529,0.786318804283259,0.7024390243902439
7,sider,SIDER22,tr,509,1366,701,405,0.5777460770328102,215,190,68,633,0.9029957203994294,0.5308641975308642,0.7667269439421338,0.4790081635480921,0.9215189143803024,0.8671421778411793
7,sider,SIDER22,va,509,1366,86,37,0.43023255813953487,16,21,10,76,0.8837209302325582,0.43243243243243246,0.7479674796747967,0.35512017983449773,0.8087801671372428,0.6810182275298555
7,sider,SIDER22,te,509,1366,94,43,0.4574468085106383,16,27,13,81,0.8617021276595744,0.37209302325581395,0.708029197080292,0.26559676271069577,0.788587924059317,0.6650173181593271
8,sider,SIDER22,tr,509,1366,699,407,0.5822603719599427,231,176,82,617,0.882689556509299,0.5675675675675675,0.7667269439421338,0.4820450450638157,0.9211422505625287,0.8612988720284858
8,sider,SIDER22,va,509,1366,83,40,0.4819277108433735,18,22,15,68,0.8192771084337349,0.45,0.6991869918699187,0.2847018257920844,0.7704858334049424,0.6753012048192771
8,sider,SIDER22,te,509,1366,99,38,0.3838383838383838,20,18,17,82,0.8282828282828283,0.5263157894736842,0.7445255474452555,0.3575572364263678,0.8301320857778055,0.705209994683679
9,sider,SIDER22,tr,509,1366,718,388,0.5403899721448467,224,164,71,647,0.9011142061281338,0.5773195876288659,0.7875226039783002,0.516271912230947,0.9327718870739174,0.873384688280734
9,sider,SIDER22,va,509,1366,76,47,0.618421052631579,12,35,13,63,0.8289473684210527,0.2553191489361702,0.6097560975609756,0.10174843272026465,0.7129136453927395,0.6441769316909294
9,sider,SIDER22,te,509,1366,87,50,0.5747126436781609,14,36,12,75,0.8620689655172413,0.28,0.6496350364963503,0.17441975946325,0.7057281706542404,0.6133333333333334
10,sider,SIDER22,tr,509,1366,715,391,0.5468531468531469,216,175,66,649,0.9076923076923077,0.5524296675191815,0.7820976491862568,0.5046917610448728,0.9237932139993883,0.865244218696904
10,sider,SIDER22,va,509,1366,80,43,0.5375,15,28,15,65,0.8125,0.3488372093023256,0.6504065040650406,0.17914787464619147,0.7928139048404241,0.6683139534883721
10,sider,SIDER22,te,509,1366,86,51,0.5930232558139535,17,34,11,75,0.872093023255814,0.3333333333333333,0.6715328467153284,0.2462624595425674,0.6946685273785852,0.6219790241678066
11,sider,SIDER22,tr,509,1366,717,389,0.5425383542538355,222,167,64,653,0.9107391910739191,0.570694087403599,0.7911392405063291,0.5250256760020273,0.9284664429258884,0.875495226109934
11,sider,SIDER22,va,509,1366,72,51,0.7083333333333334,18,33,12,60,0.8333333333333334,0.35294117647058826,0.6341463414634146,0.21369908558001735,0.7038643741918885,0.6488289760348585
11,sider,SIDER22,te,509,1366,92,45,0.4891304347826087,12,33,12,80,0.8695652173913043,0.26666666666666666,0.6715328467153284,0.16831936762143765,0.7007413511577837,0.6097826086956522
12,sider,SIDER22,tr,509,1366,722,384,0.5318559556786704,201,183,64,658,0.9113573407202216,0.5234375,0.7766726943942134,0.48495077554669386,0.9300995869951953,0.87048418744229
12,sider,SIDER22,va,509,1366,75,48,0.64,17,31,12,63,0.84,0.3541666666666667,0.6504065040650406,0.2231325864529816,0.7685501608503784,0.7144444444444444
12,sider,SIDER22,te,509,1366,84,53,0.6309523809523809,20,33,16,68,0.8095238095238095,0.37735849056603776,0.6423357664233577,0.20679203697244375,0.7216987340366323,0.6565588499550763
13,sider,SIDER22,tr,509,1366,705,401,0.5687943262411348,222,179,74,631,0.8950354609929078,0.5536159600997507,0.77124773960217,0.4871777300579836,0.916860904835682,0.8609327744468616
13,sider,SIDER22,va,509,1366,84,39,0.4642857142857143,17,22,17,67,0.7976190476190477,0.4358974358974359,0.6829268292682927,0.24297132764492585,0.8492207701451167,0.7188644688644689
13,sider,SIDER22,te,509,1366,92,45,0.4891304347826087,14,31,15,77,0.8369565217391305,0.3111111111111111,0.6642335766423357,0.17023522429022636,0.8073556571671863,0.673671497584541
14,sider,SIDER22,tr,509,1366,720,386,0.5361111111111111,208,178,59,661,0.9180555555555555,0.538860103626943,0.7857142857142857,0.5089314995235075,0.9261685258015746,0.8735769286125505
14,sider,SIDER22,va,509,1366,71,52,0.7323943661971831,21,31,11,60,0.8450704225352113,0.40384615384615385,0.6585365853658537,0.2802779806924093,0.6841021597153873,0.649783315276273
14,sider,SIDER22,te,509,1366,90,47,0.5222222222222223,22,25,16,74,0.8222222222222222,0.46808510638297873,0.7007299270072993,0.3078355607517867,0.737910472160325,0.6378250591016549
15,sider,SIDER22,tr,509,1366,706,400,0.56657223796034,223,177,56,650,0.9206798866855525,0.5575,0.7893309222423146,0.5290159843437542,0.9214201553252075,0.8714943342776205
15,sider,SIDER22,va,509,1366,80,43,0.5375,12,31,14,66,0.825,0.27906976744186046,0.6341463414634146,0.12154336734023642,0.7171615082701313,0.6
15,sider,SIDER22,te,509,1366,95,42,0.4421052631578947,22,20,16,79,0.8315789473684211,0.5238095238095238,0.7372262773722628,0.3659994117654194,0.8944246835718729,0.7771929824561405
1,sider,SIDER23,tr,509,1366,96,1010,10.520833333333334,1010,0,96,0,0.0,1.0,0.9132007233273056,0.0,0.9999999999999999,1.0
1,sider,SIDER23,va,509,1366,12,111,9.25,111,0,12,0,0.0,1.0,0.9024390243902439,0.0,0.30053073140945624,0.8205705705705705
1,sider,SIDER23,te,509,1366,12,125,10.416666666666666,125,0,12,0,0.0,1.0,0.9124087591240876,0.0,0.1682154250571464,0.5386666666666666
2,sider,SIDER23,tr,509,1366,99,1007,10.171717171717171,1007,0,0,99,1.0,1.0,1.0,1.0,0.9999999999999999,1.0
2,sider,SIDER23,va,509,1366,12,111,9.25,111,0,12,0,0.0,1.0,0.9024390243902439,0.0,0.2741565184483432,0.5172672672672672
2,sider,SIDER23,te,509,1366,9,128,14.222222222222221,128,0,9,0,0.0,1.0,0.9343065693430657,0.0,0.10736899459086366,0.6345486111111112
3,sider,SIDER23,tr,509,1366,100,1006,10.06,1006,0,0,100,1.0,1.0,1.0,1.0,1.0,1.0
3,sider,SIDER23,va,509,1366,12,111,9.25,111,0,12,0,0.0,1.0,0.9024390243902439,0.0,0.21713777427230918,0.6509009009009009
3,sider,SIDER23,te,509,1366,8,129,16.125,129,0,8,0,0.0,1.0,0.9416058394160584,0.0,0.09686522760917267,0.6075581395348837
4,sider,SIDER23,tr,509,1366,97,1009,10.402061855670103,1009,0,0,97,1.0,1.0,1.0,1.0,1.0,1.0
4,sider,SIDER23,va,509,1366,11,112,10.181818181818182,112,0,11,0,0.0,1.0,0.9105691056910569,0.0,0.1739093196972178,0.49269480519480524
4,sider,SIDER23,te,509,1366,12,125,10.416666666666666,125,0,12,0,0.0,1.0,0.9124087591240876,0.0,0.3756124734166664,0.6559999999999999
5,sider,SIDER23,tr,509,1366,97,1009,10.402061855670103,1009,0,0,97,1.0,1.0,1.0,1.0,1.0,1.0
5,sider,SIDER23,va,509,1366,12,111,9.25,110,1,12,0,0.0,0.990990990990991,0.8943089430894309,-0.029767969928649194,0.2140744670009426,0.5608108108108109
5,sider,SIDER23,te,509,1366,11,126,11.454545454545455,126,0,11,0,0.0,1.0,0.9197080291970803,0.0,0.053986113277995296,0.3116883116883117
6,sider,SIDER23,tr,509,1366,102,1004,9.843137254901961,1004,0,0,102,1.0,1.0,1.0,1.0,0.9999999999999999,1.0
6,sider,SIDER23,va,509,1366,7,116,16.571428571428573,116,0,7,0,0.0,1.0,0.943089430894309,0.0,0.11993347799572042,0.6071428571428572
6,sider,SIDER23,te,509,1366,11,126,11.454545454545455,125,1,11,0,0.0,0.9920634920634921,0.9124087591240876,-0.02533620800437684,0.06439416154256036,0.39826839826839827
7,sider,SIDER23,tr,509,1366,98,1008,10.285714285714286,1008,0,0,98,1.0,1.0,1.0,1.0,1.0,1.0
7,sider,SIDER23,va,509,1366,12,111,9.25,110,1,11,1,0.08333333333333333,0.990990990990991,0.9024390243902439,0.1743714581157262,0.20859279182012588,0.6614114114114114
7,sider,SIDER23,te,509,1366,10,127,12.7,126,1,10,0,0.0,0.9921259842519685,0.9197080291970803,-0.024061831729499585,0.07826670203045724,0.43385826771653546
8,sider,SIDER23,tr,509,1366,97,1009,10.402061855670103,1009,0,97,0,0.0,1.0,0.9122965641952984,0.0,1.0,1.0
8,sider,SIDER23,va,509,1366,11,112,10.181818181818182,112,0,11,0,0.0,1.0,0.9105691056910569,0.0,0.2093316304284232,0.6647727272727272
8,sider,SIDER23,te,509,1366,12,125,10.416666666666666,125,0,12,0,0.0,1.0,0.9124087591240876,0.0,0.154003442664885,0.46399999999999997
9,sider,SIDER23,tr,509,1366,92,1014,11.021739130434783,1014,0,0,92,1.0,1.0,1.0,1.0,1.0,1.0
9,sider,SIDER23,va,509,1366,13,110,8.461538461538462,110,0,12,1,0.07692307692307693,1.0,0.9024390243902439,0.2633569301073302,0.20431568299310465,0.5384615384615384
9,sider,SIDER23,te,509,1366,15,122,8.133333333333333,121,1,13,2,0.13333333333333333,0.9918032786885246,0.8978102189781022,0.26699117764042984,0.2298025600062289,0.5147540983606557
10,sider,SIDER23,tr,509,1366,99,1007,10.171717171717171,1007,0,0,99,1.0,1.0,1.0,1.0,0.9999999999999999,1.0
10,sider,SIDER23,va,509,1366,10,113,11.3,113,0,10,0,0.0,1.0,0.9186991869918699,0.0,0.19597410912883365,0.5353982300884956
10,sider,SIDER23,te,509,1366,11,126,11.454545454545455,126,0,11,0,0.0,1.0,0.9197080291970803,0.0,0.21464923733932492,0.6673881673881674
11,sider,SIDER23,tr,509,1366,100,1006,10.06,1006,0,0,100,1.0,1.0,1.0,1.0,1.0,1.0
11,sider,SIDER23,va,509,1366,9,114,12.666666666666666,114,0,9,0,0.0,1.0,0.926829268292683,0.0,0.07122391255717342,0.48050682261208577
11,sider,SIDER23,te,509,1366,11,126,11.454545454545455,126,0,10,1,0.09090909090909091,1.0,0.927007299270073,0.29021474623195287,0.2154577729862004,0.5735930735930735
12,sider,SIDER23,tr,509,1366,94,1012,10.76595744680851,1012,0,0,94,1.0,1.0,1.0,1.0,0.9999999999999999,1.0
12,sider,SIDER23,va,509,1366,10,113,11.3,113,0,10,0,0.0,1.0,0.9186991869918699,0.0,0.12325044467396362,0.6141592920353982
12,sider,SIDER23,te,509,1366,16,121,7.5625,121,0,16,0,0.0,1.0,0.8832116788321168,0.0,0.17978112743827218,0.6477272727272727
13,sider,SIDER23,tr,509,1366,96,1010,10.520833333333334,1010,0,0,96,1.0,1.0,1.0,1.0,0.9999999999999999,1.0
13,sider,SIDER23,va,509,1366,10,113,11.3,113,0,9,1,0.1,1.0,0.926829268292683,0.304340189294259,0.2953996859594259,0.5752212389380531
13,sider,SIDER23,te,509,1366,14,123,8.785714285714286,121,2,14,0,0.0,0.983739837398374,0.8832116788321168,-0.04106384157154603,0.22173904205108605,0.6469221835075494
14,sider,SIDER23,tr,509,1366,103,1003,9.737864077669903,1003,0,0,103,1.0,1.0,1.0,1.0,0.9999999999999999,1.0
14,sider,SIDER23,va,509,1366,7,116,16.571428571428573,116,0,7,0,0.0,1.0,0.943089430894309,0.0,0.07898588416744837,0.5862068965517241
14,sider,SIDER23,te,509,1366,10,127,12.7,126,1,9,1,0.1,0.9921259842519685,0.927007299270073,0.1998030526356355,0.13880433121167793,0.6000000000000001
15,sider,SIDER23,tr,509,1366,92,1014,11.021739130434783,1014,0,0,92,1.0,1.0,1.0,1.0,1.0,1.0
15,sider,SIDER23,va,509,1366,14,109,7.785714285714286,109,0,13,1,0.07142857142857142,1.0,0.8943089430894309,0.25262092195772184,0.2551583872355371,0.6422018348623854
15,sider,SIDER23,te,509,1366,14,123,8.785714285714286,121,2,13,1,0.07142857142857142,0.983739837398374,0.8905109489051095,0.11418104283847184,0.21847015254333058,0.6428571428571428
1,sider,SIDER24,tr,509,1366,503,603,1.1988071570576542,603,0,0,503,1.0,1.0,1.0,1.0,1.0,1.0
1,sider,SIDER24,va,509,1366,60,63,1.05,59,4,50,10,0.16666666666666666,0.9365079365079365,0.5609756097560976,0.1623833288959766,0.7438862908522282,0.7497354497354497
1,sider,SIDER24,te,509,1366,78,59,0.7564102564102564,55,4,67,11,0.14102564102564102,0.9322033898305084,0.48175182481751827,0.11612642300273922,0.6646879029806163,0.6045197740112994
2,sider,SIDER24,tr,509,1366,528,578,1.0946969696969697,578,0,0,528,1.0,1.0,1.0,1.0,1.0,1.0
2,sider,SIDER24,va,509,1366,55,68,1.2363636363636363,64,4,41,14,0.2545454545454545,0.9411764705882353,0.6341463414634146,0.2753241948576267,0.6240039201486205,0.6823529411764706
2,sider,SIDER24,te,509,1366,58,79,1.3620689655172413,73,6,51,7,0.1206896551724138,0.9240506329113924,0.583941605839416,0.07542994653636624,0.5294977716681752,0.6468790920995199
3,sider,SIDER24,tr,509,1366,527,579,1.0986717267552182,579,0,0,527,1.0,1.0,1.0,1.0,1.0,1.0
3,sider,SIDER24,va,509,1366,47,76,1.6170212765957446,73,3,41,6,0.1276595744680851,0.9605263157894737,0.6422764227642277,0.1645436581274167,0.5028089218142566,0.629619260918253
3,sider,SIDER24,te,509,1366,67,70,1.044776119402985,61,9,52,15,0.22388059701492538,0.8714285714285714,0.5547445255474452,0.12533612373855524,0.587713018308037,0.6358208955223881
4,sider,SIDER24,tr,509,1366,525,581,1.1066666666666667,581,0,0,525,1.0,1.0,1.0,1.0,1.0,1.0
4,sider,SIDER24,va,509,1366,59,64,1.0847457627118644,62,2,54,5,0.0847457627118644,0.96875,0.5447154471544715,0.11536056170456961,0.5904720793995644,0.6414194915254238
4,sider,SIDER24,te,509,1366,57,80,1.4035087719298245,77,3,49,8,0.14035087719298245,0.9625,0.6204379562043796,0.186555821688057,0.6590444997111977,0.6971491228070175
5,sider,SIDER24,tr,509,1366,517,589,1.1392649903288201,589,0,0,517,1.0,1.0,1.0,1.0,1.0,1.0
5,sider,SIDER24,va,509,1366,53,70,1.320754716981132,67,3,51,2,0.03773584905660377,0.9571428571428572,0.5609756097560976,-0.012842235813725183,0.5090358112141509,0.6059299191374663
5,sider,SIDER24,te,509,1366,71,66,0.9295774647887324,61,5,64,7,0.09859154929577464,0.9242424242424242,0.49635036496350365,0.040358684885967874,0.6116132846471201,0.6404182671788307
6,sider,SIDER24,tr,509,1366,527,579,1.0986717267552182,579,0,0,527,1.0,1.0,1.0,1.0,1.0,1.0
6,sider,SIDER24,va,509,1366,55,68,1.2363636363636363,63,5,48,7,0.12727272727272726,0.9264705882352942,0.5691056910569106,0.09005506497450197,0.5622470515506388,0.6072192513368984
6,sider,SIDER24,te,509,1366,59,78,1.3220338983050848,74,4,49,10,0.1694915254237288,0.9487179487179487,0.6131386861313869,0.19324533511320627,0.5761955745743879,0.6610169491525424
7,sider,SIDER24,tr,509,1366,505,601,1.19009900990099,601,0,0,505,1.0,1.0,1.0,1.0,1.0,1.0
7,sider,SIDER24,va,509,1366,65,58,0.8923076923076924,56,2,58,7,0.1076923076923077,0.9655172413793104,0.5121951219512195,0.14033458884495711,0.6644704505302366,0.6575596816976127
7,sider,SIDER24,te,509,1366,71,66,0.9295774647887324,64,2,61,10,0.14084507042253522,0.9696969696969697,0.5401459854014599,0.19538129692459216,0.7013086629947065,0.6803243704652155
8,sider,SIDER24,tr,509,1366,515,591,1.1475728155339806,591,0,0,515,1.0,1.0,1.0,1.0,1.0,1.0
8,sider,SIDER24,va,509,1366,54,69,1.2777777777777777,67,2,49,5,0.09259259259259259,0.9710144927536232,0.5853658536585366,0.1362538887547959,0.6261801677713765,0.6816961889425657
8,sider,SIDER24,te,509,1366,72,65,0.9027777777777778,62,3,64,8,0.1111111111111111,0.9538461538461539,0.5109489051094891,0.11936281210723698,0.6679892876483589,0.6786324786324787
9,sider,SIDER24,tr,509,1366,523,583,1.1147227533460804,583,0,0,523,1.0,1.0,1.0,1.0,1.0,1.0
9,sider,SIDER24,va,509,1366,49,74,1.510204081632653,71,3,42,7,0.14285714285714285,0.9594594594594594,0.6341463414634146,0.18328241050226715,0.5812541085132439,0.7046332046332047
9,sider,SIDER24,te,509,1366,69,68,0.9855072463768116,64,4,60,9,0.13043478260869565,0.9411764705882353,0.5328467153284672,0.12217370854000195,0.6594390811523442,0.6624040920716113
10,sider,SIDER24,tr,509,1366,525,581,1.1066666666666667,581,0,0,525,1.0,1.0,1.0,1.0,1.0,1.0
10,sider,SIDER24,va,509,1366,48,75,1.5625,72,3,40,8,0.16666666666666666,0.96,0.6504065040650406,0.21652509527331185,0.5534153142143011,0.6283333333333334
10,sider,SIDER24,te,509,1366,68,69,1.0147058823529411,66,3,62,6,0.08823529411764706,0.9565217391304348,0.5255474452554745,0.09032626520480208,0.5927564826817813,0.6257459505541347
11,sider,SIDER24,tr,509,1366,533,573,1.075046904315197,573,0,0,533,1.0,1.0,1.0,1.0,1.0,1.0
11,sider,SIDER24,va,509,1366,50,73,1.46,67,6,45,5,0.1,0.9178082191780822,0.5853658536585366,0.030652194347617914,0.5059326141204936,0.6197260273972602
11,sider,SIDER24,te,509,1366,58,79,1.3620689655172413,77,2,50,8,0.13793103448275862,0.9746835443037974,0.6204379562043796,0.21390468598906612,0.5674835083083783,0.6405499781754693
12,sider,SIDER24,tr,509,1366,522,584,1.1187739463601531,584,0,0,522,1.0,1.0,1.0,1.0,0.9999999999999999,1.0
12,sider,SIDER24,va,509,1366,55,68,1.2363636363636363,66,2,47,8,0.14545454545454545,0.9705882352941176,0.6016260162601627,0.21111286845096064,0.637760168887821,0.6782085561497326
12,sider,SIDER24,te,509,1366,64,73,1.140625,68,5,60,4,0.0625,0.9315068493150684,0.5255474452554745,-0.012069252542117853,0.5718561454100801,0.6247859589041096
13,sider,SIDER24,tr,509,1366,517,589,1.1392649903288201,589,0,0,517,1.0,1.0,1.0,1.0,1.0,1.0
13,sider,SIDER24,va,509,1366,63,60,0.9523809523809523,59,1,56,7,0.1111111111111111,0.9833333333333333,0.5365853658536586,0.19143811199611632,0.6557314209145588,0.6542328042328042
13,sider,SIDER24,te,509,1366,61,76,1.2459016393442623,71,5,54,7,0.11475409836065574,0.9342105263157895,0.5693430656934306,0.08608123992893012,0.5715037004894014,0.6581104400345125
14,sider,SIDER24,tr,509,1366,518,588,1.135135135135135,588,0,0,518,1.0,1.0,1.0,1.0,1.0,1.0
14,sider,SIDER24,va,509,1366,63,60,0.9523809523809523,55,5,56,7,0.1111111111111111,0.9166666666666666,0.5040650406504065,0.04679412024698921,0.6387222743817527,0.6550264550264551
14,sider,SIDER24,te,509,1366,60,77,1.2833333333333334,73,4,52,8,0.13333333333333333,0.948051948051948,0.5912408759124088,0.14283058916274613,0.5994638229678997,0.6554112554112553
15,sider,SIDER24,tr,509,1366,521,585,1.1228406909788868,585,0,0,521,1.0,1.0,1.0,1.0,1.0,1.0
15,sider,SIDER24,va,509,1366,57,66,1.1578947368421053,61,5,50,7,0.12280701754385964,0.9242424242424242,0.5528455284552846,0.07907000355755504,0.5235723902722662,0.5555555555555556
15,sider,SIDER24,te,509,1366,63,74,1.1746031746031746,70,4,52,11,0.1746031746031746,0.9459459459459459,0.5912408759124088,0.19240866934077955,0.6407179010912465,0.6838266838266838
1,sider,SIDER25,tr,509,1366,751,355,0.47270306258322237,355,0,0,751,1.0,1.0,1.0,1.0,1.0,1.0
1,sider,SIDER25,va,509,1366,89,34,0.38202247191011235,12,22,5,84,0.9438202247191011,0.35294117647058826,0.7804878048780488,0.38456032973739784,0.8593888953992347,0.748512888301388
1,sider,SIDER25,te,509,1366,107,30,0.2803738317757009,6,24,13,94,0.8785046728971962,0.2,0.7299270072992701,0.0939356014579814,0.871115102308639,0.6249221183800623
2,sider,SIDER25,tr,509,1366,771,335,0.4345006485084306,335,0,0,771,1.0,1.0,1.0,1.0,1.0,1.0
2,sider,SIDER25,va,509,1366,91,32,0.3516483516483517,6,26,10,81,0.8901098901098901,0.1875,0.7073170731707317,0.1012187276178735,0.8348069041194883,0.6792582417582418
2,sider,SIDER25,te,509,1366,85,52,0.611764705882353,16,36,5,80,0.9411764705882353,0.3076923076923077,0.7007299270072993,0.3352300242733352,0.8290225905805678,0.7807692307692308
3,sider,SIDER25,tr,509,1366,780,326,0.41794871794871796,326,0,0,780,1.0,1.0,1.0,1.0,1.0,1.0
3,sider,SIDER25,va,509,1366,75,48,0.64,7,41,3,72,0.96,0.14583333333333334,0.6422764227642277,0.18890110724552142,0.80149859414477,0.7547222222222223
3,sider,SIDER25,te,509,1366,92,45,0.4891304347826087,11,34,4,88,0.9565217391304348,0.24444444444444444,0.7226277372262774,0.3022717851458278,0.8724287437535896,0.7932367149758454
4,sider,SIDER25,tr,509,1366,779,327,0.4197689345314506,327,0,0,779,1.0,1.0,1.0,1.0,1.0,1.0
4,sider,SIDER25,va,509,1366,77,46,0.5974025974025974,12,34,4,73,0.948051948051948,0.2608695652173913,0.6910569105691057,0.3005076699645807,0.8969550804940577,0.8382269904009035
4,sider,SIDER25,te,509,1366,91,46,0.5054945054945055,7,39,5,86,0.945054945054945,0.15217391304347827,0.6788321167883211,0.16242361332035074,0.7884347222621408,0.666268514094601
5,sider,SIDER25,tr,509,1366,764,342,0.4476439790575916,342,0,0,764,1.0,1.0,1.0,1.0,1.0,1.0
5,sider,SIDER25,va,509,1366,85,38,0.4470588235294118,13,25,5,80,0.9411764705882353,0.34210526315789475,0.7560975609756098,0.37033003040096146,0.8538190168257398,0.7427244582043343
5,sider,SIDER25,te,509,1366,98,39,0.3979591836734694,5,34,4,94,0.9591836734693877,0.1282051282051282,0.7226277372262774,0.1591750100324376,0.8552035595895736,0.6781789638932497
6,sider,SIDER25,tr,509,1366,776,330,0.4252577319587629,330,0,0,776,1.0,1.0,1.0,1.0,1.0,1.0
6,sider,SIDER25,va,509,1366,75,48,0.64,10,38,7,68,0.9066666666666666,0.20833333333333334,0.6341463414634146,0.16254428236388305,0.7560007257706224,0.6997222222222222
6,sider,SIDER25,te,509,1366,96,41,0.4270833333333333,9,32,2,94,0.9791666666666666,0.21951219512195122,0.7518248175182481,0.3348093617921249,0.9078387815868911,0.8142784552845529
7,sider,SIDER25,tr,509,1366,763,343,0.44954128440366975,343,0,0,763,1.0,1.0,1.0,1.0,1.0,1.0
7,sider,SIDER25,va,509,1366,79,44,0.5569620253164557,11,33,6,73,0.9240506329113924,0.25,0.6829268292682927,0.2417341998337266,0.8051865703281895,0.7246835443037976
7,sider,SIDER25,te,509,1366,105,32,0.3047619047619048,4,28,5,100,0.9523809523809523,0.125,0.7591240875912408,0.13215313487844704,0.9027457750849213,0.7360119047619048
8,sider,SIDER25,tr,509,1366,767,339,0.44198174706649285,339,0,0,767,1.0,1.0,1.0,1.0,1.0,1.0
8,sider,SIDER25,va,509,1366,83,40,0.4819277108433735,12,28,3,80,0.963855421686747,0.3,0.7479674796747967,0.37772658917708163,0.8831827576911887,0.7888554216867472
8,sider,SIDER25,te,509,1366,97,40,0.41237113402061853,10,30,5,92,0.9484536082474226,0.25,0.7445255474452555,0.2889677108198361,0.9076868152460984,0.8141752577319588
9,sider,SIDER25,tr,509,1366,765,341,0.44575163398692813,341,0,0,765,1.0,1.0,1.0,1.0,1.0,1.0
9,sider,SIDER25,va,509,1366,85,38,0.4470588235294118,10,28,3,82,0.9647058823529412,0.2631578947368421,0.7479674796747967,0.3424589607775496,0.9144358372214683,0.8238390092879256
9,sider,SIDER25,te,509,1366,97,40,0.41237113402061853,10,30,10,87,0.8969072164948454,0.25,0.708029197080292,0.1891694774467126,0.8323041385778686,0.6822164948453608
10,sider,SIDER25,tr,509,1366,760,346,0.45526315789473687,346,0,0,760,1.0,1.0,1.0,1.0,1.0,1.0
10,sider,SIDER25,va,509,1366,92,31,0.33695652173913043,6,25,3,89,0.967391304347826,0.1935483870967742,0.7723577235772358,0.2683269193470314,0.8926767452830473,0.7394810659186536
10,sider,SIDER25,te,509,1366,95,42,0.4421052631578947,8,34,3,92,0.968421052631579,0.19047619047619047,0.7299270072992701,0.26960081137976466,0.8118277024623051,0.7100250626566416
11,sider,SIDER25,tr,509,1366,780,326,0.41794871794871796,326,0,0,780,1.0,1.0,1.0,1.0,1.0,1.0
11,sider,SIDER25,va,509,1366,74,49,0.6621621621621622,7,42,5,69,0.9324324324324325,0.14285714285714285,0.6178861788617886,0.12422146155979875,0.7585731933773526,0.6919470490899062
11,sider,SIDER25,te,509,1366,93,44,0.4731182795698925,15,29,4,89,0.956989247311828,0.3409090909090909,0.7591240875912408,0.4024557058042398,0.8821371960350428,0.7974095796676443
12,sider,SIDER25,tr,509,1366,773,333,0.4307891332470893,333,0,0,773,1.0,1.0,1.0,1.0,1.0,1.0
12,sider,SIDER25,va,509,1366,81,42,0.5185185185185185,9,33,4,77,0.9506172839506173,0.21428571428571427,0.6991869918699187,0.25434762568719715,0.80123084995996,0.7601410934744268
12,sider,SIDER25,te,509,1366,93,44,0.4731182795698925,13,31,5,88,0.946236559139785,0.29545454545454547,0.7372262773722628,0.33405559177447525,0.8354826001363158,0.7282502443792767
13,sider,SIDER25,tr,509,1366,759,347,0.45718050065876153,347,0,0,759,1.0,1.0,1.0,1.0,1.0,1.0
13,sider,SIDER25,va,509,1366,87,36,0.41379310344827586,8,28,7,80,0.9195402298850575,0.2222222222222222,0.7154471544715447,0.1971126906106577,0.8640847736321814,0.75
13,sider,SIDER25,te,509,1366,101,36,0.3564356435643564,11,25,5,96,0.9504950495049505,0.3055555555555556,0.781021897810219,0.35090137275965877,0.8853049971321078,0.740924092409241
14,sider,SIDER25,tr,509,1366,776,330,0.4252577319587629,330,0,0,776,1.0,1.0,1.0,1.0,1.0,1.0
14,sider,SIDER25,va,509,1366,77,46,0.5974025974025974,9,37,5,72,0.935064935064935,0.1956521739130435,0.6585365853658537,0.1991496033627252,0.8102453617801517,0.7075098814229249
14,sider,SIDER25,te,509,1366,94,43,0.4574468085106383,11,32,2,92,0.9787234042553191,0.2558139534883721,0.7518248175182481,0.37138782637732926,0.8767890809506288,0.7629886194952994
15,sider,SIDER25,tr,509,1366,774,332,0.4289405684754522,332,0,0,774,1.0,1.0,1.0,1.0,1.0,1.0
15,sider,SIDER25,va,509,1366,81,42,0.5185185185185185,10,32,6,75,0.9259259259259259,0.23809523809523808,0.6910569105691057,0.23121455212502226,0.8127620777665592,0.670487948265726
15,sider,SIDER25,te,509,1366,92,45,0.4891304347826087,11,34,8,84,0.9130434782608695,0.24444444444444444,0.6934306569343066,0.21400780914397752,0.8886000609468387,0.7867149758454107
1,sider,SIDER26,tr,509,1366,1012,94,0.09288537549407115,94,0,0,1012,1.0,1.0,1.0,1.0,1.0,1.0
1,sider,SIDER26,va,509,1366,111,12,0.10810810810810811,0,12,0,111,1.0,0.0,0.9024390243902439,0.0,0.923761893971891,0.5777027027027027
1,sider,SIDER26,te,509,1366,134,3,0.022388059701492536,0,3,0,134,1.0,0.0,0.9781021897810219,0.0,0.9883013440466041,0.6417910447761195
2,sider,SIDER26,tr,509,1366,1023,83,0.08113391984359726,83,0,0,1023,1.0,1.0,1.0,1.0,1.0,1.0
2,sider,SIDER26,va,509,1366,116,7,0.0603448275862069,0,7,0,116,1.0,0.0,0.943089430894309,0.0,0.9451087195329695,0.46613300492610843
2,sider,SIDER26,te,509,1366,118,19,0.16101694915254236,1,18,0,118,1.0,0.05263157894736842,0.8686131386861314,0.21369519104303938,0.8787016110583556,0.5267618198037467
3,sider,SIDER26,tr,509,1366,1020,86,0.08431372549019608,86,0,0,1020,1.0,1.0,1.0,1.0,1.0,1.0
3,sider,SIDER26,va,509,1366,109,14,0.12844036697247707,0,14,0,109,1.0,0.0,0.8861788617886179,0.0,0.83725171199808,0.4003931847968545
3,sider,SIDER26,te,509,1366,128,9,0.0703125,0,9,0,128,1.0,0.0,0.9343065693430657,0.0,0.9031957158579491,0.4678819444444445
4,sider,SIDER26,tr,509,1366,1022,84,0.0821917808219178,84,0,0,1022,1.0,1.0,1.0,1.0,1.0,1.0
4,sider,SIDER26,va,509,1366,109,14,0.12844036697247707,0,14,0,109,1.0,0.0,0.8861788617886179,0.0,0.8820245932333983,0.540956749672346
4,sider,SIDER26,te,509,1366,126,11,0.0873015873015873,0,11,0,126,1.0,0.0,0.9197080291970803,0.0,0.914643351775816,0.4603174603174603
5,sider,SIDER26,tr,509,1366,1018,88,0.08644400785854617,88,0,0,1018,1.0,1.0,1.0,1.0,1.0,1.0
5,sider,SIDER26,va,509,1366,114,9,0.07894736842105263,0,9,0,114,1.0,0.0,0.926829268292683,0.0,0.8913844293420307,0.3026315789473685
5,sider,SIDER26,te,509,1366,125,12,0.096,0,12,0,125,1.0,0.0,0.9124087591240876,0.0,0.8898942940576582,0.3626666666666667
6,sider,SIDER26,tr,509,1366,1025,81,0.07902439024390244,81,0,0,1025,1.0,1.0,1.0,1.0,1.0,1.0
6,sider,SIDER26,va,509,1366,103,20,0.1941747572815534,1,19,0,103,1.0,0.05,0.8455284552845529,0.20545830417409924,0.8050276304175631,0.5097087378640777
6,sider,SIDER26,te,509,1366,129,8,0.06201550387596899,0,8,0,129,1.0,0.0,0.9416058394160584,0.0,0.9127970415031172,0.35174418604651164
7,sider,SIDER26,tr,509,1366,1015,91,0.0896551724137931,91,0,0,1015,1.0,1.0,1.0,1.0,1.0,1.0
7,sider,SIDER26,va,509,1366,112,11,0.09821428571428571,0,11,0,112,1.0,0.0,0.9105691056910569,0.0,0.9289132378152065,0.5836038961038961
7,sider,SIDER26,te,509,1366,130,7,0.05384615384615385,0,7,0,130,1.0,0.0,0.948905109489051,0.0,0.969521151039746,0.6978021978021979
8,sider,SIDER26,tr,509,1366,1013,93,0.09180651530108588,93,0,0,1013,1.0,1.0,1.0,1.0,1.0,1.0
8,sider,SIDER26,va,509,1366,114,9,0.07894736842105263,0,9,0,114,1.0,0.0,0.926829268292683,0.0,0.9382608949723544,0.5833333333333334
8,sider,SIDER26,te,509,1366,130,7,0.05384615384615385,0,7,0,130,1.0,0.0,0.948905109489051,0.0,0.9458652201093994,0.5516483516483517
9,sider,SIDER26,tr,509,1366,1021,85,0.0832517140058766,85,0,0,1021,1.0,1.0,1.0,1.0,1.0,1.0
9,sider,SIDER26,va,509,1366,109,14,0.12844036697247707,0,14,0,109,1.0,0.0,0.8861788617886179,0.0,0.884075268137152,0.5717562254259502
9,sider,SIDER26,te,509,1366,127,10,0.07874015748031496,0,10,1,126,0.9921259842519685,0.0,0.9197080291970803,-0.024061831729499585,0.9429866941674022,0.5295275590551181
10,sider,SIDER26,tr,509,1366,1020,86,0.08431372549019608,86,0,0,1020,1.0,1.0,1.0,1.0,1.0,1.0
10,sider,SIDER26,va,509,1366,116,7,0.0603448275862069,0,7,0,116,1.0,0.0,0.943089430894309,0.0,0.9776778162502109,0.7844827586206897
10,sider,SIDER26,te,509,1366,121,16,0.1322314049586777,0,16,0,121,1.0,0.0,0.8832116788321168,0.0,0.8724261698002495,0.5278925619834711
11,sider,SIDER26,tr,509,1366,1011,95,0.09396636993076163,95,0,0,1011,1.0,1.0,1.0,1.0,1.0,1.0
11,sider,SIDER26,va,509,1366,118,5,0.0423728813559322,0,5,0,118,1.0,0.0,0.959349593495935,0.0,0.973658940801006,0.5728813559322034
11,sider,SIDER26,te,509,1366,128,9,0.0703125,0,9,0,128,1.0,0.0,0.9343065693430657,0.0,0.9332069866058831,0.48958333333333337
12,sider,SIDER26,tr,509,1366,1018,88,0.08644400785854617,88,0,0,1018,1.0,1.0,1.0,1.0,1.0,1.0
12,sider,SIDER26,va,509,1366,114,9,0.07894736842105263,0,9,0,114,1.0,0.0,0.926829268292683,0.0,0.962144866927832,0.6910331384015594
12,sider,SIDER26,te,509,1366,125,12,0.096,0,12,0,125,1.0,0.0,0.9124087591240876,0.0,0.8766161701388978,0.41066666666666674
13,sider,SIDER26,tr,509,1366,1016,90,0.08858267716535433,90,0,0,1016,1.0,1.0,1.0,1.0,1.0,1.0
13,sider,SIDER26,va,509,1366,113,10,0.08849557522123894,0,10,0,113,1.0,0.0,0.9186991869918699,0.0,0.9397401789713192,0.6084070796460177
13,sider,SIDER26,te,509,1366,128,9,0.0703125,0,9,0,128,1.0,0.0,0.9343065693430657,0.0,0.9564979316688712,0.6284722222222222
14,sider,SIDER26,tr,509,1366,1020,86,0.08431372549019608,86,0,0,1020,1.0,1.0,1.0,1.0,1.0,1.0
14,sider,SIDER26,va,509,1366,111,12,0.10810810810810811,1,11,1,110,0.990990990990991,0.08333333333333333,0.9024390243902439,0.1743714581157262,0.8828636364524522,0.4692192192192192
14,sider,SIDER26,te,509,1366,126,11,0.0873015873015873,0,11,0,126,1.0,0.0,0.9197080291970803,0.0,0.9376035515379593,0.5313852813852813
15,sider,SIDER26,tr,509,1366,1020,86,0.08431372549019608,86,0,0,1020,1.0,1.0,1.0,1.0,1.0,1.0
15,sider,SIDER26,va,509,1366,112,11,0.09821428571428571,0,11,0,112,1.0,0.0,0.9105691056910569,0.0,0.8679207200888074,0.3352272727272727
15,sider,SIDER26,te,509,1366,125,12,0.096,1,11,0,125,1.0,0.08333333333333333,0.9197080291970803,0.276754651731273,0.9535357976548802,0.6926666666666667
1,sider,SIDER27,tr,509,1366,721,385,0.5339805825242718,385,0,0,721,1.0,1.0,1.0,1.0,1.0,1.0
1,sider,SIDER27,va,509,1366,79,44,0.5569620253164557,10,34,4,75,0.9493670886075949,0.22727272727272727,0.6910569105691057,0.26659452149822715,0.7580985345072934,0.6939010356731876
1,sider,SIDER27,te,509,1366,108,29,0.26851851851851855,6,23,8,100,0.9259259259259259,0.20689655172413793,0.7737226277372263,0.17912899131593518,0.8717421614957603,0.6111111111111112
2,sider,SIDER27,tr,509,1366,738,368,0.4986449864498645,368,0,0,738,1.0,1.0,1.0,1.0,1.0,1.0
2,sider,SIDER27,va,509,1366,85,38,0.4470588235294118,7,31,6,79,0.9294117647058824,0.18421052631578946,0.6991869918699187,0.17076418288771836,0.7911500121353109,0.6176470588235293
2,sider,SIDER27,te,509,1366,85,52,0.611764705882353,6,46,4,81,0.9529411764705882,0.11538461538461539,0.635036496350365,0.12746587976455015,0.6977978502869884,0.6316742081447964
3,sider,SIDER27,tr,509,1366,735,371,0.5047619047619047,371,0,0,735,1.0,1.0,1.0,1.0,0.9999999999999999,1.0
3,sider,SIDER27,va,509,1366,76,47,0.618421052631579,4,43,4,72,0.9473684210526315,0.0851063829787234,0.6178861788617886,0.06398944603568187,0.6944741528500321,0.6231802911534154
3,sider,SIDER27,te,509,1366,97,40,0.41237113402061853,5,35,4,93,0.9587628865979382,0.125,0.7153284671532847,0.1537238520683461,0.8003525250203019,0.6479381443298969
4,sider,SIDER27,tr,509,1366,734,372,0.5068119891008175,372,0,0,734,1.0,1.0,1.0,1.0,1.0,1.0
4,sider,SIDER27,va,509,1366,86,37,0.43023255813953487,4,33,2,84,0.9767441860465116,0.10810810810810811,0.7154471544715447,0.18065297603908073,0.8149289925498582,0.6759899434318039
4,sider,SIDER27,te,509,1366,88,49,0.5568181818181818,2,47,1,87,0.9886363636363636,0.04081632653061224,0.6496350364963503,0.0964609019241201,0.7199283009425025,0.5967068645640075
5,sider,SIDER27,tr,509,1366,731,375,0.5129958960328317,375,0,0,731,1.0,1.0,1.0,1.0,1.0,1.0
5,sider,SIDER27,va,509,1366,81,42,0.5185185185185185,4,38,4,77,0.9506172839506173,0.09523809523809523,0.6585365853658537,0.08817866715195183,0.7550688034876729,0.5961199294532629
5,sider,SIDER27,te,509,1366,96,41,0.4270833333333333,3,38,1,95,0.9895833333333334,0.07317073170731707,0.7153284671532847,0.1706921671071359,0.7819002548683607,0.6183943089430894
6,sider,SIDER27,tr,509,1366,736,370,0.5027173913043478,370,0,0,736,1.0,1.0,1.0,1.0,1.0,1.0
6,sider,SIDER27,va,509,1366,79,44,0.5569620253164557,3,41,6,73,0.9240506329113924,0.06818181818181818,0.6178861788617886,-0.014297173908070629,0.6789653750514003,0.582566168009206
6,sider,SIDER27,te,509,1366,93,44,0.4731182795698925,3,41,3,90,0.967741935483871,0.06818181818181818,0.6788321167883211,0.08196685071945553,0.775916077841241,0.6003176930596286
7,sider,SIDER27,tr,509,1366,731,375,0.5129958960328317,375,0,0,731,1.0,1.0,1.0,1.0,1.0,1.0
7,sider,SIDER27,va,509,1366,74,49,0.6621621621621622,6,43,1,73,0.9864864864864865,0.12244897959183673,0.6422764227642277,0.2301999267635478,0.6921498573128939,0.6453392167677883
7,sider,SIDER27,te,509,1366,103,34,0.3300970873786408,4,30,7,96,0.9320388349514563,0.11764705882352941,0.7299270072992701,0.07897862386765483,0.8893552552129033,0.6957452884066248
8,sider,SIDER27,tr,509,1366,731,375,0.5129958960328317,375,0,0,731,1.0,1.0,1.0,1.0,1.0,1.0
8,sider,SIDER27,va,509,1366,80,43,0.5375,6,37,5,75,0.9375,0.13953488372093023,0.6585365853658537,0.12872452523806402,0.6995336043167515,0.5755813953488372
8,sider,SIDER27,te,509,1366,97,40,0.41237113402061853,6,34,6,91,0.9381443298969072,0.15,0.708029197080292,0.14176356096153483,0.7904483743682897,0.5943298969072165
9,sider,SIDER27,tr,509,1366,751,355,0.47270306258322237,355,0,0,751,1.0,1.0,1.0,1.0,1.0,1.0
9,sider,SIDER27,va,509,1366,76,47,0.618421052631579,1,46,1,75,0.9868421052631579,0.02127659574468085,0.6178861788617886,0.031191380009383294,0.7099004139080372,0.6229003359462485
9,sider,SIDER27,te,509,1366,81,56,0.691358024691358,3,53,2,79,0.9753086419753086,0.05357142857142857,0.5985401459854015,0.0757116663843879,0.757620096019002,0.66005291005291
10,sider,SIDER27,tr,509,1366,737,369,0.5006784260515604,369,0,0,737,1.0,1.0,1.0,1.0,1.0,1.0
10,sider,SIDER27,va,509,1366,84,39,0.4642857142857143,2,37,4,80,0.9523809523809523,0.05128205128205128,0.6666666666666666,0.007912992305748287,0.7603775797667622,0.5558608058608058
10,sider,SIDER27,te,509,1366,87,50,0.5747126436781609,4,46,0,87,1.0,0.08,0.6642335766423357,0.22875932126947077,0.6749332726078207,0.5885057471264368
11,sider,SIDER27,tr,509,1366,740,366,0.4945945945945946,366,0,0,740,1.0,1.0,1.0,1.0,1.0,1.0
11,sider,SIDER27,va,509,1366,82,41,0.5,1,40,4,78,0.9512195121951219,0.024390243902439025,0.6422764227642277,-0.05822225097395804,0.7234173478085348,0.5791195716835217
11,sider,SIDER27,te,509,1366,86,51,0.5930232558139535,6,45,3,83,0.9651162790697675,0.11764705882352941,0.6496350364963503,0.16149016260261492,0.7403597461176155,0.6671226630186958
12,sider,SIDER27,tr,509,1366,745,361,0.48456375838926175,361,0,0,745,1.0,1.0,1.0,1.0,1.0,1.0
12,sider,SIDER27,va,509,1366,79,44,0.5569620253164557,4,40,6,73,0.9240506329113924,0.09090909090909091,0.6260162601626016,0.026237607924792985,0.7600533027947555,0.6349252013808976
12,sider,SIDER27,te,509,1366,84,53,0.6309523809523809,3,50,6,78,0.9285714285714286,0.05660377358490566,0.5912408759124088,-0.029143393358701666,0.7229914653847954,0.6244384546271339
13,sider,SIDER27,tr,509,1366,730,376,0.5150684931506849,376,0,0,730,1.0,1.0,1.0,1.0,1.0,1.0
13,sider,SIDER27,va,509,1366,87,36,0.41379310344827586,6,30,7,80,0.9195402298850575,0.16666666666666666,0.6991869918699187,0.12758066711557112,0.7988572914983841,0.6315453384418901
13,sider,SIDER27,te,509,1366,91,46,0.5054945054945055,6,40,6,85,0.9340659340659341,0.13043478260869565,0.6642335766423357,0.10775030859089607,0.7559449743477954,0.6195652173913043
14,sider,SIDER27,tr,509,1366,743,363,0.48855989232839836,363,0,0,743,1.0,1.0,1.0,1.0,0.9999999999999999,1.0
14,sider,SIDER27,va,509,1366,80,43,0.5375,4,39,6,74,0.925,0.09302325581395349,0.6341463414634146,0.03144656741492649,0.7746960648164384,0.6281976744186046
14,sider,SIDER27,te,509,1366,85,52,0.611764705882353,3,49,6,79,0.9294117647058824,0.057692307692307696,0.5985401459854015,-0.025260240520058798,0.6963037712444076,0.565158371040724
15,sider,SIDER27,tr,509,1366,741,365,0.4925775978407557,365,0,0,741,1.0,1.0,1.0,1.0,1.0,1.0
15,sider,SIDER27,va,509,1366,78,45,0.5769230769230769,1,44,2,76,0.9743589743589743,0.022222222222222223,0.6260162601626016,-0.010675210253672433,0.7061099144268034,0.5977207977207978
15,sider,SIDER27,te,509,1366,89,48,0.5393258426966292,5,43,3,86,0.9662921348314607,0.10416666666666667,0.6642335766423357,0.14335439920102588,0.8349128077712054,0.7181647940074907
