split,dataset,subtask,set,num_of_retained_feature,num_of_compounds,postives,negtives,negtives/postives,tn,fp,fn,tp,se,sp,acc,mcc,auc_prc,auc_roc
1,sider,SIDER1,tr,118,1366,595,511,0.8588235294117647,511,0,0,595,1.0,1.0,1.0,1.0,1.0,1.0
1,sider,SIDER1,va,118,1366,62,61,0.9838709677419355,43,18,18,44,0.7096774193548387,0.7049180327868853,0.7073170731707317,0.41459545214172383,0.7180627494413179,0.7420676890534109
1,sider,SIDER1,te,118,1366,77,60,0.7792207792207793,33,27,22,55,0.7142857142857143,0.55,0.6423357664233577,0.26748929445509323,0.7212934548171083,0.7069264069264068
2,sider,SIDER1,tr,118,1366,597,509,0.8525963149078727,508,1,0,597,1.0,0.9980353634577603,0.9990958408679927,0.9981815506211649,1.0,1.0
2,sider,SIDER1,va,118,1366,64,59,0.921875,30,29,13,51,0.796875,0.5084745762711864,0.6585365853658537,0.31991462407628607,0.7562200078221504,0.7384798728813559
2,sider,SIDER1,te,118,1366,73,64,0.8767123287671232,34,30,19,54,0.7397260273972602,0.53125,0.6423357664233577,0.2775905713656008,0.6497266180488389,0.6528253424657534
3,sider,SIDER1,tr,118,1366,599,507,0.8464106844741235,506,1,1,598,0.998330550918197,0.9980276134122288,0.9981916817359855,0.9963581643304258,0.9999944258717588,0.9999934144020441
3,sider,SIDER1,va,118,1366,63,60,0.9523809523809523,28,32,14,49,0.7777777777777778,0.4666666666666667,0.6260162601626016,0.2576670686063123,0.7454812944284432,0.7034391534391534
3,sider,SIDER1,te,118,1366,72,65,0.9027777777777778,38,27,19,53,0.7361111111111112,0.5846153846153846,0.6642335766423357,0.32491917688860944,0.648324108525018,0.6889957264957265
4,sider,SIDER1,tr,118,1366,601,505,0.8402662229617305,505,0,1,600,0.9983361064891847,1.0,0.9990958408679927,0.9981798987313364,1.0,1.0
4,sider,SIDER1,va,118,1366,65,58,0.8923076923076924,28,30,15,50,0.7692307692307693,0.4827586206896552,0.6341463414634146,0.26379934258187376,0.6869332347071893,0.7114058355437666
4,sider,SIDER1,te,118,1366,68,69,1.0147058823529411,38,31,23,45,0.6617647058823529,0.5507246376811594,0.6058394160583942,0.2137688608518381,0.6558550571888567,0.7016197783461211
5,sider,SIDER1,tr,118,1366,596,510,0.8557046979865772,509,1,0,596,1.0,0.9980392156862745,0.9990958408679927,0.9981820766804336,0.9999943696150646,0.9999934201868667
5,sider,SIDER1,va,118,1366,62,61,0.9838709677419355,32,29,16,46,0.7419354838709677,0.5245901639344263,0.6341463414634146,0.27317976020472357,0.6381644787981364,0.6996298254891592
5,sider,SIDER1,te,118,1366,76,61,0.8026315789473685,34,27,17,59,0.7763157894736842,0.5573770491803278,0.6788321167883211,0.34307121956788345,0.7083634717364947,0.7329594477998274
6,sider,SIDER1,tr,118,1366,609,497,0.8160919540229885,496,1,1,608,0.9983579638752053,0.9979879275653923,0.9981916817359855,0.9963458914405976,0.9999946074274597,0.9999933922087533
6,sider,SIDER1,va,118,1366,61,62,1.0163934426229508,32,30,14,47,0.7704918032786885,0.5161290322580645,0.6422764227642277,0.2961721660216998,0.7625495039668395,0.7480169222633527
6,sider,SIDER1,te,118,1366,64,73,1.140625,31,42,12,52,0.8125,0.4246575342465753,0.6058394160583942,0.25497064861261,0.6242716294011793,0.6860017123287672
7,sider,SIDER1,tr,118,1366,582,524,0.9003436426116839,522,2,0,582,1.0,0.9961832061068703,0.9981916817359855,0.9963792549950979,0.999994110662142,0.9999934419348916
7,sider,SIDER1,va,118,1366,73,50,0.684931506849315,33,17,22,51,0.6986301369863014,0.66,0.6829268292682927,0.35428879172957956,0.7958774317696831,0.7402739726027397
7,sider,SIDER1,te,118,1366,79,58,0.7341772151898734,36,22,16,63,0.7974683544303798,0.6206896551724138,0.7226277372262774,0.42575212829872516,0.7920225185618858,0.7422522915757311
8,sider,SIDER1,tr,118,1366,598,508,0.8494983277591973,508,0,0,598,1.0,1.0,1.0,1.0,1.0,1.0
8,sider,SIDER1,va,118,1366,60,63,1.05,32,31,13,47,0.7833333333333333,0.5079365079365079,0.6422764227642277,0.30226499912736005,0.7260643337745353,0.75
8,sider,SIDER1,te,118,1366,76,61,0.8026315789473685,31,30,12,64,0.8421052631578947,0.5081967213114754,0.6934306569343066,0.3751596799329145,0.7325082714521043,0.7407247627264884
9,sider,SIDER1,tr,118,1366,594,512,0.8619528619528619,512,0,0,594,1.0,1.0,1.0,1.0,1.0,1.0
9,sider,SIDER1,va,118,1366,67,56,0.835820895522388,35,21,13,54,0.8059701492537313,0.625,0.7235772357723578,0.4399743462670684,0.7179122056469114,0.7233475479744136
9,sider,SIDER1,te,118,1366,73,64,0.8767123287671232,32,32,20,53,0.726027397260274,0.5,0.6204379562043796,0.23238140141915725,0.619048636509437,0.6329195205479452
10,sider,SIDER1,tr,118,1366,598,508,0.8494983277591973,508,0,0,598,1.0,1.0,1.0,1.0,1.0,1.0
10,sider,SIDER1,va,118,1366,70,53,0.7571428571428571,35,18,24,46,0.6571428571428571,0.660377358490566,0.6585365853658537,0.3147330445077707,0.701201292454216,0.6870619946091644
10,sider,SIDER1,te,118,1366,66,71,1.0757575757575757,36,35,11,55,0.8333333333333334,0.5070422535211268,0.6642335766423357,0.35825260876406206,0.6558676519966196,0.7492530943235169
11,sider,SIDER1,tr,118,1366,602,504,0.8372093023255814,503,1,0,602,1.0,0.998015873015873,0.9990958408679927,0.9981787358230719,0.9999944812895019,0.9999934082159996
11,sider,SIDER1,va,118,1366,64,59,0.921875,30,29,15,49,0.765625,0.5084745762711864,0.6422764227642277,0.28429603238294254,0.62165906797303,0.6627383474576272
11,sider,SIDER1,te,118,1366,68,69,1.0147058823529411,35,34,17,51,0.75,0.5072463768115942,0.6277372262773723,0.26504348521025156,0.6895588484221962,0.683930093776641
12,sider,SIDER1,tr,118,1366,590,516,0.8745762711864407,515,1,0,590,1.0,0.998062015503876,0.9990958408679927,0.9981849764888937,1.0,1.0
12,sider,SIDER1,va,118,1366,65,58,0.8923076923076924,29,29,13,52,0.8,0.5,0.6585365853658537,0.31580919830722104,0.7856421281179613,0.7397877984084881
12,sider,SIDER1,te,118,1366,79,58,0.7341772151898734,35,23,24,55,0.6962025316455697,0.603448275862069,0.656934306569343,0.2989989668237436,0.7155896372204269,0.686054124836316
13,sider,SIDER1,tr,118,1366,592,514,0.8682432432432432,514,0,1,591,0.9983108108108109,1.0,0.9990958408679927,0.9981845236312791,1.0,1.0
13,sider,SIDER1,va,118,1366,72,51,0.7083333333333334,34,17,22,50,0.6944444444444444,0.6666666666666666,0.6829268292682927,0.35724056943351573,0.762892848369795,0.7464596949891067
13,sider,SIDER1,te,118,1366,70,67,0.9571428571428572,34,33,20,50,0.7142857142857143,0.5074626865671642,0.6131386861313869,0.22683548367669493,0.6744818882821998,0.679317697228145
14,sider,SIDER1,tr,118,1366,610,496,0.8131147540983606,495,1,1,609,0.9983606557377049,0.9979838709677419,0.9981916817359855,0.9963445267054468,0.999991948625684,0.9999900846113168
14,sider,SIDER1,va,118,1366,61,62,1.0163934426229508,36,26,10,51,0.8360655737704918,0.5806451612903226,0.7073170731707317,0.4305971712640212,0.7893872328939805,0.7831835007932311
14,sider,SIDER1,te,118,1366,63,74,1.1746031746031746,33,41,20,43,0.6825396825396826,0.44594594594594594,0.5547445255474452,0.13148103374005649,0.6274997131778157,0.6397468897468898
15,sider,SIDER1,tr,118,1366,593,513,0.8650927487352446,512,1,0,593,1.0,0.9980506822612085,0.9990958408679927,0.9981835814405093,1.0,1.0
15,sider,SIDER1,va,118,1366,65,58,0.8923076923076924,32,26,18,47,0.7230769230769231,0.5517241379310345,0.6422764227642277,0.2792818084822352,0.743385897419379,0.7173740053050399
15,sider,SIDER1,te,118,1366,76,61,0.8026315789473685,45,16,25,51,0.6710526315789473,0.7377049180327869,0.7007299270072993,0.4063975483117785,0.7992070682474178,0.7537748058671269
1,sider,SIDER2,tr,118,1366,762,344,0.45144356955380577,344,0,0,762,1.0,1.0,1.0,1.0,1.0,1.0
1,sider,SIDER2,va,118,1366,82,41,0.5,2,39,3,79,0.9634146341463414,0.04878048780487805,0.6585365853658537,0.02911112548697902,0.7231567064737432,0.6215050565139798
1,sider,SIDER2,te,118,1366,112,25,0.22321428571428573,1,24,2,110,0.9821428571428571,0.04,0.8102189781021898,0.05843857903427411,0.8123362769022827,0.48428571428571426
2,sider,SIDER2,tr,118,1366,784,322,0.4107142857142857,322,0,0,784,1.0,1.0,1.0,1.0,1.0,1.0
2,sider,SIDER2,va,118,1366,78,45,0.5769230769230769,0,45,0,78,1.0,0.0,0.6341463414634146,0.0,0.7188900011860557,0.6190883190883192
2,sider,SIDER2,te,118,1366,94,43,0.4574468085106383,0,43,0,94,1.0,0.0,0.6861313868613139,0.0,0.7209399954873399,0.6011875309252845
3,sider,SIDER2,tr,118,1366,768,338,0.4401041666666667,338,0,0,768,1.0,1.0,1.0,1.0,1.0,1.0
3,sider,SIDER2,va,118,1366,86,37,0.43023255813953487,1,36,4,82,0.9534883720930233,0.02702702702702703,0.6747967479674797,-0.045249688725530667,0.7146762791650916,0.505656819610308
3,sider,SIDER2,te,118,1366,102,35,0.3431372549019608,3,32,7,95,0.9313725490196079,0.08571428571428572,0.7153284671532847,0.028647970874915447,0.7087106169205997,0.4672268907563025
4,sider,SIDER2,tr,118,1366,782,324,0.4143222506393862,324,0,0,782,1.0,1.0,1.0,1.0,1.0,1.0
4,sider,SIDER2,va,118,1366,87,36,0.41379310344827586,4,32,1,86,0.9885057471264368,0.1111111111111111,0.7317073170731707,0.22951850769181098,0.843736158386167,0.7372286079182631
4,sider,SIDER2,te,118,1366,87,50,0.5747126436781609,2,48,3,84,0.9655172413793104,0.04,0.6277372262773723,0.014164284635930197,0.6783854703950003,0.5514942528735631
5,sider,SIDER2,tr,118,1366,770,336,0.43636363636363634,336,0,0,770,1.0,1.0,1.0,1.0,1.0,1.0
5,sider,SIDER2,va,118,1366,90,33,0.36666666666666664,0,33,2,88,0.9777777777777777,0.0,0.7154471544715447,-0.07784989441615175,0.8144975726427321,0.6304713804713804
5,sider,SIDER2,te,118,1366,96,41,0.4270833333333333,2,39,0,96,1.0,0.04878048780487805,0.7153284671532847,0.18624807887188666,0.8069604951509521,0.6679369918699187
6,sider,SIDER2,tr,118,1366,793,313,0.39470365699873894,313,0,0,793,1.0,1.0,1.0,1.0,1.0,1.0
6,sider,SIDER2,va,118,1366,79,44,0.5569620253164557,3,41,3,76,0.9620253164556962,0.06818181818181818,0.6422764227642277,0.06721726834475472,0.7226428375312941,0.5831415420023015
6,sider,SIDER2,te,118,1366,84,53,0.6309523809523809,1,52,0,84,1.0,0.018867924528301886,0.6204379562043796,0.1079523880746035,0.7442689621823397,0.703728661275831
7,sider,SIDER2,tr,118,1366,766,340,0.44386422976501305,340,0,0,766,1.0,1.0,1.0,1.0,1.0,1.0
7,sider,SIDER2,va,118,1366,91,32,0.3516483516483517,1,31,0,91,1.0,0.03125,0.7479674796747967,0.15267424874387803,0.7219776816235055,0.5013736263736264
7,sider,SIDER2,te,118,1366,99,38,0.3838383838383838,2,36,1,98,0.98989898989899,0.05263157894736842,0.7299270072992701,0.13010607053704398,0.8199282583921947,0.6629452418926103
8,sider,SIDER2,tr,118,1366,784,322,0.4107142857142857,322,0,0,784,1.0,1.0,1.0,1.0,1.0,1.0
8,sider,SIDER2,va,118,1366,74,49,0.6621621621621622,4,45,0,74,1.0,0.08163265306122448,0.6341463414634146,0.22530681837845026,0.7078222095763246,0.6567843353557639
8,sider,SIDER2,te,118,1366,98,39,0.3979591836734694,1,38,0,98,1.0,0.02564102564102564,0.7226277372262774,0.13592873654160673,0.6960681092152163,0.4636316064887494
9,sider,SIDER2,tr,118,1366,785,321,0.4089171974522293,0,321,0,785,1.0,0.0,0.7097649186256781,0.0,1.0,1.0
9,sider,SIDER2,va,118,1366,77,46,0.5974025974025974,0,46,0,77,1.0,0.0,0.6260162601626016,0.0,0.7482154069029988,0.6801242236024845
9,sider,SIDER2,te,118,1366,94,43,0.4574468085106383,0,43,0,94,1.0,0.0,0.6861313868613139,0.0,0.6802110578100546,0.5066798614547254
10,sider,SIDER2,tr,118,1366,764,342,0.4476439790575916,342,0,0,764,1.0,1.0,1.0,1.0,1.0,1.0
10,sider,SIDER2,va,118,1366,95,28,0.29473684210526313,3,25,4,91,0.9578947368421052,0.10714285714285714,0.7642276422764228,0.11771377032190032,0.8153101815700079,0.5868421052631579
10,sider,SIDER2,te,118,1366,97,40,0.41237113402061853,1,39,2,95,0.979381443298969,0.025,0.7007299270072993,0.013611940186029476,0.69992856653891,0.5100515463917525
11,sider,SIDER2,tr,118,1366,784,322,0.4107142857142857,322,0,0,784,1.0,1.0,1.0,1.0,1.0,1.0
11,sider,SIDER2,va,118,1366,85,38,0.4470588235294118,2,36,2,83,0.9764705882352941,0.05263157894736842,0.6910569105691057,0.07580940989421399,0.7059630092473677,0.5886996904024767
11,sider,SIDER2,te,118,1366,87,50,0.5747126436781609,1,49,1,86,0.9885057471264368,0.02,0.635036496350365,0.03414091949542628,0.6737966724044566,0.48563218390804597
12,sider,SIDER2,tr,118,1366,773,333,0.4307891332470893,333,0,0,773,1.0,1.0,1.0,1.0,1.0,1.0
12,sider,SIDER2,va,118,1366,87,36,0.41379310344827586,1,35,1,86,0.9885057471264368,0.027777777777777776,0.7073170731707317,0.05858030336746033,0.8174890939614938,0.641602809706258
12,sider,SIDER2,te,118,1366,96,41,0.4270833333333333,2,39,1,95,0.9895833333333334,0.04878048780487805,0.708029197080292,0.12004287161073725,0.7051530787885048,0.5376016260162602
13,sider,SIDER2,tr,118,1366,769,337,0.43823146944083224,337,0,0,769,1.0,1.0,1.0,1.0,1.0,1.0
13,sider,SIDER2,va,118,1366,92,31,0.33695652173913043,1,30,1,91,0.9891304347826086,0.03225806451612903,0.7479674796747967,0.0734255809574425,0.7990401221945291,0.6392005610098177
13,sider,SIDER2,te,118,1366,95,42,0.4421052631578947,0,42,1,94,0.9894736842105263,0.0,0.6861313868613139,-0.057015559225600775,0.765693946641058,0.6090225563909775
14,sider,SIDER2,tr,118,1366,773,333,0.4307891332470893,333,0,0,773,1.0,1.0,1.0,1.0,1.0,1.0
14,sider,SIDER2,va,118,1366,83,40,0.4819277108433735,0,40,0,83,1.0,0.0,0.6747967479674797,0.0,0.7526658715026228,0.6406626506024096
14,sider,SIDER2,te,118,1366,100,37,0.37,0,37,0,100,1.0,0.0,0.7299270072992701,0.0,0.7390363592166302,0.5054054054054054
15,sider,SIDER2,tr,118,1366,782,324,0.4143222506393862,324,0,0,782,1.0,1.0,1.0,1.0,1.0,1.0
15,sider,SIDER2,va,118,1366,81,42,0.5185185185185185,1,41,1,80,0.9876543209876543,0.023809523809523808,0.6585365853658537,0.04298231171314975,0.6923551395678602,0.6022927689594357
15,sider,SIDER2,te,118,1366,93,44,0.4731182795698925,0,44,2,91,0.978494623655914,0.0,0.6642335766423357,-0.08372072441953472,0.8015149904412792,0.6444281524926686
1,sider,SIDER3,tr,118,1366,16,1090,68.125,1090,0,16,0,0.0,1.0,0.9855334538878843,0.0,0.8181162026290703,0.9990825688073395
1,sider,SIDER3,va,118,1366,3,120,40.0,120,0,3,0,0.0,1.0,0.975609756097561,0.0,0.02707824447799355,0.4916666666666667
1,sider,SIDER3,te,118,1366,2,135,67.5,135,0,2,0,0.0,1.0,0.9854014598540146,0.0,0.04301963503848141,0.6037037037037037
2,sider,SIDER3,tr,118,1366,18,1088,60.44444444444444,1088,0,18,0,0.0,1.0,0.9837251356238698,0.0,1.0,1.0
2,sider,SIDER3,va,118,1366,2,121,60.5,121,0,2,0,0.0,1.0,0.983739837398374,0.0,0.0573772083090662,0.5702479338842975
2,sider,SIDER3,te,118,1366,1,136,136.0,136,0,1,0,0.0,1.0,0.9927007299270073,0.0,0.006666666666666667,0.4558823529411765
3,sider,SIDER3,tr,118,1366,16,1090,68.125,1090,0,16,0,0.0,1.0,0.9855334538878843,0.0,0.8181162026290703,0.9990825688073395
3,sider,SIDER3,va,118,1366,3,120,40.0,120,0,3,0,0.0,1.0,0.975609756097561,0.0,0.01586320783248382,0.26666666666666666
3,sider,SIDER3,te,118,1366,2,135,67.5,135,0,2,0,0.0,1.0,0.9854014598540146,0.0,0.013629134023870866,0.48518518518518516
4,sider,SIDER3,tr,118,1366,18,1088,60.44444444444444,1088,0,18,0,0.0,1.0,0.9837251356238698,0.0,0.008189247655319877,0.0009191176470588758
4,sider,SIDER3,va,118,1366,1,122,122.0,122,0,1,0,0.0,1.0,0.991869918699187,0.0,0.012195121951219513,0.6721311475409837
4,sider,SIDER3,te,118,1366,2,135,67.5,135,0,2,0,0.0,1.0,0.9854014598540146,0.0,0.009302239905688181,0.25555555555555554
5,sider,SIDER3,tr,118,1366,17,1089,64.05882352941177,1089,0,17,0,0.0,1.0,0.984629294755877,0.0,0.0077319241345194245,0.0009182736455464191
5,sider,SIDER3,va,118,1366,1,122,122.0,122,0,1,0,0.0,1.0,0.991869918699187,0.0,0.005494505494505495,0.2622950819672131
5,sider,SIDER3,te,118,1366,3,134,44.666666666666664,134,0,3,0,0.0,1.0,0.9781021897810219,0.0,0.028947782816830435,0.6417910447761194
6,sider,SIDER3,tr,118,1366,18,1088,60.44444444444444,1088,0,18,0,0.0,1.0,0.9837251356238698,0.0,1.0,1.0
6,sider,SIDER3,va,118,1366,2,121,60.5,121,0,2,0,0.0,1.0,0.983739837398374,0.0,0.0573772083090662,0.5702479338842975
6,sider,SIDER3,te,118,1366,1,136,136.0,136,0,1,0,0.0,1.0,0.9927007299270073,0.0,0.006666666666666667,0.4558823529411765
7,sider,SIDER3,tr,118,1366,18,1088,60.44444444444444,1088,0,18,0,0.0,1.0,0.9837251356238698,0.0,0.008189247655319877,0.0009191176470588758
7,sider,SIDER3,va,118,1366,2,121,60.5,121,0,2,0,0.0,1.0,0.983739837398374,0.0,0.03188347220494964,0.7603305785123967
7,sider,SIDER3,te,118,1366,1,136,136.0,136,0,1,0,0.0,1.0,0.9927007299270073,0.0,0.014705882352941176,0.7573529411764706
8,sider,SIDER3,tr,118,1366,17,1089,64.05882352941177,1089,0,17,0,0.0,1.0,0.984629294755877,0.0,0.007724897179502817,0.0
8,sider,SIDER3,va,118,1366,1,122,122.0,122,0,1,0,0.0,1.0,0.991869918699187,0.0,0.0125,0.680327868852459
8,sider,SIDER3,te,118,1366,3,134,44.666666666666664,134,0,3,0,0.0,1.0,0.9781021897810219,0.0,0.01664689021812234,0.3706467661691542
9,sider,SIDER3,tr,118,1366,18,1088,60.44444444444444,1088,0,18,0,0.0,1.0,0.9837251356238698,0.0,0.008181802787066834,0.0
9,sider,SIDER3,va,118,1366,1,122,122.0,122,0,1,0,0.0,1.0,0.991869918699187,0.0,0.019230769230769232,0.7950819672131147
9,sider,SIDER3,te,118,1366,2,135,67.5,135,0,2,0,0.0,1.0,0.9854014598540146,0.0,0.013095831552960166,0.47777777777777775
10,sider,SIDER3,tr,118,1366,18,1088,60.44444444444444,1088,0,18,0,0.0,1.0,0.9837251356238698,0.0,0.008181802787066834,0.0
10,sider,SIDER3,va,118,1366,2,121,60.5,121,0,2,0,0.0,1.0,0.983739837398374,0.0,0.01101269373728873,0.2975206611570248
10,sider,SIDER3,te,118,1366,1,136,136.0,136,0,1,0,0.0,1.0,0.9927007299270073,0.0,0.0078125,0.5367647058823529
11,sider,SIDER3,tr,118,1366,18,1088,60.44444444444444,1088,0,18,0,0.0,1.0,0.9837251356238698,0.0,0.008181802787066834,0.0
11,sider,SIDER3,va,118,1366,1,122,122.0,122,0,1,0,0.0,1.0,0.991869918699187,0.0,0.004166666666666667,0.024590163934426257
11,sider,SIDER3,te,118,1366,2,135,67.5,135,0,2,0,0.0,1.0,0.9854014598540146,0.0,0.015823321970956657,0.537037037037037
12,sider,SIDER3,tr,118,1366,18,1088,60.44444444444444,1088,0,18,0,0.0,1.0,0.9837251356238698,0.0,1.0,1.0
12,sider,SIDER3,va,118,1366,2,121,60.5,121,0,2,0,0.0,1.0,0.983739837398374,0.0,0.0573772083090662,0.5702479338842975
12,sider,SIDER3,te,118,1366,1,136,136.0,136,0,1,0,0.0,1.0,0.9927007299270073,0.0,0.006666666666666667,0.4558823529411765
13,sider,SIDER3,tr,118,1366,17,1089,64.05882352941177,1089,0,17,0,0.0,1.0,0.984629294755877,0.0,0.007724897179502817,0.0
13,sider,SIDER3,va,118,1366,2,121,60.5,121,0,2,0,0.0,1.0,0.983739837398374,0.0,0.009648814833089783,0.20661157024793392
13,sider,SIDER3,te,118,1366,2,135,67.5,135,0,2,0,0.0,1.0,0.9854014598540146,0.0,0.013441644172555828,0.4703703703703703
14,sider,SIDER3,tr,118,1366,15,1091,72.73333333333333,1091,0,15,0,0.0,1.0,0.9864376130198915,0.0,0.006811922286932726,0.0
14,sider,SIDER3,va,118,1366,3,120,40.0,120,0,3,0,0.0,1.0,0.975609756097561,0.0,0.02781986531986532,0.5833333333333333
14,sider,SIDER3,te,118,1366,3,134,44.666666666666664,134,0,3,0,0.0,1.0,0.9781021897810219,0.0,0.019741799584356835,0.4527363184079602
15,sider,SIDER3,tr,118,1366,13,1093,84.07692307692308,1093,0,13,0,0.0,1.0,0.9882459312839059,0.0,0.005900059941010102,0.0
15,sider,SIDER3,va,118,1366,2,121,60.5,121,0,2,0,0.0,1.0,0.983739837398374,0.0,0.025027419643656547,0.640495867768595
15,sider,SIDER3,te,118,1366,6,131,21.833333333333332,131,0,6,0,0.0,1.0,0.9562043795620438,0.0,0.03966566397553217,0.45674300254452926
1,sider,SIDER4,tr,118,1366,670,436,0.6507462686567164,295,141,21,649,0.9686567164179104,0.676605504587156,0.8535262206148282,0.6980070316550554,0.9540825968170161,0.9392852252498973
1,sider,SIDER4,va,118,1366,84,39,0.4642857142857143,11,28,7,77,0.9166666666666666,0.28205128205128205,0.7154471544715447,0.26162433649661365,0.7628329536457952,0.6468253968253969
1,sider,SIDER4,te,118,1366,99,38,0.3838383838383838,8,30,8,91,0.9191919191919192,0.21052631578947367,0.7226277372262774,0.1808246986103976,0.7708201481134311,0.5834662413609781
2,sider,SIDER4,tr,118,1366,704,402,0.5710227272727273,27,375,3,701,0.9957386363636364,0.06716417910447761,0.6582278481012658,0.18625274304703646,0.9631900029427829,0.9426447308909995
2,sider,SIDER4,va,118,1366,71,52,0.7323943661971831,9,43,0,71,1.0,0.17307692307692307,0.6504065040650406,0.32831923834464255,0.7121770385906843,0.6874322860238352
2,sider,SIDER4,te,118,1366,78,59,0.7564102564102564,1,58,3,75,0.9615384615384616,0.01694915254237288,0.5547445255474452,-0.06327119998953223,0.6433383186963864,0.5934376358105171
3,sider,SIDER4,tr,118,1366,695,411,0.5913669064748202,260,151,9,686,0.9870503597122302,0.6326034063260341,0.8553345388788427,0.6979487563970922,0.9600105535366477,0.9442594829246092
3,sider,SIDER4,va,118,1366,68,55,0.8088235294117647,15,40,6,62,0.9117647058823529,0.2727272727272727,0.6260162601626016,0.2437830781411511,0.7137668464661213,0.6893048128342246
3,sider,SIDER4,te,118,1366,90,47,0.5222222222222223,9,38,7,83,0.9222222222222223,0.19148936170212766,0.6715328467153284,0.16808239055374752,0.6675354992551059,0.567612293144208
4,sider,SIDER4,tr,118,1366,690,416,0.6028985507246377,259,157,15,675,0.9782608695652174,0.6225961538461539,0.8444846292947559,0.6742258634395925,0.9631664267034306,0.9421840161649946
4,sider,SIDER4,va,118,1366,77,46,0.5974025974025974,12,34,8,69,0.8961038961038961,0.2608695652173913,0.6585365853658537,0.20583390006233593,0.6783378783736759,0.5822981366459627
4,sider,SIDER4,te,118,1366,86,51,0.5930232558139535,8,43,8,78,0.9069767441860465,0.1568627450980392,0.6277372262773723,0.09608841755054436,0.6902010794350615,0.5991792065663476
5,sider,SIDER4,tr,118,1366,685,421,0.6145985401459854,292,129,26,659,0.962043795620438,0.6935866983372921,0.8598553345388789,0.7033456563283652,0.9515309138091592,0.9361270523778975
5,sider,SIDER4,va,118,1366,72,51,0.7083333333333334,11,40,7,65,0.9027777777777778,0.21568627450980393,0.6178861788617886,0.16512279020161685,0.7459741315079779,0.6557734204793028
5,sider,SIDER4,te,118,1366,96,41,0.4270833333333333,6,35,5,91,0.9479166666666666,0.14634146341463414,0.708029197080292,0.1588417816174915,0.7633135873163328,0.6161077235772358
6,sider,SIDER4,tr,118,1366,694,412,0.5936599423631124,18,394,3,691,0.9956772334293948,0.043689320388349516,0.6410488245931284,0.1394540799379728,0.9559175654468125,0.9310910438991634
6,sider,SIDER4,va,118,1366,74,49,0.6621621621621622,5,44,2,72,0.972972972972973,0.10204081632653061,0.6260162601626016,0.15851741792325316,0.7078560481823487,0.6583011583011583
6,sider,SIDER4,te,118,1366,85,52,0.611764705882353,3,49,3,82,0.9647058823529412,0.057692307692307696,0.6204379562043796,0.05311446200802158,0.75897518400708,0.6757918552036198
7,sider,SIDER4,tr,118,1366,697,409,0.5868005738880918,33,376,5,692,0.9928263988522238,0.08068459657701711,0.6555153707052441,0.19482869523322183,0.9545485438170631,0.9317946631213759
7,sider,SIDER4,va,118,1366,75,48,0.64,6,42,1,74,0.9866666666666667,0.125,0.6504065040650406,0.23512390612510442,0.7983541223441895,0.7163888888888889
7,sider,SIDER4,te,118,1366,81,56,0.691358024691358,7,49,2,79,0.9753086419753086,0.125,0.6277372262773723,0.19904379076296091,0.7737411883073707,0.722663139329806
8,sider,SIDER4,tr,118,1366,688,418,0.6075581395348837,255,163,13,675,0.9811046511627907,0.6100478468899522,0.840867992766727,0.668948189732914,0.9610669862986354,0.9381693696450428
8,sider,SIDER4,va,118,1366,74,49,0.6621621621621622,10,39,4,70,0.9459459459459459,0.20408163265306123,0.6504065040650406,0.23126384023314983,0.7043031337720221,0.6294815223386652
8,sider,SIDER4,te,118,1366,91,46,0.5054945054945055,11,35,4,87,0.9560439560439561,0.2391304347826087,0.7153284671532847,0.2951867773125444,0.782221677722384,0.7083134257047301
9,sider,SIDER4,tr,118,1366,701,405,0.5777460770328102,248,157,9,692,0.9871611982881597,0.6123456790123457,0.8499095840867993,0.6838491057085844,0.9626416863550079,0.9415279759074338
9,sider,SIDER4,va,118,1366,73,50,0.684931506849315,10,40,7,66,0.9041095890410958,0.2,0.6178861788617886,0.14816982606474882,0.7683178767242118,0.7064383561643836
9,sider,SIDER4,te,118,1366,79,58,0.7341772151898734,9,49,7,72,0.9113924050632911,0.15517241379310345,0.5912408759124088,0.10240463652702242,0.6302389410630438,0.5811872544740287
10,sider,SIDER4,tr,118,1366,690,416,0.6028985507246377,254,162,11,679,0.9840579710144928,0.6105769230769231,0.8435804701627486,0.6748397665289572,0.9573436516121481,0.937491290412486
10,sider,SIDER4,va,118,1366,79,44,0.5569620253164557,15,29,6,73,0.9240506329113924,0.3409090909090909,0.7154471544715447,0.33752816090187837,0.775933636249406,0.6651323360184118
10,sider,SIDER4,te,118,1366,84,53,0.6309523809523809,10,43,8,76,0.9047619047619048,0.18867924528301888,0.6277372262773723,0.13471191799191629,0.6932258658173203,0.5884995507637016
11,sider,SIDER4,tr,118,1366,688,418,0.6075581395348837,300,118,34,654,0.9505813953488372,0.7177033492822966,0.8625678119349005,0.7057680982905171,0.9566829699571364,0.938543173472794
11,sider,SIDER4,va,118,1366,70,53,0.7571428571428571,21,32,16,54,0.7714285714285715,0.39622641509433965,0.6097560975609756,0.18103116331769845,0.743351128649733,0.6654986522911052
11,sider,SIDER4,te,118,1366,95,42,0.4421052631578947,10,32,17,78,0.8210526315789474,0.23809523809523808,0.6423357664233577,0.06855629366965357,0.7111789454645443,0.5150375939849624
12,sider,SIDER4,tr,118,1366,704,402,0.5710227272727273,264,138,12,692,0.9829545454545454,0.6567164179104478,0.864376130198915,0.7109882214853126,0.9669483406602211,0.9463831411126186
12,sider,SIDER4,va,118,1366,70,53,0.7571428571428571,10,43,10,60,0.8571428571428571,0.18867924528301888,0.5691056910569106,0.061493378806883346,0.6562107798282758,0.596765498652291
12,sider,SIDER4,te,118,1366,79,58,0.7341772151898734,12,46,6,73,0.9240506329113924,0.20689655172413793,0.6204379562043796,0.19151993016761734,0.666815525529261,0.6545176778699258
13,sider,SIDER4,tr,118,1366,685,421,0.6145985401459854,278,143,16,669,0.9766423357664233,0.6603325415676959,0.85623869801085,0.7000949704978993,0.9573032888398896,0.9401997329958216
13,sider,SIDER4,va,118,1366,82,41,0.5,11,30,12,70,0.8536585365853658,0.2682926829268293,0.6585365853658537,0.14744195615489702,0.7137781923588913,0.601279000594884
13,sider,SIDER4,te,118,1366,86,51,0.5930232558139535,14,37,12,74,0.8604651162790697,0.27450980392156865,0.6423357664233577,0.16639460062778375,0.7460509255131416,0.6418148654810761
14,sider,SIDER4,tr,118,1366,677,429,0.6336779911373708,293,136,30,647,0.9556868537666174,0.682983682983683,0.8499095840867993,0.6844121644760327,0.9594955115960131,0.9390358533637706
14,sider,SIDER4,va,118,1366,84,39,0.4642857142857143,14,25,11,73,0.8690476190476191,0.358974358974359,0.7073170731707317,0.2636729712123058,0.780900698876728,0.6825396825396826
14,sider,SIDER4,te,118,1366,92,45,0.4891304347826087,10,35,12,80,0.8695652173913043,0.2222222222222222,0.656934306569343,0.11741488726830714,0.7413849971901767,0.6136473429951691
15,sider,SIDER4,tr,118,1366,693,413,0.5959595959595959,278,135,19,674,0.9725829725829725,0.6731234866828087,0.8607594936708861,0.7047324810080985,0.9591115049941666,0.9403093543529378
15,sider,SIDER4,va,118,1366,71,52,0.7323943661971831,8,44,8,63,0.8873239436619719,0.15384615384615385,0.5772357723577236,0.06045898635517523,0.668295739343359,0.6144366197183099
15,sider,SIDER4,te,118,1366,89,48,0.5393258426966292,8,40,7,82,0.9213483146067416,0.16666666666666666,0.656934306569343,0.13447658694547363,0.7063968054872447,0.6154026217228465
1,sider,SIDER5,tr,118,1366,893,213,0.23852183650615902,213,0,0,893,1.0,1.0,1.0,1.0,1.0,1.0
1,sider,SIDER5,va,118,1366,93,30,0.3225806451612903,1,29,0,93,1.0,0.03333333333333333,0.7642276422764228,0.15940463000042696,0.8713841451763482,0.6980286738351255
1,sider,SIDER5,te,118,1366,121,16,0.1322314049586777,2,14,1,120,0.9917355371900827,0.125,0.8905109489051095,0.25617853404582225,0.9253838921992666,0.6580578512396694
2,sider,SIDER5,tr,118,1366,899,207,0.23025583982202447,207,0,0,899,1.0,1.0,1.0,1.0,1.0,1.0
2,sider,SIDER5,va,118,1366,101,22,0.21782178217821782,1,21,0,101,1.0,0.045454545454545456,0.8292682926829268,0.1939855726194589,0.8608099479110366,0.5594059405940595
2,sider,SIDER5,te,118,1366,107,30,0.2803738317757009,1,29,2,105,0.9813084112149533,0.03333333333333333,0.7737226277372263,0.041374457768597224,0.8707641120500519,0.6451713395638629
3,sider,SIDER5,tr,118,1366,898,208,0.23162583518930957,208,0,0,898,1.0,1.0,1.0,1.0,1.0,1.0
3,sider,SIDER5,va,118,1366,98,25,0.25510204081632654,0,25,0,98,1.0,0.0,0.7967479674796748,0.0,0.842232154942238,0.5946938775510203
3,sider,SIDER5,te,118,1366,111,26,0.23423423423423423,2,24,1,110,0.990990990990991,0.07692307692307693,0.8175182481751825,0.18196794118688606,0.853043239159508,0.6188496188496189
4,sider,SIDER5,tr,118,1366,909,197,0.21672167216721672,197,0,0,909,1.0,1.0,1.0,1.0,1.0,1.0
4,sider,SIDER5,va,118,1366,92,31,0.33695652173913043,2,29,2,90,0.9782608695652174,0.06451612903225806,0.7479674796747967,0.10470841695730966,0.8439149576579132,0.70617110799439
4,sider,SIDER5,te,118,1366,106,31,0.29245283018867924,2,29,1,105,0.9905660377358491,0.06451612903225806,0.781021897810219,0.1574823071877675,0.8400657305216193,0.6246195982958004
5,sider,SIDER5,tr,118,1366,889,217,0.2440944881889764,217,0,0,889,1.0,1.0,1.0,1.0,1.0,1.0
5,sider,SIDER5,va,118,1366,105,18,0.17142857142857143,0,18,1,104,0.9904761904761905,0.0,0.8455284552845529,-0.037485360139983916,0.8550692910667839,0.5256613756613756
5,sider,SIDER5,te,118,1366,113,24,0.21238938053097345,3,21,0,113,1.0,0.125,0.8467153284671532,0.3246697518420727,0.8586954444024123,0.6146755162241888
6,sider,SIDER5,tr,118,1366,906,200,0.22075055187637968,200,0,0,906,1.0,1.0,1.0,1.0,1.0,1.0
6,sider,SIDER5,va,118,1366,94,29,0.30851063829787234,0,29,0,94,1.0,0.0,0.7642276422764228,0.0,0.8659585105596035,0.6683785766691123
6,sider,SIDER5,te,118,1366,107,30,0.2803738317757009,0,30,0,107,1.0,0.0,0.781021897810219,0.0,0.8525121187714089,0.6442367601246106
7,sider,SIDER5,tr,118,1366,898,208,0.23162583518930957,208,0,0,898,1.0,1.0,1.0,1.0,1.0,1.0
7,sider,SIDER5,va,118,1366,100,23,0.23,2,21,0,100,1.0,0.08695652173913043,0.8292682926829268,0.2680762839179924,0.8878506555309649,0.7204347826086956
7,sider,SIDER5,te,118,1366,109,28,0.25688073394495414,1,27,1,108,0.9908256880733946,0.03571428571428571,0.7956204379562044,0.08922999572063178,0.8526366164918696,0.5822411533420707
8,sider,SIDER5,tr,118,1366,898,208,0.23162583518930957,208,0,0,898,1.0,1.0,1.0,1.0,1.0,1.0
8,sider,SIDER5,va,118,1366,92,31,0.33695652173913043,4,27,2,90,0.9782608695652174,0.12903225806451613,0.7642276422764228,0.21626095168387877,0.815116942694093,0.6239481065918654
8,sider,SIDER5,te,118,1366,117,20,0.17094017094017094,0,20,0,117,1.0,0.0,0.8540145985401459,0.0,0.8552813299447053,0.47264957264957264
9,sider,SIDER5,tr,118,1366,902,204,0.2261640798226164,204,0,0,902,1.0,1.0,1.0,1.0,1.0,1.0
9,sider,SIDER5,va,118,1366,92,31,0.33695652173913043,2,29,2,90,0.9782608695652174,0.06451612903225806,0.7479674796747967,0.10470841695730966,0.8835420770422516,0.7293127629733521
9,sider,SIDER5,te,118,1366,113,24,0.21238938053097345,0,24,0,113,1.0,0.0,0.8248175182481752,0.0,0.8696958338532308,0.6017699115044247
10,sider,SIDER5,tr,118,1366,902,204,0.2261640798226164,204,0,0,902,1.0,1.0,1.0,1.0,1.0,1.0
10,sider,SIDER5,va,118,1366,99,24,0.24242424242424243,0,24,2,97,0.9797979797979798,0.0,0.7886178861788617,-0.06330096580207138,0.8681875012699011,0.6628787878787878
10,sider,SIDER5,te,118,1366,106,31,0.29245283018867924,1,30,1,105,0.9905660377358491,0.03225806451612903,0.7737226277372263,0.07962429530819834,0.814804785584109,0.5730371272063299
11,sider,SIDER5,tr,118,1366,893,213,0.23852183650615902,213,0,0,893,1.0,1.0,1.0,1.0,1.0,1.0
11,sider,SIDER5,va,118,1366,100,23,0.23,1,22,3,97,0.97,0.043478260869565216,0.7967479674796748,0.02962745174609984,0.8241842188573051,0.5495652173913044
11,sider,SIDER5,te,118,1366,114,23,0.20175438596491227,1,22,2,112,0.9824561403508771,0.043478260869565216,0.8248175182481752,0.06623378019771162,0.9048069528604373,0.6645690312738367
12,sider,SIDER5,tr,118,1366,901,205,0.22752497225305215,205,0,0,901,1.0,1.0,1.0,1.0,1.0,1.0
12,sider,SIDER5,va,118,1366,98,25,0.25510204081632654,2,23,2,96,0.9795918367346939,0.08,0.7967479674796748,0.1351967766265937,0.8394075050664359,0.6208163265306123
12,sider,SIDER5,te,118,1366,108,29,0.26851851851851855,2,27,1,107,0.9907407407407407,0.06896551724137931,0.7956204379562044,0.16665475262881657,0.8458750574575691,0.6398467432950191
13,sider,SIDER5,tr,118,1366,893,213,0.23852183650615902,213,0,0,893,1.0,1.0,1.0,1.0,1.0,1.0
13,sider,SIDER5,va,118,1366,104,19,0.18269230769230768,1,18,2,102,0.9807692307692307,0.05263157894736842,0.8373983739837398,0.07825267906836438,0.8608483210206707,0.5711032388663967
13,sider,SIDER5,te,118,1366,110,27,0.24545454545454545,3,24,2,108,0.9818181818181818,0.1111111111111111,0.8102189781021898,0.19713279960352184,0.8931787431267572,0.6575757575757576
14,sider,SIDER5,tr,118,1366,896,210,0.234375,210,0,0,896,1.0,1.0,1.0,1.0,1.0,1.0
14,sider,SIDER5,va,118,1366,100,23,0.23,2,21,3,97,0.97,0.08695652173913043,0.8048780487804879,0.11245567373697667,0.887887478969964,0.6443478260869565
14,sider,SIDER5,te,118,1366,111,26,0.23423423423423423,2,24,1,110,0.990990990990991,0.07692307692307693,0.8175182481751825,0.18196794118688606,0.8504215315597475,0.6448371448371448
15,sider,SIDER5,tr,118,1366,894,212,0.2371364653243848,212,0,0,894,1.0,1.0,1.0,1.0,1.0,1.0
15,sider,SIDER5,va,118,1366,99,24,0.24242424242424243,1,23,1,98,0.98989898989899,0.041666666666666664,0.8048780487804879,0.09890775906573654,0.8098301554338635,0.5589225589225589
15,sider,SIDER5,te,118,1366,114,23,0.20175438596491227,2,21,3,111,0.9736842105263158,0.08695652173913043,0.8248175182481752,0.12086729781926187,0.8632944697685341,0.5842868039664378
1,sider,SIDER6,tr,118,1366,777,329,0.42342342342342343,329,0,0,777,1.0,1.0,1.0,1.0,1.0,1.0
1,sider,SIDER6,va,118,1366,80,43,0.5375,0,43,3,77,0.9625,0.0,0.6260162601626016,-0.11592023119369584,0.7320419898992241,0.6395348837209303
1,sider,SIDER6,te,118,1366,105,32,0.3047619047619048,4,28,3,102,0.9714285714285714,0.125,0.7737226277372263,0.1852911494030291,0.8122088688759455,0.5922619047619048
2,sider,SIDER6,tr,118,1366,784,322,0.4107142857142857,322,0,0,784,1.0,1.0,1.0,1.0,1.0,1.0
2,sider,SIDER6,va,118,1366,84,39,0.4642857142857143,1,38,0,84,1.0,0.02564102564102564,0.6910569105691057,0.13287014966074837,0.7828227643585757,0.6309523809523809
2,sider,SIDER6,te,118,1366,94,43,0.4574468085106383,1,42,2,92,0.9787234042553191,0.023255813953488372,0.6788321167883211,0.006275940331212961,0.7544754037288144,0.6251855517070757
3,sider,SIDER6,tr,118,1366,777,329,0.42342342342342343,329,0,0,777,1.0,1.0,1.0,1.0,1.0,1.0
3,sider,SIDER6,va,118,1366,87,36,0.41379310344827586,0,36,1,86,0.9885057471264368,0.0,0.6991869918699187,-0.05823870490984447,0.73924390209675,0.5810983397190294
3,sider,SIDER6,te,118,1366,98,39,0.3979591836734694,5,34,3,95,0.9693877551020408,0.1282051282051282,0.7299270072992701,0.1878121316015527,0.6926043969263804,0.5387231815803245
4,sider,SIDER6,tr,118,1366,790,316,0.4,316,0,0,790,1.0,1.0,1.0,1.0,1.0,1.0
4,sider,SIDER6,va,118,1366,80,43,0.5375,0,43,0,80,1.0,0.0,0.6504065040650406,0.0,0.69077192365469,0.6203488372093023
4,sider,SIDER6,te,118,1366,92,45,0.4891304347826087,0,45,1,91,0.9891304347826086,0.0,0.6642335766423357,-0.059971220719424595,0.7745702948968833,0.6427536231884058
5,sider,SIDER6,tr,118,1366,769,337,0.43823146944083224,337,0,0,769,1.0,1.0,1.0,1.0,1.0,1.0
5,sider,SIDER6,va,118,1366,95,28,0.29473684210526313,1,27,3,92,0.968421052631579,0.03571428571428571,0.7560975609756098,0.009775711820942522,0.8076061813964878,0.6086466165413533
5,sider,SIDER6,te,118,1366,98,39,0.3979591836734694,2,37,0,98,1.0,0.05128205128205128,0.7299270072992701,0.19294292047210113,0.7712143864593856,0.5909209837781267
6,sider,SIDER6,tr,118,1366,785,321,0.4089171974522293,321,0,0,785,1.0,1.0,1.0,1.0,1.0,1.0
6,sider,SIDER6,va,118,1366,82,41,0.5,1,40,1,81,0.9878048780487805,0.024390243902439025,0.6666666666666666,0.04545454545454517,0.7882216961440631,0.6418798334324807
6,sider,SIDER6,te,118,1366,95,42,0.4421052631578947,1,41,1,94,0.9894736842105263,0.023809523809523808,0.6934306569343066,0.0510631426497535,0.7561747811993972,0.6348370927318295
7,sider,SIDER6,tr,118,1366,777,329,0.42342342342342343,329,0,0,777,1.0,1.0,1.0,1.0,1.0,1.0
7,sider,SIDER6,va,118,1366,88,35,0.3977272727272727,1,34,0,88,1.0,0.02857142857142857,0.7235772357723578,0.14355799976811928,0.7397899890027637,0.5925324675324676
7,sider,SIDER6,te,118,1366,97,40,0.41237113402061853,3,37,1,96,0.9896907216494846,0.075,0.7226277372262774,0.1747036757256947,0.7486351700720155,0.5685567010309278
8,sider,SIDER6,tr,118,1366,775,331,0.4270967741935484,331,0,0,775,1.0,1.0,1.0,1.0,1.0,1.0
8,sider,SIDER6,va,118,1366,88,35,0.3977272727272727,2,33,4,84,0.9545454545454546,0.05714285714285714,0.6991869918699187,0.02448265915705638,0.7950805899035029,0.6131493506493507
8,sider,SIDER6,te,118,1366,99,38,0.3838383838383838,3,35,1,98,0.98989898989899,0.07894736842105263,0.7372262773722628,0.18307732252857278,0.7541698210185437,0.570441254651781
9,sider,SIDER6,tr,118,1366,787,319,0.40533672172808133,319,0,0,787,1.0,1.0,1.0,1.0,1.0,1.0
9,sider,SIDER6,va,118,1366,80,43,0.5375,3,40,0,80,1.0,0.06976744186046512,0.6747967479674797,0.215665546406876,0.7045264710080508,0.6052325581395349
9,sider,SIDER6,te,118,1366,95,42,0.4421052631578947,0,42,1,94,0.9894736842105263,0.0,0.6861313868613139,-0.057015559225600775,0.7310724165389177,0.5786967418546366
10,sider,SIDER6,tr,118,1366,779,327,0.4197689345314506,327,0,0,779,1.0,1.0,1.0,1.0,1.0,1.0
10,sider,SIDER6,va,118,1366,85,38,0.4470588235294118,2,36,3,82,0.9647058823529412,0.05263157894736842,0.6829268292682927,0.040565866774272444,0.757195944359804,0.6145510835913314
10,sider,SIDER6,te,118,1366,98,39,0.3979591836734694,1,38,0,98,1.0,0.02564102564102564,0.7226277372262774,0.13592873654160673,0.713767333093127,0.5847723704866562
11,sider,SIDER6,tr,118,1366,790,316,0.4,316,0,0,790,1.0,1.0,1.0,1.0,1.0,1.0
11,sider,SIDER6,va,118,1366,78,45,0.5769230769230769,1,44,2,76,0.9743589743589743,0.022222222222222223,0.6260162601626016,-0.010675210253672433,0.6550227258456266,0.5655270655270656
11,sider,SIDER6,te,118,1366,94,43,0.4574468085106383,0,43,1,93,0.9893617021276596,0.0,0.6788321167883211,-0.05799637466551567,0.762675547354416,0.5906729341909946
12,sider,SIDER6,tr,118,1366,779,327,0.4197689345314506,327,0,0,779,1.0,1.0,1.0,1.0,1.0,1.0
12,sider,SIDER6,va,118,1366,89,34,0.38202247191011235,2,32,4,85,0.9550561797752809,0.058823529411764705,0.7073170731707317,0.028816834513209447,0.7538070339202725,0.5551883674818242
12,sider,SIDER6,te,118,1366,94,43,0.4574468085106383,1,42,2,92,0.9787234042553191,0.023255813953488372,0.6788321167883211,0.006275940331212961,0.7017993696683715,0.5450272142503712
13,sider,SIDER6,tr,118,1366,770,336,0.43636363636363634,336,0,0,770,1.0,1.0,1.0,1.0,1.0,1.0
13,sider,SIDER6,va,118,1366,92,31,0.33695652173913043,2,29,4,88,0.9565217391304348,0.06451612903225806,0.7317073170731707,0.042404108173309564,0.7973378911229643,0.6076437587657784
13,sider,SIDER6,te,118,1366,100,37,0.37,4,33,4,96,0.96,0.10810810810810811,0.7299270072992701,0.12896142700166366,0.7781191239845227,0.6305405405405405
14,sider,SIDER6,tr,118,1366,783,323,0.4125159642401022,323,0,0,783,1.0,1.0,1.0,1.0,1.0,1.0
14,sider,SIDER6,va,118,1366,78,45,0.5769230769230769,2,43,2,76,0.9743589743589743,0.044444444444444446,0.6341463414634146,0.051060716062779295,0.6103372013169517,0.5246438746438746
14,sider,SIDER6,te,118,1366,101,36,0.3564356435643564,2,34,1,100,0.9900990099009901,0.05555555555555555,0.7445255474452555,0.13730397936954614,0.763094265597276,0.5913091309130912
15,sider,SIDER6,tr,118,1366,779,327,0.4197689345314506,327,0,0,779,1.0,1.0,1.0,1.0,1.0,1.0
15,sider,SIDER6,va,118,1366,84,39,0.4642857142857143,0,39,2,82,0.9761904761904762,0.0,0.6666666666666666,-0.08760219196903868,0.7046917544102262,0.5937118437118437
15,sider,SIDER6,te,118,1366,99,38,0.3838383838383838,1,37,3,96,0.9696969696969697,0.02631578947368421,0.708029197080292,-0.010602933737176029,0.7988337604230125,0.6487240829346091
1,sider,SIDER7,tr,118,1366,1012,94,0.09288537549407115,0,94,1,1011,0.9990118577075099,0.0,0.9141048824593129,-0.009168378446762045,0.9745318668324137,0.8212829030359095
1,sider,SIDER7,va,118,1366,106,17,0.16037735849056603,0,17,1,105,0.9905660377358491,0.0,0.8536585365853658,-0.03625697880708891,0.9260983509604047,0.6814650388457271
1,sider,SIDER7,te,118,1366,129,8,0.06201550387596899,0,8,1,128,0.9922480620155039,0.0,0.9343065693430657,-0.021354071087948342,0.9515058909609397,0.5998062015503876
2,sider,SIDER7,tr,118,1366,1012,94,0.09288537549407115,0,94,1,1011,0.9990118577075099,0.0,0.9141048824593129,-0.009168378446762045,0.9734164016788986,0.8056618450929276
2,sider,SIDER7,va,118,1366,113,10,0.08849557522123894,0,10,0,113,1.0,0.0,0.9186991869918699,0.0,0.9646417814619319,0.7663716814159292
2,sider,SIDER7,te,118,1366,122,15,0.12295081967213115,0,15,0,122,1.0,0.0,0.8905109489051095,0.0,0.9220238207192271,0.6797814207650272
3,sider,SIDER7,tr,118,1366,1011,95,0.09396636993076163,0,95,2,1009,0.9980217606330366,0.0,0.9122965641952984,-0.01304718096118807,0.969637819311033,0.7920349836014369
3,sider,SIDER7,va,118,1366,115,8,0.06956521739130435,0,8,0,115,1.0,0.0,0.9349593495934959,0.0,0.9844958660109027,0.8195652173913044
3,sider,SIDER7,te,118,1366,121,16,0.1322314049586777,0,16,0,121,1.0,0.0,0.8832116788321168,0.0,0.9194644993590488,0.6998966942148761
4,sider,SIDER7,tr,118,1366,1015,91,0.0896551724137931,0,91,1,1014,0.9990147783251232,0.0,0.9168173598553345,-0.009007546982220898,0.9714753550088134,0.7998484274346344
4,sider,SIDER7,va,118,1366,111,12,0.10810810810810811,0,12,0,111,1.0,0.0,0.9024390243902439,0.0,0.9615392301142679,0.7755255255255256
4,sider,SIDER7,te,118,1366,121,16,0.1322314049586777,0,16,1,120,0.9917355371900827,0.0,0.8759124087591241,-0.031181560935001015,0.9468568052533345,0.7515495867768596
5,sider,SIDER7,tr,118,1366,1007,99,0.09831181727904667,0,99,2,1005,0.9980139026812314,0.0,0.9086799276672695,-0.013345453093062915,0.9712465761910745,0.7970669956767276
5,sider,SIDER7,va,118,1366,112,11,0.09821428571428571,0,11,0,112,1.0,0.0,0.9105691056910569,0.0,0.9733318405329416,0.8571428571428571
5,sider,SIDER7,te,118,1366,128,9,0.0703125,0,9,0,128,1.0,0.0,0.9343065693430657,0.0,0.9582001118602559,0.7100694444444444
6,sider,SIDER7,tr,118,1366,1019,87,0.08537782139352307,0,87,2,1017,0.9980372914622179,0.0,0.9195298372513563,-0.012436638062298598,0.9725055468425449,0.7955173541786515
6,sider,SIDER7,va,118,1366,107,16,0.14953271028037382,0,16,0,107,1.0,0.0,0.8699186991869918,0.0,0.9663262857199391,0.8271028037383177
6,sider,SIDER7,te,118,1366,121,16,0.1322314049586777,0,16,0,121,1.0,0.0,0.8832116788321168,0.0,0.9352259054729173,0.693698347107438
7,sider,SIDER7,tr,118,1366,1005,101,0.10049751243781095,0,101,2,1003,0.9980099502487563,0.0,0.906871609403255,-0.013492987472686072,0.9645487043421366,0.7795970641840304
7,sider,SIDER7,va,118,1366,111,12,0.10810810810810811,0,12,0,111,1.0,0.0,0.9024390243902439,0.0,0.9689400658337683,0.7837837837837838
7,sider,SIDER7,te,118,1366,131,6,0.04580152671755725,0,6,0,131,1.0,0.0,0.9562043795620438,0.0,0.9967443108165142,0.9325699745547074
8,sider,SIDER7,tr,118,1366,1004,102,0.10159362549800798,0,102,2,1002,0.99800796812749,0.0,0.9059674502712477,-0.013566371032948997,0.9674960663068132,0.7932192797437699
8,sider,SIDER7,va,118,1366,112,11,0.09821428571428571,0,11,0,112,1.0,0.0,0.9105691056910569,0.0,0.966450198257388,0.7913961038961038
8,sider,SIDER7,te,118,1366,131,6,0.04580152671755725,0,6,0,131,1.0,0.0,0.9562043795620438,0.0,0.9837786407623655,0.7455470737913487
9,sider,SIDER7,tr,118,1366,1014,92,0.09072978303747535,0,92,2,1012,0.9980276134122288,0.0,0.9150090415913201,-0.01282051282051282,0.9734046750979501,0.8011748563588028
9,sider,SIDER7,va,118,1366,112,11,0.09821428571428571,0,11,0,112,1.0,0.0,0.9105691056910569,0.0,0.9773889817310298,0.8165584415584415
9,sider,SIDER7,te,118,1366,121,16,0.1322314049586777,0,16,0,121,1.0,0.0,0.8832116788321168,0.0,0.9089418392437583,0.6394628099173554
10,sider,SIDER7,tr,118,1366,1016,90,0.08858267716535433,0,90,1,1015,0.9990157480314961,0.0,0.9177215189873418,-0.008953508736896284,0.9714075764704956,0.7855643044619423
10,sider,SIDER7,va,118,1366,113,10,0.08849557522123894,0,10,1,112,0.9911504424778761,0.0,0.9105691056910569,-0.026932760114536193,0.9659636640598499,0.7557522123893805
10,sider,SIDER7,te,118,1366,118,19,0.16101694915254236,0,19,0,118,1.0,0.0,0.8613138686131386,0.0,0.9292312004247973,0.7453166815343444
11,sider,SIDER7,tr,118,1366,1012,94,0.09288537549407115,1,93,2,1010,0.9980237154150198,0.010638297872340425,0.9141048824593129,0.04644346836355989,0.9764165084220772,0.8243209149777141
11,sider,SIDER7,va,118,1366,112,11,0.09821428571428571,0,11,0,112,1.0,0.0,0.9105691056910569,0.0,0.9196942993797219,0.5332792207792209
11,sider,SIDER7,te,118,1366,123,14,0.11382113821138211,0,14,0,123,1.0,0.0,0.8978102189781022,0.0,0.9266379920808281,0.6440185830429733
12,sider,SIDER7,tr,118,1366,1015,91,0.0896551724137931,0,91,2,1013,0.9980295566502463,0.0,0.9159132007233273,-0.012744363091370932,0.9740358595177343,0.8099496562550749
12,sider,SIDER7,va,118,1366,107,16,0.14953271028037382,0,16,0,107,1.0,0.0,0.8699186991869918,0.0,0.931441628848897,0.7476635514018691
12,sider,SIDER7,te,118,1366,125,12,0.096,0,12,0,125,1.0,0.0,0.9124087591240876,0.0,0.95959661866471,0.7133333333333334
13,sider,SIDER7,tr,118,1366,1005,101,0.10049751243781095,0,101,1,1004,0.9990049751243781,0.0,0.9077757685352622,-0.009536664776369278,0.9719950032667125,0.8117334121471849
13,sider,SIDER7,va,118,1366,115,8,0.06956521739130435,0,8,2,113,0.9826086956521739,0.0,0.9186991869918699,-0.033909265754192466,0.9658148108003779,0.6826086956521739
13,sider,SIDER7,te,118,1366,127,10,0.07874015748031496,0,10,0,127,1.0,0.0,0.927007299270073,0.0,0.9448496463578046,0.6874015748031496
14,sider,SIDER7,tr,118,1366,1010,96,0.09504950495049505,0,96,2,1008,0.998019801980198,0.0,0.9113924050632911,-0.013122161870541528,0.9717972878046734,0.8088902640264026
14,sider,SIDER7,va,118,1366,114,9,0.07894736842105263,0,9,0,114,1.0,0.0,0.926829268292683,0.0,0.9621519598027362,0.6949317738791423
14,sider,SIDER7,te,118,1366,123,14,0.11382113821138211,0,14,0,123,1.0,0.0,0.8978102189781022,0.0,0.9509431355387847,0.7131242740998839
15,sider,SIDER7,tr,118,1366,1015,91,0.0896551724137931,0,91,1,1014,0.9990147783251232,0.0,0.9168173598553345,-0.009007546982220898,0.9739868557357216,0.8134466518702972
15,sider,SIDER7,va,118,1366,110,13,0.11818181818181818,0,13,0,110,1.0,0.0,0.8943089430894309,0.0,0.9461759330333347,0.7328671328671329
15,sider,SIDER7,te,118,1366,122,15,0.12295081967213115,0,15,1,121,0.9918032786885246,0.0,0.8832116788321168,-0.030067426638273966,0.9369421842240478,0.728415300546448
1,sider,SIDER8,tr,118,1366,190,916,4.821052631578947,916,0,190,0,0.0,1.0,0.8282097649186256,0.0,0.9224709458510547,0.991697310962997
1,sider,SIDER8,va,118,1366,24,99,4.125,99,0,24,0,0.0,1.0,0.8048780487804879,0.0,0.36108088258140286,0.7546296296296297
1,sider,SIDER8,te,118,1366,31,106,3.4193548387096775,106,0,31,0,0.0,1.0,0.7737226277372263,0.0,0.27566601125644324,0.6013390139987828
2,sider,SIDER8,tr,118,1366,201,905,4.502487562189055,905,0,201,0,0.0,1.0,0.8182640144665461,0.0,0.8776857958899481,0.9883510623677194
2,sider,SIDER8,va,118,1366,17,106,6.235294117647059,106,0,17,0,0.0,1.0,0.8617886178861789,0.0,0.3176938177873854,0.6964483906770255
2,sider,SIDER8,te,118,1366,27,110,4.074074074074074,110,0,27,0,0.0,1.0,0.8029197080291971,0.0,0.24203941325630274,0.6286195286195286
3,sider,SIDER8,tr,118,1366,194,912,4.701030927835052,912,0,194,0,0.0,1.0,0.8245931283905967,0.0,0.8300640860628729,0.9841630493760174
3,sider,SIDER8,va,118,1366,27,96,3.5555555555555554,96,0,27,0,0.0,1.0,0.7804878048780488,0.0,0.391747510228737,0.6577932098765432
3,sider,SIDER8,te,118,1366,24,113,4.708333333333333,113,0,24,0,0.0,1.0,0.8248175182481752,0.0,0.3880252464448633,0.7157079646017699
4,sider,SIDER8,tr,118,1366,205,901,4.3951219512195125,901,0,205,0,0.0,1.0,0.8146473779385172,0.0,0.891047385488884,0.987331149671097
4,sider,SIDER8,va,118,1366,19,104,5.473684210526316,104,0,19,0,0.0,1.0,0.8455284552845529,0.0,0.28751674630451174,0.6163967611336032
4,sider,SIDER8,te,118,1366,21,116,5.523809523809524,116,0,21,0,0.0,1.0,0.8467153284671532,0.0,0.3116037997367582,0.6317733990147782
5,sider,SIDER8,tr,118,1366,200,906,4.53,906,0,200,0,0.0,1.0,0.8191681735985533,0.0,0.8711211239908999,0.9859381898454747
5,sider,SIDER8,va,118,1366,28,95,3.392857142857143,94,1,28,0,0.0,0.9894736842105263,0.7642276422764228,-0.04915155902879479,0.2938051940469025,0.637218045112782
5,sider,SIDER8,te,118,1366,17,120,7.0588235294117645,120,0,17,0,0.0,1.0,0.8759124087591241,0.0,0.1575055004340518,0.6102941176470589
6,sider,SIDER8,tr,118,1366,198,908,4.585858585858586,908,0,198,0,0.0,1.0,0.8209764918625678,0.0,0.8930637669888488,0.9870900636319139
6,sider,SIDER8,va,118,1366,19,104,5.473684210526316,104,0,19,0,0.0,1.0,0.8455284552845529,0.0,0.24102514307602302,0.6751012145748988
6,sider,SIDER8,te,118,1366,28,109,3.892857142857143,109,0,28,0,0.0,1.0,0.7956204379562044,0.0,0.33898677600523985,0.7070773263433814
7,sider,SIDER8,tr,118,1366,194,912,4.701030927835052,912,0,194,0,0.0,1.0,0.8245931283905967,0.0,0.8538628705727144,0.9861977753662508
7,sider,SIDER8,va,118,1366,22,101,4.590909090909091,101,0,22,0,0.0,1.0,0.8211382113821138,0.0,0.23726477304892396,0.6363636363636364
7,sider,SIDER8,te,118,1366,29,108,3.7241379310344827,108,0,29,0,0.0,1.0,0.7883211678832117,0.0,0.26882231242098265,0.6107918263090677
8,sider,SIDER8,tr,118,1366,190,916,4.821052631578947,916,0,188,2,0.010526315789473684,1.0,0.8300180831826401,0.093454753754088,0.8681350553305724,0.9877097219030108
8,sider,SIDER8,va,118,1366,24,99,4.125,99,0,24,0,0.0,1.0,0.8048780487804879,0.0,0.35478387387638627,0.7163299663299663
8,sider,SIDER8,te,118,1366,31,106,3.4193548387096775,106,0,31,0,0.0,1.0,0.7737226277372263,0.0,0.28783083199279785,0.5471698113207547
9,sider,SIDER8,tr,118,1366,204,902,4.421568627450981,902,0,204,0,0.0,1.0,0.8155515370705244,0.0,0.941017687302603,0.9918916568844833
9,sider,SIDER8,va,118,1366,15,108,7.2,108,0,15,0,0.0,1.0,0.8780487804878049,0.0,0.1324484700204387,0.5722222222222222
9,sider,SIDER8,te,118,1366,26,111,4.269230769230769,111,0,26,0,0.0,1.0,0.8102189781021898,0.0,0.2243143548667366,0.6313236313236312
10,sider,SIDER8,tr,118,1366,204,902,4.421568627450981,902,0,204,0,0.0,1.0,0.8155515370705244,0.0,0.9150247404568521,0.9899134820225207
10,sider,SIDER8,va,118,1366,14,109,7.785714285714286,109,0,14,0,0.0,1.0,0.8861788617886179,0.0,0.2095705449753973,0.6985583224115335
10,sider,SIDER8,te,118,1366,27,110,4.074074074074074,109,1,27,0,0.0,0.990909090909091,0.7956204379562044,-0.04248308880277603,0.3705972816023193,0.6895622895622896
11,sider,SIDER8,tr,118,1366,202,904,4.475247524752476,904,0,202,0,0.0,1.0,0.8173598553345389,0.0,0.9416344431015617,0.9924811618329975
11,sider,SIDER8,va,118,1366,16,107,6.6875,107,0,16,0,0.0,1.0,0.8699186991869918,0.0,0.24936218408078045,0.7085280373831776
11,sider,SIDER8,te,118,1366,27,110,4.074074074074074,108,2,27,0,0.0,0.9818181818181818,0.7883211678832117,-0.06030226891555235,0.2056679017068625,0.5569023569023569
12,sider,SIDER8,tr,118,1366,203,903,4.448275862068965,903,0,203,0,0.0,1.0,0.8164556962025317,0.0,0.8803902014069864,0.9863891025536117
12,sider,SIDER8,va,118,1366,20,103,5.15,103,0,20,0,0.0,1.0,0.8373983739837398,0.0,0.35138580180941487,0.7228155339805826
12,sider,SIDER8,te,118,1366,22,115,5.2272727272727275,115,0,22,0,0.0,1.0,0.8394160583941606,0.0,0.21617084274813142,0.5948616600790514
13,sider,SIDER8,tr,118,1366,201,905,4.502487562189055,905,0,201,0,0.0,1.0,0.8182640144665461,0.0,0.8628112995801259,0.9865864049916164
13,sider,SIDER8,va,118,1366,22,101,4.590909090909091,101,0,22,0,0.0,1.0,0.8211382113821138,0.0,0.2932465670468266,0.6674167416741674
13,sider,SIDER8,te,118,1366,22,115,5.2272727272727275,115,0,22,0,0.0,1.0,0.8394160583941606,0.0,0.3015321318632772,0.6600790513833992
14,sider,SIDER8,tr,118,1366,211,895,4.241706161137441,895,0,211,0,0.0,1.0,0.8092224231464737,0.0,0.8557062100967437,0.984045116365273
14,sider,SIDER8,va,118,1366,17,106,6.235294117647059,106,0,17,0,0.0,1.0,0.8617886178861789,0.0,0.17605251990898851,0.5971143174250833
14,sider,SIDER8,te,118,1366,17,120,7.0588235294117645,120,0,17,0,0.0,1.0,0.8759124087591241,0.0,0.14698071819047331,0.5401960784313726
15,sider,SIDER8,tr,118,1366,191,915,4.790575916230367,915,0,191,0,0.0,1.0,0.8273056057866185,0.0,0.8789239384526152,0.9880639716190313
15,sider,SIDER8,va,118,1366,22,101,4.590909090909091,101,0,22,0,0.0,1.0,0.8211382113821138,0.0,0.2403312536909891,0.6458145814581459
15,sider,SIDER8,te,118,1366,32,105,3.28125,105,0,32,0,0.0,1.0,0.7664233576642335,0.0,0.35227334301741986,0.6133928571428572
1,sider,SIDER9,tr,118,1366,792,314,0.39646464646464646,314,0,0,792,1.0,1.0,1.0,1.0,1.0,1.0
1,sider,SIDER9,va,118,1366,91,32,0.3516483516483517,0,32,4,87,0.9560439560439561,0.0,0.7073170731707317,-0.10872034152102683,0.8123879253484867,0.604739010989011
1,sider,SIDER9,te,118,1366,104,33,0.3173076923076923,0,33,2,102,0.9807692307692307,0.0,0.7445255474452555,-0.06856277926728649,0.8361423001649739,0.6168414918414917
2,sider,SIDER9,tr,118,1366,806,300,0.37220843672456577,1,299,0,806,1.0,0.0033333333333333335,0.7296564195298373,0.049308949989019316,1.0,1.0
2,sider,SIDER9,va,118,1366,86,37,0.43023255813953487,1,36,0,86,1.0,0.02702702702702703,0.7073170731707317,0.13802839825184302,0.7131606377449529,0.5348837209302326
2,sider,SIDER9,te,118,1366,95,42,0.4421052631578947,0,42,0,95,1.0,0.0,0.6934306569343066,0.0,0.7523952383470115,0.6045112781954887
3,sider,SIDER9,tr,118,1366,794,312,0.3929471032745592,2,310,0,794,1.0,0.00641025641025641,0.7197106690777577,0.06789900581532674,1.0,1.0
3,sider,SIDER9,va,118,1366,87,36,0.41379310344827586,0,36,0,87,1.0,0.0,0.7073170731707317,0.0,0.7551009277616507,0.5354406130268199
3,sider,SIDER9,te,118,1366,106,31,0.29245283018867924,0,31,0,106,1.0,0.0,0.7737226277372263,0.0,0.8252051196536041,0.6034692635423007
4,sider,SIDER9,tr,118,1366,810,296,0.3654320987654321,0,296,0,810,1.0,0.0,0.7323688969258589,0.0,1.0,1.0
4,sider,SIDER9,va,118,1366,81,42,0.5185185185185185,0,42,0,81,1.0,0.0,0.6585365853658537,0.0,0.7069027950744089,0.5881834215167548
4,sider,SIDER9,te,118,1366,96,41,0.4270833333333333,0,41,0,96,1.0,0.0,0.7007299270072993,0.0,0.7580912921221742,0.5884146341463414
5,sider,SIDER9,tr,118,1366,802,304,0.3790523690773067,0,304,0,802,1.0,0.0,0.7251356238698011,0.0,1.0,1.0
5,sider,SIDER9,va,118,1366,84,39,0.4642857142857143,0,39,0,84,1.0,0.0,0.6829268292682927,0.0,0.7553057893502937,0.561965811965812
5,sider,SIDER9,te,118,1366,101,36,0.3564356435643564,0,36,0,101,1.0,0.0,0.7372262773722628,0.0,0.8285474732725826,0.6471397139713971
6,sider,SIDER9,tr,118,1366,808,298,0.3688118811881188,298,0,0,808,1.0,1.0,1.0,1.0,1.0,1.0
6,sider,SIDER9,va,118,1366,85,38,0.4470588235294118,3,35,1,84,0.9882352941176471,0.07894736842105263,0.7073170731707317,0.17500682922387698,0.7678098094758364,0.6080495356037152
6,sider,SIDER9,te,118,1366,94,43,0.4574468085106383,0,43,3,91,0.9680851063829787,0.0,0.6642335766423357,-0.101199537840809,0.7202937216538171,0.5546759030183078
7,sider,SIDER9,tr,118,1366,797,309,0.3877038895859473,0,309,0,797,1.0,0.0,0.720614828209765,0.0,1.0,1.0
7,sider,SIDER9,va,118,1366,91,32,0.3516483516483517,0,32,0,91,1.0,0.0,0.7398373983739838,0.0,0.8743459980197387,0.6953983516483516
7,sider,SIDER9,te,118,1366,99,38,0.3838383838383838,0,38,0,99,1.0,0.0,0.7226277372262774,0.0,0.7870714632491221,0.6095162147793727
8,sider,SIDER9,tr,118,1366,789,317,0.4017743979721166,317,0,0,789,1.0,1.0,1.0,1.0,1.0,1.0
8,sider,SIDER9,va,118,1366,95,28,0.29473684210526313,2,26,2,93,0.9789473684210527,0.07142857142857142,0.7723577235772358,0.11908594400057254,0.7713303761358259,0.5387218045112782
8,sider,SIDER9,te,118,1366,103,34,0.3300970873786408,2,32,2,101,0.9805825242718447,0.058823529411764705,0.7518248175182481,0.1011032693255002,0.7593669498708684,0.5555396916047972
9,sider,SIDER9,tr,118,1366,798,308,0.38596491228070173,1,307,0,798,1.0,0.003246753246753247,0.7224231464737794,0.04842224808308668,1.0,1.0
9,sider,SIDER9,va,118,1366,88,35,0.3977272727272727,0,35,0,88,1.0,0.0,0.7154471544715447,0.0,0.7772200587309929,0.62012987012987
9,sider,SIDER9,te,118,1366,101,36,0.3564356435643564,0,36,0,101,1.0,0.0,0.7372262773722628,0.0,0.867369337547651,0.7004950495049506
10,sider,SIDER9,tr,118,1366,799,307,0.38423028785982477,4,303,0,799,1.0,0.013029315960912053,0.7260397830018083,0.09719488277912125,1.0,1.0
10,sider,SIDER9,va,118,1366,91,32,0.3516483516483517,1,31,1,90,0.989010989010989,0.03125,0.7398373983739838,0.07028273337112811,0.801364055570529,0.5762362637362638
10,sider,SIDER9,te,118,1366,97,40,0.41237113402061853,0,40,0,97,1.0,0.0,0.708029197080292,0.0,0.7973424910799936,0.6304123711340206
11,sider,SIDER9,tr,118,1366,808,298,0.3688118811881188,298,0,0,808,1.0,1.0,1.0,1.0,1.0,1.0
11,sider,SIDER9,va,118,1366,78,45,0.5769230769230769,2,43,1,77,0.9871794871794872,0.044444444444444446,0.6422764227642277,0.09874569484647,0.6628380383288379,0.5792022792022793
11,sider,SIDER9,te,118,1366,101,36,0.3564356435643564,0,36,1,100,0.9900990099009901,0.0,0.7299270072992701,-0.05119424108555666,0.7540407767167545,0.5275027502750275
12,sider,SIDER9,tr,118,1366,800,306,0.3825,1,305,0,800,1.0,0.0032679738562091504,0.7242314647377939,0.04864107238792489,1.0,1.0
12,sider,SIDER9,va,118,1366,90,33,0.36666666666666664,0,33,0,90,1.0,0.0,0.7317073170731707,0.0,0.8143911501420358,0.6787878787878787
12,sider,SIDER9,te,118,1366,97,40,0.41237113402061853,0,40,0,97,1.0,0.0,0.708029197080292,0.0,0.6749541135042896,0.47577319587628863
13,sider,SIDER9,tr,118,1366,789,317,0.4017743979721166,317,0,0,789,1.0,1.0,1.0,1.0,1.0,1.0
13,sider,SIDER9,va,118,1366,91,32,0.3516483516483517,3,29,1,90,0.989010989010989,0.09375,0.7560975609756098,0.20470001802005833,0.8028186304886422,0.6162431318681318
13,sider,SIDER9,te,118,1366,107,30,0.2803738317757009,0,30,2,105,0.9813084112149533,0.0,0.7664233576642335,-0.06444909926971053,0.717284346527935,0.4448598130841121
14,sider,SIDER9,tr,118,1366,808,298,0.3688118811881188,0,298,0,808,1.0,0.0,0.7305605786618445,0.0,1.0,1.0
14,sider,SIDER9,va,118,1366,88,35,0.3977272727272727,0,35,0,88,1.0,0.0,0.7154471544715447,0.0,0.8531271371922998,0.6918831168831169
14,sider,SIDER9,te,118,1366,91,46,0.5054945054945055,0,46,0,91,1.0,0.0,0.6642335766423357,0.0,0.7307942905663847,0.5914954610606785
15,sider,SIDER9,tr,118,1366,793,313,0.39470365699873894,0,313,0,793,1.0,0.0,0.716998191681736,0.0,1.0,1.0
15,sider,SIDER9,va,118,1366,90,33,0.36666666666666664,0,33,0,90,1.0,0.0,0.7317073170731707,0.0,0.842064687683941,0.6919191919191918
15,sider,SIDER9,te,118,1366,104,33,0.3173076923076923,0,33,0,104,1.0,0.0,0.7591240875912408,0.0,0.8326298665430235,0.6701631701631702
1,sider,SIDER10,tr,118,1366,559,547,0.9785330948121646,547,0,0,559,1.0,1.0,1.0,1.0,1.0,1.0
1,sider,SIDER10,va,118,1366,64,59,0.921875,44,15,29,35,0.546875,0.7457627118644068,0.6422764227642277,0.2976458646027437,0.6959036599261887,0.691604872881356
1,sider,SIDER10,te,118,1366,85,52,0.611764705882353,40,12,41,44,0.5176470588235295,0.7692307692307693,0.6131386861313869,0.2831858805437533,0.7709506859041522,0.680316742081448
2,sider,SIDER10,tr,118,1366,574,532,0.926829268292683,532,0,0,574,1.0,1.0,1.0,1.0,1.0,1.0
2,sider,SIDER10,va,118,1366,64,59,0.921875,22,37,9,55,0.859375,0.3728813559322034,0.6260162601626016,0.2672445393497345,0.7435603643894233,0.7065677966101694
2,sider,SIDER10,te,118,1366,70,67,0.9571428571428572,22,45,9,61,0.8714285714285714,0.3283582089552239,0.6058394160583942,0.23868184704376152,0.6459208975497293,0.6560767590618337
3,sider,SIDER10,tr,118,1366,576,530,0.9201388888888888,530,0,0,576,1.0,1.0,1.0,1.0,1.0,1.0
3,sider,SIDER10,va,118,1366,61,62,1.0163934426229508,30,32,18,43,0.7049180327868853,0.4838709677419355,0.5934959349593496,0.19350233014501253,0.6103296350879505,0.6275780010576416
3,sider,SIDER10,te,118,1366,71,66,0.9295774647887324,26,40,14,57,0.8028169014084507,0.3939393939393939,0.6058394160583942,0.21622898819957634,0.689456954842495,0.6737089201877934
4,sider,SIDER10,tr,118,1366,580,526,0.906896551724138,526,0,0,580,1.0,1.0,1.0,1.0,1.0,1.0
4,sider,SIDER10,va,118,1366,61,62,1.0163934426229508,25,37,10,51,0.8360655737704918,0.4032258064516129,0.6178861788617886,0.265162715972447,0.6389641034426127,0.6760973030142782
4,sider,SIDER10,te,118,1366,67,70,1.044776119402985,28,42,11,56,0.835820895522388,0.4,0.6131386861313869,0.26123018876996884,0.7161875385419768,0.7115138592750533
5,sider,SIDER10,tr,118,1366,567,539,0.9506172839506173,539,0,0,567,1.0,1.0,1.0,1.0,1.0,1.0
5,sider,SIDER10,va,118,1366,64,59,0.921875,41,18,22,42,0.65625,0.6949152542372882,0.6747967479674797,0.35097940333555017,0.6780926233156142,0.6812764830508475
5,sider,SIDER10,te,118,1366,77,60,0.7792207792207793,49,11,38,39,0.5064935064935064,0.8166666666666667,0.6423357664233577,0.3330383080130118,0.7678014062572779,0.7432900432900433
6,sider,SIDER10,tr,118,1366,578,528,0.9134948096885813,528,0,0,578,1.0,1.0,1.0,1.0,1.0,1.0
6,sider,SIDER10,va,118,1366,60,63,1.05,28,35,11,49,0.8166666666666667,0.4444444444444444,0.6260162601626016,0.28047832566544445,0.656585257284166,0.6722222222222223
6,sider,SIDER10,te,118,1366,70,67,0.9571428571428572,22,45,16,54,0.7714285714285715,0.3283582089552239,0.5547445255474452,0.11141663457145042,0.6542113842564156,0.6394456289978678
7,sider,SIDER10,tr,118,1366,567,539,0.9506172839506173,539,0,0,567,1.0,1.0,1.0,1.0,1.0,1.0
7,sider,SIDER10,va,118,1366,68,55,0.8088235294117647,28,27,22,46,0.6764705882352942,0.509090909090909,0.6016260162601627,0.18783531051209182,0.7007354743042584,0.6377005347593583
7,sider,SIDER10,te,118,1366,73,64,0.8767123287671232,30,34,13,60,0.821917808219178,0.46875,0.656934306569343,0.31250012709018443,0.7142220682596192,0.704195205479452
8,sider,SIDER10,tr,118,1366,554,552,0.9963898916967509,552,0,0,554,1.0,1.0,1.0,1.0,1.0,1.0
8,sider,SIDER10,va,118,1366,65,58,0.8923076923076924,46,12,36,29,0.4461538461538462,0.7931034482758621,0.6097560975609756,0.2533593918376832,0.7449916796132816,0.6726790450928382
8,sider,SIDER10,te,118,1366,89,48,0.5393258426966292,33,15,53,36,0.4044943820224719,0.6875,0.5036496350364964,0.09079096134942215,0.7435981975257427,0.6006554307116105
9,sider,SIDER10,tr,118,1366,566,540,0.9540636042402827,540,0,0,566,1.0,1.0,1.0,1.0,1.0,1.0
9,sider,SIDER10,va,118,1366,67,56,0.835820895522388,41,15,39,28,0.417910447761194,0.7321428571428571,0.5609756097560976,0.15671037819495565,0.6671547317000501,0.6452558635394455
9,sider,SIDER10,te,118,1366,75,62,0.8266666666666667,44,18,35,40,0.5333333333333333,0.7096774193548387,0.6131386861313869,0.24480733413497943,0.6984508799186211,0.6623655913978495
10,sider,SIDER10,tr,118,1366,571,535,0.9369527145359019,535,0,0,571,1.0,1.0,1.0,1.0,1.0,1.0
10,sider,SIDER10,va,118,1366,59,64,1.0847457627118644,25,39,6,53,0.8983050847457628,0.390625,0.6341463414634146,0.33245586366084423,0.6559203861525729,0.7077595338983051
10,sider,SIDER10,te,118,1366,78,59,0.7564102564102564,22,37,22,56,0.717948717948718,0.3728813559322034,0.5693430656934306,0.09632414484597912,0.7492045993486037,0.6844850065189049
11,sider,SIDER10,tr,118,1366,572,534,0.9335664335664335,534,0,0,572,1.0,1.0,1.0,1.0,1.0,1.0
11,sider,SIDER10,va,118,1366,60,63,1.05,25,38,11,49,0.8166666666666667,0.3968253968253968,0.6016260162601627,0.23453991213124806,0.655765295098585,0.6748677248677248
11,sider,SIDER10,te,118,1366,76,61,0.8026315789473685,24,37,13,63,0.8289473684210527,0.39344262295081966,0.635036496350365,0.24893507299847648,0.6916284639695622,0.6388050043140638
12,sider,SIDER10,tr,118,1366,577,529,0.9168110918544194,529,0,0,577,1.0,1.0,1.0,1.0,1.0,1.0
12,sider,SIDER10,va,118,1366,64,59,0.921875,21,38,13,51,0.796875,0.3559322033898305,0.5853658536585366,0.1706967917036775,0.6431881561293469,0.623146186440678
12,sider,SIDER10,te,118,1366,67,70,1.044776119402985,25,45,17,50,0.746268656716418,0.35714285714285715,0.5474452554744526,0.11211632902267579,0.6024709847042228,0.6115138592750533
13,sider,SIDER10,tr,118,1366,573,533,0.9301919720767888,533,0,0,573,1.0,1.0,1.0,1.0,1.0,1.0
13,sider,SIDER10,va,118,1366,64,59,0.921875,30,29,11,53,0.828125,0.5084745762711864,0.6747967479674797,0.3567226644356002,0.7171955260387607,0.7236493644067797
13,sider,SIDER10,te,118,1366,71,66,0.9295774647887324,28,38,12,59,0.8309859154929577,0.42424242424242425,0.635036496350365,0.2804879282935936,0.747045064178006,0.7124413145539906
14,sider,SIDER10,tr,118,1366,577,529,0.9168110918544194,529,0,0,577,1.0,1.0,1.0,1.0,1.0,1.0
14,sider,SIDER10,va,118,1366,63,60,0.9523809523809523,25,35,12,51,0.8095238095238095,0.4166666666666667,0.6178861788617886,0.24653019950000307,0.7124555942690858,0.7341269841269841
14,sider,SIDER10,te,118,1366,68,69,1.0147058823529411,26,43,12,56,0.8235294117647058,0.37681159420289856,0.5985401459854015,0.2237378478575798,0.6316950954969567,0.63000852514919
15,sider,SIDER10,tr,118,1366,575,531,0.9234782608695652,531,0,0,575,1.0,1.0,1.0,1.0,0.9999999999999999,1.0
15,sider,SIDER10,va,118,1366,60,63,1.05,28,35,16,44,0.7333333333333333,0.4444444444444444,0.5853658536585366,0.18538879826166746,0.5614268465880471,0.6097883597883598
15,sider,SIDER10,te,118,1366,73,64,0.8767123287671232,33,31,20,53,0.726027397260274,0.515625,0.6277372262773723,0.2475511493457846,0.7346240401226392,0.7001284246575342
1,sider,SIDER11,tr,118,1366,283,823,2.908127208480565,823,0,0,283,1.0,1.0,1.0,1.0,1.0,1.0
1,sider,SIDER11,va,118,1366,33,90,2.727272727272727,86,4,27,6,0.18181818181818182,0.9555555555555556,0.7479674796747967,0.2227115378004819,0.6088466361549377,0.7632996632996634
1,sider,SIDER11,te,118,1366,42,95,2.261904761904762,94,1,35,7,0.16666666666666666,0.9894736842105263,0.7372262773722628,0.3070165238661144,0.5222837098928624,0.662406015037594
2,sider,SIDER11,tr,118,1366,289,817,2.8269896193771626,817,0,0,289,1.0,1.0,1.0,1.0,1.0,1.0
2,sider,SIDER11,va,118,1366,30,93,3.1,92,1,26,4,0.13333333333333333,0.989247311827957,0.7804878048780488,0.2665618529206239,0.4879003908942917,0.653763440860215
2,sider,SIDER11,te,118,1366,39,98,2.5128205128205128,95,3,31,8,0.20512820512820512,0.9693877551020408,0.7518248175182481,0.2898003311651239,0.5459280355741571,0.7055206698063841
3,sider,SIDER11,tr,118,1366,292,814,2.787671232876712,814,0,0,292,1.0,1.0,1.0,1.0,1.0,1.0
3,sider,SIDER11,va,118,1366,31,92,2.967741935483871,89,3,27,4,0.12903225806451613,0.967391304347826,0.7560975609756098,0.18070905658615624,0.4238962500451817,0.6241234221598878
3,sider,SIDER11,te,118,1366,35,102,2.914285714285714,99,3,27,8,0.22857142857142856,0.9705882352941176,0.781021897810219,0.3196346681351757,0.5305966979634273,0.746218487394958
4,sider,SIDER11,tr,118,1366,294,812,2.761904761904762,812,0,0,294,1.0,1.0,1.0,1.0,1.0,1.0
4,sider,SIDER11,va,118,1366,27,96,3.5555555555555554,92,4,25,2,0.07407407407407407,0.9583333333333334,0.7642276422764228,0.06227205981308927,0.3406862975819544,0.6871141975308641
4,sider,SIDER11,te,118,1366,37,100,2.7027027027027026,98,2,28,9,0.24324324324324326,0.98,0.781021897810219,0.36475190615533837,0.569999951138787,0.7062162162162163
5,sider,SIDER11,tr,118,1366,286,820,2.867132867132867,820,0,0,286,1.0,1.0,1.0,1.0,1.0,1.0
5,sider,SIDER11,va,118,1366,37,86,2.324324324324324,86,0,30,7,0.1891891891891892,1.0,0.7560975609756098,0.37451428625057503,0.607818373380719,0.7137020741671904
5,sider,SIDER11,te,118,1366,35,102,2.914285714285714,99,3,30,5,0.14285714285714285,0.9705882352941176,0.7591240875912408,0.21099932526633636,0.4184135555374352,0.6638655462184875
6,sider,SIDER11,tr,118,1366,292,814,2.787671232876712,814,0,0,292,1.0,1.0,1.0,1.0,1.0,1.0
6,sider,SIDER11,va,118,1366,27,96,3.5555555555555554,93,3,23,4,0.14814814814814814,0.96875,0.7886178861788617,0.2088560765230494,0.3063770451676841,0.5794753086419753
6,sider,SIDER11,te,118,1366,39,98,2.5128205128205128,96,2,34,5,0.1282051282051282,0.9795918367346939,0.7372262773722628,0.22091803849164565,0.4894313540858587,0.6575091575091574
7,sider,SIDER11,tr,118,1366,287,819,2.8536585365853657,819,0,0,287,1.0,1.0,1.0,1.0,1.0,1.0
7,sider,SIDER11,va,118,1366,35,88,2.5142857142857142,80,8,26,9,0.2571428571428571,0.9090909090909091,0.7235772357723578,0.21732876366445414,0.4911827821990878,0.7548701298701299
7,sider,SIDER11,te,118,1366,36,101,2.8055555555555554,99,2,33,3,0.08333333333333333,0.9801980198019802,0.7445255474452555,0.14911731488113525,0.46760854172382094,0.6628162816281629
8,sider,SIDER11,tr,118,1366,292,814,2.787671232876712,814,0,0,292,1.0,1.0,1.0,1.0,1.0,1.0
8,sider,SIDER11,va,118,1366,30,93,3.1,86,7,24,6,0.2,0.9247311827956989,0.7479674796747967,0.17422445857876878,0.38493193975315454,0.6351254480286739
8,sider,SIDER11,te,118,1366,36,101,2.8055555555555554,95,6,31,5,0.1388888888888889,0.9405940594059405,0.7299270072992701,0.12873726854550785,0.41910381971515887,0.6435643564356436
9,sider,SIDER11,tr,118,1366,300,806,2.6866666666666665,806,0,0,300,1.0,1.0,1.0,1.0,1.0,1.0
9,sider,SIDER11,va,118,1366,15,108,7.2,105,3,15,0,0.0,0.9722222222222222,0.8536585365853658,-0.05892556509887846,0.16075719832897967,0.5993827160493828
9,sider,SIDER11,te,118,1366,43,94,2.186046511627907,88,6,30,13,0.3023255813953488,0.9361702127659575,0.7372262773722628,0.3202293067598503,0.5099477148705184,0.6509153884215735
10,sider,SIDER11,tr,118,1366,284,822,2.8943661971830985,822,0,0,284,1.0,1.0,1.0,1.0,1.0,1.0
10,sider,SIDER11,va,118,1366,33,90,2.727272727272727,87,3,28,5,0.15151515151515152,0.9666666666666667,0.7479674796747967,0.21234154752738324,0.4936157629362868,0.6841750841750842
10,sider,SIDER11,te,118,1366,41,96,2.341463414634146,91,5,34,7,0.17073170731707318,0.9479166666666666,0.7153284671532847,0.19219571734806581,0.48923480964458066,0.7057926829268293
11,sider,SIDER11,tr,118,1366,289,817,2.8269896193771626,817,0,0,289,1.0,1.0,1.0,1.0,1.0,1.0
11,sider,SIDER11,va,118,1366,27,96,3.5555555555555554,93,3,21,6,0.2222222222222222,0.96875,0.8048780487804879,0.30353866516073863,0.4989734149334893,0.6975308641975309
11,sider,SIDER11,te,118,1366,42,95,2.261904761904762,92,3,39,3,0.07142857142857142,0.968421052631579,0.6934306569343066,0.08978409376434018,0.3971988133405354,0.5734335839598997
12,sider,SIDER11,tr,118,1366,291,815,2.8006872852233675,815,0,0,291,1.0,1.0,1.0,1.0,1.0,1.0
12,sider,SIDER11,va,118,1366,32,91,2.84375,89,2,28,4,0.125,0.978021978021978,0.7560975609756098,0.20982489445768446,0.48141828547505483,0.7108516483516484
12,sider,SIDER11,te,118,1366,35,102,2.914285714285714,101,1,29,6,0.17142857142857143,0.9901960784313726,0.781021897810219,0.3201260448347254,0.5119853608909022,0.7333333333333334
13,sider,SIDER11,tr,118,1366,289,817,2.8269896193771626,817,0,0,289,1.0,1.0,1.0,1.0,1.0,1.0
13,sider,SIDER11,va,118,1366,37,86,2.324324324324324,84,2,31,6,0.16216216216216217,0.9767441860465116,0.7317073170731707,0.2583320367368355,0.6264752578724517,0.7536140791954745
13,sider,SIDER11,te,118,1366,32,105,3.28125,99,6,22,10,0.3125,0.9428571428571428,0.7956204379562044,0.3364069601793974,0.5351652711676246,0.6383928571428571
14,sider,SIDER11,tr,118,1366,295,811,2.7491525423728813,811,0,0,295,1.0,1.0,1.0,1.0,1.0,1.0
14,sider,SIDER11,va,118,1366,30,93,3.1,89,4,27,3,0.1,0.956989247311828,0.7479674796747967,0.10563723081943122,0.41718605877347886,0.689247311827957
14,sider,SIDER11,te,118,1366,33,104,3.1515151515151514,97,7,29,4,0.12121212121212122,0.9326923076923077,0.7372262773722628,0.08482355571494571,0.3481510368834821,0.6640442890442891
15,sider,SIDER11,tr,118,1366,286,820,2.867132867132867,820,0,0,286,1.0,1.0,1.0,1.0,1.0,1.0
15,sider,SIDER11,va,118,1366,35,88,2.5142857142857142,84,4,30,5,0.14285714285714285,0.9545454545454546,0.7235772357723578,0.1687610489366142,0.417203999278456,0.687987012987013
15,sider,SIDER11,te,118,1366,37,100,2.7027027027027026,98,2,29,8,0.21621621621621623,0.98,0.7737226277372263,0.3349144596076873,0.6344303483962641,0.7727027027027027
1,sider,SIDER12,tr,118,1366,995,111,0.11155778894472362,0,111,0,995,1.0,0.0,0.8996383363471971,0.0,1.0,1.0
1,sider,SIDER12,va,118,1366,114,9,0.07894736842105263,0,9,0,114,1.0,0.0,0.926829268292683,0.0,0.9732788270864405,0.7446393762183237
1,sider,SIDER12,te,118,1366,129,8,0.06201550387596899,0,8,0,129,1.0,0.0,0.9416058394160584,0.0,0.9433607633420648,0.5833333333333333
2,sider,SIDER12,tr,118,1366,1006,100,0.09940357852882704,0,100,0,1006,1.0,0.0,0.9095840867992767,0.0,1.0,1.0
2,sider,SIDER12,va,118,1366,112,11,0.09821428571428571,0,11,0,112,1.0,0.0,0.9105691056910569,0.0,0.9228693760410053,0.6266233766233766
2,sider,SIDER12,te,118,1366,120,17,0.14166666666666666,0,17,0,120,1.0,0.0,0.8759124087591241,0.0,0.9315198048450997,0.6602941176470588
3,sider,SIDER12,tr,118,1366,1000,106,0.106,0,106,0,1000,1.0,0.0,0.9041591320072333,0.0,1.0,1.0
3,sider,SIDER12,va,118,1366,112,11,0.09821428571428571,0,11,0,112,1.0,0.0,0.9105691056910569,0.0,0.8851536046056144,0.41801948051948046
3,sider,SIDER12,te,118,1366,126,11,0.0873015873015873,0,11,0,126,1.0,0.0,0.9197080291970803,0.0,0.9755288868128761,0.8282828282828283
4,sider,SIDER12,tr,118,1366,1005,101,0.10049751243781095,0,101,0,1005,1.0,0.0,0.9086799276672695,0.0,1.0,1.0
4,sider,SIDER12,va,118,1366,108,15,0.1388888888888889,0,15,0,108,1.0,0.0,0.8780487804878049,0.0,0.8606634225155936,0.45555555555555555
4,sider,SIDER12,te,118,1366,125,12,0.096,0,12,0,125,1.0,0.0,0.9124087591240876,0.0,0.9121682617457789,0.5393333333333333
5,sider,SIDER12,tr,118,1366,1000,106,0.106,0,106,0,1000,1.0,0.0,0.9041591320072333,0.0,1.0,1.0
5,sider,SIDER12,va,118,1366,112,11,0.09821428571428571,0,11,0,112,1.0,0.0,0.9105691056910569,0.0,0.9039527997241532,0.4488636363636364
5,sider,SIDER12,te,118,1366,126,11,0.0873015873015873,0,11,0,126,1.0,0.0,0.9197080291970803,0.0,0.9107408235027832,0.5404040404040403
6,sider,SIDER12,tr,118,1366,1011,95,0.09396636993076163,0,95,0,1011,1.0,0.0,0.9141048824593129,0.0,1.0,1.0
6,sider,SIDER12,va,118,1366,105,18,0.17142857142857143,0,18,0,105,1.0,0.0,0.8536585365853658,0.0,0.9137625718078115,0.6423280423280423
6,sider,SIDER12,te,118,1366,122,15,0.12295081967213115,0,15,0,122,1.0,0.0,0.8905109489051095,0.0,0.8778339153561507,0.5322404371584699
7,sider,SIDER12,tr,118,1366,998,108,0.10821643286573146,0,108,0,998,1.0,0.0,0.9023508137432188,0.0,1.0,1.0
7,sider,SIDER12,va,118,1366,113,10,0.08849557522123894,0,10,0,113,1.0,0.0,0.9186991869918699,0.0,0.9496232627272161,0.7017699115044248
7,sider,SIDER12,te,118,1366,127,10,0.07874015748031496,0,10,0,127,1.0,0.0,0.927007299270073,0.0,0.9254779560114088,0.5433070866141732
8,sider,SIDER12,tr,118,1366,995,111,0.11155778894472362,0,111,0,995,1.0,0.0,0.8996383363471971,0.0,1.0,1.0
8,sider,SIDER12,va,118,1366,115,8,0.06956521739130435,0,8,0,115,1.0,0.0,0.9349593495934959,0.0,0.9793803143262079,0.7489130434782609
8,sider,SIDER12,te,118,1366,128,9,0.0703125,0,9,0,128,1.0,0.0,0.9343065693430657,0.0,0.9211735823345157,0.48958333333333337
9,sider,SIDER12,tr,118,1366,1009,97,0.09613478691774034,0,97,0,1009,1.0,0.0,0.9122965641952984,0.0,1.0,1.0
9,sider,SIDER12,va,118,1366,109,14,0.12844036697247707,0,14,0,109,1.0,0.0,0.8861788617886179,0.0,0.887054094217451,0.5943643512450851
9,sider,SIDER12,te,118,1366,120,17,0.14166666666666666,0,17,0,120,1.0,0.0,0.8759124087591241,0.0,0.9174079087582965,0.6735294117647059
10,sider,SIDER12,tr,118,1366,996,110,0.11044176706827309,0,110,0,996,1.0,0.0,0.9005424954792043,0.0,1.0,1.0
10,sider,SIDER12,va,118,1366,115,8,0.06956521739130435,0,8,0,115,1.0,0.0,0.9349593495934959,0.0,0.9424699377911308,0.6032608695652174
10,sider,SIDER12,te,118,1366,127,10,0.07874015748031496,0,10,0,127,1.0,0.0,0.927007299270073,0.0,0.9562447456574887,0.647244094488189
11,sider,SIDER12,tr,118,1366,998,108,0.10821643286573146,0,108,0,998,1.0,0.0,0.9023508137432188,0.0,1.0,1.0
11,sider,SIDER12,va,118,1366,113,10,0.08849557522123894,0,10,0,113,1.0,0.0,0.9186991869918699,0.0,0.932461991479638,0.5353982300884956
11,sider,SIDER12,te,118,1366,127,10,0.07874015748031496,0,10,0,127,1.0,0.0,0.927007299270073,0.0,0.9432644234860053,0.5905511811023623
12,sider,SIDER12,tr,118,1366,1003,103,0.10269192422731804,0,103,0,1003,1.0,0.0,0.906871609403255,0.0,1.0,1.0
12,sider,SIDER12,va,118,1366,110,13,0.11818181818181818,0,13,0,110,1.0,0.0,0.8943089430894309,0.0,0.9189488193692513,0.6202797202797202
12,sider,SIDER12,te,118,1366,125,12,0.096,0,12,0,125,1.0,0.0,0.9124087591240876,0.0,0.9363449268695863,0.5966666666666667
13,sider,SIDER12,tr,118,1366,999,107,0.10710710710710711,0,107,0,999,1.0,0.0,0.903254972875226,0.0,1.0,1.0
13,sider,SIDER12,va,118,1366,115,8,0.06956521739130435,0,8,0,115,1.0,0.0,0.9349593495934959,0.0,0.9142250541447672,0.4456521739130435
13,sider,SIDER12,te,118,1366,124,13,0.10483870967741936,0,13,0,124,1.0,0.0,0.9051094890510949,0.0,0.9708143664372539,0.7642679900744417
14,sider,SIDER12,tr,118,1366,1004,102,0.10159362549800798,0,102,0,1004,1.0,0.0,0.9077757685352622,0.0,1.0,1.0
14,sider,SIDER12,va,118,1366,110,13,0.11818181818181818,0,13,0,110,1.0,0.0,0.8943089430894309,0.0,0.9469525639432922,0.693006993006993
14,sider,SIDER12,te,118,1366,124,13,0.10483870967741936,0,13,0,124,1.0,0.0,0.9051094890510949,0.0,0.8782213891043247,0.39267990074441683
15,sider,SIDER12,tr,118,1366,1007,99,0.09831181727904667,0,99,0,1007,1.0,0.0,0.9104882459312839,0.0,1.0,1.0
15,sider,SIDER12,va,118,1366,105,18,0.17142857142857143,0,18,0,105,1.0,0.0,0.8536585365853658,0.0,0.8474491392001158,0.4624338624338624
15,sider,SIDER12,te,118,1366,126,11,0.0873015873015873,0,11,0,126,1.0,0.0,0.9197080291970803,0.0,0.9199824420955782,0.56998556998557
1,sider,SIDER13,tr,118,1366,248,858,3.4596774193548385,844,14,221,27,0.10887096774193548,0.9836829836829837,0.7875226039783002,0.20431380741112132,0.5783272996564691,0.8380470336115498
1,sider,SIDER13,va,118,1366,29,94,3.2413793103448274,92,2,28,1,0.034482758620689655,0.9787234042553191,0.7560975609756098,0.03634028463841288,0.4010696329697245,0.7248716067498165
1,sider,SIDER13,te,118,1366,38,99,2.6052631578947367,98,1,32,6,0.15789473684210525,0.98989898989899,0.7591240875912408,0.30050015462878155,0.5128093688633681,0.6605528973950027
2,sider,SIDER13,tr,118,1366,264,842,3.1893939393939394,828,14,244,20,0.07575757575757576,0.9833729216152018,0.7667269439421338,0.14602684094222165,0.5852793897699045,0.8325010796804146
2,sider,SIDER13,va,118,1366,22,101,4.590909090909091,100,1,19,3,0.13636363636363635,0.9900990099009901,0.8373983739837398,0.2732315313953622,0.4265913117414769,0.7070207020702071
2,sider,SIDER13,te,118,1366,29,108,3.7241379310344827,102,6,26,3,0.10344827586206896,0.9444444444444444,0.7664233576642335,0.07896854620613566,0.3208720703266405,0.6848659003831418
3,sider,SIDER13,tr,118,1366,262,844,3.2213740458015265,830,14,232,30,0.11450381679389313,0.9834123222748815,0.7775768535262206,0.21300389881984108,0.581965354395405,0.8248073513982852
3,sider,SIDER13,va,118,1366,22,101,4.590909090909091,97,4,21,1,0.045454545454545456,0.9603960396039604,0.7967479674796748,0.011353906649447371,0.25840966537714866,0.6435643564356436
3,sider,SIDER13,te,118,1366,31,106,3.4193548387096775,104,2,26,5,0.16129032258064516,0.9811320754716981,0.7956204379562044,0.27063962147592774,0.49795313154843257,0.7373706634205721
4,sider,SIDER13,tr,118,1366,252,854,3.388888888888889,841,13,234,18,0.07142857142857142,0.9847775175644028,0.7766726943942134,0.14283264985722557,0.56158980429803,0.8285333258986655
4,sider,SIDER13,va,118,1366,36,87,2.4166666666666665,85,2,35,1,0.027777777777777776,0.9770114942528736,0.6991869918699187,0.014126322992100156,0.42757038867794706,0.7008301404853129
4,sider,SIDER13,te,118,1366,27,110,4.074074074074074,105,5,24,3,0.1111111111111111,0.9545454545454546,0.7883211678832117,0.11138239140608987,0.34417214989118156,0.6861952861952861
5,sider,SIDER13,tr,118,1366,246,860,3.4959349593495936,851,9,237,9,0.036585365853658534,0.9895348837209302,0.7775768535262206,0.08585061313224662,0.54104724194827,0.8285899981092834
5,sider,SIDER13,va,118,1366,37,86,2.324324324324324,85,1,34,3,0.08108108108108109,0.9883720930232558,0.7154471544715447,0.17957203721192763,0.5746171652392329,0.7177875549968574
5,sider,SIDER13,te,118,1366,32,105,3.28125,104,1,32,0,0.0,0.9904761904761905,0.7591240875912408,-0.04733810683311457,0.42035628347929416,0.700297619047619
6,sider,SIDER13,tr,118,1366,253,853,3.3715415019762847,847,6,247,6,0.023715415019762844,0.9929660023446659,0.77124773960217,0.06763452441877152,0.5463532154212277,0.8193332993526683
6,sider,SIDER13,va,118,1366,29,94,3.2413793103448274,94,0,28,1,0.034482758620689655,1.0,0.7723577235772358,0.16299902721083373,0.5982026574997044,0.7681584739545121
6,sider,SIDER13,te,118,1366,33,104,3.1515151515151514,102,2,32,1,0.030303030303030304,0.9807692307692307,0.7518248175182481,0.03235168687482248,0.4760317450398229,0.7593240093240092
7,sider,SIDER13,tr,118,1366,256,850,3.3203125,842,8,243,13,0.05078125,0.9905882352941177,0.7730560578661845,0.12784538243120736,0.5764364315679914,0.8319485294117648
7,sider,SIDER13,va,118,1366,29,94,3.2413793103448274,93,1,26,3,0.10344827586206896,0.9893617021276596,0.7804878048780488,0.2221028436900628,0.3824305853191369,0.6566397652237711
7,sider,SIDER13,te,118,1366,30,107,3.566666666666667,105,2,26,4,0.13333333333333333,0.9813084112149533,0.7956204379562044,0.23167759139242633,0.4679261364732761,0.6878504672897197
8,sider,SIDER13,tr,118,1366,258,848,3.2868217054263567,833,15,229,29,0.1124031007751938,0.9823113207547169,0.779385171790235,0.20494404026908591,0.5890846062169384,0.8320695297645165
8,sider,SIDER13,va,118,1366,24,99,4.125,97,2,24,0,0.0,0.9797979797979798,0.7886178861788617,-0.06330096580207138,0.3172757071711312,0.6746632996632997
8,sider,SIDER13,te,118,1366,33,104,3.1515151515151514,100,4,33,0,0.0,0.9615384615384616,0.7299270072992701,-0.09768873266890536,0.32693880274473763,0.6695804195804196
9,sider,SIDER13,tr,118,1366,259,847,3.27027027027027,830,17,227,32,0.12355212355212356,0.9799291617473436,0.779385171790235,0.21296972387587118,0.5909215194223246,0.8357341149548941
9,sider,SIDER13,va,118,1366,26,97,3.730769230769231,93,4,24,2,0.07692307692307693,0.9587628865979382,0.7723577235772358,0.06763965943390933,0.32157930466108636,0.633227597145123
9,sider,SIDER13,te,118,1366,30,107,3.566666666666667,100,7,27,3,0.1,0.9345794392523364,0.7518248175182481,0.05497542584158894,0.3098057021068171,0.6693146417445484
10,sider,SIDER13,tr,118,1366,262,844,3.2213740458015265,831,13,242,20,0.07633587786259542,0.9845971563981043,0.7694394213381555,0.1522712255382997,0.5793481771691515,0.8315545747259505
10,sider,SIDER13,va,118,1366,25,98,3.92,93,5,17,8,0.32,0.9489795918367347,0.8211382113821138,0.3520743236660414,0.45541035057391016,0.7248979591836735
10,sider,SIDER13,te,118,1366,28,109,3.892857142857143,105,4,23,5,0.17857142857142858,0.963302752293578,0.8029197080291971,0.23092417044403793,0.38757570880897946,0.7126474442988205
11,sider,SIDER13,tr,118,1366,264,842,3.1893939393939394,830,12,251,13,0.04924242424242424,0.9857482185273159,0.7622061482820977,0.10035224169426123,0.5722321178111709,0.8225005398402072
11,sider,SIDER13,va,118,1366,25,98,3.92,97,1,20,5,0.2,0.9897959183673469,0.8292682926829268,0.35456948342554906,0.578935744328865,0.7746938775510205
11,sider,SIDER13,te,118,1366,26,111,4.269230769230769,110,1,22,4,0.15384615384615385,0.990990990990991,0.8321167883211679,0.30286992543035907,0.4399738530256132,0.7148302148302148
12,sider,SIDER13,tr,118,1366,245,861,3.5142857142857142,850,11,229,16,0.0653061224489796,0.9872241579558653,0.783001808318264,0.14135192670712035,0.5694781083985271,0.832970679561023
12,sider,SIDER13,va,118,1366,32,91,2.84375,86,5,32,0,0.0,0.945054945054945,0.6991869918699187,-0.12206700571163628,0.3389583554189062,0.6538461538461537
12,sider,SIDER13,te,118,1366,38,99,2.6052631578947367,99,0,36,2,0.05263157894736842,1.0,0.7372262773722628,0.19645989725149962,0.5633250247537626,0.7543859649122807
13,sider,SIDER13,tr,118,1366,247,859,3.477732793522267,857,2,247,0,0.0,0.9976717112922002,0.7748643761301989,-0.022823505848728425,0.5522111896800135,0.8188789337003295
13,sider,SIDER13,va,118,1366,30,93,3.1,93,0,29,1,0.03333333333333333,1.0,0.7642276422764228,0.15940463000042696,0.5076148655106041,0.760931899641577
13,sider,SIDER13,te,118,1366,38,99,2.6052631578947367,99,0,37,1,0.02631578947368421,1.0,0.7299270072992701,0.1384064548683537,0.5728089738185058,0.7690058479532165
14,sider,SIDER13,tr,118,1366,250,856,3.424,841,15,230,20,0.08,0.9824766355140186,0.7784810126582279,0.14927798458559646,0.5395899649839127,0.8336331775700936
14,sider,SIDER13,va,118,1366,28,95,3.392857142857143,93,2,26,2,0.07142857142857142,0.9789473684210527,0.7723577235772358,0.11908594400057254,0.29607270607244457,0.6
14,sider,SIDER13,te,118,1366,37,100,2.7027027027027026,99,1,31,6,0.16216216216216217,0.99,0.7664233576642335,0.30682224029539784,0.5600075542170976,0.6983783783783784
15,sider,SIDER13,tr,118,1366,246,860,3.4959349593495936,848,12,227,19,0.07723577235772358,0.986046511627907,0.7839059674502713,0.15944607961020685,0.5629036213344528,0.830969937606353
15,sider,SIDER13,va,118,1366,29,94,3.2413793103448274,93,1,26,3,0.10344827586206896,0.9893617021276596,0.7804878048780488,0.2221028436900628,0.36316831971371344,0.6907556859867938
15,sider,SIDER13,te,118,1366,40,97,2.425,97,0,38,2,0.05,1.0,0.7226277372262774,0.18954135676924333,0.5905900009257775,0.7369845360824742
1,sider,SIDER14,tr,118,1366,155,951,6.135483870967742,951,0,155,0,0.0,1.0,0.8598553345388789,0.0,0.9744490220566697,0.9989620433499542
1,sider,SIDER14,va,118,1366,27,96,3.5555555555555554,96,0,27,0,0.0,1.0,0.7804878048780488,0.0,0.3530514206546155,0.7013888888888888
1,sider,SIDER14,te,118,1366,27,110,4.074074074074074,110,0,27,0,0.0,1.0,0.8029197080291971,0.0,0.1965450446807519,0.5037037037037038
2,sider,SIDER14,tr,118,1366,175,931,5.32,931,0,175,0,0.0,1.0,0.8417721518987342,0.0,0.9490091877614303,0.9978579100813257
2,sider,SIDER14,va,118,1366,19,104,5.473684210526316,104,0,19,0,0.0,1.0,0.8455284552845529,0.0,0.1654174874947109,0.534412955465587
2,sider,SIDER14,te,118,1366,15,122,8.133333333333333,122,0,15,0,0.0,1.0,0.8905109489051095,0.0,0.16799109373291796,0.7273224043715847
3,sider,SIDER14,tr,118,1366,163,943,5.785276073619632,943,0,163,0,0.0,1.0,0.8526220614828209,0.0,1.0,1.0
3,sider,SIDER14,va,118,1366,23,100,4.3478260869565215,100,0,23,0,0.0,1.0,0.8130081300813008,0.0,0.19523596463961615,0.49043478260869566
3,sider,SIDER14,te,118,1366,23,114,4.956521739130435,114,0,23,0,0.0,1.0,0.8321167883211679,0.0,0.24502856490831754,0.6174675819984745
4,sider,SIDER14,tr,118,1366,168,938,5.583333333333333,938,0,168,0,0.0,1.0,0.8481012658227848,0.0,0.9690052889160524,0.9989339019189766
4,sider,SIDER14,va,118,1366,20,103,5.15,103,0,20,0,0.0,1.0,0.8373983739837398,0.0,0.19490000448216016,0.6135922330097088
4,sider,SIDER14,te,118,1366,21,116,5.523809523809524,116,0,21,0,0.0,1.0,0.8467153284671532,0.0,0.22962023605845316,0.6330049261083743
5,sider,SIDER14,tr,118,1366,167,939,5.622754491017964,939,0,167,0,0.0,1.0,0.849005424954792,0.0,0.9688552293907464,0.9989350372736954
5,sider,SIDER14,va,118,1366,23,100,4.3478260869565215,100,0,23,0,0.0,1.0,0.8130081300813008,0.0,0.3109331352503931,0.6647826086956522
5,sider,SIDER14,te,118,1366,19,118,6.2105263157894735,118,0,19,0,0.0,1.0,0.8613138686131386,0.0,0.17319271920799914,0.5615521855486173
6,sider,SIDER14,tr,118,1366,165,941,5.703030303030303,941,0,165,0,0.0,1.0,0.8508137432188065,0.0,0.9685141200106737,0.9989308601423373
6,sider,SIDER14,va,118,1366,16,107,6.6875,107,0,16,0,0.0,1.0,0.8699186991869918,0.0,0.1723506419606063,0.5473130841121495
6,sider,SIDER14,te,118,1366,28,109,3.892857142857143,109,0,28,0,0.0,1.0,0.7956204379562044,0.0,0.3586633631001496,0.6215596330275229
7,sider,SIDER14,tr,118,1366,173,933,5.393063583815029,933,0,173,0,0.0,1.0,0.8435804701627486,0.0,0.9495144633786647,0.9978687681603876
7,sider,SIDER14,va,118,1366,16,107,6.6875,107,0,16,0,0.0,1.0,0.8699186991869918,0.0,0.1844950900080332,0.5274532710280374
7,sider,SIDER14,te,118,1366,20,117,5.85,117,0,20,0,0.0,1.0,0.8540145985401459,0.0,0.2140126451114595,0.658974358974359
8,sider,SIDER14,tr,118,1366,171,935,5.4678362573099415,935,0,171,0,0.0,1.0,0.8453887884267631,0.0,0.9694461559948154,0.9989304812834224
8,sider,SIDER14,va,118,1366,18,105,5.833333333333333,105,0,18,0,0.0,1.0,0.8536585365853658,0.0,0.3290732301204181,0.6867724867724867
8,sider,SIDER14,te,118,1366,20,117,5.85,117,0,20,0,0.0,1.0,0.8540145985401459,0.0,0.18822642927818292,0.5952991452991454
9,sider,SIDER14,tr,118,1366,175,931,5.32,931,0,175,0,0.0,1.0,0.8417721518987342,0.0,0.9499615687138112,0.997864047874789
9,sider,SIDER14,va,118,1366,17,106,6.235294117647059,106,0,17,0,0.0,1.0,0.8617886178861789,0.0,0.19573344236374612,0.611542730299667
9,sider,SIDER14,te,118,1366,17,120,7.0588235294117645,120,0,17,0,0.0,1.0,0.8759124087591241,0.0,0.09113622100555634,0.37254901960784315
10,sider,SIDER14,tr,118,1366,172,934,5.430232558139535,934,0,172,0,0.0,1.0,0.8444846292947559,0.0,1.0,1.0
10,sider,SIDER14,va,118,1366,16,107,6.6875,107,0,16,0,0.0,1.0,0.8699186991869918,0.0,0.16129066444066834,0.5473130841121495
10,sider,SIDER14,te,118,1366,21,116,5.523809523809524,116,0,21,0,0.0,1.0,0.8467153284671532,0.0,0.22788124039621985,0.633415435139573
11,sider,SIDER14,tr,118,1366,171,935,5.4678362573099415,935,0,171,0,0.0,1.0,0.8453887884267631,0.0,0.9779744211020279,0.9989492447696782
11,sider,SIDER14,va,118,1366,17,106,6.235294117647059,106,0,17,0,0.0,1.0,0.8617886178861789,0.0,0.17760770626842476,0.5149833518312986
11,sider,SIDER14,te,118,1366,21,116,5.523809523809524,116,0,21,0,0.0,1.0,0.8467153284671532,0.0,0.2601577397878516,0.5784072249589491
12,sider,SIDER14,tr,118,1366,176,930,5.284090909090909,930,0,176,0,0.0,1.0,0.840867992766727,0.0,0.9767801359609384,0.9989369501466275
12,sider,SIDER14,va,118,1366,17,106,6.235294117647059,106,0,17,0,0.0,1.0,0.8617886178861789,0.0,0.16285957826652203,0.5638179800221975
12,sider,SIDER14,te,118,1366,16,121,7.5625,121,0,16,0,0.0,1.0,0.8832116788321168,0.0,0.27222043456470046,0.7370867768595041
13,sider,SIDER14,tr,118,1366,173,933,5.393063583815029,933,0,173,0,0.0,1.0,0.8435804701627486,0.0,0.969732553689769,0.9989281886387996
13,sider,SIDER14,va,118,1366,18,105,5.833333333333333,105,0,18,0,0.0,1.0,0.8536585365853658,0.0,0.22877895200903553,0.6724867724867725
13,sider,SIDER14,te,118,1366,18,119,6.611111111111111,119,0,18,0,0.0,1.0,0.8686131386861314,0.0,0.24832350557926144,0.4411764705882353
14,sider,SIDER14,tr,118,1366,172,934,5.430232558139535,934,0,172,0,0.0,1.0,0.8444846292947559,0.0,0.9502081215697292,0.99787734674568
14,sider,SIDER14,va,118,1366,23,100,4.3478260869565215,100,0,23,0,0.0,1.0,0.8130081300813008,0.0,0.26804785687241256,0.6660869565217391
14,sider,SIDER14,te,118,1366,14,123,8.785714285714286,123,0,14,0,0.0,1.0,0.8978102189781022,0.0,0.07999393015009365,0.41056910569105687
15,sider,SIDER14,tr,118,1366,162,944,5.827160493827161,944,0,162,0,0.0,1.0,0.8535262206148282,0.0,0.968080476980045,0.9989406779661016
15,sider,SIDER14,va,118,1366,24,99,4.125,99,0,24,0,0.0,1.0,0.8048780487804879,0.0,0.33508656573469636,0.6813973063973063
15,sider,SIDER14,te,118,1366,23,114,4.956521739130435,114,0,23,0,0.0,1.0,0.8321167883211679,0.0,0.22692454545495316,0.6430205949656751
1,sider,SIDER15,tr,118,1366,850,256,0.30117647058823527,256,0,0,850,1.0,1.0,1.0,1.0,1.0,1.0
1,sider,SIDER15,va,118,1366,95,28,0.29473684210526313,2,26,1,94,0.9894736842105263,0.07142857142857142,0.7804878048780488,0.1655476216609399,0.878114049822525,0.718233082706767
1,sider,SIDER15,te,118,1366,118,19,0.16101694915254236,1,18,4,114,0.9661016949152542,0.05263157894736842,0.8394160583941606,0.03452705356125011,0.8908180146884895,0.556199821587868
2,sider,SIDER15,tr,118,1366,860,246,0.28604651162790695,246,0,0,860,1.0,1.0,1.0,1.0,1.0,1.0
2,sider,SIDER15,va,118,1366,99,24,0.24242424242424243,0,24,0,99,1.0,0.0,0.8048780487804879,0.0,0.8738312010733922,0.6376262626262625
2,sider,SIDER15,te,118,1366,104,33,0.3173076923076923,4,29,0,104,1.0,0.12121212121212122,0.7883211678832117,0.3078675211383684,0.8449528983397044,0.6346153846153846
3,sider,SIDER15,tr,118,1366,869,237,0.2727272727272727,237,0,0,869,1.0,1.0,1.0,1.0,1.0,1.0
3,sider,SIDER15,va,118,1366,89,34,0.38202247191011235,1,33,0,89,1.0,0.029411764705882353,0.7317073170731707,0.14647908872251755,0.7952644308723164,0.6419365499008591
3,sider,SIDER15,te,118,1366,105,32,0.3047619047619048,3,29,0,105,1.0,0.09375,0.7883211678832117,0.27103656745081806,0.868872498783855,0.7181547619047619
4,sider,SIDER15,tr,118,1366,873,233,0.26689576174112256,233,0,0,873,1.0,1.0,1.0,1.0,1.0,1.0
4,sider,SIDER15,va,118,1366,91,32,0.3516483516483517,3,29,0,91,1.0,0.09375,0.7642276422764228,0.266634112596268,0.839037659177623,0.6734203296703297
4,sider,SIDER15,te,118,1366,99,38,0.3838383838383838,2,36,0,99,1.0,0.05263157894736842,0.7372262773722628,0.19645989725149962,0.8892769296656738,0.7445507708665603
5,sider,SIDER15,tr,118,1366,865,241,0.2786127167630058,241,0,0,865,1.0,1.0,1.0,1.0,1.0,1.0
5,sider,SIDER15,va,118,1366,96,27,0.28125,3,24,1,95,0.9895833333333334,0.1111111111111111,0.7967479674796748,0.23497384978765862,0.879923740034064,0.6753472222222223
5,sider,SIDER15,te,118,1366,102,35,0.3431372549019608,3,32,0,102,1.0,0.08571428571428572,0.7664233576642335,0.25543140480104426,0.789465105527378,0.5822128851540617
6,sider,SIDER15,tr,118,1366,868,238,0.27419354838709675,238,0,0,868,1.0,1.0,1.0,1.0,1.0,1.0
6,sider,SIDER15,va,118,1366,92,31,0.33695652173913043,2,29,3,89,0.967391304347826,0.06451612903225806,0.7398373983739838,0.07015209188549729,0.8584845835228805,0.6697054698457223
6,sider,SIDER15,te,118,1366,103,34,0.3300970873786408,0,34,0,103,1.0,0.0,0.7518248175182481,0.0,0.8058909169853139,0.586521987435751
7,sider,SIDER15,tr,118,1366,858,248,0.289044289044289,248,0,0,858,1.0,1.0,1.0,1.0,1.0,1.0
7,sider,SIDER15,va,118,1366,95,28,0.29473684210526313,3,25,0,95,1.0,0.10714285714285714,0.7967479674796748,0.2912411862553572,0.850037395328648,0.6612781954887218
7,sider,SIDER15,te,118,1366,110,27,0.24545454545454545,1,26,3,107,0.9727272727272728,0.037037037037037035,0.7883211678832117,0.023070869206625332,0.8924110568547272,0.6811447811447812
8,sider,SIDER15,tr,118,1366,854,252,0.29508196721311475,252,0,0,854,1.0,1.0,1.0,1.0,1.0,1.0
8,sider,SIDER15,va,118,1366,98,25,0.25510204081632654,2,23,1,97,0.9897959183673469,0.08,0.8048780487804879,0.18207982102498185,0.9054853222089541,0.7042857142857143
8,sider,SIDER15,te,118,1366,111,26,0.23423423423423423,1,25,1,110,0.990990990990991,0.038461538461538464,0.8102189781021898,0.09629170579767408,0.8438298882844084,0.5284130284130284
9,sider,SIDER15,tr,118,1366,864,242,0.2800925925925926,242,0,0,864,1.0,1.0,1.0,1.0,1.0,1.0
9,sider,SIDER15,va,118,1366,95,28,0.29473684210526313,2,26,2,93,0.9789473684210527,0.07142857142857142,0.7723577235772358,0.11908594400057254,0.8797520153183795,0.6969924812030075
9,sider,SIDER15,te,118,1366,104,33,0.3173076923076923,3,30,5,99,0.9519230769230769,0.09090909090909091,0.7445255474452555,0.07810949797411372,0.8304993323110104,0.5976107226107226
10,sider,SIDER15,tr,118,1366,863,243,0.28157589803012745,243,0,0,863,1.0,1.0,1.0,1.0,1.0,1.0
10,sider,SIDER15,va,118,1366,95,28,0.29473684210526313,3,25,1,94,0.9894736842105263,0.10714285714285714,0.7886178861788617,0.22839617618020255,0.8798643012920055,0.6947368421052632
10,sider,SIDER15,te,118,1366,105,32,0.3047619047619048,3,29,2,103,0.9809523809523809,0.09375,0.7737226277372263,0.16855130330864168,0.8300133280441666,0.6422619047619048
11,sider,SIDER15,tr,118,1366,858,248,0.289044289044289,248,0,0,858,1.0,1.0,1.0,1.0,1.0,1.0
11,sider,SIDER15,va,118,1366,96,27,0.28125,3,24,2,94,0.9791666666666666,0.1111111111111111,0.7886178861788617,0.18922231566536352,0.8461552180831942,0.6481481481481483
11,sider,SIDER15,te,118,1366,109,28,0.25688073394495414,4,24,2,107,0.981651376146789,0.14285714285714285,0.8102189781021898,0.24534660848902323,0.8812589238792159,0.6826671035386632
12,sider,SIDER15,tr,118,1366,865,241,0.2786127167630058,241,0,0,865,1.0,1.0,1.0,1.0,1.0,1.0
12,sider,SIDER15,va,118,1366,92,31,0.33695652173913043,3,28,1,91,0.9891304347826086,0.0967741935483871,0.7642276422764228,0.21027509962738414,0.8356721206334281,0.6649719495091164
12,sider,SIDER15,te,118,1366,106,31,0.29245283018867924,2,29,1,105,0.9905660377358491,0.06451612903225806,0.781021897810219,0.1574823071877675,0.8287697565923824,0.6235544735240414
13,sider,SIDER15,tr,118,1366,857,249,0.29054842473745623,249,0,0,857,1.0,1.0,1.0,1.0,1.0,1.0
13,sider,SIDER15,va,118,1366,103,20,0.1941747572815534,1,19,3,100,0.970873786407767,0.05,0.8211382113821138,0.04342415428642838,0.8746771399689,0.6026699029126213
13,sider,SIDER15,te,118,1366,103,34,0.3300970873786408,4,30,0,103,1.0,0.11764705882352941,0.781021897810219,0.30184454320366727,0.8785067261131697,0.7124500285551114
14,sider,SIDER15,tr,118,1366,863,243,0.28157589803012745,243,0,0,863,1.0,1.0,1.0,1.0,1.0,1.0
14,sider,SIDER15,va,118,1366,96,27,0.28125,2,25,5,91,0.9479166666666666,0.07407407407407407,0.7560975609756098,0.039289756969682565,0.8456046675261402,0.6327160493827161
14,sider,SIDER15,te,118,1366,104,33,0.3173076923076923,3,30,0,104,1.0,0.09090909090909091,0.781021897810219,0.2656243764459109,0.8126077613026741,0.6261655011655012
15,sider,SIDER15,tr,118,1366,863,243,0.28157589803012745,243,0,0,863,1.0,1.0,1.0,1.0,1.0,1.0
15,sider,SIDER15,va,118,1366,92,31,0.33695652173913043,2,29,0,92,1.0,0.06451612903225806,0.7642276422764228,0.22148044092081018,0.8013003962522937,0.6521739130434783
15,sider,SIDER15,te,118,1366,108,29,0.26851851851851855,3,26,2,106,0.9814814814814815,0.10344827586206896,0.7956204379562044,0.18501152893390477,0.8723152592517747,0.6594827586206897
1,sider,SIDER16,tr,118,1366,695,411,0.5913669064748202,338,73,39,656,0.943884892086331,0.8223844282238443,0.8987341772151899,0.781196541119745,0.9808070149779109,0.9673055716011132
1,sider,SIDER16,va,118,1366,72,51,0.7083333333333334,26,25,13,59,0.8194444444444444,0.5098039215686274,0.6910569105691057,0.34858044344518685,0.7761165453862031,0.7094226579520697
1,sider,SIDER16,te,118,1366,92,45,0.4891304347826087,15,30,19,73,0.7934782608695652,0.3333333333333333,0.6423357664233577,0.13787993245157282,0.8072862114986405,0.6951690821256038
2,sider,SIDER16,tr,118,1366,704,402,0.5710227272727273,343,59,38,666,0.9460227272727273,0.8532338308457711,0.9122965641952984,0.8090103419873956,0.9805258071958245,0.964933853459973
2,sider,SIDER16,va,118,1366,74,49,0.6621621621621622,21,28,14,60,0.8108108108108109,0.42857142857142855,0.6585365853658537,0.25973499468163197,0.6929877368636735,0.6599558742415885
2,sider,SIDER16,te,118,1366,81,56,0.691358024691358,18,38,8,73,0.9012345679012346,0.32142857142857145,0.6642335766423357,0.2791493927629773,0.7337129755656514,0.7003968253968255
3,sider,SIDER16,tr,118,1366,701,405,0.5777460770328102,342,63,33,668,0.9529243937232525,0.8444444444444444,0.9132007233273056,0.8114681104143183,0.977486160638039,0.9593208995966961
3,sider,SIDER16,va,118,1366,72,51,0.7083333333333334,22,29,11,61,0.8472222222222222,0.43137254901960786,0.6747967479674797,0.30977479110721573,0.8076311408102442,0.738562091503268
3,sider,SIDER16,te,118,1366,86,51,0.5930232558139535,26,25,12,74,0.8604651162790697,0.5098039215686274,0.7299270072992701,0.39979956350581697,0.8115061550331804,0.729594163246694
4,sider,SIDER16,tr,118,1366,706,400,0.56657223796034,319,81,28,678,0.9603399433427762,0.7975,0.9014466546112115,0.7847371495988373,0.980003450128276,0.9624982294617564
4,sider,SIDER16,va,118,1366,72,51,0.7083333333333334,22,29,12,60,0.8333333333333334,0.43137254901960786,0.6666666666666666,0.2915952645313556,0.7879473644275123,0.7287581699346405
4,sider,SIDER16,te,118,1366,81,56,0.691358024691358,24,32,8,73,0.9012345679012346,0.42857142857142855,0.708029197080292,0.3831999395453898,0.8334146324563148,0.7768959435626103
5,sider,SIDER16,tr,118,1366,692,414,0.5982658959537572,346,68,43,649,0.9378612716763006,0.8357487922705314,0.8996383363471971,0.7840449288423837,0.9815420827398844,0.9653877300270867
5,sider,SIDER16,va,118,1366,80,43,0.5375,18,25,14,66,0.825,0.4186046511627907,0.6829268292682927,0.2647702052044703,0.8701557943538016,0.7568313953488373
5,sider,SIDER16,te,118,1366,87,50,0.5747126436781609,12,38,19,68,0.7816091954022989,0.24,0.583941605839416,0.024862766172688584,0.7370986466202853,0.5981609195402299
6,sider,SIDER16,tr,118,1366,703,403,0.5732574679943101,333,70,38,665,0.9459459459459459,0.826302729528536,0.9023508137432188,0.7871486108026302,0.9803501012984798,0.963965140535599
6,sider,SIDER16,va,118,1366,79,44,0.5569620253164557,18,26,11,68,0.8607594936708861,0.4090909090909091,0.6991869918699187,0.3047193468325062,0.7874395456527356,0.7433831990794015
6,sider,SIDER16,te,118,1366,77,60,0.7792207792207793,13,47,9,68,0.8831168831168831,0.21666666666666667,0.5912408759124088,0.13484028973294074,0.6640514458249452,0.6467532467532469
7,sider,SIDER16,tr,118,1366,690,416,0.6028985507246377,354,62,45,645,0.9347826086956522,0.8509615384615384,0.903254972875226,0.7926039104543845,0.9783127238603324,0.962433807134894
7,sider,SIDER16,va,118,1366,80,43,0.5375,17,26,9,71,0.8875,0.3953488372093023,0.7154471544715447,0.33033993413980456,0.8172992762183603,0.7309593023255814
7,sider,SIDER16,te,118,1366,89,48,0.5393258426966292,23,25,12,77,0.8651685393258427,0.4791666666666667,0.7299270072992701,0.3766716570955377,0.821535295970124,0.7186329588014981
8,sider,SIDER16,tr,118,1366,702,404,0.5754985754985755,340,64,30,672,0.9572649572649573,0.8415841584158416,0.9150090415913201,0.8152376495640713,0.9820903929998583,0.9677424473216554
8,sider,SIDER16,va,118,1366,72,51,0.7083333333333334,25,26,9,63,0.875,0.49019607843137253,0.7154471544715447,0.402293466807148,0.7197852236650195,0.7137799564270153
8,sider,SIDER16,te,118,1366,85,52,0.611764705882353,18,34,16,69,0.8117647058823529,0.34615384615384615,0.635036496350365,0.17741331754713402,0.7630422423785679,0.6516968325791854
9,sider,SIDER16,tr,118,1366,697,409,0.5868005738880918,351,58,40,657,0.9426111908177905,0.8581907090464548,0.9113924050632911,0.8086521364174961,0.980847086768753,0.963223455044848
9,sider,SIDER16,va,118,1366,73,50,0.684931506849315,17,33,14,59,0.8082191780821918,0.34,0.6178861788617886,0.16767799500195954,0.7152029100321686,0.6238356164383562
9,sider,SIDER16,te,118,1366,89,48,0.5393258426966292,21,27,17,72,0.8089887640449438,0.4375,0.6788321167883211,0.2626656934033237,0.7726718830589265,0.6867977528089888
10,sider,SIDER16,tr,118,1366,700,406,0.58,329,77,35,665,0.95,0.8103448275862069,0.8987341772151899,0.779955793290564,0.977119209581683,0.9568578465869106
10,sider,SIDER16,va,118,1366,76,47,0.618421052631579,17,30,10,66,0.868421052631579,0.3617021276595745,0.6747967479674797,0.270146032610005,0.7853875099985175,0.676511758118701
10,sider,SIDER16,te,118,1366,83,54,0.6506024096385542,20,34,6,77,0.927710843373494,0.37037037037037035,0.708029197080292,0.37146882208369836,0.8749499976315835,0.8114680946006247
11,sider,SIDER16,tr,118,1366,697,409,0.5868005738880918,341,68,42,655,0.93974175035868,0.8337408312958435,0.9005424954792043,0.7848018995094416,0.9800601082159587,0.9638583801342113
11,sider,SIDER16,va,118,1366,79,44,0.5569620253164557,18,26,11,68,0.8607594936708861,0.4090909090909091,0.6991869918699187,0.3047193468325062,0.855064504012974,0.7462600690448792
11,sider,SIDER16,te,118,1366,83,54,0.6506024096385542,21,33,19,64,0.7710843373493976,0.3888888888888889,0.6204379562043796,0.1719362169053529,0.7574499523166957,0.6615350290049086
12,sider,SIDER16,tr,118,1366,698,408,0.5845272206303725,341,67,26,672,0.9627507163323782,0.8357843137254902,0.9159132007233273,0.8182697832507818,0.9851012859944331,0.9736238693185011
12,sider,SIDER16,va,118,1366,77,46,0.5974025974025974,15,31,14,63,0.8181818181818182,0.32608695652173914,0.6341463414634146,0.16444993113676548,0.7549236812516903,0.6737718802936195
12,sider,SIDER16,te,118,1366,84,53,0.6309523809523809,15,38,13,71,0.8452380952380952,0.2830188679245283,0.6277372262773723,0.1549052959380409,0.7422281887321419,0.6663297394429469
13,sider,SIDER16,tr,118,1366,693,413,0.5959595959595959,333,80,34,659,0.950937950937951,0.8062953995157385,0.8969258589511754,0.7778863037686901,0.9747607877042169,0.9544878043667389
13,sider,SIDER16,va,118,1366,82,41,0.5,20,21,10,72,0.8780487804878049,0.4878048780487805,0.7479674796747967,0.40160966445124924,0.878314087229368,0.798780487804878
13,sider,SIDER16,te,118,1366,84,53,0.6309523809523809,18,35,9,75,0.8928571428571429,0.33962264150943394,0.6788321167883211,0.2846325393042347,0.8244476003789004,0.7533692722371967
14,sider,SIDER16,tr,118,1366,712,394,0.5533707865168539,327,67,33,679,0.9536516853932584,0.8299492385786802,0.9095840867992767,0.8008706590896585,0.9827561745131282,0.9670139879085153
14,sider,SIDER16,va,118,1366,67,56,0.835820895522388,21,35,8,59,0.8805970149253731,0.375,0.6504065040650406,0.2998639562612499,0.7491077675253766,0.7434701492537313
14,sider,SIDER16,te,118,1366,80,57,0.7125,27,30,15,65,0.8125,0.47368421052631576,0.6715328467153284,0.3059437900839594,0.7543971483264413,0.687390350877193
15,sider,SIDER16,tr,118,1366,687,419,0.6098981077147017,351,68,32,655,0.9534206695778749,0.837708830548926,0.9095840867992767,0.8066115258359438,0.9816007642964547,0.9667208609950219
15,sider,SIDER16,va,118,1366,77,46,0.5974025974025974,15,31,15,62,0.8051948051948052,0.32608695652173914,0.6260162601626016,0.14791988919487478,0.8162500232624783,0.6962168266516092
15,sider,SIDER16,te,118,1366,95,42,0.4421052631578947,22,20,18,77,0.8105263157894737,0.5238095238095238,0.7226277372262774,0.33904201379749593,0.8665597811800219,0.7528822055137844
1,sider,SIDER17,tr,118,1366,1027,79,0.07692307692307693,0,79,0,1027,1.0,0.0,0.9285714285714286,0.0,1.0,1.0
1,sider,SIDER17,va,118,1366,114,9,0.07894736842105263,0,9,0,114,1.0,0.0,0.926829268292683,0.0,0.9592185965881459,0.6384015594541911
1,sider,SIDER17,te,118,1366,129,8,0.06201550387596899,0,8,0,129,1.0,0.0,0.9416058394160584,0.0,0.9713782707213322,0.6908914728682171
2,sider,SIDER17,tr,118,1366,1034,72,0.06963249516441006,72,0,0,1034,1.0,1.0,1.0,1.0,1.0,1.0
2,sider,SIDER17,va,118,1366,110,13,0.11818181818181818,0,13,0,110,1.0,0.0,0.8943089430894309,0.0,0.9252983800475537,0.5356643356643356
2,sider,SIDER17,te,118,1366,126,11,0.0873015873015873,0,11,0,126,1.0,0.0,0.9197080291970803,0.0,0.9434868508543169,0.6024531024531025
3,sider,SIDER17,tr,118,1366,1025,81,0.07902439024390244,81,0,0,1025,1.0,1.0,1.0,1.0,1.0,1.0
3,sider,SIDER17,va,118,1366,116,7,0.0603448275862069,0,7,0,116,1.0,0.0,0.943089430894309,0.0,0.9563531490382443,0.5997536945812808
3,sider,SIDER17,te,118,1366,129,8,0.06201550387596899,0,8,0,129,1.0,0.0,0.9416058394160584,0.0,0.9405857783771829,0.48062015503875966
4,sider,SIDER17,tr,118,1366,1028,78,0.07587548638132295,78,0,0,1028,1.0,1.0,1.0,1.0,1.0,1.0
4,sider,SIDER17,va,118,1366,119,4,0.03361344537815126,0,4,0,119,1.0,0.0,0.967479674796748,0.0,0.9697055222711217,0.5378151260504201
4,sider,SIDER17,te,118,1366,123,14,0.11382113821138211,0,14,0,123,1.0,0.0,0.8978102189781022,0.0,0.9455627725814424,0.6466318234610918
5,sider,SIDER17,tr,118,1366,1023,83,0.08113391984359726,83,0,0,1023,1.0,1.0,1.0,1.0,1.0,1.0
5,sider,SIDER17,va,118,1366,115,8,0.06956521739130435,0,8,0,115,1.0,0.0,0.9349593495934959,0.0,0.9297215457503065,0.4956521739130435
5,sider,SIDER17,te,118,1366,132,5,0.03787878787878788,0,5,0,132,1.0,0.0,0.9635036496350365,0.0,0.9623854072786253,0.3727272727272727
6,sider,SIDER17,tr,118,1366,1032,74,0.07170542635658915,74,0,0,1032,1.0,1.0,1.0,1.0,1.0,1.0
6,sider,SIDER17,va,118,1366,113,10,0.08849557522123894,0,10,0,113,1.0,0.0,0.9186991869918699,0.0,0.9630710611737419,0.6716814159292036
6,sider,SIDER17,te,118,1366,125,12,0.096,0,12,0,125,1.0,0.0,0.9124087591240876,0.0,0.93060073297453,0.602
7,sider,SIDER17,tr,118,1366,1027,79,0.07692307692307693,0,79,0,1027,1.0,0.0,0.9285714285714286,0.0,1.0,1.0
7,sider,SIDER17,va,118,1366,118,5,0.0423728813559322,0,5,0,118,1.0,0.0,0.959349593495935,0.0,0.9737688935301176,0.6338983050847458
7,sider,SIDER17,te,118,1366,125,12,0.096,0,12,0,125,1.0,0.0,0.9124087591240876,0.0,0.948119009721073,0.6479999999999999
8,sider,SIDER17,tr,118,1366,1023,83,0.08113391984359726,0,83,0,1023,1.0,0.0,0.9249547920433996,0.0,1.0,1.0
8,sider,SIDER17,va,118,1366,113,10,0.08849557522123894,0,10,0,113,1.0,0.0,0.9186991869918699,0.0,0.9776958879910791,0.7982300884955753
8,sider,SIDER17,te,118,1366,134,3,0.022388059701492536,0,3,0,134,1.0,0.0,0.9781021897810219,0.0,0.9874054748521006,0.6144278606965174
9,sider,SIDER17,tr,118,1366,1023,83,0.08113391984359726,0,83,0,1023,1.0,0.0,0.9249547920433996,0.0,1.0,1.0
9,sider,SIDER17,va,118,1366,118,5,0.0423728813559322,0,5,0,118,1.0,0.0,0.959349593495935,0.0,0.9770606800880526,0.6288135593220339
9,sider,SIDER17,te,118,1366,129,8,0.06201550387596899,0,8,0,129,1.0,0.0,0.9416058394160584,0.0,0.956397130088994,0.5910852713178295
10,sider,SIDER17,tr,118,1366,1030,76,0.07378640776699029,0,76,0,1030,1.0,0.0,0.9312839059674503,0.0,1.0,1.0
10,sider,SIDER17,va,118,1366,115,8,0.06956521739130435,0,8,0,115,1.0,0.0,0.9349593495934959,0.0,0.9669562859059442,0.6630434782608696
10,sider,SIDER17,te,118,1366,125,12,0.096,0,12,0,125,1.0,0.0,0.9124087591240876,0.0,0.9514054558047147,0.668
11,sider,SIDER17,tr,118,1366,1030,76,0.07378640776699029,76,0,0,1030,1.0,1.0,1.0,1.0,1.0,1.0
11,sider,SIDER17,va,118,1366,112,11,0.09821428571428571,0,11,0,112,1.0,0.0,0.9105691056910569,0.0,0.9086756149176787,0.4512987012987013
11,sider,SIDER17,te,118,1366,128,9,0.0703125,0,9,0,128,1.0,0.0,0.9343065693430657,0.0,0.9715433526948198,0.6727430555555555
12,sider,SIDER17,tr,118,1366,1025,81,0.07902439024390244,81,0,0,1025,1.0,1.0,1.0,1.0,1.0,1.0
12,sider,SIDER17,va,118,1366,117,6,0.05128205128205128,0,6,0,117,1.0,0.0,0.9512195121951219,0.0,0.9696724921887554,0.6168091168091168
12,sider,SIDER17,te,118,1366,128,9,0.0703125,0,9,0,128,1.0,0.0,0.9343065693430657,0.0,0.9043508439822603,0.3897569444444444
13,sider,SIDER17,tr,118,1366,1026,80,0.07797270955165692,0,80,0,1026,1.0,0.0,0.9276672694394213,0.0,1.0,1.0
13,sider,SIDER17,va,118,1366,118,5,0.0423728813559322,0,5,0,118,1.0,0.0,0.959349593495935,0.0,0.956011893072086,0.5864406779661018
13,sider,SIDER17,te,118,1366,126,11,0.0873015873015873,0,11,0,126,1.0,0.0,0.9197080291970803,0.0,0.942313859206628,0.5331890331890332
14,sider,SIDER17,tr,118,1366,1034,72,0.06963249516441006,0,72,0,1034,1.0,0.0,0.9349005424954792,0.0,1.0,1.0
14,sider,SIDER17,va,118,1366,115,8,0.06956521739130435,0,8,0,115,1.0,0.0,0.9349593495934959,0.0,0.9715346952195162,0.7108695652173913
14,sider,SIDER17,te,118,1366,121,16,0.1322314049586777,0,16,0,121,1.0,0.0,0.8832116788321168,0.0,0.9183745032668157,0.6554752066115703
15,sider,SIDER17,tr,118,1366,1025,81,0.07902439024390244,0,81,0,1025,1.0,0.0,0.9267631103074141,0.0,1.0,1.0
15,sider,SIDER17,va,118,1366,115,8,0.06956521739130435,0,8,0,115,1.0,0.0,0.9349593495934959,0.0,0.9157557975480792,0.4619565217391305
15,sider,SIDER17,te,118,1366,130,7,0.05384615384615385,0,7,0,130,1.0,0.0,0.948905109489051,0.0,0.9536003389878851,0.5879120879120879
1,sider,SIDER18,tr,118,1366,194,912,4.701030927835052,912,0,194,0,0.0,1.0,0.8245931283905967,0.0,0.6275493006056045,0.9038365888949177
1,sider,SIDER18,va,118,1366,29,94,3.2413793103448274,94,0,29,0,0.0,1.0,0.7642276422764228,0.0,0.402028271211285,0.7380777696258254
1,sider,SIDER18,te,118,1366,26,111,4.269230769230769,111,0,26,0,0.0,1.0,0.8102189781021898,0.0,0.2901465885638912,0.6115731115731116
2,sider,SIDER18,tr,118,1366,206,900,4.368932038834951,900,0,206,0,0.0,1.0,0.8137432188065099,0.0,0.6060108792941765,0.8955987055016181
2,sider,SIDER18,va,118,1366,16,107,6.6875,107,0,16,0,0.0,1.0,0.8699186991869918,0.0,0.26707232322832114,0.6454439252336448
2,sider,SIDER18,te,118,1366,27,110,4.074074074074074,110,0,27,0,0.0,1.0,0.8029197080291971,0.0,0.2657111692760781,0.6043771043771045
3,sider,SIDER18,tr,118,1366,204,902,4.421568627450981,902,0,204,0,0.0,1.0,0.8155515370705244,0.0,0.5983902023683515,0.8972435981044302
3,sider,SIDER18,va,118,1366,21,102,4.857142857142857,102,0,21,0,0.0,1.0,0.8292682926829268,0.0,0.3278930755213189,0.5947712418300654
3,sider,SIDER18,te,118,1366,24,113,4.708333333333333,113,0,24,0,0.0,1.0,0.8248175182481752,0.0,0.21816258907726224,0.6106194690265487
4,sider,SIDER18,tr,118,1366,205,901,4.3951219512195125,901,0,205,0,0.0,1.0,0.8146473779385172,0.0,0.5904619809848022,0.8916921577650849
4,sider,SIDER18,va,118,1366,25,98,3.92,98,0,25,0,0.0,1.0,0.7967479674796748,0.0,0.23962310146206084,0.5987755102040816
4,sider,SIDER18,te,118,1366,19,118,6.2105263157894735,118,0,19,0,0.0,1.0,0.8613138686131386,0.0,0.40289896816121296,0.7676181980374666
5,sider,SIDER18,tr,118,1366,196,910,4.642857142857143,910,0,196,0,0.0,1.0,0.8227848101265823,0.0,0.5967234605598903,0.8997028481722359
5,sider,SIDER18,va,118,1366,29,94,3.2413793103448274,94,0,29,0,0.0,1.0,0.7642276422764228,0.0,0.28763110510971884,0.5693323550990462
5,sider,SIDER18,te,118,1366,24,113,4.708333333333333,113,0,24,0,0.0,1.0,0.8248175182481752,0.0,0.23708964074826167,0.6375368731563422
6,sider,SIDER18,tr,118,1366,201,905,4.502487562189055,905,0,201,0,0.0,1.0,0.8182640144665461,0.0,0.6137440045335883,0.9010197630631374
6,sider,SIDER18,va,118,1366,21,102,4.857142857142857,102,0,21,0,0.0,1.0,0.8292682926829268,0.0,0.2489126967763428,0.6442577030812325
6,sider,SIDER18,te,118,1366,27,110,4.074074074074074,110,0,27,0,0.0,1.0,0.8029197080291971,0.0,0.29771679047360045,0.6346801346801347
7,sider,SIDER18,tr,118,1366,199,907,4.557788944723618,907,0,199,0,0.0,1.0,0.8200723327305606,0.0,0.5822466098115407,0.8945554675250564
7,sider,SIDER18,va,118,1366,25,98,3.92,98,0,25,0,0.0,1.0,0.7967479674796748,0.0,0.3864893934933764,0.7073469387755101
7,sider,SIDER18,te,118,1366,25,112,4.48,112,0,25,0,0.0,1.0,0.8175182481751825,0.0,0.23401359534492228,0.585
8,sider,SIDER18,tr,118,1366,208,898,4.3173076923076925,898,0,208,0,0.0,1.0,0.8119349005424955,0.0,0.6207414440034529,0.9040121209525441
8,sider,SIDER18,va,118,1366,15,108,7.2,108,0,15,0,0.0,1.0,0.8780487804878049,0.0,0.17245254292390796,0.5975308641975309
8,sider,SIDER18,te,118,1366,26,111,4.269230769230769,111,0,26,0,0.0,1.0,0.8102189781021898,0.0,0.31214492352331663,0.6122661122661123
9,sider,SIDER18,tr,118,1366,195,911,4.671794871794872,911,0,195,0,0.0,1.0,0.8236889692585895,0.0,0.6231239954655579,0.9065946128514734
9,sider,SIDER18,va,118,1366,26,97,3.730769230769231,97,0,26,0,0.0,1.0,0.7886178861788617,0.0,0.25764524940306516,0.5880253766851705
9,sider,SIDER18,te,118,1366,28,109,3.892857142857143,109,0,28,0,0.0,1.0,0.7956204379562044,0.0,0.29312332058337787,0.6775884665792922
10,sider,SIDER18,tr,118,1366,206,900,4.368932038834951,900,0,206,0,0.0,1.0,0.8137432188065099,0.0,0.5817462212595578,0.8887486515641856
10,sider,SIDER18,va,118,1366,16,107,6.6875,107,0,16,0,0.0,1.0,0.8699186991869918,0.0,0.5657017586921805,0.865070093457944
10,sider,SIDER18,te,118,1366,27,110,4.074074074074074,110,0,27,0,0.0,1.0,0.8029197080291971,0.0,0.2220304079618281,0.5360269360269361
11,sider,SIDER18,tr,118,1366,204,902,4.421568627450981,902,0,204,0,0.0,1.0,0.8155515370705244,0.0,0.5712456052766512,0.8873853310725619
11,sider,SIDER18,va,118,1366,21,102,4.857142857142857,102,0,21,0,0.0,1.0,0.8292682926829268,0.0,0.27940161839049826,0.657796451914099
11,sider,SIDER18,te,118,1366,24,113,4.708333333333333,113,0,24,0,0.0,1.0,0.8248175182481752,0.0,0.265310807626833,0.5855457227138643
12,sider,SIDER18,tr,118,1366,205,901,4.3951219512195125,901,0,205,0,0.0,1.0,0.8146473779385172,0.0,0.5943448951834579,0.8981023794699656
12,sider,SIDER18,va,118,1366,23,100,4.3478260869565215,100,0,23,0,0.0,1.0,0.8130081300813008,0.0,0.3841543616644705,0.667391304347826
12,sider,SIDER18,te,118,1366,21,116,5.523809523809524,116,0,21,0,0.0,1.0,0.8467153284671532,0.0,0.19911196187180405,0.5821018062397372
13,sider,SIDER18,tr,118,1366,201,905,4.502487562189055,905,0,201,0,0.0,1.0,0.8182640144665461,0.0,0.5950202453435172,0.8942634891839147
13,sider,SIDER18,va,118,1366,19,104,5.473684210526316,104,0,19,0,0.0,1.0,0.8455284552845529,0.0,0.3497312260563457,0.6776315789473684
13,sider,SIDER18,te,118,1366,29,108,3.7241379310344827,108,0,29,0,0.0,1.0,0.7883211678832117,0.0,0.34593049632013206,0.6864623243933589
14,sider,SIDER18,tr,118,1366,207,899,4.342995169082125,899,0,207,0,0.0,1.0,0.8128390596745028,0.0,0.6135046613609523,0.8940099842551843
14,sider,SIDER18,va,118,1366,20,103,5.15,103,0,20,0,0.0,1.0,0.8373983739837398,0.0,0.44848839900985765,0.7067961165048543
14,sider,SIDER18,te,118,1366,22,115,5.2272727272727275,115,0,22,0,0.0,1.0,0.8394160583941606,0.0,0.296526460305955,0.6549407114624506
15,sider,SIDER18,tr,118,1366,203,903,4.448275862068965,903,0,203,0,0.0,1.0,0.8164556962025317,0.0,0.5746311894210505,0.8930112542210148
15,sider,SIDER18,va,118,1366,21,102,4.857142857142857,102,0,21,0,0.0,1.0,0.8292682926829268,0.0,0.2784913983482532,0.6699346405228758
15,sider,SIDER18,te,118,1366,25,112,4.48,112,0,25,0,0.0,1.0,0.8175182481751825,0.0,0.31448790157898276,0.6457142857142857
1,sider,SIDER19,tr,118,1366,775,331,0.4270967741935484,311,20,4,771,0.9948387096774194,0.9395770392749244,0.9783001808318263,0.9481160075632027,0.9989683850651371,0.996900886853133
1,sider,SIDER19,va,118,1366,85,38,0.4470588235294118,5,33,2,83,0.9764705882352941,0.13157894736842105,0.7154471544715447,0.21549944259953416,0.8432843834814778,0.7232198142414861
1,sider,SIDER19,te,118,1366,103,34,0.3300970873786408,1,33,3,100,0.970873786407767,0.029411764705882353,0.7372262773722628,0.0007326323864166682,0.8548635457541254,0.6719017704169046
2,sider,SIDER19,tr,118,1366,782,324,0.4143222506393862,310,14,6,776,0.9923273657289002,0.9567901234567902,0.9819168173598554,0.9561780521591011,0.9987395908185964,0.9962860345426416
2,sider,SIDER19,va,118,1366,87,36,0.41379310344827586,2,34,0,87,1.0,0.05555555555555555,0.7235772357723578,0.1998622114889823,0.8074423103565566,0.627713920817369
2,sider,SIDER19,te,118,1366,94,43,0.4574468085106383,2,41,1,93,0.9893617021276596,0.046511627906976744,0.6934306569343066,0.11375141850323492,0.7520085469982083,0.6120732310737259
3,sider,SIDER19,tr,118,1366,787,319,0.40533672172808133,73,246,1,786,0.9987293519695044,0.22884012539184953,0.7766726943942134,0.4126111989839027,0.9989962145503182,0.9968253715350941
3,sider,SIDER19,va,118,1366,78,45,0.5769230769230769,0,45,0,78,1.0,0.0,0.6341463414634146,0.0,0.811483672743599,0.7498575498575498
3,sider,SIDER19,te,118,1366,98,39,0.3979591836734694,1,38,0,98,1.0,0.02564102564102564,0.7226277372262774,0.13592873654160673,0.8551742079701914,0.7032967032967032
4,sider,SIDER19,tr,118,1366,789,317,0.4017743979721166,146,171,1,788,0.9987325728770595,0.4605678233438486,0.8444846292947559,0.611782404155536,0.9994412812844151,0.9983407499810086
4,sider,SIDER19,va,118,1366,87,36,0.41379310344827586,1,35,0,87,1.0,0.027777777777777776,0.7154471544715447,0.14074353686545749,0.8497897524946749,0.7065772669220945
4,sider,SIDER19,te,118,1366,87,50,0.5747126436781609,2,48,1,86,0.9885057471264368,0.04,0.6423357664233577,0.09377002464320576,0.7880234421482566,0.674712643678161
5,sider,SIDER19,tr,118,1366,775,331,0.4270967741935484,69,262,1,774,0.9987096774193548,0.2084592145015106,0.7622061482820977,0.38963727160410333,0.9992083514745687,0.9977273170256311
5,sider,SIDER19,va,118,1366,90,33,0.36666666666666664,0,33,0,90,1.0,0.0,0.7317073170731707,0.0,0.8103665479684341,0.6013468013468013
5,sider,SIDER19,te,118,1366,98,39,0.3979591836734694,0,39,1,97,0.9897959183673469,0.0,0.708029197080292,-0.0540940890318639,0.8471197992723708,0.717687074829932
6,sider,SIDER19,tr,118,1366,791,315,0.39823008849557523,235,80,1,790,0.9987357774968394,0.746031746031746,0.9267631103074141,0.8204433916838643,0.9993891212907364,0.9980775791142416
6,sider,SIDER19,va,118,1366,81,42,0.5185185185185185,3,39,2,79,0.9753086419753086,0.07142857142857142,0.6666666666666666,0.11222870815556028,0.8655573986684484,0.7624926513815402
6,sider,SIDER19,te,118,1366,91,46,0.5054945054945055,0,46,1,90,0.989010989010989,0.0,0.656934306569343,-0.0609661493283783,0.8026417486182353,0.679168657429527
7,sider,SIDER19,tr,118,1366,772,334,0.4326424870466321,106,228,0,772,1.0,0.31736526946107785,0.7938517179023508,0.49498079561125613,0.9991297265521829,0.9976148738791847
7,sider,SIDER19,va,118,1366,88,35,0.3977272727272727,2,33,0,88,1.0,0.05714285714285714,0.7317073170731707,0.20385887657504886,0.8481901546571272,0.7474025974025975
7,sider,SIDER19,te,118,1366,103,34,0.3300970873786408,2,32,1,102,0.9902912621359223,0.058823529411764705,0.7591240875912408,0.14496306053923108,0.838964187171807,0.6521987435750999
8,sider,SIDER19,tr,118,1366,790,316,0.4,304,12,6,784,0.9924050632911392,0.9620253164556962,0.9837251356238698,0.9599839248667623,0.9993880076836404,0.9982735138599583
8,sider,SIDER19,va,118,1366,81,42,0.5185185185185185,4,38,0,81,1.0,0.09523809523809523,0.6910569105691057,0.25460936819400115,0.7932701284865096,0.6753380364491476
8,sider,SIDER19,te,118,1366,92,45,0.4891304347826087,4,41,0,92,1.0,0.08888888888888889,0.7007299270072993,0.2479658261953346,0.7334641964700463,0.5468599033816426
9,sider,SIDER19,tr,118,1366,789,317,0.4017743979721166,69,248,1,788,0.9987325728770595,0.21766561514195584,0.7748643761301989,0.40187672548528947,0.9993897145991536,0.9981008584119977
9,sider,SIDER19,va,118,1366,82,41,0.5,1,40,1,81,0.9878048780487805,0.024390243902439025,0.6666666666666666,0.04545454545454517,0.7991747636439386,0.698691255205235
9,sider,SIDER19,te,118,1366,92,45,0.4891304347826087,0,45,0,92,1.0,0.0,0.6715328467153284,0.0,0.814602381732961,0.6760869565217391
10,sider,SIDER19,tr,118,1366,772,334,0.4326424870466321,323,11,4,768,0.9948186528497409,0.9670658682634731,0.9864376130198915,0.9677478484003366,0.9991092023653532,0.99754118705594
10,sider,SIDER19,va,118,1366,91,32,0.3516483516483517,2,30,4,87,0.9560439560439561,0.0625,0.7235772357723578,0.037768481002383204,0.8614925355799254,0.6747939560439561
10,sider,SIDER19,te,118,1366,100,37,0.37,4,33,1,99,0.99,0.10810810810810811,0.7518248175182481,0.2322917550397759,0.7821882052992021,0.6078378378378378
11,sider,SIDER19,tr,118,1366,777,329,0.42342342342342343,297,32,5,772,0.9935649935649936,0.9027355623100304,0.9665461121157324,0.9196670531953997,0.9992740304943888,0.9979971286962169
11,sider,SIDER19,va,118,1366,88,35,0.3977272727272727,0,35,1,87,0.9886363636363636,0.0,0.7073170731707317,-0.057096931725956535,0.8593073765869323,0.7344155844155844
11,sider,SIDER19,te,118,1366,98,39,0.3979591836734694,1,38,0,98,1.0,0.02564102564102564,0.7226277372262774,0.13592873654160673,0.8104176551054543,0.6305599162742019
12,sider,SIDER19,tr,118,1366,788,318,0.4035532994923858,292,26,6,782,0.9923857868020305,0.9182389937106918,0.9710669077757685,0.9289713509291091,0.9990409030881744,0.9970828145452224
12,sider,SIDER19,va,118,1366,82,41,0.5,2,39,1,81,0.9878048780487805,0.04878048780487805,0.6747967479674797,0.11180339887498902,0.807873852516455,0.6720701963117192
12,sider,SIDER19,te,118,1366,93,44,0.4731182795698925,2,42,1,92,0.989247311827957,0.045454545454545456,0.6861313868613139,0.11071526536734438,0.8493053404169926,0.729227761485826
13,sider,SIDER19,tr,118,1366,781,325,0.41613316261203587,312,13,4,777,0.9948783610755442,0.96,0.984629294755877,0.9628489523251287,0.9990061113752873,0.9969703535900718
13,sider,SIDER19,va,118,1366,83,40,0.4819277108433735,4,36,1,82,0.9879518072289156,0.1,0.6991869918699187,0.20863530630103702,0.79613766841844,0.6986445783132531
13,sider,SIDER19,te,118,1366,99,38,0.3838383838383838,3,35,2,97,0.9797979797979798,0.07894736842105263,0.7299270072992701,0.1402525965643402,0.7618574306602766,0.5539606592238171
14,sider,SIDER19,tr,118,1366,796,310,0.38944723618090454,305,5,9,787,0.9886934673366834,0.9838709677419355,0.9873417721518988,0.9687871063358139,0.9989138781448251,0.9965087534446425
14,sider,SIDER19,va,118,1366,77,46,0.5974025974025974,3,43,4,73,0.948051948051948,0.06521739130434782,0.6178861788617886,0.027713767224535606,0.7828265896601496,0.6977696216826651
14,sider,SIDER19,te,118,1366,90,47,0.5222222222222223,1,46,3,87,0.9666666666666667,0.02127659574468085,0.6423357664233577,-0.03399728032635641,0.7927021526276131,0.6491725768321515
15,sider,SIDER19,tr,118,1366,782,324,0.4143222506393862,41,283,1,781,0.9987212276214834,0.12654320987654322,0.7432188065099458,0.29826906649882995,0.999248947705625,0.9976871585993495
15,sider,SIDER19,va,118,1366,80,43,0.5375,0,43,0,80,1.0,0.0,0.6504065040650406,0.0,0.7884262128710277,0.6886627906976744
15,sider,SIDER19,te,118,1366,101,36,0.3564356435643564,0,36,0,101,1.0,0.0,0.7372262773722628,0.0,0.8972384270288676,0.7461496149614962
1,sider,SIDER20,tr,118,1366,818,288,0.35207823960880197,288,0,1,817,0.9987775061124694,1.0,0.9990958408679927,0.9976580218605314,1.0,1.0
1,sider,SIDER20,va,118,1366,95,28,0.29473684210526313,0,28,3,92,0.968421052631579,0.0,0.7479674796747967,-0.08583950752789477,0.7998375427209254,0.568796992481203
1,sider,SIDER20,te,118,1366,108,29,0.26851851851851855,4,25,5,103,0.9537037037037037,0.13793103448275862,0.781021897810219,0.1510931517410729,0.8454066182786802,0.5980204342273308
2,sider,SIDER20,tr,118,1366,829,277,0.3341375150784077,277,0,1,828,0.9987937273823885,1.0,0.9990958408679927,0.9975975862993883,1.0,1.0
2,sider,SIDER20,va,118,1366,91,32,0.3516483516483517,0,32,0,91,1.0,0.0,0.7398373983739838,0.0,0.8017128081962095,0.5999313186813187
2,sider,SIDER20,te,118,1366,101,36,0.3564356435643564,0,36,1,100,0.9900990099009901,0.0,0.7299270072992701,-0.05119424108555666,0.7827044442377075,0.6397139713971397
3,sider,SIDER20,tr,118,1366,833,273,0.3277310924369748,273,0,0,833,1.0,1.0,1.0,1.0,1.0,1.0
3,sider,SIDER20,va,118,1366,85,38,0.4470588235294118,0,38,0,85,1.0,0.0,0.6910569105691057,0.0,0.7476803595350578,0.6453560371517028
3,sider,SIDER20,te,118,1366,103,34,0.3300970873786408,4,30,0,103,1.0,0.11764705882352941,0.781021897810219,0.30184454320366727,0.775657363233759,0.6050828098229584
4,sider,SIDER20,tr,118,1366,836,270,0.3229665071770335,270,0,0,836,1.0,1.0,1.0,1.0,1.0,1.0
4,sider,SIDER20,va,118,1366,86,37,0.43023255813953487,3,34,3,83,0.9651162790697675,0.08108108108108109,0.6991869918699187,0.09835550917683285,0.8171373903635248,0.6585480829666877
4,sider,SIDER20,te,118,1366,99,38,0.3838383838383838,1,37,1,98,0.98989898989899,0.02631578947368421,0.7226277372262774,0.06052552390071453,0.834915127547714,0.680489101541733
5,sider,SIDER20,tr,118,1366,825,281,0.3406060606060606,281,0,2,823,0.9975757575757576,1.0,0.9981916817359855,0.9952516024713878,1.0,1.0
5,sider,SIDER20,va,118,1366,100,23,0.23,3,20,4,96,0.96,0.13043478260869565,0.8048780487804879,0.15220236554372005,0.8077593826053673,0.5447826086956522
5,sider,SIDER20,te,118,1366,96,41,0.4270833333333333,3,38,3,93,0.96875,0.07317073170731707,0.7007299270072993,0.09380913389793681,0.7829572562968004,0.5832063008130082
6,sider,SIDER20,tr,118,1366,834,272,0.3261390887290168,272,0,0,834,1.0,1.0,1.0,1.0,1.0,1.0
6,sider,SIDER20,va,118,1366,88,35,0.3977272727272727,0,35,2,86,0.9772727272727273,0.0,0.6991869918699187,-0.08108023500143989,0.8605241100892513,0.7288961038961039
6,sider,SIDER20,te,118,1366,99,38,0.3838383838383838,1,37,0,99,1.0,0.02631578947368421,0.7299270072992701,0.1384064548683537,0.7685367626467988,0.6220095693779905
7,sider,SIDER20,tr,118,1366,821,285,0.3471376370280146,285,0,0,821,1.0,1.0,1.0,1.0,1.0,1.0
7,sider,SIDER20,va,118,1366,90,33,0.36666666666666664,0,33,0,90,1.0,0.0,0.7317073170731707,0.0,0.7827976614241168,0.6515151515151515
7,sider,SIDER20,te,118,1366,110,27,0.24545454545454545,0,27,1,109,0.990909090909091,0.0,0.7956204379562044,-0.04248308880277603,0.8849983993063937,0.7111111111111111
8,sider,SIDER20,tr,118,1366,822,284,0.34549878345498786,284,0,1,821,0.9987834549878345,1.0,0.9990958408679927,0.9976366831853168,1.0,1.0
8,sider,SIDER20,va,118,1366,96,27,0.28125,2,25,4,92,0.9583333333333334,0.07407407407407407,0.7642276422764228,0.06227205981308927,0.8371141066184687,0.6182484567901234
8,sider,SIDER20,te,118,1366,103,34,0.3300970873786408,0,34,2,101,0.9805825242718447,0.0,0.7372262773722628,-0.06993087458643897,0.7683856841698818,0.5394060536836093
9,sider,SIDER20,tr,118,1366,835,271,0.32455089820359284,271,0,3,832,0.9964071856287425,1.0,0.9972875226039783,0.9927223266870149,1.0,1.0
9,sider,SIDER20,va,118,1366,87,36,0.41379310344827586,1,35,2,85,0.9770114942528736,0.027777777777777776,0.6991869918699187,0.014126322992100156,0.7604376288200324,0.5574712643678161
9,sider,SIDER20,te,118,1366,99,38,0.3838383838383838,2,36,3,96,0.9696969696969697,0.05263157894736842,0.7153284671532847,0.053308679237124776,0.7836088678652384,0.5940988835725678
10,sider,SIDER20,tr,118,1366,821,285,0.3471376370280146,285,0,2,819,0.997563946406821,1.0,0.9981916817359855,0.9952950724659829,1.0,1.0
10,sider,SIDER20,va,118,1366,97,26,0.26804123711340205,0,26,2,95,0.979381443298969,0.0,0.7723577235772358,-0.06656150292245383,0.8315308238759676,0.5836637589214908
10,sider,SIDER20,te,118,1366,103,34,0.3300970873786408,2,32,0,103,1.0,0.058823529411764705,0.7664233576642335,0.21184941418832984,0.7898477615916907,0.5988006853226727
11,sider,SIDER20,tr,118,1366,821,285,0.3471376370280146,285,0,2,819,0.997563946406821,1.0,0.9981916817359855,0.9952950724659829,1.0,1.0
11,sider,SIDER20,va,118,1366,95,28,0.29473684210526313,2,26,1,94,0.9894736842105263,0.07142857142857142,0.7804878048780488,0.1655476216609399,0.8327069848990083,0.6142857142857143
11,sider,SIDER20,te,118,1366,105,32,0.3047619047619048,2,30,4,101,0.9619047619047619,0.0625,0.7518248175182481,0.05045833789214372,0.8054052094392014,0.584672619047619
12,sider,SIDER20,tr,118,1366,829,277,0.3341375150784077,277,0,1,828,0.9987937273823885,1.0,0.9990958408679927,0.9975975862993883,1.0,1.0
12,sider,SIDER20,va,118,1366,93,30,0.3225806451612903,3,27,1,92,0.989247311827957,0.1,0.7723577235772358,0.2160696503268224,0.8161592251027769,0.6383512544802867
12,sider,SIDER20,te,118,1366,99,38,0.3838383838383838,0,38,2,97,0.9797979797979798,0.0,0.708029197080292,-0.07540884945007056,0.7684609604181636,0.5834662413609781
13,sider,SIDER20,tr,118,1366,819,287,0.3504273504273504,287,0,0,819,1.0,1.0,1.0,1.0,1.0,1.0
13,sider,SIDER20,va,118,1366,96,27,0.28125,0,27,0,96,1.0,0.0,0.7804878048780488,0.0,0.9061396359253404,0.7407407407407407
13,sider,SIDER20,te,118,1366,106,31,0.29245283018867924,3,28,2,104,0.9811320754716981,0.0967741935483871,0.781021897810219,0.1738337976219506,0.8531220937273399,0.6602251978088861
14,sider,SIDER20,tr,118,1366,831,275,0.3309265944645006,275,0,1,830,0.9987966305655837,1.0,0.9990958408679927,0.997585987368492,1.0,1.0
14,sider,SIDER20,va,118,1366,96,27,0.28125,3,24,5,91,0.9479166666666666,0.1111111111111111,0.7642276422764228,0.09907863587553314,0.7897186168082458,0.572145061728395
14,sider,SIDER20,te,118,1366,94,43,0.4574468085106383,3,40,1,93,0.9893617021276596,0.06976744186046512,0.7007299270072993,0.16298360896623135,0.7689223717632196,0.5823849579416132
15,sider,SIDER20,tr,118,1366,839,267,0.3182359952324195,267,0,0,839,1.0,1.0,1.0,1.0,1.0,1.0
15,sider,SIDER20,va,118,1366,87,36,0.41379310344827586,1,35,2,85,0.9770114942528736,0.027777777777777776,0.6991869918699187,0.014126322992100156,0.7701024554224376,0.6637931034482759
15,sider,SIDER20,te,118,1366,95,42,0.4421052631578947,1,41,3,92,0.968421052631579,0.023809523809523808,0.6788321167883211,-0.02127744271010039,0.7765340511170766,0.6388471177944862
1,sider,SIDER21,tr,118,1366,776,330,0.4252577319587629,37,293,1,775,0.9987113402061856,0.11212121212121212,0.7341772151898734,0.27840545501503017,0.9992485318004767,0.9975945017182131
1,sider,SIDER21,va,118,1366,90,33,0.36666666666666664,4,29,2,88,0.9777777777777777,0.12121212121212122,0.7479674796747967,0.2036106778240635,0.8055735482929207,0.6656565656565656
1,sider,SIDER21,te,118,1366,116,21,0.1810344827586207,3,18,11,105,0.9051724137931034,0.14285714285714285,0.7883211678832117,0.05712558311537032,0.8581375323892068,0.5681444991789819
2,sider,SIDER21,tr,118,1366,798,308,0.38596491228070173,24,284,1,797,0.9987468671679198,0.07792207792207792,0.7423146473779385,0.2312136343904994,0.9992854075357084,0.9975303518536602
2,sider,SIDER21,va,118,1366,92,31,0.33695652173913043,0,31,4,88,0.9565217391304348,0.0,0.7154471544715447,-0.10642494838283932,0.7290131932224823,0.5266479663394109
2,sider,SIDER21,te,118,1366,92,45,0.4891304347826087,1,44,4,88,0.9565217391304348,0.022222222222222223,0.6496350364963503,-0.0532366273003126,0.7441300533225848,0.623671497584541
3,sider,SIDER21,tr,118,1366,800,306,0.3825,15,291,0,800,1.0,0.049019607843137254,0.7368896925858951,0.18959092020773363,0.999970356149111,0.9999223856209151
3,sider,SIDER21,va,118,1366,85,38,0.4470588235294118,0,38,2,83,0.9764705882352941,0.0,0.6747967479674797,-0.08596163121886627,0.7415287067065577,0.5804953560371516
3,sider,SIDER21,te,118,1366,97,40,0.41237113402061853,3,37,2,95,0.979381443298969,0.075,0.7153284671532847,0.13185439935939916,0.8194758928626072,0.6786082474226804
4,sider,SIDER21,tr,118,1366,796,310,0.38944723618090454,10,300,0,796,1.0,0.03225806451612903,0.72875226039783,0.15306306651526755,0.9999415936470775,0.9998500567352893
4,sider,SIDER21,va,118,1366,88,35,0.3977272727272727,4,31,1,87,0.9886363636363636,0.11428571428571428,0.7398373983739838,0.23515699300283013,0.8497073824853916,0.727922077922078
4,sider,SIDER21,te,118,1366,98,39,0.3979591836734694,4,35,3,95,0.9693877551020408,0.10256410256410256,0.7226277372262774,0.14745742860486058,0.831174552408789,0.6819727891156463
5,sider,SIDER21,tr,118,1366,785,321,0.4089171974522293,27,294,1,784,0.9987261146496815,0.08411214953271028,0.7332730560578662,0.2393480747350631,0.9996023591114978,0.998708256443836
5,sider,SIDER21,va,118,1366,87,36,0.41379310344827586,4,32,3,84,0.9655172413793104,0.1111111111111111,0.7154471544715447,0.1504950967144772,0.860417692095275,0.7021072796934865
5,sider,SIDER21,te,118,1366,110,27,0.24545454545454545,1,26,1,109,0.990909090909091,0.037037037037037035,0.8029197080291971,0.0926868207405712,0.8097776249682277,0.5757575757575758
6,sider,SIDER21,tr,118,1366,807,299,0.3705080545229244,10,289,0,807,1.0,0.033444816053511704,0.7386980108499096,0.1569263581856662,0.9993156932796715,0.9976170050519494
6,sider,SIDER21,va,118,1366,84,39,0.4642857142857143,1,38,0,84,1.0,0.02564102564102564,0.6910569105691057,0.13287014966074837,0.8024489713199296,0.6987179487179488
6,sider,SIDER21,te,118,1366,91,46,0.5054945054945055,0,46,1,90,0.989010989010989,0.0,0.656934306569343,-0.0609661493283783,0.712606256964121,0.5762064022933587
7,sider,SIDER21,tr,118,1366,795,311,0.39119496855345914,16,295,0,795,1.0,0.05144694533762058,0.7332730560578662,0.1937091396237388,0.999297011217646,0.9976015692936155
7,sider,SIDER21,va,118,1366,83,40,0.4819277108433735,2,38,0,83,1.0,0.05,0.6910569105691057,0.1851958980678476,0.7783962746101585,0.6617469879518072
7,sider,SIDER21,te,118,1366,104,33,0.3173076923076923,1,32,4,100,0.9615384615384616,0.030303030303030304,0.7372262773722628,-0.01860426101560361,0.8723974984278497,0.6523892773892773
8,sider,SIDER21,tr,118,1366,793,313,0.39470365699873894,15,298,0,793,1.0,0.04792332268370607,0.7305605786618445,0.18663697168808024,0.9996201347287634,0.9987510525403994
8,sider,SIDER21,va,118,1366,83,40,0.4819277108433735,0,40,0,83,1.0,0.0,0.6747967479674797,0.0,0.8126169044620635,0.7144578313253013
8,sider,SIDER21,te,118,1366,106,31,0.29245283018867924,1,30,2,104,0.9811320754716981,0.03225806451612903,0.7664233576642335,0.038282991802551215,0.8222878460307381,0.6119902617163725
9,sider,SIDER21,tr,118,1366,801,305,0.3807740324594257,13,292,0,801,1.0,0.04262295081967213,0.7359855334538878,0.1767371850429479,0.9996369002203609,0.9987515605493134
9,sider,SIDER21,va,118,1366,84,39,0.4642857142857143,3,36,1,83,0.9880952380952381,0.07692307692307693,0.6991869918699187,0.1705706013347787,0.8347967973267123,0.7277167277167277
9,sider,SIDER21,te,118,1366,97,40,0.41237113402061853,1,39,1,96,0.9896907216494846,0.025,0.708029197080292,0.055689986267251905,0.7852743828895772,0.6100515463917525
10,sider,SIDER21,tr,118,1366,788,318,0.4035532994923858,18,300,0,788,1.0,0.05660377358490566,0.72875226039783,0.2024749748173907,0.9992876522850483,0.9976215560450786
10,sider,SIDER21,va,118,1366,91,32,0.3516483516483517,4,28,1,90,0.989010989010989,0.125,0.7642276422764228,0.2532890368516453,0.8161184605165124,0.6274038461538461
10,sider,SIDER21,te,118,1366,103,34,0.3300970873786408,3,31,2,101,0.9805825242718447,0.08823529411764706,0.7591240875912408,0.15852107321849862,0.8322668990694859,0.6751856082238721
11,sider,SIDER21,tr,118,1366,797,309,0.3877038895859473,17,292,0,797,1.0,0.05501618122977346,0.7359855334538878,0.200659830842193,0.999305444226156,0.9976002241415015
11,sider,SIDER21,va,118,1366,87,36,0.41379310344827586,2,34,2,85,0.9770114942528736,0.05555555555555555,0.7073170731707317,0.08353833569312727,0.7486152521111161,0.5683269476372924
11,sider,SIDER21,te,118,1366,98,39,0.3979591836734694,2,37,0,98,1.0,0.05128205128205128,0.7299270072992701,0.19294292047210113,0.8231760763590663,0.6677132391418107
12,sider,SIDER21,tr,118,1366,803,303,0.37733499377334995,8,295,0,803,1.0,0.026402640264026403,0.7332730560578662,0.138956952789738,0.9996457838740076,0.9987628899876289
12,sider,SIDER21,va,118,1366,89,34,0.38202247191011235,1,33,1,88,0.9887640449438202,0.029411764705882353,0.7235772357723578,0.06427181209113217,0.804688714747893,0.6249173826834105
12,sider,SIDER21,te,118,1366,90,47,0.5222222222222223,1,46,2,88,0.9777777777777777,0.02127659574468085,0.6496350364963503,-0.0030674449761982103,0.7128769612560197,0.5933806146572105
13,sider,SIDER21,tr,118,1366,785,321,0.4089171974522293,9,312,0,785,1.0,0.028037383177570093,0.7179023508137432,0.1416446752729328,0.9995916345880316,0.9987023037085541
13,sider,SIDER21,va,118,1366,100,23,0.23,0,23,1,99,0.99,0.0,0.8048780487804879,-0.04341941848573374,0.9048090117286578,0.731304347826087
13,sider,SIDER21,te,118,1366,97,40,0.41237113402061853,0,40,1,96,0.9896907216494846,0.0,0.7007299270072993,-0.05506487711171269,0.8189319057889326,0.6765463917525774
14,sider,SIDER21,tr,118,1366,804,302,0.3756218905472637,17,285,0,804,1.0,0.056291390728476824,0.7423146473779385,0.20386143348853264,0.9995903173167038,0.998632664492109
14,sider,SIDER21,va,118,1366,85,38,0.4470588235294118,2,36,0,85,1.0,0.05263157894736842,0.7073170731707317,0.19228259614746404,0.7459575908648337,0.6365325077399382
14,sider,SIDER21,te,118,1366,93,44,0.4731182795698925,3,41,2,91,0.978494623655914,0.06818181818181818,0.6861313868613139,0.116223402894225,0.7805278841486119,0.6933040078201368
15,sider,SIDER21,tr,118,1366,793,313,0.39470365699873894,1,312,0,793,1.0,0.003194888178913738,0.7179023508137432,0.04788321318445021,0.9996139431069896,0.9987027061871245
15,sider,SIDER21,va,118,1366,88,35,0.3977272727272727,0,35,0,88,1.0,0.0,0.7154471544715447,0.0,0.7750674668948557,0.602922077922078
15,sider,SIDER21,te,118,1366,101,36,0.3564356435643564,0,36,0,101,1.0,0.0,0.7372262773722628,0.0,0.884746542382149,0.7334983498349835
1,sider,SIDER22,tr,118,1366,705,401,0.5687943262411348,309,92,25,680,0.9645390070921985,0.770573566084788,0.8942133815551537,0.7697305294384847,0.9815308292111127,0.9625475318795211
1,sider,SIDER22,va,118,1366,72,51,0.7083333333333334,18,33,8,64,0.8888888888888888,0.35294117647058826,0.6666666666666666,0.2918025537726999,0.7572255678984996,0.72140522875817
1,sider,SIDER22,te,118,1366,104,33,0.3173076923076923,9,24,10,94,0.9038461538461539,0.2727272727272727,0.7518248175182481,0.21846465357876563,0.7924850405243805,0.5961538461538463
2,sider,SIDER22,tr,118,1366,715,391,0.5468531468531469,303,88,23,692,0.9678321678321679,0.7749360613810742,0.8996383363471971,0.778822729004823,0.9811613173843343,0.9590399370450521
2,sider,SIDER22,va,118,1366,75,48,0.64,10,38,9,66,0.88,0.20833333333333334,0.6178861788617886,0.11922913672644952,0.7000407082141298,0.6358333333333335
2,sider,SIDER22,te,118,1366,91,46,0.5054945054945055,5,41,7,84,0.9230769230769231,0.10869565217391304,0.6496350364963503,0.053077003861441395,0.7236579414854596,0.5881509794553272
3,sider,SIDER22,tr,118,1366,719,387,0.5382475660639777,65,322,5,714,0.9930458970792768,0.16795865633074936,0.7043399638336347,0.3153763979387965,0.9865889574880589,0.9725429734809689
3,sider,SIDER22,va,118,1366,72,51,0.7083333333333334,5,46,4,68,0.9444444444444444,0.09803921568627451,0.5934959349593496,0.08037103881078371,0.6530668576078112,0.5520152505446623
3,sider,SIDER22,te,118,1366,90,47,0.5222222222222223,4,43,7,83,0.9222222222222223,0.0851063829787234,0.635036496350365,0.01280294544791792,0.7587885717339887,0.6309692671394799
4,sider,SIDER22,tr,118,1366,725,381,0.5255172413793103,19,362,1,724,0.9986206896551724,0.049868766404199474,0.6717902350813744,0.1729214597342177,0.9824019637149942,0.9619784595891029
4,sider,SIDER22,va,118,1366,79,44,0.5569620253164557,1,43,1,78,0.9873417721518988,0.022727272727272728,0.6422764227642277,0.03816106420643633,0.7805342716964656,0.6665707710011508
4,sider,SIDER22,te,118,1366,77,60,0.7792207792207793,4,56,0,77,1.0,0.06666666666666667,0.5912408759124088,0.1964598972515002,0.7237455305882523,0.7071428571428571
5,sider,SIDER22,tr,118,1366,711,395,0.5555555555555556,46,349,7,704,0.9901547116736991,0.11645569620253164,0.6781193490054249,0.23915575311183196,0.978275718607036,0.9589382043475939
5,sider,SIDER22,va,118,1366,76,47,0.618421052631579,9,38,6,70,0.9210526315789473,0.19148936170212766,0.6422764227642277,0.1671139946910493,0.7135575871679681,0.6473964165733483
5,sider,SIDER22,te,118,1366,94,43,0.4574468085106383,8,35,4,90,0.9574468085106383,0.18604651162790697,0.7153284671532847,0.2355505970845841,0.8262567448942523,0.7117763483424047
6,sider,SIDER22,tr,118,1366,720,386,0.5361111111111111,34,352,4,716,0.9944444444444445,0.08808290155440414,0.6781193490054249,0.21596349876056595,0.9815857279785025,0.9643422567645366
6,sider,SIDER22,va,118,1366,79,44,0.5569620253164557,7,37,2,77,0.9746835443037974,0.1590909090909091,0.6829268292682927,0.24622910619454974,0.8187703355191106,0.7199367088607594
6,sider,SIDER22,te,118,1366,82,55,0.6707317073170732,2,53,2,80,0.975609756097561,0.03636363636363636,0.5985401459854015,0.03486178921921734,0.7206618598894664,0.6458980044345898
7,sider,SIDER22,tr,118,1366,701,405,0.5777460770328102,294,111,15,686,0.978601997146933,0.725925925925926,0.8860759493670886,0.7564432130813982,0.9801631823147521,0.9619274052940243
7,sider,SIDER22,va,118,1366,86,37,0.43023255813953487,10,27,7,79,0.9186046511627907,0.2702702702702703,0.7235772357723578,0.25098455163941213,0.804065416766208,0.6524198617221872
7,sider,SIDER22,te,118,1366,94,43,0.4574468085106383,10,33,10,84,0.8936170212765957,0.23255813953488372,0.6861313868613139,0.1658303788086949,0.8027466330058178,0.6994062345373577
8,sider,SIDER22,tr,118,1366,699,407,0.5822603719599427,317,90,22,677,0.9685264663805436,0.7788697788697788,0.8987341772151899,0.7817883117049276,0.9785672326191658,0.959566667721174
8,sider,SIDER22,va,118,1366,83,40,0.4819277108433735,14,26,14,69,0.8313253012048193,0.35,0.6747967479674797,0.20257536546609564,0.815946565691886,0.666566265060241
8,sider,SIDER22,te,118,1366,99,38,0.3838383838383838,12,26,14,85,0.8585858585858586,0.3157894736842105,0.708029197080292,0.19908854854703703,0.7835623849971529,0.6339712918660287
9,sider,SIDER22,tr,118,1366,718,388,0.5403899721448467,286,102,10,708,0.9860724233983287,0.7371134020618557,0.8987341772151899,0.7795421907823601,0.9823180083389818,0.9664535651724434
9,sider,SIDER22,va,118,1366,76,47,0.618421052631579,5,42,7,69,0.9078947368421053,0.10638297872340426,0.6016260162601627,0.023380959981797334,0.6691432278448991,0.570828667413214
9,sider,SIDER22,te,118,1366,87,50,0.5747126436781609,5,45,6,81,0.9310344827586207,0.1,0.6277372262773723,0.054980353124873406,0.6682173570795593,0.580919540229885
10,sider,SIDER22,tr,118,1366,715,391,0.5468531468531469,58,333,2,713,0.9972027972027973,0.1483375959079284,0.6971066907775768,0.3071733087381884,0.9839544143949883,0.9684223704684064
10,sider,SIDER22,va,118,1366,80,43,0.5375,6,37,5,75,0.9375,0.13953488372093023,0.6585365853658537,0.12872452523806402,0.8268516681736626,0.7031976744186046
10,sider,SIDER22,te,118,1366,86,51,0.5930232558139535,3,48,7,79,0.9186046511627907,0.058823529411764705,0.5985401459854015,-0.04194681787710444,0.6949635813873174,0.5962152302781577
11,sider,SIDER22,tr,118,1366,717,389,0.5425383542538355,49,340,7,710,0.9902370990237099,0.12596401028277635,0.6862567811934901,0.25307892992602865,0.9840171425927747,0.9669502676461834
11,sider,SIDER22,va,118,1366,72,51,0.7083333333333334,6,45,6,66,0.9166666666666666,0.11764705882352941,0.5853658536585366,0.056972738671888484,0.7256282511269648,0.6593137254901962
11,sider,SIDER22,te,118,1366,92,45,0.4891304347826087,7,38,7,85,0.9239130434782609,0.15555555555555556,0.6715328467153284,0.1232194181882708,0.7671614022937832,0.6263285024154589
12,sider,SIDER22,tr,118,1366,722,384,0.5318559556786704,44,340,5,717,0.9930747922437673,0.11458333333333333,0.6880650994575045,0.2490838050120493,0.9808431865587481,0.9618175784856879
12,sider,SIDER22,va,118,1366,75,48,0.64,7,41,3,72,0.96,0.14583333333333334,0.6422764227642277,0.18890110724552142,0.7135715656746742,0.6611111111111111
12,sider,SIDER22,te,118,1366,84,53,0.6309523809523809,6,47,2,82,0.9761904761904762,0.11320754716981132,0.6423357664233577,0.18568022153158315,0.7059822070145099,0.6428571428571428
13,sider,SIDER22,tr,118,1366,705,401,0.5687943262411348,298,103,19,686,0.9730496453900709,0.743142144638404,0.8896925858951176,0.7614264347512492,0.9813579468737573,0.9640756265364955
13,sider,SIDER22,va,118,1366,84,39,0.4642857142857143,12,27,8,76,0.9047619047619048,0.3076923076923077,0.7154471544715447,0.2679191044661205,0.7801368065645151,0.6717032967032968
13,sider,SIDER22,te,118,1366,92,45,0.4891304347826087,15,30,6,86,0.9347826086956522,0.3333333333333333,0.7372262773722628,0.34952976601210733,0.7804720097221814,0.6556763285024154
14,sider,SIDER22,tr,118,1366,720,386,0.5361111111111111,44,342,6,714,0.9916666666666667,0.11398963730569948,0.6853526220614828,0.24240320271491875,0.9806706230918459,0.9627050949913644
14,sider,SIDER22,va,118,1366,71,52,0.7323943661971831,5,47,4,67,0.9436619718309859,0.09615384615384616,0.5853658536585366,0.07552883886801637,0.6650369756964778,0.6365113759479957
14,sider,SIDER22,te,118,1366,90,47,0.5222222222222223,8,39,8,82,0.9111111111111111,0.1702127659574468,0.656934306569343,0.1202086119552789,0.7530916402195458,0.6303782505910166
15,sider,SIDER22,tr,118,1366,706,400,0.56657223796034,293,107,15,691,0.9787535410764873,0.7325,0.8896925858951176,0.7623949024913178,0.9828447168231341,0.9646724504249289
15,sider,SIDER22,va,118,1366,80,43,0.5375,8,35,12,68,0.85,0.18604651162790697,0.6178861788617886,0.0465810049303427,0.7352233045193541,0.6040697674418605
15,sider,SIDER22,te,118,1366,95,42,0.4421052631578947,12,30,7,88,0.9263157894736842,0.2857142857142857,0.7299270072992701,0.2828564660365567,0.7735430538391722,0.6617794486215538
1,sider,SIDER23,tr,118,1366,96,1010,10.520833333333334,1010,0,96,0,0.0,1.0,0.9132007233273056,0.0,0.20405199350212547,0.7628403465346534
1,sider,SIDER23,va,118,1366,12,111,9.25,111,0,12,0,0.0,1.0,0.9024390243902439,0.0,0.32904437406579434,0.7274774774774775
1,sider,SIDER23,te,118,1366,12,125,10.416666666666666,125,0,12,0,0.0,1.0,0.9124087591240876,0.0,0.11158581005636538,0.5833333333333333
2,sider,SIDER23,tr,118,1366,99,1007,10.171717171717171,1007,0,99,0,0.0,1.0,0.9104882459312839,0.0,0.21961196075409042,0.7891125756071139
2,sider,SIDER23,va,118,1366,12,111,9.25,111,0,12,0,0.0,1.0,0.9024390243902439,0.0,0.12050683175390073,0.536036036036036
2,sider,SIDER23,te,118,1366,9,128,14.222222222222221,128,0,9,0,0.0,1.0,0.9343065693430657,0.0,0.0837613022635437,0.6319444444444444
3,sider,SIDER23,tr,118,1366,100,1006,10.06,1006,0,100,0,0.0,1.0,0.9095840867992767,0.0,0.22839548371018098,0.7735586481113321
3,sider,SIDER23,va,118,1366,12,111,9.25,111,0,12,0,0.0,1.0,0.9024390243902439,0.0,0.11129189089687175,0.5870870870870871
3,sider,SIDER23,te,118,1366,8,129,16.125,129,0,8,0,0.0,1.0,0.9416058394160584,0.0,0.0627879664712289,0.560077519379845
4,sider,SIDER23,tr,118,1366,97,1009,10.402061855670103,1009,0,97,0,0.0,1.0,0.9122965641952984,0.0,0.2039021869012523,0.7770784588190819
4,sider,SIDER23,va,118,1366,11,112,10.181818181818182,112,0,11,0,0.0,1.0,0.9105691056910569,0.0,0.12149635460814656,0.6136363636363636
4,sider,SIDER23,te,118,1366,12,125,10.416666666666666,125,0,12,0,0.0,1.0,0.9124087591240876,0.0,0.1243524459106776,0.5960000000000001
5,sider,SIDER23,tr,118,1366,97,1009,10.402061855670103,1009,0,97,0,0.0,1.0,0.9122965641952984,0.0,0.25217697799245953,0.8164662368579689
5,sider,SIDER23,va,118,1366,12,111,9.25,111,0,12,0,0.0,1.0,0.9024390243902439,0.0,0.0947680184930556,0.5225225225225225
5,sider,SIDER23,te,118,1366,11,126,11.454545454545455,126,0,11,0,0.0,1.0,0.9197080291970803,0.0,0.12681325967218135,0.49783549783549785
6,sider,SIDER23,tr,118,1366,102,1004,9.843137254901961,1004,0,102,0,0.0,1.0,0.9077757685352622,0.0,0.23974497856840057,0.8002011561596749
6,sider,SIDER23,va,118,1366,7,116,16.571428571428573,116,0,7,0,0.0,1.0,0.943089430894309,0.0,0.08560253146754658,0.5923645320197044
6,sider,SIDER23,te,118,1366,11,126,11.454545454545455,126,0,11,0,0.0,1.0,0.9197080291970803,0.0,0.05777487043480805,0.36363636363636365
7,sider,SIDER23,tr,118,1366,98,1008,10.285714285714286,1008,0,98,0,0.0,1.0,0.9113924050632911,0.0,0.20328313254763436,0.7707118561710399
7,sider,SIDER23,va,118,1366,12,111,9.25,111,0,12,0,0.0,1.0,0.9024390243902439,0.0,0.15240476777147297,0.632132132132132
7,sider,SIDER23,te,118,1366,10,127,12.7,127,0,10,0,0.0,1.0,0.927007299270073,0.0,0.09744031822909428,0.5866141732283465
8,sider,SIDER23,tr,118,1366,97,1009,10.402061855670103,1009,0,97,0,0.0,1.0,0.9122965641952984,0.0,0.20451703176157882,0.7740234794069866
8,sider,SIDER23,va,118,1366,11,112,10.181818181818182,112,0,11,0,0.0,1.0,0.9105691056910569,0.0,0.1427028248047328,0.6688311688311688
8,sider,SIDER23,te,118,1366,12,125,10.416666666666666,125,0,12,0,0.0,1.0,0.9124087591240876,0.0,0.18145946447225375,0.5793333333333334
9,sider,SIDER23,tr,118,1366,92,1014,11.021739130434783,1014,0,92,0,0.0,1.0,0.9168173598553345,0.0,0.2199062556890468,0.7991595918017322
9,sider,SIDER23,va,118,1366,13,110,8.461538461538462,110,0,13,0,0.0,1.0,0.8943089430894309,0.0,0.22700907301265133,0.5706293706293706
9,sider,SIDER23,te,118,1366,15,122,8.133333333333333,122,0,15,0,0.0,1.0,0.8905109489051095,0.0,0.2094788070458833,0.5240437158469945
10,sider,SIDER23,tr,118,1366,99,1007,10.171717171717171,1007,0,99,0,0.0,1.0,0.9104882459312839,0.0,0.2336213550031884,0.781790095593472
10,sider,SIDER23,va,118,1366,10,113,11.3,113,0,10,0,0.0,1.0,0.9186991869918699,0.0,0.08339151640916205,0.531858407079646
10,sider,SIDER23,te,118,1366,11,126,11.454545454545455,126,0,11,0,0.0,1.0,0.9197080291970803,0.0,0.14573612518726992,0.7092352092352092
11,sider,SIDER23,tr,118,1366,100,1006,10.06,1006,0,100,0,0.0,1.0,0.9095840867992767,0.0,0.23893402837089742,0.7904970178926443
11,sider,SIDER23,va,118,1366,9,114,12.666666666666666,114,0,9,0,0.0,1.0,0.926829268292683,0.0,0.06926157593495712,0.5097465886939572
11,sider,SIDER23,te,118,1366,11,126,11.454545454545455,126,0,11,0,0.0,1.0,0.9197080291970803,0.0,0.11551596289952425,0.4935064935064935
12,sider,SIDER23,tr,118,1366,94,1012,10.76595744680851,1012,0,94,0,0.0,1.0,0.9150090415913201,0.0,0.22551683330316827,0.7928265074426036
12,sider,SIDER23,va,118,1366,10,113,11.3,113,0,10,0,0.0,1.0,0.9186991869918699,0.0,0.1804139486075181,0.5221238938053098
12,sider,SIDER23,te,118,1366,16,121,7.5625,121,0,16,0,0.0,1.0,0.8832116788321168,0.0,0.15009589585576433,0.5955578512396694
13,sider,SIDER23,tr,118,1366,96,1010,10.520833333333334,1010,0,96,0,0.0,1.0,0.9132007233273056,0.0,0.20015573285480825,0.7687396864686468
13,sider,SIDER23,va,118,1366,10,113,11.3,113,0,10,0,0.0,1.0,0.9186991869918699,0.0,0.17112499596893152,0.7451327433628319
13,sider,SIDER23,te,118,1366,14,123,8.785714285714286,123,0,14,0,0.0,1.0,0.8978102189781022,0.0,0.20167467696413754,0.599883855981417
14,sider,SIDER23,tr,118,1366,103,1003,9.737864077669903,1003,0,103,0,0.0,1.0,0.906871609403255,0.0,0.21663186046274388,0.7800966033937023
14,sider,SIDER23,va,118,1366,7,116,16.571428571428573,116,0,7,0,0.0,1.0,0.943089430894309,0.0,0.04568826190972517,0.39285714285714285
14,sider,SIDER23,te,118,1366,10,127,12.7,127,0,10,0,0.0,1.0,0.927007299270073,0.0,0.11385545810262088,0.6086614173228346
15,sider,SIDER23,tr,118,1366,92,1014,11.021739130434783,1014,0,92,0,0.0,1.0,0.9168173598553345,0.0,0.2214744285937409,0.7827158905754223
15,sider,SIDER23,va,118,1366,14,109,7.785714285714286,109,0,14,0,0.0,1.0,0.8861788617886179,0.0,0.11244780868563169,0.5294888597640891
15,sider,SIDER23,te,118,1366,14,123,8.785714285714286,123,0,14,0,0.0,1.0,0.8978102189781022,0.0,0.15510903220522387,0.6306620209059234
1,sider,SIDER24,tr,118,1366,503,603,1.1988071570576542,601,2,2,501,0.9960238568588469,0.9966832504145937,0.9963833634719711,0.9927071072734406,0.9999135723181453,0.9999274667088679
1,sider,SIDER24,va,118,1366,60,63,1.05,57,6,31,29,0.48333333333333334,0.9047619047619048,0.6991869918699187,0.42994099349209774,0.732750078234655,0.7321428571428572
1,sider,SIDER24,te,118,1366,78,59,0.7564102564102564,44,15,44,34,0.4358974358974359,0.7457627118644068,0.5693430656934306,0.18766945560232098,0.689955705561196,0.5936549326379835
2,sider,SIDER24,tr,118,1366,528,578,1.0946969696969697,575,3,3,525,0.9943181818181818,0.9948096885813149,0.9945750452079566,0.9891278703994967,0.9998819687420977,0.9998918685121108
2,sider,SIDER24,va,118,1366,55,68,1.2363636363636363,55,13,30,25,0.45454545454545453,0.8088235294117647,0.6504065040650406,0.2833995577787356,0.640217977625409,0.6617647058823529
2,sider,SIDER24,te,118,1366,58,79,1.3620689655172413,60,19,35,23,0.39655172413793105,0.759493670886076,0.6058394160583942,0.1672214756403302,0.5338177535971231,0.6329113924050633
3,sider,SIDER24,tr,118,1366,527,579,1.0986717267552182,577,2,2,525,0.9962049335863378,0.9965457685664939,0.9963833634719711,0.9927507021528317,0.9999316865382558,0.999937732070933
3,sider,SIDER24,va,118,1366,47,76,1.6170212765957446,55,21,28,19,0.40425531914893614,0.7236842105263158,0.6016260162601627,0.1327062671157781,0.44249289012997384,0.5918253079507279
3,sider,SIDER24,te,118,1366,67,70,1.044776119402985,57,13,35,32,0.47761194029850745,0.8142857142857143,0.6496350364963503,0.31068254652679905,0.6516011005942495,0.685181236673774
4,sider,SIDER24,tr,118,1366,525,581,1.1066666666666667,578,3,2,523,0.9961904761904762,0.9948364888123924,0.9954792043399638,0.9909376295172391,0.9998665346956201,0.9998786984673387
4,sider,SIDER24,va,118,1366,59,64,1.0847457627118644,55,9,41,18,0.3050847457627119,0.859375,0.5934959349593496,0.19849890198432588,0.607835275906919,0.6639300847457628
4,sider,SIDER24,te,118,1366,57,80,1.4035087719298245,65,15,36,21,0.3684210526315789,0.8125,0.6277372262773723,0.20260939976387254,0.6029493310189813,0.6447368421052632
5,sider,SIDER24,tr,118,1366,517,589,1.1392649903288201,586,3,4,513,0.9922630560928434,0.9949066213921901,0.9936708860759493,0.9872880243958421,0.9998508960508449,0.9998686427180449
5,sider,SIDER24,va,118,1366,53,70,1.320754716981132,60,10,42,11,0.20754716981132076,0.8571428571428571,0.5772357723577236,0.08513625721033682,0.5820463774134006,0.6698113207547169
5,sider,SIDER24,te,118,1366,71,66,0.9295774647887324,57,9,44,27,0.38028169014084506,0.8636363636363636,0.6131386861313869,0.2769065004193988,0.6814991899413709,0.6978233034571063
6,sider,SIDER24,tr,118,1366,527,579,1.0986717267552182,576,3,4,523,0.9924098671726755,0.9948186528497409,0.9936708860759493,0.9873142693984841,0.9998814428154066,0.9998918504389889
6,sider,SIDER24,va,118,1366,55,68,1.2363636363636363,51,17,37,18,0.32727272727272727,0.75,0.5609756097560976,0.08515039823026156,0.5774548541210323,0.6040106951871658
6,sider,SIDER24,te,118,1366,59,78,1.3220338983050848,60,18,35,24,0.4067796610169492,0.7692307692307693,0.6131386861313869,0.18902761895284087,0.6006496687397944,0.6567796610169493
7,sider,SIDER24,tr,118,1366,505,601,1.19009900990099,598,3,4,501,0.9920792079207921,0.9950083194675541,0.9936708860759493,0.9872453014726239,0.9998370414949443,0.9998616167773183
7,sider,SIDER24,va,118,1366,65,58,0.8923076923076924,50,8,44,21,0.3230769230769231,0.8620689655172413,0.5772357723577236,0.21773177936890253,0.6823840943733173,0.6519893899204243
7,sider,SIDER24,te,118,1366,71,66,0.9295774647887324,56,10,48,23,0.323943661971831,0.8484848484848485,0.5766423357664233,0.20148215117072707,0.687757726752563,0.6666666666666667
8,sider,SIDER24,tr,118,1366,515,591,1.1475728155339806,587,4,1,514,0.9980582524271845,0.9932318104906938,0.9954792043399638,0.9909336233791519,0.9999128818118461,0.9999244328355757
8,sider,SIDER24,va,118,1366,54,69,1.2777777777777777,61,8,38,16,0.2962962962962963,0.8840579710144928,0.6260162601626016,0.22585235824375072,0.6015934151284926,0.6230542136339238
8,sider,SIDER24,te,118,1366,72,65,0.9027777777777778,57,8,52,20,0.2777777777777778,0.8769230769230769,0.5620437956204379,0.19156818078957794,0.6910429781580505,0.6735042735042736
9,sider,SIDER24,tr,118,1366,523,583,1.1147227533460804,579,4,4,519,0.9923518164435946,0.9931389365351629,0.9927667269439421,0.9854907529787575,0.9998349588289392,0.9998491353157827
9,sider,SIDER24,va,118,1366,49,74,1.510204081632653,61,13,29,20,0.40816326530612246,0.8243243243243243,0.6585365853658537,0.2568830506343059,0.611512756576407,0.6760893546607833
9,sider,SIDER24,te,118,1366,69,68,0.9855072463768116,59,9,41,28,0.4057971014492754,0.8676470588235294,0.635036496350365,0.307926306395333,0.6342530148906501,0.6519607843137255
10,sider,SIDER24,tr,118,1366,525,581,1.1066666666666667,579,2,3,522,0.9942857142857143,0.9965576592082617,0.9954792043399638,0.9909359658865043,0.9998924254367512,0.9999016474059503
10,sider,SIDER24,va,118,1366,48,75,1.5625,59,16,32,16,0.3333333333333333,0.7866666666666666,0.6097560975609756,0.13342487699899816,0.5266127134092397,0.6113888888888889
10,sider,SIDER24,te,118,1366,68,69,1.0147058823529411,55,14,39,29,0.4264705882352941,0.7971014492753623,0.6131386861313869,0.24087866295988428,0.6032053050734738,0.613384484228474
11,sider,SIDER24,tr,118,1366,533,573,1.075046904315197,568,5,5,528,0.9906191369606003,0.9912739965095986,0.9909584086799277,0.981893133470199,0.9997818356517016,0.9997937192420656
11,sider,SIDER24,va,118,1366,50,73,1.46,57,16,30,20,0.4,0.7808219178082192,0.6260162601626016,0.1952030623567574,0.5122080993893882,0.6427397260273973
11,sider,SIDER24,te,118,1366,58,79,1.3620689655172413,62,17,35,23,0.39655172413793105,0.7848101265822784,0.6204379562043796,0.1970868364978896,0.5636084770684249,0.6648843299869054
12,sider,SIDER24,tr,118,1366,522,584,1.1187739463601531,581,3,3,519,0.9942528735632183,0.9948630136986302,0.9945750452079566,0.9891158872618485,0.9998900646642834,0.99990159030074
12,sider,SIDER24,va,118,1366,55,68,1.2363636363636363,54,14,33,22,0.4,0.7941176470588235,0.6178861788617886,0.21212406590811447,0.642299931462244,0.677005347593583
12,sider,SIDER24,te,118,1366,64,73,1.140625,59,14,37,27,0.421875,0.8082191780821918,0.6277372262773723,0.2506856661458019,0.6102887221590413,0.6211472602739726
13,sider,SIDER24,tr,118,1366,517,589,1.1392649903288201,585,4,1,516,0.9980657640232108,0.9932088285229203,0.9954792043399638,0.9909378429068461,0.9999221870659978,0.9999310374269736
13,sider,SIDER24,va,118,1366,63,60,0.9523809523809523,46,14,40,23,0.36507936507936506,0.7666666666666667,0.5609756097560976,0.14359302848070354,0.6261300478241694,0.6093915343915345
13,sider,SIDER24,te,118,1366,61,76,1.2459016393442623,57,19,32,29,0.47540983606557374,0.75,0.6277372262773723,0.2348166861564592,0.5946210085894378,0.6600517687661777
14,sider,SIDER24,tr,118,1366,518,588,1.135135135135135,587,1,2,516,0.9961389961389961,0.9982993197278912,0.9972875226039783,0.9945542403189606,0.9999160681484918,0.9999244871693852
14,sider,SIDER24,va,118,1366,63,60,0.9523809523809523,50,10,43,20,0.31746031746031744,0.8333333333333334,0.5691056910569106,0.17552009856666945,0.6008099292896957,0.625925925925926
14,sider,SIDER24,te,118,1366,60,77,1.2833333333333334,69,8,41,19,0.31666666666666665,0.8961038961038961,0.6423357664233577,0.26537151595950814,0.680440025080687,0.7110389610389611
15,sider,SIDER24,tr,118,1366,521,585,1.1228406909788868,584,1,4,517,0.9923224568138196,0.9982905982905983,0.9954792043399638,0.9909398621352964,0.99995586825216,0.9999606279836606
15,sider,SIDER24,va,118,1366,57,66,1.1578947368421053,55,11,46,11,0.19298245614035087,0.8333333333333334,0.5365853658536586,0.03424157808307894,0.481841864307452,0.5431951089845826
15,sider,SIDER24,te,118,1366,63,74,1.1746031746031746,58,16,32,31,0.49206349206349204,0.7837837837837838,0.6496350364963503,0.2895907264180395,0.6465634822606942,0.7078507078507078
1,sider,SIDER25,tr,118,1366,751,355,0.47270306258322237,355,0,0,751,1.0,1.0,1.0,1.0,1.0,1.0
1,sider,SIDER25,va,118,1366,89,34,0.38202247191011235,3,31,3,86,0.9662921348314607,0.08823529411764706,0.7235772357723578,0.11320899273046568,0.8402398333115977,0.7098479841374752
1,sider,SIDER25,te,118,1366,107,30,0.2803738317757009,4,26,6,101,0.9439252336448598,0.13333333333333333,0.7664233576642335,0.12282797845688338,0.8633504481730265,0.6395638629283489
2,sider,SIDER25,tr,118,1366,771,335,0.4345006485084306,335,0,0,771,1.0,1.0,1.0,1.0,1.0,1.0
2,sider,SIDER25,va,118,1366,91,32,0.3516483516483517,4,28,6,85,0.9340659340659341,0.125,0.7235772357723578,0.09481860025948864,0.8511443722160197,0.6658653846153847
2,sider,SIDER25,te,118,1366,85,52,0.611764705882353,6,46,1,84,0.9882352941176471,0.11538461538461539,0.656934306569343,0.2283671579899161,0.7640959273716448,0.7042986425339367
3,sider,SIDER25,tr,118,1366,780,326,0.41794871794871796,326,0,0,780,1.0,1.0,1.0,1.0,1.0,1.0
3,sider,SIDER25,va,118,1366,75,48,0.64,1,47,0,75,1.0,0.020833333333333332,0.6178861788617886,0.11316968255314687,0.7494069854544301,0.6876388888888889
3,sider,SIDER25,te,118,1366,92,45,0.4891304347826087,5,40,3,89,0.967391304347826,0.1111111111111111,0.6861313868613139,0.15723287000815844,0.7670233377705146,0.7
4,sider,SIDER25,tr,118,1366,779,327,0.4197689345314506,327,0,0,779,1.0,1.0,1.0,1.0,1.0,1.0
4,sider,SIDER25,va,118,1366,77,46,0.5974025974025974,9,37,2,75,0.974025974025974,0.1956521739130435,0.6829268292682927,0.28770329756199053,0.809888666453096,0.7385657820440429
4,sider,SIDER25,te,118,1366,91,46,0.5054945054945055,4,42,6,85,0.9340659340659341,0.08695652173913043,0.6496350364963503,0.03816640018429939,0.7680429388982211,0.638318203535595
5,sider,SIDER25,tr,118,1366,764,342,0.4476439790575916,342,0,0,764,1.0,1.0,1.0,1.0,1.0,1.0
5,sider,SIDER25,va,118,1366,85,38,0.4470588235294118,5,33,2,83,0.9764705882352941,0.13157894736842105,0.7154471544715447,0.21549944259953416,0.8505891188119908,0.7188854489164087
5,sider,SIDER25,te,118,1366,98,39,0.3979591836734694,3,36,3,95,0.9693877551020408,0.07692307692307693,0.7153284671532847,0.10212137460245244,0.8083169455750167,0.6317373103087389
6,sider,SIDER25,tr,118,1366,776,330,0.4252577319587629,330,0,0,776,1.0,1.0,1.0,1.0,1.0,1.0
6,sider,SIDER25,va,118,1366,75,48,0.64,6,42,4,71,0.9466666666666667,0.125,0.6260162601626016,0.12791728522137671,0.7879791227432014,0.6925
6,sider,SIDER25,te,118,1366,96,41,0.4270833333333333,2,39,0,96,1.0,0.04878048780487805,0.7153284671532847,0.18624807887188666,0.8182511091645006,0.723069105691057
7,sider,SIDER25,tr,118,1366,763,343,0.44954128440366975,343,0,0,763,1.0,1.0,1.0,1.0,1.0,1.0
7,sider,SIDER25,va,118,1366,79,44,0.5569620253164557,5,39,2,77,0.9746835443037974,0.11363636363636363,0.6666666666666666,0.18273446959014286,0.7389902491040643,0.6764959723820483
7,sider,SIDER25,te,118,1366,105,32,0.3047619047619048,3,29,1,104,0.9904761904761905,0.09375,0.781021897810219,0.2116708143688384,0.8915329895507295,0.7197916666666666
8,sider,SIDER25,tr,118,1366,767,339,0.44198174706649285,339,0,0,767,1.0,1.0,1.0,1.0,1.0,1.0
8,sider,SIDER25,va,118,1366,83,40,0.4819277108433735,3,37,2,81,0.9759036144578314,0.075,0.6829268292682927,0.12075125604409334,0.8375068348757075,0.7143072289156628
8,sider,SIDER25,te,118,1366,97,40,0.41237113402061853,5,35,0,97,1.0,0.125,0.7445255474452555,0.30307764781662844,0.794125615756295,0.6543814432989691
9,sider,SIDER25,tr,118,1366,765,341,0.44575163398692813,341,0,0,765,1.0,1.0,1.0,1.0,1.0,1.0
9,sider,SIDER25,va,118,1366,85,38,0.4470588235294118,3,35,1,84,0.9882352941176471,0.07894736842105263,0.7073170731707317,0.17500682922387698,0.8484612984627604,0.7040247678018575
9,sider,SIDER25,te,118,1366,97,40,0.41237113402061853,3,37,5,92,0.9484536082474226,0.075,0.6934306569343066,0.04547635843882033,0.7853857873053387,0.6353092783505155
10,sider,SIDER25,tr,118,1366,760,346,0.45526315789473687,346,0,0,760,1.0,1.0,1.0,1.0,1.0,1.0
10,sider,SIDER25,va,118,1366,92,31,0.33695652173913043,3,28,3,89,0.967391304347826,0.0967741935483871,0.7479674796747967,0.12933252992859418,0.8376736051035912,0.6609396914446003
10,sider,SIDER25,te,118,1366,95,42,0.4421052631578947,3,39,2,93,0.9789473684210527,0.07142857142857142,0.7007299270072993,0.1238618726632945,0.8348806163240581,0.7325814536340852
11,sider,SIDER25,tr,118,1366,780,326,0.41794871794871796,326,0,0,780,1.0,1.0,1.0,1.0,1.0,1.0
11,sider,SIDER25,va,118,1366,74,49,0.6621621621621622,4,45,2,72,0.972972972972973,0.08163265306122448,0.6178861788617886,0.12410312981612591,0.7226436338446836,0.6507170435741865
11,sider,SIDER25,te,118,1366,93,44,0.4731182795698925,6,38,2,91,0.978494623655914,0.13636363636363635,0.708029197080292,0.22871265571645266,0.8490526633011564,0.7471896383186706
12,sider,SIDER25,tr,118,1366,773,333,0.4307891332470893,333,0,0,773,1.0,1.0,1.0,1.0,1.0,1.0
12,sider,SIDER25,va,118,1366,81,42,0.5185185185185185,5,37,1,80,0.9876543209876543,0.11904761904761904,0.6910569105691057,0.23489345415435528,0.7981661831855296,0.7257495590828924
12,sider,SIDER25,te,118,1366,93,44,0.4731182795698925,4,40,0,93,1.0,0.09090909090909091,0.708029197080292,0.252126973837453,0.7714851098060385,0.6610459433040078
13,sider,SIDER25,tr,118,1366,759,347,0.45718050065876153,347,0,0,759,1.0,1.0,1.0,1.0,1.0,1.0
13,sider,SIDER25,va,118,1366,87,36,0.41379310344827586,4,32,3,84,0.9655172413793104,0.1111111111111111,0.7154471544715447,0.1504950967144772,0.8258689280234948,0.7070561941251596
13,sider,SIDER25,te,118,1366,101,36,0.3564356435643564,5,31,3,98,0.9702970297029703,0.1388888888888889,0.7518248175182481,0.2049456575755571,0.8831134117006251,0.7288228822882288
14,sider,SIDER25,tr,118,1366,776,330,0.4252577319587629,330,0,0,776,1.0,1.0,1.0,1.0,1.0,1.0
14,sider,SIDER25,va,118,1366,77,46,0.5974025974025974,6,40,3,74,0.961038961038961,0.13043478260869565,0.6504065040650406,0.16996012874323738,0.765542762886343,0.687605872388481
14,sider,SIDER25,te,118,1366,94,43,0.4574468085106383,3,40,0,94,1.0,0.06976744186046512,0.708029197080292,0.22122689667525688,0.7848312802865924,0.6781296387926768
15,sider,SIDER25,tr,118,1366,774,332,0.4289405684754522,332,0,0,774,1.0,1.0,1.0,1.0,1.0,1.0
15,sider,SIDER25,va,118,1366,81,42,0.5185185185185185,3,39,1,80,0.9876543209876543,0.07142857142857142,0.6747967479674797,0.1579521080462785,0.7434806158861952,0.6537330981775427
15,sider,SIDER25,te,118,1366,92,45,0.4891304347826087,4,41,3,89,0.967391304347826,0.08888888888888889,0.6788321167883211,0.12004250631858186,0.8216054322772236,0.7048309178743961
1,sider,SIDER26,tr,118,1366,1012,94,0.09288537549407115,94,0,0,1012,1.0,1.0,1.0,1.0,1.0,1.0
1,sider,SIDER26,va,118,1366,111,12,0.10810810810810811,0,12,0,111,1.0,0.0,0.9024390243902439,0.0,0.9396167108986982,0.7316066066066066
1,sider,SIDER26,te,118,1366,134,3,0.022388059701492536,0,3,0,134,1.0,0.0,0.9781021897810219,0.0,0.9980976163452732,0.9179104477611941
2,sider,SIDER26,tr,118,1366,1023,83,0.08113391984359726,83,0,0,1023,1.0,1.0,1.0,1.0,1.0,1.0
2,sider,SIDER26,va,118,1366,116,7,0.0603448275862069,0,7,0,116,1.0,0.0,0.943089430894309,0.0,0.9583050014786703,0.5738916256157636
2,sider,SIDER26,te,118,1366,118,19,0.16101694915254236,0,19,0,118,1.0,0.0,0.8613138686131386,0.0,0.900300405763192,0.6315789473684211
3,sider,SIDER26,tr,118,1366,1020,86,0.08431372549019608,86,0,0,1020,1.0,1.0,1.0,1.0,1.0,1.0
3,sider,SIDER26,va,118,1366,109,14,0.12844036697247707,0,14,0,109,1.0,0.0,0.8861788617886179,0.0,0.8562590754701196,0.5249017038007864
3,sider,SIDER26,te,118,1366,128,9,0.0703125,1,8,0,128,1.0,0.1111111111111111,0.9416058394160584,0.323380833381767,0.9324804829331216,0.5642361111111112
4,sider,SIDER26,tr,118,1366,1022,84,0.0821917808219178,84,0,0,1022,1.0,1.0,1.0,1.0,1.0,1.0
4,sider,SIDER26,va,118,1366,109,14,0.12844036697247707,1,13,1,108,0.9908256880733946,0.07142857142857142,0.8861788617886179,0.1563286780779971,0.9023111470714837,0.6238532110091743
4,sider,SIDER26,te,118,1366,126,11,0.0873015873015873,0,11,1,125,0.9920634920634921,0.0,0.9124087591240876,-0.02533620800437684,0.9320311313092018,0.5429292929292929
5,sider,SIDER26,tr,118,1366,1018,88,0.08644400785854617,88,0,0,1018,1.0,1.0,1.0,1.0,1.0,1.0
5,sider,SIDER26,va,118,1366,114,9,0.07894736842105263,0,9,1,113,0.9912280701754386,0.0,0.9186991869918699,-0.02543834855531489,0.8922452511464085,0.4039961013645224
5,sider,SIDER26,te,118,1366,125,12,0.096,0,12,0,125,1.0,0.0,0.9124087591240876,0.0,0.9165597396053097,0.4706666666666667
6,sider,SIDER26,tr,118,1366,1025,81,0.07902439024390244,0,81,0,1025,1.0,0.0,0.9267631103074141,0.0,1.0,1.0
6,sider,SIDER26,va,118,1366,103,20,0.1941747572815534,0,20,0,103,1.0,0.0,0.8373983739837398,0.0,0.8463529096344184,0.5718446601941747
6,sider,SIDER26,te,118,1366,129,8,0.06201550387596899,0,8,0,129,1.0,0.0,0.9416058394160584,0.0,0.9388405444159033,0.5707364341085271
7,sider,SIDER26,tr,118,1366,1015,91,0.0896551724137931,91,0,0,1015,1.0,1.0,1.0,1.0,1.0,1.0
7,sider,SIDER26,va,118,1366,112,11,0.09821428571428571,0,11,0,112,1.0,0.0,0.9105691056910569,0.0,0.9356929112945203,0.6136363636363635
7,sider,SIDER26,te,118,1366,130,7,0.05384615384615385,0,7,1,129,0.9923076923076923,0.0,0.9416058394160584,-0.01989792958601278,0.9638421007105088,0.6285714285714286
8,sider,SIDER26,tr,118,1366,1013,93,0.09180651530108588,0,93,0,1013,1.0,0.0,0.9159132007233273,0.0,1.0,1.0
8,sider,SIDER26,va,118,1366,114,9,0.07894736842105263,0,9,0,114,1.0,0.0,0.926829268292683,0.0,0.9784324598668224,0.8075048732943471
8,sider,SIDER26,te,118,1366,130,7,0.05384615384615385,0,7,0,130,1.0,0.0,0.948905109489051,0.0,0.9401526973800376,0.5087912087912088
9,sider,SIDER26,tr,118,1366,1021,85,0.0832517140058766,85,0,0,1021,1.0,1.0,1.0,1.0,1.0,1.0
9,sider,SIDER26,va,118,1366,109,14,0.12844036697247707,0,14,3,106,0.9724770642201835,0.0,0.8617886178861789,-0.056665767217182084,0.9052644494779072,0.5439056356487549
9,sider,SIDER26,te,118,1366,127,10,0.07874015748031496,0,10,1,126,0.9921259842519685,0.0,0.9197080291970803,-0.024061831729499585,0.9313489529149475,0.5511811023622047
10,sider,SIDER26,tr,118,1366,1020,86,0.08431372549019608,0,86,0,1020,1.0,0.0,0.9222423146473779,0.0,1.0,1.0
10,sider,SIDER26,va,118,1366,116,7,0.0603448275862069,0,7,0,116,1.0,0.0,0.943089430894309,0.0,0.9543973185771671,0.6982758620689655
10,sider,SIDER26,te,118,1366,121,16,0.1322314049586777,0,16,0,121,1.0,0.0,0.8832116788321168,0.0,0.8763640785573013,0.5896177685950413
11,sider,SIDER26,tr,118,1366,1011,95,0.09396636993076163,0,95,0,1011,1.0,0.0,0.9141048824593129,0.0,1.0,1.0
11,sider,SIDER26,va,118,1366,118,5,0.0423728813559322,0,5,0,118,1.0,0.0,0.959349593495935,0.0,0.9556849628477587,0.447457627118644
11,sider,SIDER26,te,118,1366,128,9,0.0703125,0,9,0,128,1.0,0.0,0.9343065693430657,0.0,0.9608899999369442,0.6944444444444444
12,sider,SIDER26,tr,118,1366,1018,88,0.08644400785854617,88,0,0,1018,1.0,1.0,1.0,1.0,1.0,1.0
12,sider,SIDER26,va,118,1366,114,9,0.07894736842105263,0,9,0,114,1.0,0.0,0.926829268292683,0.0,0.9433582751848463,0.5974658869395711
12,sider,SIDER26,te,118,1366,125,12,0.096,0,12,1,124,0.992,0.0,0.9051094890510949,-0.026568446566202206,0.9013987704179725,0.5726666666666667
13,sider,SIDER26,tr,118,1366,1016,90,0.08858267716535433,90,0,0,1016,1.0,1.0,1.0,1.0,1.0,1.0
13,sider,SIDER26,va,118,1366,113,10,0.08849557522123894,0,10,0,113,1.0,0.0,0.9186991869918699,0.0,0.9595642847623167,0.7048672566371682
13,sider,SIDER26,te,118,1366,128,9,0.0703125,1,8,0,128,1.0,0.1111111111111111,0.9416058394160584,0.323380833381767,0.9639237803517842,0.6432291666666667
14,sider,SIDER26,tr,118,1366,1020,86,0.08431372549019608,86,0,0,1020,1.0,1.0,1.0,1.0,1.0,1.0
14,sider,SIDER26,va,118,1366,111,12,0.10810810810810811,1,11,5,106,0.954954954954955,0.08333333333333333,0.8699186991869918,0.05274113936603713,0.891219048814815,0.5765765765765766
14,sider,SIDER26,te,118,1366,126,11,0.0873015873015873,0,11,1,125,0.9920634920634921,0.0,0.9124087591240876,-0.02533620800437684,0.9458680260037051,0.6168831168831168
15,sider,SIDER26,tr,118,1366,1020,86,0.08431372549019608,86,0,0,1020,1.0,1.0,1.0,1.0,1.0,1.0
15,sider,SIDER26,va,118,1366,112,11,0.09821428571428571,0,11,1,111,0.9910714285714286,0.0,0.9024390243902439,-0.028373140975323247,0.8610892964484008,0.3246753246753247
15,sider,SIDER26,te,118,1366,125,12,0.096,0,12,0,125,1.0,0.0,0.9124087591240876,0.0,0.9415621254613553,0.6746666666666667
1,sider,SIDER27,tr,118,1366,721,385,0.5339805825242718,7,378,0,721,1.0,0.01818181818181818,0.6582278481012658,0.10921629543866468,0.9998997515650305,0.9998126699929751
1,sider,SIDER27,va,118,1366,79,44,0.5569620253164557,0,44,1,78,0.9873417721518988,0.0,0.6341463414634146,-0.0675667262977406,0.7830872344297147,0.6734752589182968
1,sider,SIDER27,te,118,1366,108,29,0.26851851851851855,2,27,4,104,0.9629629629629629,0.06896551724137931,0.7737226277372263,0.06373497947512755,0.8136345324060336,0.545338441890166
2,sider,SIDER27,tr,118,1366,738,368,0.4986449864498645,2,366,0,738,1.0,0.005434782608695652,0.6690777576853526,0.060274654926138135,0.9974426423483944,0.9976287262872628
2,sider,SIDER27,va,118,1366,85,38,0.4470588235294118,0,38,1,84,0.9882352941176471,0.0,0.6829268292682927,-0.060534424803631866,0.7486292634579066,0.5808049535603715
2,sider,SIDER27,te,118,1366,85,52,0.611764705882353,0,52,0,85,1.0,0.0,0.6204379562043796,0.0,0.676961146251235,0.6031674208144796
3,sider,SIDER27,tr,118,1366,735,371,0.5047619047619047,4,367,0,735,1.0,0.01078167115902965,0.6681735985533453,0.08480001188815488,0.9999722598402385,0.9999449914736784
3,sider,SIDER27,va,118,1366,76,47,0.618421052631579,0,47,0,76,1.0,0.0,0.6178861788617886,0.0,0.7177405312567594,0.6195408734602463
3,sider,SIDER27,te,118,1366,97,40,0.41237113402061853,1,39,1,96,0.9896907216494846,0.025,0.708029197080292,0.055689986267251905,0.7880292608647654,0.6170103092783505
4,sider,SIDER27,tr,118,1366,734,372,0.5068119891008175,3,369,0,734,1.0,0.008064516129032258,0.666365280289331,0.07325705086886404,0.9999297308690351,0.99986449268993
4,sider,SIDER27,va,118,1366,86,37,0.43023255813953487,1,36,0,86,1.0,0.02702702702702703,0.7073170731707317,0.13802839825184302,0.8053312275603057,0.6678189817724702
4,sider,SIDER27,te,118,1366,88,49,0.5568181818181818,0,49,1,87,0.9886363636363636,0.0,0.635036496350365,-0.06398633711112338,0.6826511038319678,0.5424397031539889
5,sider,SIDER27,tr,118,1366,731,375,0.5129958960328317,11,364,0,731,1.0,0.029333333333333333,0.6708860759493671,0.13993692860650986,0.9998943042381954,0.9997957136342909
5,sider,SIDER27,va,118,1366,81,42,0.5185185185185185,2,40,2,79,0.9753086419753086,0.047619047619047616,0.6585365853658537,0.06129484789855583,0.779855801808651,0.6261022927689595
5,sider,SIDER27,te,118,1366,96,41,0.4270833333333333,2,39,2,94,0.9791666666666666,0.04878048780487805,0.7007299270072993,0.0760167545821253,0.6970038102124828,0.5594512195121951
6,sider,SIDER27,tr,118,1366,736,370,0.5027173913043478,3,367,0,736,1.0,0.008108108108108109,0.6681735985533453,0.07355478261091433,0.9976887178474071,0.9977306110458284
6,sider,SIDER27,va,118,1366,79,44,0.5569620253164557,1,43,1,78,0.9873417721518988,0.022727272727272728,0.6422764227642277,0.03816106420643633,0.7467109480188033,0.6165132336018412
6,sider,SIDER27,te,118,1366,93,44,0.4731182795698925,0,44,4,89,0.956989247311828,0.0,0.6496350364963503,-0.11928588009513905,0.743605163888233,0.5662267839687194
7,sider,SIDER27,tr,118,1366,731,375,0.5129958960328317,0,375,0,731,1.0,0.0,0.6609403254972875,0.0,0.9999152174981245,0.9998358413132695
7,sider,SIDER27,va,118,1366,74,49,0.6621621621621622,0,49,0,74,1.0,0.0,0.6016260162601627,0.0,0.7206958149780153,0.6340319911748483
7,sider,SIDER27,te,118,1366,103,34,0.3300970873786408,0,34,0,103,1.0,0.0,0.7518248175182481,0.0,0.8669671800515449,0.6818960593946316
8,sider,SIDER27,tr,118,1366,731,375,0.5129958960328317,25,350,0,731,1.0,0.06666666666666667,0.6835443037974683,0.21232454983331056,0.9999353062432417,0.9998759689922481
8,sider,SIDER27,va,118,1366,80,43,0.5375,1,42,5,75,0.9375,0.023255813953488372,0.6178861788617886,-0.08687323439989074,0.7401393930809341,0.6058139534883721
8,sider,SIDER27,te,118,1366,97,40,0.41237113402061853,1,39,0,97,1.0,0.025,0.7153284671532847,0.13353232699590328,0.8029167403537725,0.5997422680412371
9,sider,SIDER27,tr,118,1366,751,355,0.47270306258322237,0,355,0,751,1.0,0.0,0.6790235081374322,0.0,0.9999574197083291,0.999909979182686
9,sider,SIDER27,va,118,1366,76,47,0.618421052631579,0,47,0,76,1.0,0.0,0.6178861788617886,0.0,0.7531428080912602,0.6226203807390818
9,sider,SIDER27,te,118,1366,81,56,0.691358024691358,0,56,1,80,0.9876543209876543,0.0,0.583941605839416,-0.07129877199108252,0.7361279704683201,0.6638007054673721
10,sider,SIDER27,tr,118,1366,737,369,0.5006784260515604,1,368,0,737,1.0,0.0027100271002710027,0.6672694394213382,0.04251472965829968,0.9999870687004138,0.9999742602582063
10,sider,SIDER27,va,118,1366,84,39,0.4642857142857143,0,39,0,84,1.0,0.0,0.6829268292682927,0.0,0.7840211009500357,0.6077533577533578
10,sider,SIDER27,te,118,1366,87,50,0.5747126436781609,0,50,0,87,1.0,0.0,0.635036496350365,0.0,0.6753168632238448,0.5735632183908046
11,sider,SIDER27,tr,118,1366,740,366,0.4945945945945946,3,363,0,740,1.0,0.00819672131147541,0.6717902350813744,0.07415632315160448,0.9999245947986899,0.9998486191109142
11,sider,SIDER27,va,118,1366,82,41,0.5,2,39,1,81,0.9878048780487805,0.04878048780487805,0.6747967479674797,0.11180339887498902,0.6984952705178854,0.5098155859607376
11,sider,SIDER27,te,118,1366,86,51,0.5930232558139535,2,49,0,86,1.0,0.0392156862745098,0.6423357664233577,0.15805646013272445,0.730141884150851,0.6434108527131782
12,sider,SIDER27,tr,118,1366,745,361,0.48456375838926175,1,360,0,745,1.0,0.002770083102493075,0.674502712477396,0.04321588353214194,0.9999366494799664,0.9998698618676681
12,sider,SIDER27,va,118,1366,79,44,0.5569620253164557,0,44,0,79,1.0,0.0,0.6422764227642277,0.0,0.66778475309756,0.547180667433832
12,sider,SIDER27,te,118,1366,84,53,0.6309523809523809,0,53,0,84,1.0,0.0,0.6131386861313869,0.0,0.6829739267334405,0.5765947888589398
13,sider,SIDER27,tr,118,1366,730,376,0.5150684931506849,7,369,0,730,1.0,0.018617021276595744,0.666365280289331,0.11120330156230751,0.9999529577539321,0.9999089186825999
13,sider,SIDER27,va,118,1366,87,36,0.41379310344827586,1,35,1,86,0.9885057471264368,0.027777777777777776,0.7073170731707317,0.05858030336746033,0.8163162069656719,0.6411238825031927
13,sider,SIDER27,te,118,1366,91,46,0.5054945054945055,0,46,3,88,0.967032967032967,0.0,0.6423357664233577,-0.10638158284114486,0.7362902852682935,0.5871954132823698
14,sider,SIDER27,tr,118,1366,743,363,0.48855989232839836,4,359,0,743,1.0,0.011019283746556474,0.6754068716094033,0.08619464647754935,0.9999546288900133,0.9999073075054966
14,sider,SIDER27,va,118,1366,80,43,0.5375,1,42,2,78,0.975,0.023255813953488372,0.6422764227642277,-0.0053916386601719,0.7400385110388588,0.6151162790697675
14,sider,SIDER27,te,118,1366,85,52,0.611764705882353,2,50,2,83,0.9764705882352941,0.038461538461538464,0.6204379562043796,0.04304046797424057,0.694110782881864,0.5552036199095023
15,sider,SIDER27,tr,118,1366,741,365,0.4925775978407557,1,364,0,741,1.0,0.0027397260273972603,0.6708860759493671,0.042862898197645154,0.9999247378963677,0.9998484092211563
15,sider,SIDER27,va,118,1366,78,45,0.5769230769230769,0,45,0,78,1.0,0.0,0.6341463414634146,0.0,0.6394918527379472,0.5495726495726495
15,sider,SIDER27,te,118,1366,89,48,0.5393258426966292,0,48,0,89,1.0,0.0,0.6496350364963503,0.0,0.7889127501154611,0.6687734082397004
