split,dataset,subtask,set,num_of_retained_feature,num_of_compounds,postives,negtives,negtives/postives,tn,fp,fn,tp,se,sp,acc,mcc,auc_prc,auc_roc
1,sider,SIDER1,tr,118,1366,595,511,0.8588235294117647,511,0,2,593,0.9966386554621849,1.0,0.9981916817359855,0.9963699737756399,0.9999971777104051,0.9999967110131724
1,sider,SIDER1,va,118,1366,62,61,0.9838709677419355,39,22,26,36,0.5806451612903226,0.639344262295082,0.6097560975609756,0.22033926121470268,0.7544215308774997,0.7041248016922264
1,sider,SIDER1,te,118,1366,77,60,0.7792207792207793,34,26,17,60,0.7792207792207793,0.5666666666666667,0.6861313868613139,0.3549943765982162,0.7665616969897638,0.7350649350649351
2,sider,SIDER1,tr,118,1366,597,509,0.8525963149078727,483,26,35,562,0.9413735343383585,0.9489194499017681,0.9448462929475587,0.8892532576777575,0.9904475296842645,0.9881101644436985
2,sider,SIDER1,va,118,1366,64,59,0.921875,43,16,18,46,0.71875,0.7288135593220338,0.7235772357723578,0.44720839707116,0.6974075264336002,0.7523834745762712
2,sider,SIDER1,te,118,1366,73,64,0.8767123287671232,31,33,24,49,0.6712328767123288,0.484375,0.583941605839416,0.15837795203804605,0.6859910974808741,0.6549657534246576
3,sider,SIDER1,tr,118,1366,599,507,0.8464106844741235,506,1,4,595,0.993322203672788,0.9980276134122288,0.9954792043399638,0.9909143180834188,0.9999611132284267,0.9999539008143092
3,sider,SIDER1,va,118,1366,63,60,0.9523809523809523,37,23,13,50,0.7936507936507936,0.6166666666666667,0.7073170731707317,0.4175605545298578,0.8348607879049799,0.8092592592592591
3,sider,SIDER1,te,118,1366,72,65,0.9027777777777778,37,28,21,51,0.7083333333333334,0.5692307692307692,0.6423357664233577,0.28051667474164876,0.7112926525166064,0.7196581196581197
4,sider,SIDER1,tr,118,1366,601,505,0.8402662229617305,505,0,12,589,0.9800332778702163,1.0,0.9891500904159132,0.9784098785152008,0.9998766386928922,0.9998517322614124
4,sider,SIDER1,va,118,1366,65,58,0.8923076923076924,39,19,14,51,0.7846153846153846,0.6724137931034483,0.7317073170731707,0.4607100090679645,0.7973092885423896,0.7896551724137931
4,sider,SIDER1,te,118,1366,68,69,1.0147058823529411,44,25,16,52,0.7647058823529411,0.6376811594202898,0.7007299270072993,0.4055104033201065,0.666572575947681,0.7216538789428815
5,sider,SIDER1,tr,118,1366,596,510,0.8557046979865772,494,16,32,564,0.9463087248322147,0.9686274509803922,0.9566003616636528,0.9132551892928146,0.9942361461183672,0.9932688511646268
5,sider,SIDER1,va,118,1366,62,61,0.9838709677419355,34,27,16,46,0.7419354838709677,0.5573770491803278,0.6504065040650406,0.304676692516441,0.7427732717108274,0.7469592808038076
5,sider,SIDER1,te,118,1366,76,61,0.8026315789473685,32,29,24,52,0.6842105263157895,0.5245901639344263,0.6131386861313869,0.21108973793343055,0.6260976967046586,0.6169111302847282
6,sider,SIDER1,tr,118,1366,609,497,0.8160919540229885,481,16,18,591,0.9704433497536946,0.9678068410462777,0.969258589511754,0.937909389697096,0.996572860445341,0.9958965616358247
6,sider,SIDER1,va,118,1366,61,62,1.0163934426229508,45,17,9,52,0.8524590163934426,0.7258064516129032,0.7886178861788617,0.5825947886334506,0.7862238375084696,0.8379164463246959
6,sider,SIDER1,te,118,1366,64,73,1.140625,39,34,20,44,0.6875,0.5342465753424658,0.6058394160583942,0.22342667948811004,0.5740903952308831,0.6294948630136987
7,sider,SIDER1,tr,118,1366,582,524,0.9003436426116839,524,0,0,582,1.0,1.0,1.0,1.0,1.0,1.0
7,sider,SIDER1,va,118,1366,73,50,0.684931506849315,30,20,24,49,0.6712328767123288,0.6,0.6422764227642277,0.26845242850985895,0.8229508463787449,0.7293150684931508
7,sider,SIDER1,te,118,1366,79,58,0.7341772151898734,37,21,20,59,0.7468354430379747,0.6379310344827587,0.7007299270072993,0.38569352546460844,0.8012376736171818,0.7468354430379748
8,sider,SIDER1,tr,118,1366,598,508,0.8494983277591973,508,0,3,595,0.9949832775919732,1.0,0.9972875226039783,0.9945561263632821,0.9999916224797862,0.9999901245621889
8,sider,SIDER1,va,118,1366,60,63,1.05,36,27,19,41,0.6833333333333333,0.5714285714285714,0.6260162601626016,0.25612064455715544,0.6958089249937129,0.7333333333333333
8,sider,SIDER1,te,118,1366,76,61,0.8026315789473685,31,30,19,57,0.75,0.5081967213114754,0.6423357664233577,0.2665494607699364,0.7120457865477974,0.7141932700603969
9,sider,SIDER1,tr,118,1366,594,512,0.8619528619528619,511,1,5,589,0.9915824915824916,0.998046875,0.9945750452079566,0.9891221344335087,0.9999829373287641,0.9999802714646465
9,sider,SIDER1,va,118,1366,67,56,0.835820895522388,38,18,15,52,0.7761194029850746,0.6785714285714286,0.7317073170731707,0.4572573100679948,0.7463878603684965,0.7462686567164178
9,sider,SIDER1,te,118,1366,73,64,0.8767123287671232,31,33,22,51,0.6986301369863014,0.484375,0.5985401459854015,0.1874723053061522,0.6233192474492826,0.621361301369863
10,sider,SIDER1,tr,118,1366,598,508,0.8494983277591973,507,1,5,593,0.9916387959866221,0.9980314960629921,0.9945750452079566,0.9891104243212889,0.9999031809321685,0.9998847865588708
10,sider,SIDER1,va,118,1366,70,53,0.7571428571428571,40,13,24,46,0.6571428571428571,0.7547169811320755,0.6991869918699187,0.4082445602783307,0.8256774047695562,0.7574123989218329
10,sider,SIDER1,te,118,1366,66,71,1.0757575757575757,42,29,11,55,0.8333333333333334,0.5915492957746479,0.708029197080292,0.43590569205005,0.6928860604303719,0.7430644472897994
11,sider,SIDER1,tr,118,1366,602,504,0.8372093023255814,503,1,7,595,0.9883720930232558,0.998015873015873,0.9927667269439421,0.9854919047439666,0.99976135507671,0.9997165532879818
11,sider,SIDER1,va,118,1366,64,59,0.921875,30,29,17,47,0.734375,0.5084745762711864,0.6260162601626016,0.24968796957451864,0.7586145744017982,0.7462923728813559
11,sider,SIDER1,te,118,1366,68,69,1.0147058823529411,41,28,20,48,0.7058823529411765,0.5942028985507246,0.6496350364963503,0.3018922327777212,0.6788778127913446,0.7084398976982097
12,sider,SIDER1,tr,118,1366,590,516,0.8745762711864407,516,0,2,588,0.9966101694915255,1.0,0.9981916817359855,0.996374554963746,0.9999971296926851,0.999996715280515
12,sider,SIDER1,va,118,1366,65,58,0.8923076923076924,37,21,17,48,0.7384615384615385,0.6379310344827587,0.6910569105691057,0.3786084434667212,0.7993652203464352,0.770291777188329
12,sider,SIDER1,te,118,1366,79,58,0.7341772151898734,42,16,28,51,0.6455696202531646,0.7241379310344828,0.6788321167883211,0.36542599841258794,0.8167134059084771,0.7509821038847664
13,sider,SIDER1,tr,118,1366,592,514,0.8682432432432432,512,2,15,577,0.9746621621621622,0.9961089494163424,0.984629294755877,0.9694260091329105,0.9991649754140495,0.9990732463981493
13,sider,SIDER1,va,118,1366,72,51,0.7083333333333334,33,18,17,55,0.7638888888888888,0.6470588235294118,0.7154471544715447,0.41218432438778874,0.8108386447023386,0.8082788671023966
13,sider,SIDER1,te,118,1366,70,67,0.9571428571428572,37,30,19,51,0.7285714285714285,0.5522388059701493,0.6423357664233577,0.28553728822247515,0.6682704906914927,0.6643923240938165
14,sider,SIDER1,tr,118,1366,610,496,0.8131147540983606,496,0,0,610,1.0,1.0,1.0,1.0,1.0,1.0
14,sider,SIDER1,va,118,1366,61,62,1.0163934426229508,40,22,13,48,0.7868852459016393,0.6451612903225806,0.7154471544715447,0.4362187562288162,0.7079944570792016,0.7480169222633527
14,sider,SIDER1,te,118,1366,63,74,1.1746031746031746,37,37,19,44,0.6984126984126984,0.5,0.5912408759124088,0.20114955457335376,0.5856930339943598,0.6344916344916345
15,sider,SIDER1,tr,118,1366,593,513,0.8650927487352446,488,25,31,562,0.9477234401349073,0.9512670565302144,0.9493670886075949,0.8983351653256598,0.9892721784080886,0.9875151622733056
15,sider,SIDER1,va,118,1366,65,58,0.8923076923076924,32,26,23,42,0.6461538461538462,0.5517241379310345,0.6016260162601627,0.19867002721393934,0.6707002733594782,0.6702917771883289
15,sider,SIDER1,te,118,1366,76,61,0.8026315789473685,46,15,25,51,0.6710526315789473,0.7540983606557377,0.708029197080292,0.4228767114928885,0.7441684494345053,0.747411561691113
1,sider,SIDER2,tr,118,1366,762,344,0.45144356955380577,330,14,82,680,0.8923884514435696,0.9593023255813954,0.9132007233273056,0.8154743551530206,0.989833101017191,0.9766850546297992
1,sider,SIDER2,va,118,1366,82,41,0.5,26,15,24,58,0.7073170731707317,0.6341463414634146,0.6829268292682927,0.32771521214916544,0.8032032336038979,0.7162403331350387
1,sider,SIDER2,te,118,1366,112,25,0.22321428571428573,14,11,41,71,0.6339285714285714,0.56,0.6204379562043796,0.15280323295423762,0.8602007890858463,0.5821428571428571
2,sider,SIDER2,tr,118,1366,784,322,0.4107142857142857,273,49,129,655,0.8354591836734694,0.8478260869565217,0.8390596745027125,0.6453401266109186,0.9691703683940014,0.92797130498162
2,sider,SIDER2,va,118,1366,78,45,0.5769230769230769,23,22,23,55,0.7051282051282052,0.5111111111111111,0.6341463414634146,0.21526029902654203,0.7441722922926644,0.6606837606837607
2,sider,SIDER2,te,118,1366,94,43,0.4574468085106383,20,23,18,76,0.8085106382978723,0.46511627906976744,0.7007299270072993,0.2836270035488648,0.8430057643582926,0.723404255319149
3,sider,SIDER2,tr,118,1366,768,338,0.4401041666666667,269,69,197,571,0.7434895833333334,0.7958579881656804,0.759493670886076,0.503181589183171,0.9263288006461095,0.8456857895710058
3,sider,SIDER2,va,118,1366,86,37,0.43023255813953487,22,15,33,53,0.6162790697674418,0.5945945945945946,0.6097560975609756,0.19450762518006554,0.771038858139696,0.6106222501571339
3,sider,SIDER2,te,118,1366,102,35,0.3431372549019608,21,14,43,59,0.5784313725490197,0.6,0.583941605839416,0.1559746095820516,0.7836700309825178,0.5637254901960784
4,sider,SIDER2,tr,118,1366,782,324,0.4143222506393862,323,1,29,753,0.9629156010230179,0.9969135802469136,0.972875226039783,0.9378056100887869,0.9991005874548111,0.9976437434877332
4,sider,SIDER2,va,118,1366,87,36,0.41379310344827586,15,21,17,70,0.8045977011494253,0.4166666666666667,0.6910569105691057,0.22947039995658125,0.857228963348505,0.7001915708812261
4,sider,SIDER2,te,118,1366,87,50,0.5747126436781609,20,30,17,70,0.8045977011494253,0.4,0.656934306569343,0.22184238014372884,0.7462204549831373,0.6554022988505748
5,sider,SIDER2,tr,118,1366,770,336,0.43636363636363634,309,27,92,678,0.8805194805194805,0.9196428571428571,0.8924050632911392,0.7654668058902352,0.9835692620664307,0.9621811224489796
5,sider,SIDER2,va,118,1366,90,33,0.36666666666666664,18,15,22,68,0.7555555555555555,0.5454545454545454,0.6991869918699187,0.2847018257920844,0.8371350215065942,0.6956228956228955
5,sider,SIDER2,te,118,1366,96,41,0.4270833333333333,12,29,24,72,0.75,0.2926829268292683,0.6131386861313869,0.04440887787769051,0.7728076641161257,0.5716463414634148
6,sider,SIDER2,tr,118,1366,793,313,0.39470365699873894,307,6,50,743,0.9369482976040353,0.9808306709265175,0.9493670886075949,0.8842434406240758,0.9971231884843132,0.9922484680249306
6,sider,SIDER2,va,118,1366,79,44,0.5569620253164557,17,27,10,69,0.8734177215189873,0.38636363636363635,0.6991869918699187,0.3008363894940747,0.7717628651708129,0.6892980437284235
6,sider,SIDER2,te,118,1366,84,53,0.6309523809523809,23,30,18,66,0.7857142857142857,0.4339622641509434,0.6496350364963503,0.23363275600154731,0.7786291013236407,0.6695867026055705
7,sider,SIDER2,tr,118,1366,766,340,0.44386422976501305,326,14,65,701,0.9151436031331592,0.9588235294117647,0.9285714285714286,0.8435436181030125,0.9930947651571154,0.9840078328981723
7,sider,SIDER2,va,118,1366,91,32,0.3516483516483517,15,17,22,69,0.7582417582417582,0.46875,0.6829268292682927,0.21714792638935934,0.8600274030350668,0.6785714285714286
7,sider,SIDER2,te,118,1366,99,38,0.3838383838383838,18,20,28,71,0.7171717171717171,0.47368421052631576,0.6496350364963503,0.18093202198834277,0.8867135961572544,0.7397660818713451
8,sider,SIDER2,tr,118,1366,784,322,0.4107142857142857,320,2,21,763,0.9732142857142857,0.9937888198757764,0.9792043399638336,0.951274661700956,0.9995392005553816,0.9988314425148941
8,sider,SIDER2,va,118,1366,74,49,0.6621621621621622,19,30,14,60,0.8108108108108109,0.3877551020408163,0.6422764227642277,0.2194018937801901,0.7922774020121784,0.7233866519580805
8,sider,SIDER2,te,118,1366,98,39,0.3979591836734694,12,27,23,75,0.7653061224489796,0.3076923076923077,0.635036496350365,0.07553091638772501,0.8106432978221707,0.6161695447409733
9,sider,SIDER2,tr,118,1366,785,321,0.4089171974522293,304,17,70,715,0.910828025477707,0.9470404984423676,0.9213381555153707,0.8230320287488416,0.9926299186494828,0.9815425521360399
9,sider,SIDER2,va,118,1366,77,46,0.5974025974025974,25,21,20,57,0.7402597402597403,0.5434782608695652,0.6666666666666666,0.28502845918534225,0.7746613626208866,0.6877470355731227
9,sider,SIDER2,te,118,1366,94,43,0.4574468085106383,14,29,23,71,0.7553191489361702,0.32558139534883723,0.6204379562043796,0.08455683836235328,0.7378616066567998,0.5494804552201881
10,sider,SIDER2,tr,118,1366,764,342,0.4476439790575916,314,28,108,656,0.8586387434554974,0.9181286549707602,0.8770343580470162,0.7390374485642596,0.9829315417903881,0.9609645295612503
10,sider,SIDER2,va,118,1366,95,28,0.29473684210526313,15,13,25,70,0.7368421052631579,0.5357142857142857,0.6910569105691057,0.24396534877561354,0.8967598347942741,0.7045112781954886
10,sider,SIDER2,te,118,1366,97,40,0.41237113402061853,16,24,25,72,0.7422680412371134,0.4,0.6423357664233577,0.14125234615909507,0.8223114932379851,0.6355670103092783
11,sider,SIDER2,tr,118,1366,784,322,0.4107142857142857,317,5,50,734,0.9362244897959183,0.984472049689441,0.9502712477396021,0.8882745651265436,0.997623262995224,0.9938918113829383
11,sider,SIDER2,va,118,1366,85,38,0.4470588235294118,11,27,15,70,0.8235294117647058,0.2894736842105263,0.6585365853658537,0.12788483932680614,0.8020549893901845,0.6808049535603715
11,sider,SIDER2,te,118,1366,87,50,0.5747126436781609,22,28,27,60,0.6896551724137931,0.44,0.5985401459854015,0.1302252198868118,0.7356953280357774,0.6204597701149425
12,sider,SIDER2,tr,118,1366,773,333,0.4307891332470893,333,0,15,758,0.9805950840879689,1.0,0.9864376130198915,0.9686733477294699,0.9999634750366251,0.99991453290289
12,sider,SIDER2,va,118,1366,87,36,0.41379310344827586,22,14,20,67,0.7701149425287356,0.6111111111111112,0.7235772357723578,0.36578533974113897,0.8308419988107681,0.7270114942528736
12,sider,SIDER2,te,118,1366,96,41,0.4270833333333333,12,29,23,73,0.7604166666666666,0.2926829268292683,0.6204379562043796,0.055755104376619465,0.7476179207758061,0.5767276422764227
13,sider,SIDER2,tr,118,1366,769,337,0.43823146944083224,330,7,47,722,0.9388816644993498,0.9792284866468842,0.9511754068716094,0.8915351495737373,0.9970309586097692,0.9928845122379444
13,sider,SIDER2,va,118,1366,92,31,0.33695652173913043,12,19,22,70,0.7608695652173914,0.3870967741935484,0.6666666666666666,0.14364920556764993,0.8219680500160919,0.6427068723702664
13,sider,SIDER2,te,118,1366,95,42,0.4421052631578947,13,29,18,77,0.8105263157894737,0.30952380952380953,0.656934306569343,0.1322864268527855,0.7861830066839548,0.631328320802005
14,sider,SIDER2,tr,118,1366,773,333,0.4307891332470893,330,3,61,712,0.9210866752910737,0.990990990990991,0.9421338155515371,0.8751898767268526,0.9951806781810857,0.9879491393074834
14,sider,SIDER2,va,118,1366,83,40,0.4819277108433735,22,18,17,66,0.7951807228915663,0.55,0.7154471544715447,0.3474910547041903,0.8197970913837573,0.7111445783132532
14,sider,SIDER2,te,118,1366,100,37,0.37,16,21,36,64,0.64,0.43243243243243246,0.583941605839416,0.06627088912012513,0.806454977806184,0.5905405405405405
15,sider,SIDER2,tr,118,1366,782,324,0.4143222506393862,301,23,83,699,0.8938618925831202,0.9290123456790124,0.9041591320072333,0.7866383889953718,0.9871923016070447,0.9685122035931925
15,sider,SIDER2,va,118,1366,81,42,0.5185185185185185,23,19,31,50,0.6172839506172839,0.5476190476190477,0.5934959349593496,0.15757027077989855,0.747603054937332,0.638154027042916
15,sider,SIDER2,te,118,1366,93,44,0.4731182795698925,26,18,31,62,0.6666666666666666,0.5909090909090909,0.6423357664233577,0.24400030939226156,0.8191000537904342,0.6637341153470185
1,sider,SIDER3,tr,118,1366,16,1090,68.125,946,144,4,12,0.75,0.8678899082568807,0.8661844484629295,0.21196308929589755,0.2534641211488906,0.829959862385321
1,sider,SIDER3,va,118,1366,3,120,40.0,102,18,3,0,0.0,0.85,0.8292682926829268,-0.06546536707079723,0.029307558710262024,0.5888888888888888
1,sider,SIDER3,te,118,1366,2,135,67.5,107,28,2,0,0.0,0.7925925925925926,0.781021897810219,-0.06168987358463432,0.013745788882650198,0.4981481481481481
2,sider,SIDER3,tr,118,1366,16,1090,68.125,1088,2,0,16,1.0,0.998165137614679,0.9981916817359855,0.9419436820224109,1.0,1.0
2,sider,SIDER3,va,118,1366,4,119,29.75,118,1,4,0,0.0,0.9915966386554622,0.959349593495935,-0.016598796464899486,0.06451640347884191,0.6911764705882353
2,sider,SIDER3,te,118,1366,1,136,136.0,136,0,1,0,0.0,1.0,0.9927007299270073,0.0,0.00980392156862745,0.6323529411764706
3,sider,SIDER3,tr,118,1366,16,1090,68.125,1056,34,1,15,0.9375,0.9688073394495413,0.9683544303797469,0.525912149182285,0.7470474094778596,0.9947534403669724
3,sider,SIDER3,va,118,1366,3,120,40.0,114,6,3,0,0.0,0.95,0.926829268292683,-0.035805743701970934,0.04936619391916945,0.775
3,sider,SIDER3,te,118,1366,2,135,67.5,127,8,2,0,0.0,0.9407407407407408,0.927007299270073,-0.0303108595320205,0.013260710808179163,0.475925925925926
4,sider,SIDER3,tr,118,1366,18,1088,60.44444444444444,1070,18,0,18,1.0,0.9834558823529411,0.9837251356238698,0.7012331574993232,0.8744448301582506,0.9979830473856209
4,sider,SIDER3,va,118,1366,1,122,122.0,120,2,1,0,0.0,0.9836065573770492,0.975609756097561,-0.011639716357534026,0.045454545454545456,0.9180327868852459
4,sider,SIDER3,te,118,1366,2,135,67.5,132,3,2,0,0.0,0.9777777777777777,0.9635036496350365,-0.01821194549027093,0.053143939393939396,0.8777777777777778
5,sider,SIDER3,tr,118,1366,17,1089,64.05882352941177,985,104,2,15,0.8823529411764706,0.9044995408631772,0.9041591320072333,0.31239182669151977,0.3771292538602346,0.9665640360827527
5,sider,SIDER3,va,118,1366,1,122,122.0,110,12,0,1,1.0,0.9016393442622951,0.9024390243902439,0.2633569301073302,0.6666666666666666,0.9918032786885246
5,sider,SIDER3,te,118,1366,3,134,44.666666666666664,122,12,3,0,0.0,0.9104477611940298,0.8905109489051095,-0.04636004455717496,0.026855949804645812,0.562189054726368
6,sider,SIDER3,tr,118,1366,16,1090,68.125,1088,2,0,16,1.0,0.998165137614679,0.9981916817359855,0.9419436820224109,1.0,1.0
6,sider,SIDER3,va,118,1366,4,119,29.75,118,1,4,0,0.0,0.9915966386554622,0.959349593495935,-0.016598796464899486,0.06451640347884191,0.6911764705882353
6,sider,SIDER3,te,118,1366,1,136,136.0,136,0,1,0,0.0,1.0,0.9927007299270073,0.0,0.00980392156862745,0.6323529411764706
7,sider,SIDER3,tr,118,1366,18,1088,60.44444444444444,1040,48,5,13,0.7222222222222222,0.9558823529411765,0.9520795660036167,0.37585844448479744,0.28230188221237834,0.9685968137254902
7,sider,SIDER3,va,118,1366,2,121,60.5,117,4,2,0,0.0,0.9669421487603306,0.9512195121951219,-0.023571044492804952,0.028232128232128232,0.7252066115702479
7,sider,SIDER3,te,118,1366,1,136,136.0,134,2,1,0,0.0,0.9852941176470589,0.9781021897810219,-0.010437071518084404,0.003937007874015748,0.14705882352941174
8,sider,SIDER3,tr,118,1366,17,1089,64.05882352941177,1086,3,0,17,1.0,0.9972451790633609,0.9972875226039783,0.9206836602242146,1.0,1.0
8,sider,SIDER3,va,118,1366,1,122,122.0,121,1,1,0,0.0,0.9918032786885246,0.983739837398374,-0.008196721311472656,0.0078125,0.48360655737704916
8,sider,SIDER3,te,118,1366,3,134,44.666666666666664,132,2,3,0,0.0,0.9850746268656716,0.9635036496350365,-0.01821194549027093,0.016690747519246044,0.3942786069651741
9,sider,SIDER3,tr,118,1366,18,1088,60.44444444444444,1086,2,0,18,1.0,0.9981617647058824,0.9981916817359855,0.947810945408046,1.0,1.0
9,sider,SIDER3,va,118,1366,1,122,122.0,122,0,1,0,0.0,1.0,0.991869918699187,0.0,0.015625,0.7459016393442623
9,sider,SIDER3,te,118,1366,2,135,67.5,135,0,2,0,0.0,1.0,0.9854014598540146,0.0,0.020558865085729558,0.6111111111111112
10,sider,SIDER3,tr,118,1366,18,1088,60.44444444444444,1064,24,1,17,0.9444444444444444,0.9779411764705882,0.9773960216998192,0.6177268690455746,0.5812744110483966,0.9911151960784313
10,sider,SIDER3,va,118,1366,2,121,60.5,117,4,1,1,0.5,0.9669421487603306,0.959349593495935,0.2990506527298657,0.12045454545454547,0.9462809917355373
10,sider,SIDER3,te,118,1366,1,136,136.0,134,2,1,0,0.0,0.9852941176470589,0.9781021897810219,-0.010437071518084404,0.013157894736842105,0.7279411764705883
11,sider,SIDER3,tr,118,1366,18,1088,60.44444444444444,1087,1,0,18,1.0,0.9990808823529411,0.9990958408679927,0.9728811222439131,1.0,1.0
11,sider,SIDER3,va,118,1366,1,122,122.0,120,2,1,0,0.0,0.9836065573770492,0.975609756097561,-0.011639716357534026,0.1,0.9672131147540983
11,sider,SIDER3,te,118,1366,2,135,67.5,135,0,2,0,0.0,1.0,0.9854014598540146,0.0,0.015829093992248064,0.4407407407407407
12,sider,SIDER3,tr,118,1366,17,1089,64.05882352941177,1029,60,4,13,0.7647058823529411,0.9449035812672176,0.9421338155515371,0.35159784821881074,0.2762339532498784,0.924863609355588
12,sider,SIDER3,va,118,1366,1,122,122.0,115,7,1,0,0.0,0.9426229508196722,0.9349593495934959,-0.022240272802129053,0.009615384615384616,0.5860655737704918
12,sider,SIDER3,te,118,1366,3,134,44.666666666666664,129,5,3,0,0.0,0.9626865671641791,0.9416058394160584,-0.029120998685663976,0.013594473661793123,0.25497512437810943
13,sider,SIDER3,tr,118,1366,17,1089,64.05882352941177,1081,8,0,17,1.0,0.992653810835629,0.9927667269439421,0.8215866304707177,0.9372669333741999,0.9991357424512505
13,sider,SIDER3,va,118,1366,2,121,60.5,120,1,2,0,0.0,0.9917355371900827,0.975609756097561,-0.011639716357534026,0.20277777777777778,0.9628099173553719
13,sider,SIDER3,te,118,1366,2,135,67.5,135,0,2,0,0.0,1.0,0.9854014598540146,0.0,0.013472111091035799,0.4962962962962963
14,sider,SIDER3,tr,118,1366,15,1091,72.73333333333333,1068,23,0,15,1.0,0.9789184234647113,0.9792043399638336,0.621623010479119,0.6497263438316069,0.9945615643140849
14,sider,SIDER3,va,118,1366,3,120,40.0,117,3,3,0,0.0,0.975,0.9512195121951219,-0.024999999999999037,0.08247790603696675,0.861111111111111
14,sider,SIDER3,te,118,1366,3,134,44.666666666666664,134,0,3,0,0.0,1.0,0.9781021897810219,0.0,0.3559620436701458,0.6604477611940298
15,sider,SIDER3,tr,118,1366,13,1093,84.07692307692308,900,193,5,8,0.6153846153846154,0.8234217749313815,0.8209764918625678,0.12264006792224223,0.33071542231598483,0.7880568653670209
15,sider,SIDER3,va,118,1366,2,121,60.5,100,21,2,0,0.0,0.8264462809917356,0.8130081300813008,-0.0583353589017947,0.023057644110275687,0.7024793388429752
15,sider,SIDER3,te,118,1366,6,131,21.833333333333332,105,26,6,0,0.0,0.8015267175572519,0.7664233576642335,-0.10357743739563069,0.03352216518274913,0.4217557251908397
1,sider,SIDER4,tr,118,1366,670,436,0.6507462686567164,436,0,19,651,0.9716417910447761,1.0,0.9828209764918626,0.9649185137781934,0.9988981204159094,0.9979871285772971
1,sider,SIDER4,va,118,1366,84,39,0.4642857142857143,23,16,25,59,0.7023809523809523,0.5897435897435898,0.6666666666666666,0.2786690524285765,0.8337687224030078,0.7353479853479854
1,sider,SIDER4,te,118,1366,99,38,0.3838383838383838,19,19,24,75,0.7575757575757576,0.5,0.6861313868613139,0.24849418303693488,0.8066959042236493,0.6422115895800107
2,sider,SIDER4,tr,118,1366,704,402,0.5710227272727273,397,5,28,676,0.9602272727272727,0.9875621890547264,0.9701627486437613,0.9372235887588066,0.9979865465815094,0.9961909203980099
2,sider,SIDER4,va,118,1366,71,52,0.7323943661971831,26,26,22,49,0.6901408450704225,0.5,0.6097560975609756,0.19255509546291516,0.6573269564403131,0.6305525460455037
2,sider,SIDER4,te,118,1366,78,59,0.7564102564102564,26,33,19,59,0.7564102564102564,0.4406779661016949,0.6204379562043796,0.20779438567826064,0.6983803563829798,0.6077792264232942
3,sider,SIDER4,tr,118,1366,695,411,0.5913669064748202,400,11,41,654,0.9410071942446043,0.9732360097323601,0.9529837251356239,0.9022874910867569,0.9956431065022568,0.9923103852684276
3,sider,SIDER4,va,118,1366,68,55,0.8088235294117647,30,25,16,52,0.7647058823529411,0.5454545454545454,0.6666666666666666,0.31871162870942504,0.6979545182081385,0.6759358288770053
3,sider,SIDER4,te,118,1366,90,47,0.5222222222222223,24,23,23,67,0.7444444444444445,0.5106382978723404,0.6642335766423357,0.2550827423167848,0.7539489932729645,0.650354609929078
4,sider,SIDER4,tr,118,1366,690,416,0.6028985507246377,247,169,132,558,0.808695652173913,0.59375,0.7278481012658228,0.41076330555312784,0.8372805403122101,0.7730560200668897
4,sider,SIDER4,va,118,1366,77,46,0.5974025974025974,21,25,12,65,0.8441558441558441,0.45652173913043476,0.6991869918699187,0.3283576241847161,0.7213778570432121,0.6518915866741953
4,sider,SIDER4,te,118,1366,86,51,0.5930232558139535,21,30,27,59,0.686046511627907,0.4117647058823529,0.583941605839416,0.09910769063333867,0.749914725784769,0.6338349293205654
5,sider,SIDER4,tr,118,1366,685,421,0.6145985401459854,339,82,227,458,0.6686131386861314,0.8052256532066508,0.720614828209765,0.4602691326835413,0.8696456793124816,0.8047766007247257
5,sider,SIDER4,va,118,1366,72,51,0.7083333333333334,34,17,30,42,0.5833333333333334,0.6666666666666666,0.6178861788617886,0.2465331655070271,0.7774315433855711,0.6828703703703703
5,sider,SIDER4,te,118,1366,96,41,0.4270833333333333,25,16,44,52,0.5416666666666666,0.6097560975609756,0.5620437956204379,0.1386882643618862,0.7970780120464689,0.6081046747967479
6,sider,SIDER4,tr,118,1366,694,412,0.5936599423631124,370,42,55,639,0.920749279538905,0.8980582524271845,0.9122965641952984,0.8138458461890984,0.9854521872870177,0.9742837357656474
6,sider,SIDER4,va,118,1366,74,49,0.6621621621621622,32,17,27,47,0.6351351351351351,0.6530612244897959,0.6422764227642277,0.28241411427315727,0.7925615181233683,0.6958080529509101
6,sider,SIDER4,te,118,1366,85,52,0.611764705882353,32,20,22,63,0.7411764705882353,0.6153846153846154,0.6934306569343066,0.3540863233519761,0.7968362933829811,0.7085972850678732
7,sider,SIDER4,tr,118,1366,697,409,0.5868005738880918,292,117,173,524,0.7517934002869441,0.7139364303178484,0.7377938517179023,0.4554666762902623,0.8866181407317073,0.8187867668983032
7,sider,SIDER4,va,118,1366,75,48,0.64,26,22,26,49,0.6533333333333333,0.5416666666666666,0.6097560975609756,0.19255509546291516,0.7113921223705576,0.6320833333333333
7,sider,SIDER4,te,118,1366,81,56,0.691358024691358,36,20,37,44,0.5432098765432098,0.6428571428571429,0.583941605839416,0.1833388515777212,0.6654808872650682,0.5767195767195766
8,sider,SIDER4,tr,118,1366,688,418,0.6075581395348837,392,26,59,629,0.9142441860465116,0.937799043062201,0.9231464737793852,0.8406884265423467,0.986404180661265,0.9765077333926783
8,sider,SIDER4,va,118,1366,74,49,0.6621621621621622,29,20,29,45,0.6081081081081081,0.5918367346938775,0.6016260162601627,0.19608909023215476,0.7425659948597231,0.6649200220628791
8,sider,SIDER4,te,118,1366,91,46,0.5054945054945055,28,18,25,66,0.7252747252747253,0.6086956521739131,0.6861313868613139,0.3238396202706706,0.8514577674371917,0.7448638318203537
9,sider,SIDER4,tr,118,1366,701,405,0.5777460770328102,366,39,58,643,0.9172610556348074,0.9037037037037037,0.9122965641952984,0.8134594710850611,0.9818087300640101,0.9677057466406015
9,sider,SIDER4,va,118,1366,73,50,0.684931506849315,29,21,21,52,0.7123287671232876,0.58,0.6585365853658537,0.29232876712328754,0.796582171448216,0.6928767123287672
9,sider,SIDER4,te,118,1366,79,58,0.7341772151898734,22,36,24,55,0.6962025316455697,0.3793103448275862,0.5620437956204379,0.07900397526650259,0.6421103874546163,0.5942819729375819
10,sider,SIDER4,tr,118,1366,690,416,0.6028985507246377,408,8,30,660,0.9565217391304348,0.9807692307692307,0.9656419529837251,0.9283684164743098,0.9978341635863195,0.996016234671126
10,sider,SIDER4,va,118,1366,79,44,0.5569620253164557,23,21,24,55,0.6962025316455697,0.5227272727272727,0.6341463414634146,0.21596782163037265,0.755467446753584,0.6323360184119677
10,sider,SIDER4,te,118,1366,84,53,0.6309523809523809,20,33,25,59,0.7023809523809523,0.37735849056603776,0.5766423357664233,0.08268954546391788,0.6806048187178497,0.5927672955974842
11,sider,SIDER4,tr,118,1366,688,418,0.6075581395348837,317,101,126,562,0.8168604651162791,0.7583732057416268,0.794755877034358,0.5692041160391124,0.9162477277217457,0.876909007455213
11,sider,SIDER4,va,118,1366,70,53,0.7571428571428571,29,24,24,46,0.6571428571428571,0.5471698113207547,0.6097560975609756,0.2043126684636118,0.743603208449944,0.6637466307277629
11,sider,SIDER4,te,118,1366,95,42,0.4421052631578947,16,26,37,58,0.6105263157894737,0.38095238095238093,0.5401459854014599,-0.00806705264947787,0.6767895128951836,0.49736842105263157
12,sider,SIDER4,tr,118,1366,704,402,0.5710227272727273,370,32,45,659,0.9360795454545454,0.9203980099502488,0.930379746835443,0.8508485645984439,0.9919830205591996,0.9848608519900497
12,sider,SIDER4,va,118,1366,70,53,0.7571428571428571,21,32,17,53,0.7571428571428571,0.39622641509433965,0.6016260162601627,0.16437056592375168,0.7095657374452162,0.6336927223719675
12,sider,SIDER4,te,118,1366,79,58,0.7341772151898734,25,33,20,59,0.7468354430379747,0.43103448275862066,0.6131386861313869,0.18712417376388776,0.7233759635820587,0.6418594500218244
13,sider,SIDER4,tr,118,1366,685,421,0.6145985401459854,327,94,218,467,0.6817518248175183,0.7767220902612827,0.7179023508137432,0.44526779340053435,0.860628720197158,0.798460391490542
13,sider,SIDER4,va,118,1366,82,41,0.5,25,16,38,44,0.5365853658536586,0.6097560975609756,0.5609756097560976,0.1380131118684708,0.8048755800239433,0.6798036882807852
13,sider,SIDER4,te,118,1366,86,51,0.5930232558139535,27,24,36,50,0.5813953488372093,0.5294117647058824,0.5620437956204379,0.10747707065624457,0.6782618279236282,0.5682854537163702
14,sider,SIDER4,tr,118,1366,677,429,0.6336779911373708,377,52,168,509,0.7518463810930576,0.8787878787878788,0.8010849909584087,0.6146400552711694,0.9332170232521697,0.8929494926540716
14,sider,SIDER4,va,118,1366,84,39,0.4642857142857143,24,15,29,55,0.6547619047619048,0.6153846153846154,0.6422764227642277,0.2538542094541531,0.8381569733372586,0.7011599511599511
14,sider,SIDER4,te,118,1366,92,45,0.4891304347826087,20,25,41,51,0.5543478260869565,0.4444444444444444,0.5182481751824818,-0.0011412955400357967,0.7037650090306018,0.5272946859903382
15,sider,SIDER4,tr,118,1366,693,413,0.5959595959595959,413,0,1,692,0.9985569985569985,1.0,0.9990958408679927,0.9980706513722024,1.0,1.0
15,sider,SIDER4,va,118,1366,71,52,0.7323943661971831,25,27,17,54,0.7605633802816901,0.4807692307692308,0.6422764227642277,0.2514083531570618,0.6964562899961992,0.6495124593716143
15,sider,SIDER4,te,118,1366,89,48,0.5393258426966292,23,25,25,64,0.7191011235955056,0.4791666666666667,0.635036496350365,0.19826779026217226,0.7438524411579561,0.6409176029962548
1,sider,SIDER5,tr,118,1366,893,213,0.23852183650615902,187,26,213,680,0.761478163493841,0.8779342723004695,0.7839059674502713,0.5247642775347257,0.9710273052018457,0.8935986204648569
1,sider,SIDER5,va,118,1366,93,30,0.3225806451612903,20,10,31,62,0.6666666666666666,0.6666666666666666,0.6666666666666666,0.29055577425353235,0.8101523347097564,0.6749103942652329
1,sider,SIDER5,te,118,1366,121,16,0.1322314049586777,10,6,39,82,0.6776859504132231,0.625,0.6715328467153284,0.20281756458504485,0.9561809895856335,0.756973140495868
2,sider,SIDER5,tr,118,1366,899,207,0.23025583982202447,170,37,202,697,0.7753058954393771,0.821256038647343,0.7839059674502713,0.49249412801094883,0.9672620498226023,0.8719914236430172
2,sider,SIDER5,va,118,1366,101,22,0.21782178217821782,11,11,25,76,0.7524752475247525,0.5,0.7073170731707317,0.21265713434643427,0.9216156389236314,0.7070207020702071
2,sider,SIDER5,te,118,1366,107,30,0.2803738317757009,16,14,32,75,0.7009345794392523,0.5333333333333333,0.6642335766423357,0.20307183928668962,0.88263045014093,0.6633956386292834
3,sider,SIDER5,tr,118,1366,898,208,0.23162583518930957,180,28,148,750,0.8351893095768375,0.8653846153846154,0.840867992766727,0.5993728746198801,0.9799130788797872,0.9206677231454514
3,sider,SIDER5,va,118,1366,98,25,0.25510204081632654,13,12,19,79,0.8061224489795918,0.52,0.7479674796747967,0.2991355659074329,0.9173358328758586,0.7283673469387755
3,sider,SIDER5,te,118,1366,111,26,0.23423423423423423,12,14,31,80,0.7207207207207207,0.46153846153846156,0.6715328467153284,0.15400663302410234,0.876182988757294,0.6503811503811504
4,sider,SIDER5,tr,118,1366,909,197,0.21672167216721672,156,41,170,739,0.812981298129813,0.7918781725888325,0.8092224231464737,0.5075904451991716,0.9726753297224839,0.8848235077314838
4,sider,SIDER5,va,118,1366,92,31,0.33695652173913043,20,11,22,70,0.7608695652173914,0.6451612903225806,0.7317073170731707,0.3717634109483544,0.9042265291546057,0.7613955119214586
4,sider,SIDER5,te,118,1366,106,31,0.29245283018867924,15,16,19,87,0.8207547169811321,0.4838709677419355,0.7445255474452555,0.2950816661915553,0.8768866750468612,0.686396835057821
5,sider,SIDER5,tr,118,1366,889,217,0.2440944881889764,197,20,171,718,0.8076490438695163,0.9078341013824884,0.8273056057866185,0.6030149295804372,0.9823489892794253,0.9297792269053926
5,sider,SIDER5,va,118,1366,105,18,0.17142857142857143,11,7,23,82,0.780952380952381,0.6111111111111112,0.7560975609756098,0.30985095857485706,0.9352273800407231,0.7619047619047619
5,sider,SIDER5,te,118,1366,113,24,0.21238938053097345,12,12,27,86,0.7610619469026548,0.5,0.7153284671532847,0.2199090354774814,0.8873175265443649,0.6836283185840708
6,sider,SIDER5,tr,118,1366,906,200,0.22075055187637968,155,45,199,707,0.7803532008830022,0.775,0.779385171790235,0.4581817901434546,0.9688379951462311,0.8697047461368653
6,sider,SIDER5,va,118,1366,94,29,0.30851063829787234,19,10,19,75,0.7978723404255319,0.6551724137931034,0.7642276422764228,0.4162006658573077,0.9034497982181385,0.7842993396918563
6,sider,SIDER5,te,118,1366,107,30,0.2803738317757009,10,20,36,71,0.6635514018691588,0.3333333333333333,0.5912408759124088,-0.0027280220216778246,0.8181030378179717,0.5429906542056074
7,sider,SIDER5,tr,118,1366,898,208,0.23162583518930957,179,29,182,716,0.7973273942093542,0.8605769230769231,0.8092224231464737,0.548278018835152,0.9771228177142717,0.9073662626349152
7,sider,SIDER5,va,118,1366,100,23,0.23,12,11,25,75,0.75,0.5217391304347826,0.7073170731707317,0.2310287411421643,0.9048154755121303,0.7126086956521739
7,sider,SIDER5,te,118,1366,109,28,0.25688073394495414,15,13,30,79,0.7247706422018348,0.5357142857142857,0.6861313868613139,0.22365298220158122,0.8665767979575156,0.651048492791612
8,sider,SIDER5,tr,118,1366,898,208,0.23162583518930957,194,14,140,758,0.844097995545657,0.9326923076923077,0.8607594936708861,0.6611374339316506,0.9882603166047221,0.9487804094569128
8,sider,SIDER5,va,118,1366,92,31,0.33695652173913043,12,19,18,74,0.8043478260869565,0.3870967741935484,0.6991869918699187,0.19356007444844056,0.8793667893220025,0.7110799438990183
8,sider,SIDER5,te,118,1366,117,20,0.17094017094017094,12,8,26,91,0.7777777777777778,0.6,0.7518248175182481,0.2979442035346067,0.9033439640451896,0.6944444444444444
9,sider,SIDER5,tr,118,1366,902,204,0.2261640798226164,135,69,257,645,0.7150776053215078,0.6617647058823529,0.705244122965642,0.30555252135591826,0.9295551541249958,0.7536900569540455
9,sider,SIDER5,va,118,1366,92,31,0.33695652173913043,22,9,29,63,0.6847826086956522,0.7096774193548387,0.6910569105691057,0.34763734592269396,0.883004771703918,0.7298387096774194
9,sider,SIDER5,te,118,1366,113,24,0.21238938053097345,10,14,33,80,0.7079646017699115,0.4166666666666667,0.656934306569343,0.10208776668034301,0.8858808777995921,0.6078539823008849
10,sider,SIDER5,tr,118,1366,902,204,0.2261640798226164,164,40,230,672,0.7450110864745011,0.803921568627451,0.755877034358047,0.44457937581830087,0.9577962719614856,0.842245989304813
10,sider,SIDER5,va,118,1366,99,24,0.24242424242424243,12,12,26,73,0.7373737373737373,0.5,0.6910569105691057,0.203589147890902,0.9062175421784376,0.740530303030303
10,sider,SIDER5,te,118,1366,106,31,0.29245283018867924,20,11,26,80,0.7547169811320755,0.6451612903225806,0.7299270072992701,0.3542925120739389,0.9076531970274871,0.7478697504564821
11,sider,SIDER5,tr,118,1366,893,213,0.23852183650615902,159,54,323,570,0.6382978723404256,0.7464788732394366,0.659132007233273,0.3059909164058642,0.9227573414872832,0.7521305511305983
11,sider,SIDER5,va,118,1366,100,23,0.23,15,8,38,62,0.62,0.6521739130434783,0.6260162601626016,0.21430063622407278,0.9089260600767746,0.6913043478260871
11,sider,SIDER5,te,118,1366,114,23,0.20175438596491227,17,6,41,73,0.6403508771929824,0.7391304347826086,0.656934306569343,0.2870643057396605,0.9344866166147724,0.7473302822273074
12,sider,SIDER5,tr,118,1366,901,205,0.22752497225305215,173,32,180,721,0.8002219755826859,0.8439024390243902,0.8083182640144665,0.536938130063051,0.9774570497801152,0.9079423946292737
12,sider,SIDER5,va,118,1366,98,25,0.25510204081632654,16,9,25,73,0.7448979591836735,0.64,0.7235772357723578,0.32857142857142835,0.8621110829835766,0.6714285714285715
12,sider,SIDER5,te,118,1366,108,29,0.26851851851851855,10,19,28,80,0.7407407407407407,0.3448275862068966,0.656934306569343,0.07807545461940171,0.8365223318302488,0.5810983397190294
13,sider,SIDER5,tr,118,1366,893,213,0.23852183650615902,187,26,183,710,0.7950727883538634,0.8779342723004695,0.8110307414104883,0.5624648436868523,0.9796178319021547,0.9157479404234289
13,sider,SIDER5,va,118,1366,104,19,0.18269230769230768,13,6,26,78,0.75,0.6842105263157895,0.7398373983739838,0.3372266367167309,0.9517219136152557,0.7694838056680162
13,sider,SIDER5,te,118,1366,110,27,0.24545454545454545,9,18,36,74,0.6727272727272727,0.3333333333333333,0.6058394160583942,0.005133270023393452,0.7842048398307452,0.5037037037037037
14,sider,SIDER5,tr,118,1366,896,210,0.234375,181,29,260,636,0.7098214285714286,0.861904761904762,0.7386980108499096,0.4579537527962375,0.9664903978962986,0.8685427295918368
14,sider,SIDER5,va,118,1366,100,23,0.23,15,8,41,59,0.59,0.6521739130434783,0.6016260162601627,0.18960939928644308,0.8783775808267208,0.6778260869565218
14,sider,SIDER5,te,118,1366,111,26,0.23423423423423423,14,12,45,66,0.5945945945945946,0.5384615384615384,0.583941605839416,0.10536824676250953,0.8440667591837272,0.5940748440748441
15,sider,SIDER5,tr,118,1366,894,212,0.2371364653243848,208,4,124,770,0.8612975391498882,0.9811320754716981,0.8842676311030742,0.7234871021783231,0.9931119703463964,0.9699674982060699
15,sider,SIDER5,va,118,1366,99,24,0.24242424242424243,12,12,25,74,0.7474747474747475,0.5,0.6991869918699187,0.21384742259219477,0.8653853010892668,0.6426767676767677
15,sider,SIDER5,te,118,1366,114,23,0.20175438596491227,16,7,28,86,0.7543859649122807,0.6956521739130435,0.7445255474452555,0.36024490821371863,0.9584340080334417,0.8184591914569032
1,sider,SIDER6,tr,118,1366,777,329,0.42342342342342343,292,37,115,662,0.851994851994852,0.8875379939209727,0.8625678119349005,0.7010195562394227,0.9717469745069582,0.9347834590995685
1,sider,SIDER6,va,118,1366,80,43,0.5375,18,25,24,56,0.7,0.4186046511627907,0.6016260162601627,0.11926521273354189,0.7994152893277141,0.6671511627906976
1,sider,SIDER6,te,118,1366,105,32,0.3047619047619048,15,17,32,73,0.6952380952380952,0.46875,0.6423357664233577,0.14615436031568993,0.8366035541890924,0.5976190476190477
2,sider,SIDER6,tr,118,1366,784,322,0.4107142857142857,258,64,164,620,0.7908163265306123,0.8012422360248447,0.7938517179023508,0.5536895886089053,0.9448696858504574,0.8774024749651413
2,sider,SIDER6,va,118,1366,84,39,0.4642857142857143,18,21,26,58,0.6904761904761905,0.46153846153846156,0.6178861788617886,0.1475766040310423,0.8080128516403117,0.6452991452991452
2,sider,SIDER6,te,118,1366,94,43,0.4574468085106383,21,22,21,73,0.776595744680851,0.4883720930232558,0.6861313868613139,0.26668885599149,0.744866591544709,0.6274121721919842
3,sider,SIDER6,tr,118,1366,777,329,0.42342342342342343,278,51,142,635,0.8172458172458172,0.8449848024316109,0.825497287522604,0.6237793776718817,0.9571467332378848,0.9008500467467032
3,sider,SIDER6,va,118,1366,87,36,0.41379310344827586,23,13,33,54,0.6206896551724138,0.6388888888888888,0.6260162601626016,0.23716372013810175,0.80640681847482,0.6122286079182631
3,sider,SIDER6,te,118,1366,98,39,0.3979591836734694,23,16,40,58,0.5918367346938775,0.5897435897435898,0.5912408759124088,0.164409911098308,0.8245670610298867,0.6427263212977499
4,sider,SIDER6,tr,118,1366,790,316,0.4,263,53,132,658,0.8329113924050633,0.8322784810126582,0.8327305605786618,0.6271470270270562,0.9688704592090844,0.9219796506970037
4,sider,SIDER6,va,118,1366,80,43,0.5375,23,20,20,60,0.75,0.5348837209302325,0.6747967479674797,0.28488372093023245,0.7917578705734974,0.6831395348837209
4,sider,SIDER6,te,118,1366,92,45,0.4891304347826087,22,23,26,66,0.717391304347826,0.4888888888888889,0.6423357664233577,0.20306827428849655,0.7879458760876148,0.6603864734299518
5,sider,SIDER6,tr,118,1366,769,337,0.43823146944083224,336,1,28,741,0.9635890767230169,0.9970326409495549,0.9737793851717902,0.9409745485168796,0.9989136882421523,0.9972603056881456
5,sider,SIDER6,va,118,1366,95,28,0.29473684210526313,16,12,15,80,0.8421052631578947,0.5714285714285714,0.7804878048780488,0.3993715338321612,0.8741032127451775,0.7481203007518796
5,sider,SIDER6,te,118,1366,98,39,0.3979591836734694,16,23,19,79,0.8061224489795918,0.41025641025641024,0.6934306569343066,0.22388554785895548,0.8673243786936323,0.7216117216117216
6,sider,SIDER6,tr,118,1366,785,321,0.4089171974522293,315,6,69,716,0.9121019108280255,0.9813084112149533,0.9321880650994575,0.8517342263234633,0.9946081866304773,0.986110284342322
6,sider,SIDER6,va,118,1366,82,41,0.5,23,18,23,59,0.7195121951219512,0.5609756097560976,0.6666666666666666,0.27326786250001045,0.794963923811314,0.6992861392028553
6,sider,SIDER6,te,118,1366,95,42,0.4421052631578947,19,23,26,69,0.7263157894736842,0.4523809523809524,0.6423357664233577,0.17542961547605435,0.8213671909500805,0.6541353383458646
7,sider,SIDER6,tr,118,1366,777,329,0.42342342342342343,302,27,124,653,0.8404118404118404,0.9179331306990881,0.8634719710669078,0.7123870458720354,0.9793637601389131,0.948870059812309
7,sider,SIDER6,va,118,1366,88,35,0.3977272727272727,17,18,19,69,0.7840909090909091,0.4857142857142857,0.6991869918699187,0.26755605808046,0.8410531534818572,0.7081168831168831
7,sider,SIDER6,te,118,1366,97,40,0.41237113402061853,23,17,34,63,0.6494845360824743,0.575,0.6277372262773723,0.20707128133652372,0.816611246804026,0.6572164948453608
8,sider,SIDER6,tr,118,1366,775,331,0.4270967741935484,296,35,131,644,0.8309677419354838,0.8942598187311178,0.8499095840867993,0.6821663986396017,0.968902979493858,0.9296871649936654
8,sider,SIDER6,va,118,1366,88,35,0.3977272727272727,21,14,29,59,0.6704545454545454,0.6,0.6504065040650406,0.2484409669765216,0.8450110649437726,0.698051948051948
8,sider,SIDER6,te,118,1366,99,38,0.3838383838383838,21,17,28,71,0.7171717171717171,0.5526315789473685,0.6715328467153284,0.2520097076608443,0.8230527993441786,0.6326422115895799
9,sider,SIDER6,tr,118,1366,787,319,0.40533672172808133,289,30,135,652,0.8284625158831004,0.9059561128526645,0.8508137432188065,0.6843074630268554,0.9762807163699485,0.9424304828064192
9,sider,SIDER6,va,118,1366,80,43,0.5375,24,19,28,52,0.65,0.5581395348837209,0.6178861788617886,0.2009106482085552,0.769710967659067,0.6664244186046511
9,sider,SIDER6,te,118,1366,95,42,0.4421052631578947,17,25,31,64,0.6736842105263158,0.40476190476190477,0.5912408759124088,0.07581275302889037,0.6858146419571417,0.5355889724310777
10,sider,SIDER6,tr,118,1366,779,327,0.4197689345314506,237,90,187,592,0.7599486521181001,0.7247706422018348,0.7495479204339964,0.4549438481295924,0.9155422324918112,0.8206553528596608
10,sider,SIDER6,va,118,1366,85,38,0.4470588235294118,16,22,30,55,0.6470588235294118,0.42105263157894735,0.5772357723577236,0.0650424873602623,0.7974884781741794,0.6334365325077399
10,sider,SIDER6,te,118,1366,98,39,0.3979591836734694,22,17,33,65,0.6632653061224489,0.5641025641025641,0.635036496350365,0.20930816205273203,0.8038667507353239,0.6542386185243328
11,sider,SIDER6,tr,118,1366,790,316,0.4,289,27,90,700,0.8860759493670886,0.9145569620253164,0.8942133815551537,0.7620855291285739,0.9864538710915618,0.965007610959782
11,sider,SIDER6,va,118,1366,78,45,0.5769230769230769,23,22,20,58,0.7435897435897436,0.5111111111111111,0.6585365853658537,0.25727923710196393,0.7912005523394643,0.6886039886039886
11,sider,SIDER6,te,118,1366,94,43,0.4574468085106383,17,26,24,70,0.7446808510638298,0.3953488372093023,0.635036496350365,0.14190272378975466,0.7584140370606822,0.6165264720435428
12,sider,SIDER6,tr,118,1366,779,327,0.4197689345314506,251,76,164,615,0.7894736842105263,0.7675840978593272,0.783001808318264,0.5250247524156532,0.9309161049275445,0.862132114802558
12,sider,SIDER6,va,118,1366,89,34,0.38202247191011235,16,18,27,62,0.6966292134831461,0.47058823529411764,0.6341463414634146,0.156832777447101,0.847015492812679,0.6758096497025776
12,sider,SIDER6,te,118,1366,94,43,0.4574468085106383,20,23,28,66,0.7021276595744681,0.46511627906976744,0.6277372262773723,0.16267953387110623,0.7724757664574137,0.6161553686293914
13,sider,SIDER6,tr,118,1366,770,336,0.43636363636363634,323,13,84,686,0.8909090909090909,0.9613095238095238,0.9122965641952984,0.812699934796389,0.9903739198139045,0.9773307050092765
13,sider,SIDER6,va,118,1366,92,31,0.33695652173913043,18,13,28,64,0.6956521739130435,0.5806451612903226,0.6666666666666666,0.24792891422848864,0.8637204768188941,0.6669004207573632
13,sider,SIDER6,te,118,1366,100,37,0.37,19,18,29,71,0.71,0.5135135135135135,0.656934306569343,0.20801230453494582,0.8178905881817894,0.6651351351351351
14,sider,SIDER6,tr,118,1366,783,323,0.4125159642401022,314,9,82,701,0.8952745849297573,0.9721362229102167,0.9177215189873418,0.8226786069124342,0.9936059024173387,0.9835237180171523
14,sider,SIDER6,va,118,1366,78,45,0.5769230769230769,21,24,20,58,0.7435897435897436,0.4666666666666667,0.6422764227642277,0.21483446221182978,0.7159554467947384,0.6547008547008548
14,sider,SIDER6,te,118,1366,101,36,0.3564356435643564,14,22,27,74,0.7326732673267327,0.3888888888888889,0.6423357664233577,0.11683764298773336,0.7885254783193627,0.5726072607260726
15,sider,SIDER6,tr,118,1366,779,327,0.4197689345314506,297,30,134,645,0.82798459563543,0.908256880733945,0.8517179023508138,0.688925664144172,0.9730015343607767,0.9344706025524765
15,sider,SIDER6,va,118,1366,84,39,0.4642857142857143,18,21,32,52,0.6190476190476191,0.46153846153846156,0.5691056910569106,0.07634586993471953,0.7731267747116246,0.6266788766788767
15,sider,SIDER6,te,118,1366,99,38,0.3838383838383838,24,14,39,60,0.6060606060606061,0.631578947368421,0.6131386861313869,0.21347252576088044,0.8189628517096219,0.63264221158958
1,sider,SIDER7,tr,118,1366,1012,94,0.09288537549407115,94,0,74,938,0.9268774703557312,1.0,0.9330922242314648,0.7201458277149362,0.999220016697274,0.991190816583971
1,sider,SIDER7,va,118,1366,106,17,0.16037735849056603,6,11,11,95,0.8962264150943396,0.35294117647058826,0.8211382113821138,0.2491675915649275,0.9493717726657506,0.7741398446170921
1,sider,SIDER7,te,118,1366,129,8,0.06201550387596899,2,6,14,115,0.8914728682170543,0.25,0.8540145985401459,0.103290488328687,0.9678151300880754,0.6957364341085271
2,sider,SIDER7,tr,118,1366,1012,94,0.09288537549407115,91,3,93,919,0.908102766798419,0.9680851063829787,0.9132007233273056,0.6561105922746171,0.9982072066838579,0.9803843242788663
2,sider,SIDER7,va,118,1366,113,10,0.08849557522123894,4,6,15,98,0.8672566371681416,0.4,0.8292682926829268,0.20210369380339618,0.982766431377998,0.8194690265486725
2,sider,SIDER7,te,118,1366,122,15,0.12295081967213115,9,6,11,111,0.9098360655737705,0.6,0.8759124087591241,0.4508667100685111,0.9682045195292684,0.8284153005464481
3,sider,SIDER7,tr,118,1366,1011,95,0.09396636993076163,91,4,108,903,0.8931750741839762,0.9578947368421052,0.8987341772151899,0.6208295559601817,0.997025101214519,0.9681295226196054
3,sider,SIDER7,va,118,1366,115,8,0.06956521739130435,5,3,16,99,0.8608695652173913,0.625,0.8455284552845529,0.318422594179089,0.9910017972672909,0.8804347826086956
3,sider,SIDER7,te,118,1366,121,16,0.1322314049586777,11,5,21,100,0.8264462809917356,0.6875,0.8102189781021898,0.3901222906509329,0.9775789106926142,0.8496900826446282
4,sider,SIDER7,tr,118,1366,1015,91,0.0896551724137931,89,2,104,911,0.8975369458128079,0.978021978021978,0.9041591320072333,0.633906277849627,0.9979897300397246,0.9773940345368917
4,sider,SIDER7,va,118,1366,111,12,0.10810810810810811,7,5,18,93,0.8378378378378378,0.5833333333333334,0.8130081300813008,0.3105472635013453,0.9793872760881965,0.8378378378378379
4,sider,SIDER7,te,118,1366,121,16,0.1322314049586777,9,7,12,109,0.9008264462809917,0.5625,0.8613138686131386,0.41304857155135055,0.9447554143746664,0.7882231404958678
5,sider,SIDER7,tr,118,1366,1007,99,0.09831181727904667,98,1,116,891,0.8848063555114201,0.98989898989899,0.8942133815551537,0.6321276674266961,0.997642105959724,0.9755750152969616
5,sider,SIDER7,va,118,1366,112,11,0.09821428571428571,9,2,15,97,0.8660714285714286,0.8181818181818182,0.8617886178861789,0.4927186515834972,0.9828941916800866,0.8782467532467533
5,sider,SIDER7,te,118,1366,128,9,0.0703125,4,5,18,110,0.859375,0.4444444444444444,0.8321167883211679,0.20501306769837116,0.9658356454233656,0.697048611111111
6,sider,SIDER7,tr,118,1366,1019,87,0.08537782139352307,84,3,112,907,0.8900883218842002,0.9655172413793104,0.8960216998191681,0.6032142412612753,0.9974853259670269,0.9704296526908281
6,sider,SIDER7,va,118,1366,107,16,0.14953271028037382,9,7,11,96,0.897196261682243,0.5625,0.8536585365853658,0.41907257634522377,0.9820989915686926,0.8860981308411215
6,sider,SIDER7,te,118,1366,121,16,0.1322314049586777,7,9,22,99,0.8181818181818182,0.4375,0.7737226277372263,0.2010211002820864,0.9464784058030689,0.7102272727272728
7,sider,SIDER7,tr,118,1366,1005,101,0.10049751243781095,94,7,191,814,0.8099502487562189,0.9306930693069307,0.8209764918625678,0.48781911983829257,0.992769681220764,0.9321659031574799
7,sider,SIDER7,va,118,1366,111,12,0.10810810810810811,9,3,18,93,0.8378378378378378,0.75,0.8292682926829268,0.4213976904463443,0.9718114743657378,0.8265765765765766
7,sider,SIDER7,te,118,1366,131,6,0.04580152671755725,5,1,24,107,0.816793893129771,0.8333333333333334,0.8175182481751825,0.32568574511790177,0.9926545631127401,0.8562340966921119
8,sider,SIDER7,tr,118,1366,1004,102,0.10159362549800798,98,4,125,879,0.8754980079681275,0.9607843137254902,0.8833634719710669,0.6030968709620032,0.9971850840810947,0.9721603780954614
8,sider,SIDER7,va,118,1366,112,11,0.09821428571428571,7,4,21,91,0.8125,0.6363636363636364,0.7967479674796748,0.30547731103931164,0.9796876521800464,0.825487012987013
8,sider,SIDER7,te,118,1366,131,6,0.04580152671755725,4,2,20,111,0.8473282442748091,0.6666666666666666,0.8394160583941606,0.2767102517604553,0.9900319392866227,0.8358778625954199
9,sider,SIDER7,tr,118,1366,1014,92,0.09072978303747535,92,0,54,960,0.9467455621301775,1.0,0.9511754068716094,0.7723855224658904,0.9994357738573334,0.9934503901895206
9,sider,SIDER7,va,118,1366,112,11,0.09821428571428571,6,5,12,100,0.8928571428571429,0.5454545454545454,0.8617886178861789,0.35388121021918656,0.9887518464785594,0.8936688311688311
9,sider,SIDER7,te,118,1366,121,16,0.1322314049586777,4,12,11,110,0.9090909090909091,0.25,0.8321167883211679,0.16363360377426434,0.9376684111437474,0.7102272727272728
10,sider,SIDER7,tr,118,1366,1016,90,0.08858267716535433,90,0,68,948,0.9330708661417323,1.0,0.9385171790235082,0.7290377651343762,0.9992800283209997,0.9915354330708661
10,sider,SIDER7,va,118,1366,113,10,0.08849557522123894,6,4,12,101,0.8938053097345132,0.6,0.8699186991869918,0.38182474915132814,0.988731913041663,0.8876106194690266
10,sider,SIDER7,te,118,1366,118,19,0.16101694915254236,11,8,11,107,0.9067796610169492,0.5789473684210527,0.8613138686131386,0.4572458948129698,0.945862410941608,0.7823371989295272
11,sider,SIDER7,tr,118,1366,1012,94,0.09288537549407115,83,11,171,841,0.8310276679841897,0.8829787234042553,0.8354430379746836,0.47339059641844494,0.9934222686479689,0.9340467580523085
11,sider,SIDER7,va,118,1366,112,11,0.09821428571428571,6,5,27,85,0.7589285714285714,0.5454545454545454,0.7398373983739838,0.19604135208589582,0.9618535217596365,0.7191558441558442
11,sider,SIDER7,te,118,1366,123,14,0.11382113821138211,8,6,24,99,0.8048780487804879,0.5714285714285714,0.781021897810219,0.2693945426539799,0.9185707130732023,0.646341463414634
12,sider,SIDER7,tr,118,1366,1015,91,0.0896551724137931,91,0,45,970,0.9556650246305419,1.0,0.9593128390596745,0.7996576346519808,0.9997245226470699,0.9968602825745683
12,sider,SIDER7,va,118,1366,107,16,0.14953271028037382,6,10,11,96,0.897196261682243,0.375,0.8292682926829268,0.2653118471110824,0.9749913102790737,0.8434579439252335
12,sider,SIDER7,te,118,1366,125,12,0.096,4,8,16,109,0.872,0.3333333333333333,0.8248175182481752,0.1643982379065559,0.9726174040939874,0.7886666666666666
13,sider,SIDER7,tr,118,1366,1005,101,0.10049751243781095,91,10,444,561,0.5582089552238806,0.900990099009901,0.5895117540687161,0.26469745004229367,0.9749364885327014,0.796487857740998
13,sider,SIDER7,va,118,1366,115,8,0.06956521739130435,8,0,47,68,0.591304347826087,1.0,0.6178861788617886,0.29327104381159025,0.9852768211480533,0.8108695652173913
13,sider,SIDER7,te,118,1366,127,10,0.07874015748031496,7,3,53,74,0.5826771653543307,0.7,0.5912408759124088,0.14820798417057612,0.9650566734181198,0.6822834645669291
14,sider,SIDER7,tr,118,1366,1010,96,0.09504950495049505,78,18,191,819,0.810891089108911,0.8125,0.8110307414104883,0.4090892096729241,0.988828246530639,0.8986386138613861
14,sider,SIDER7,va,118,1366,114,9,0.07894736842105263,6,3,31,83,0.7280701754385965,0.6666666666666666,0.7235772357723578,0.2241461352777961,0.9634345147648486,0.732943469785575
14,sider,SIDER7,te,118,1366,123,14,0.11382113821138211,7,7,31,92,0.7479674796747967,0.5,0.7226277372262774,0.1677652104033316,0.9260514048676263,0.6707317073170731
15,sider,SIDER7,tr,118,1366,1015,91,0.0896551724137931,78,13,218,797,0.7852216748768472,0.8571428571428571,0.7911392405063291,0.3987006152131897,0.9896635706771303,0.8974557462242192
15,sider,SIDER7,va,118,1366,110,13,0.11818181818181818,8,5,25,85,0.7727272727272727,0.6153846153846154,0.7560975609756098,0.2693064404903735,0.9662890888372544,0.7706293706293705
15,sider,SIDER7,te,118,1366,122,15,0.12295081967213115,9,6,28,94,0.7704918032786885,0.6,0.7518248175182481,0.26055732503198686,0.9327384384803424,0.6937158469945356
1,sider,SIDER8,tr,118,1366,190,916,4.821052631578947,863,53,31,159,0.8368421052631579,0.9421397379912664,0.9240506329113924,0.7464748540885902,0.8831990602012922,0.9670707883245231
1,sider,SIDER8,va,118,1366,24,99,4.125,80,19,14,10,0.4166666666666667,0.8080808080808081,0.7317073170731707,0.20982397639304204,0.3725304066577191,0.6931818181818181
1,sider,SIDER8,te,118,1366,31,106,3.4193548387096775,90,16,26,5,0.16129032258064516,0.8490566037735849,0.6934306569343066,0.012017288723377276,0.2233367615054817,0.4963481436396835
2,sider,SIDER8,tr,118,1366,201,905,4.502487562189055,902,3,0,201,1.0,0.9966850828729282,0.9972875226039783,0.9909732333929446,1.0,1.0
2,sider,SIDER8,va,118,1366,17,106,6.235294117647059,97,9,14,3,0.17647058823529413,0.9150943396226415,0.8130081300813008,0.10650118461662401,0.18789390255081137,0.6248612652608212
2,sider,SIDER8,te,118,1366,27,110,4.074074074074074,103,7,23,4,0.14814814814814814,0.9363636363636364,0.781021897810219,0.12371258500509168,0.23925734420557448,0.563973063973064
3,sider,SIDER8,tr,118,1366,194,912,4.701030927835052,896,16,5,189,0.9742268041237113,0.9824561403508771,0.9810126582278481,0.9363257985304738,0.9894343055273541,0.9965805299330802
3,sider,SIDER8,va,118,1366,27,96,3.5555555555555554,85,11,22,5,0.18518518518518517,0.8854166666666666,0.7317073170731707,0.08687237822605086,0.349330453345724,0.6049382716049382
3,sider,SIDER8,te,118,1366,24,113,4.708333333333333,100,13,18,6,0.25,0.8849557522123894,0.7737226277372263,0.148428889658789,0.35782253556695776,0.6246312684365781
4,sider,SIDER8,tr,118,1366,205,901,4.3951219512195125,818,83,23,182,0.8878048780487805,0.9078801331853497,0.9041591320072333,0.7243685199864687,0.8648211778441303,0.9632007796215587
4,sider,SIDER8,va,118,1366,19,104,5.473684210526316,87,17,15,4,0.21052631578947367,0.8365384615384616,0.7398373983739838,0.0452042996573931,0.20308135942621647,0.5792004048582996
4,sider,SIDER8,te,118,1366,21,116,5.523809523809524,92,24,11,10,0.47619047619047616,0.7931034482758621,0.7445255474452555,0.22459864224861062,0.25044646103189233,0.7134646962233169
5,sider,SIDER8,tr,118,1366,200,906,4.53,873,33,5,195,0.975,0.9635761589403974,0.9656419529837251,0.8929639650531896,0.9762365058773754,0.9934437086092716
5,sider,SIDER8,va,118,1366,28,95,3.392857142857143,87,8,24,4,0.14285714285714285,0.9157894736842105,0.7398373983739838,0.08287655071246826,0.3436793203052295,0.7022556390977444
5,sider,SIDER8,te,118,1366,17,120,7.0588235294117645,102,18,13,4,0.23529411764705882,0.85,0.7737226277372263,0.07659032351647939,0.25266393415260524,0.6308823529411764
6,sider,SIDER8,tr,118,1366,198,908,4.585858585858586,908,0,0,198,1.0,1.0,1.0,1.0,0.9999999999999999,1.0
6,sider,SIDER8,va,118,1366,19,104,5.473684210526316,95,9,14,5,0.2631578947368421,0.9134615384615384,0.8130081300813008,0.20098085526972614,0.28352793518239744,0.7226720647773279
6,sider,SIDER8,te,118,1366,28,109,3.892857142857143,101,8,26,2,0.07142857142857142,0.926605504587156,0.7518248175182481,-0.003047594107973892,0.2426860627884526,0.528178243774574
7,sider,SIDER8,tr,118,1366,194,912,4.701030927835052,866,46,28,166,0.8556701030927835,0.9495614035087719,0.9330922242314648,0.7780049382787119,0.8936374912463986,0.9698069271115933
7,sider,SIDER8,va,118,1366,22,101,4.590909090909091,86,15,17,5,0.22727272727272727,0.8514851485148515,0.7398373983739838,0.0817960649670289,0.25696255322790035,0.6597659765976598
7,sider,SIDER8,te,118,1366,29,108,3.7241379310344827,92,16,25,4,0.13793103448275862,0.8518518518518519,0.7007299270072993,-0.011820372774077272,0.22185484175350134,0.48994252873563215
8,sider,SIDER8,tr,118,1366,190,916,4.821052631578947,912,4,0,190,1.0,0.9956331877729258,0.9963833634719711,0.987473882407733,0.9999445975705928,0.9999885083888761
8,sider,SIDER8,va,118,1366,24,99,4.125,90,9,22,2,0.08333333333333333,0.9090909090909091,0.7479674796747967,-0.010520682951960793,0.25650701466069015,0.6279461279461279
8,sider,SIDER8,te,118,1366,31,106,3.4193548387096775,94,12,25,6,0.1935483870967742,0.8867924528301887,0.7299270072992701,0.0995085537022108,0.34089080992955023,0.620815581253804
9,sider,SIDER8,tr,118,1366,204,902,4.421568627450981,896,6,0,204,1.0,0.9933481152993349,0.9945750452079566,0.9823272064727194,0.9990734297730213,0.9997934872396853
9,sider,SIDER8,va,118,1366,15,108,7.2,94,14,11,4,0.26666666666666666,0.8703703703703703,0.7967479674796748,0.12687164330216424,0.1567757920270847,0.6197530864197531
9,sider,SIDER8,te,118,1366,26,111,4.269230769230769,97,14,22,4,0.15384615384615385,0.8738738738738738,0.7372262773722628,0.03217600274959912,0.18181597608604053,0.4941094941094941
10,sider,SIDER8,tr,118,1366,204,902,4.421568627450981,878,24,1,203,0.9950980392156863,0.9733924611973392,0.9773960216998192,0.9300501166930203,0.9890589746260596,0.9977392287291856
10,sider,SIDER8,va,118,1366,14,109,7.785714285714286,94,15,9,5,0.35714285714285715,0.8623853211009175,0.8048780487804879,0.18894435883036467,0.1808027579766489,0.6435124508519005
10,sider,SIDER8,te,118,1366,27,110,4.074074074074074,91,19,21,6,0.2222222222222222,0.8272727272727273,0.708029197080292,0.05097533568780931,0.25005990428616937,0.597979797979798
11,sider,SIDER8,tr,118,1366,202,904,4.475247524752476,818,86,14,188,0.9306930693069307,0.9048672566371682,0.9095840867992767,0.7478263541194078,0.893021716527072,0.9741550205905546
11,sider,SIDER8,va,118,1366,16,107,6.6875,79,28,7,9,0.5625,0.7383177570093458,0.7154471544715447,0.2206506754395021,0.2976541784096045,0.7053154205607477
11,sider,SIDER8,te,118,1366,27,110,4.074074074074074,88,22,18,9,0.3333333333333333,0.8,0.708029197080292,0.12676027763220055,0.22508984881424263,0.5794612794612795
12,sider,SIDER8,tr,118,1366,203,903,4.448275862068965,897,6,0,203,1.0,0.9933554817275747,0.9945750452079566,0.9822617265663071,0.9999270189851965,0.9999836341914473
12,sider,SIDER8,va,118,1366,20,103,5.15,92,11,16,4,0.2,0.8932038834951457,0.7804878048780488,0.10510178967085777,0.29489633522251724,0.7213592233009709
12,sider,SIDER8,te,118,1366,22,115,5.2272727272727275,102,13,17,5,0.22727272727272727,0.8869565217391304,0.781021897810219,0.12414460440626134,0.2110649949844397,0.607905138339921
13,sider,SIDER8,tr,118,1366,201,905,4.502487562189055,905,0,0,201,1.0,1.0,1.0,1.0,1.0,1.0
13,sider,SIDER8,va,118,1366,22,101,4.590909090909091,91,10,17,5,0.22727272727272727,0.900990099009901,0.7804878048780488,0.15021569983076838,0.27518226732187895,0.675967596759676
13,sider,SIDER8,te,118,1366,22,115,5.2272727272727275,106,9,20,2,0.09090909090909091,0.9217391304347826,0.7883211678832117,0.01708866368121795,0.28878336960415774,0.6426877470355731
14,sider,SIDER8,tr,118,1366,211,895,4.241706161137441,893,2,0,211,1.0,0.9977653631284916,0.9981916817359855,0.9941814091365947,1.0,1.0
14,sider,SIDER8,va,118,1366,17,106,6.235294117647059,98,8,13,4,0.23529411764705882,0.9245283018867925,0.8292682926829268,0.1858929767853801,0.2990911839135708,0.693118756936737
14,sider,SIDER8,te,118,1366,17,120,7.0588235294117645,106,14,16,1,0.058823529411764705,0.8833333333333333,0.781021897810219,-0.06107189258104605,0.14292980959641016,0.5656862745098039
15,sider,SIDER8,tr,118,1366,191,915,4.790575916230367,912,3,0,191,1.0,0.9967213114754099,0.9972875226039783,0.9906099612453803,1.0,1.0
15,sider,SIDER8,va,118,1366,22,101,4.590909090909091,92,9,22,0,0.0,0.9108910891089109,0.7479674796747967,-0.13113526027638014,0.20989736725197528,0.6138613861386139
15,sider,SIDER8,te,118,1366,32,105,3.28125,94,11,27,5,0.15625,0.8952380952380953,0.7226277372262774,0.06783030782171999,0.36393623812226167,0.6053571428571428
1,sider,SIDER9,tr,118,1366,792,314,0.39646464646464646,309,5,40,752,0.9494949494949495,0.9840764331210191,0.9593128390596745,0.9057624079938992,0.997478195553975,0.9930314289390723
1,sider,SIDER9,va,118,1366,91,32,0.3516483516483517,16,16,28,63,0.6923076923076923,0.5,0.6422764227642277,0.17601612582742746,0.8006838201987765,0.6198489010989011
1,sider,SIDER9,te,118,1366,104,33,0.3173076923076923,11,22,18,86,0.8269230769230769,0.3333333333333333,0.708029197080292,0.1677560428828097,0.8653801293567818,0.6573426573426574
2,sider,SIDER9,tr,118,1366,806,300,0.37220843672456577,300,0,7,799,0.9913151364764268,1.0,0.9936708860759493,0.9842316087938606,0.9999984616301725,0.9999958643507031
2,sider,SIDER9,va,118,1366,86,37,0.43023255813953487,15,22,10,76,0.8837209302325582,0.40540540540540543,0.7398373983739838,0.32949945265627706,0.8666027005829628,0.7328724072910118
2,sider,SIDER9,te,118,1366,95,42,0.4421052631578947,14,28,15,80,0.8421052631578947,0.3333333333333333,0.6861313868613139,0.19801619702952167,0.757247935859228,0.5947368421052631
3,sider,SIDER9,tr,118,1366,794,312,0.3929471032745592,312,0,23,771,0.9710327455919395,1.0,0.9792043399638336,0.9509809807484736,0.9998899636774723,0.9997174320222179
3,sider,SIDER9,va,118,1366,87,36,0.41379310344827586,13,23,18,69,0.7931034482758621,0.3611111111111111,0.6666666666666666,0.16160749311732048,0.7691726773358687,0.5817369093231162
3,sider,SIDER9,te,118,1366,106,31,0.29245283018867924,11,20,25,81,0.7641509433962265,0.3548387096774194,0.6715328467153284,0.11311782357765218,0.8459248968001059,0.6229458307973219
4,sider,SIDER9,tr,118,1366,810,296,0.3654320987654321,280,16,55,755,0.9320987654320988,0.9459459459459459,0.9358047016274864,0.8459708601622797,0.9944523809147644,0.9839026526526528
4,sider,SIDER9,va,118,1366,81,42,0.5185185185185185,13,29,18,63,0.7777777777777778,0.30952380952380953,0.6178861788617886,0.09534864684944841,0.7825431199784934,0.6449147560258671
4,sider,SIDER9,te,118,1366,96,41,0.4270833333333333,14,27,22,74,0.7708333333333334,0.34146341463414637,0.6423357664233577,0.11683764298773336,0.7390447231283732,0.5749491869918699
5,sider,SIDER9,tr,118,1366,802,304,0.3790523690773067,291,13,83,719,0.8965087281795511,0.9572368421052632,0.9132007233273056,0.8056772445316409,0.9900415626621801,0.9726854738154613
5,sider,SIDER9,va,118,1366,84,39,0.4642857142857143,19,20,16,68,0.8095238095238095,0.48717948717948717,0.7073170731707317,0.30599826223702525,0.8444249068462093,0.7081807081807081
5,sider,SIDER9,te,118,1366,101,36,0.3564356435643564,20,16,25,76,0.7524752475247525,0.5555555555555556,0.7007299270072993,0.28867283332183213,0.8269527341313725,0.6672167216721672
6,sider,SIDER9,tr,118,1366,808,298,0.3688118811881188,259,39,96,712,0.8811881188118812,0.8691275167785235,0.8779385171790235,0.7130560418148131,0.9818503430652302,0.94978486942654
6,sider,SIDER9,va,118,1366,85,38,0.4470588235294118,24,14,19,66,0.7764705882352941,0.631578947368421,0.7317073170731707,0.3953984184094894,0.8462442630080544,0.7482972136222911
6,sider,SIDER9,te,118,1366,94,43,0.4574468085106383,12,31,22,72,0.7659574468085106,0.27906976744186046,0.6131386861313869,0.04837435222943279,0.7490628150818139,0.5724888668975755
7,sider,SIDER9,tr,118,1366,797,309,0.3877038895859473,276,33,104,693,0.8695106649937264,0.8932038834951457,0.8761301989150091,0.7206266552908165,0.9784665802988439,0.9478627376935352
7,sider,SIDER9,va,118,1366,91,32,0.3516483516483517,15,17,27,64,0.7032967032967034,0.46875,0.6422764227642277,0.15917501003243772,0.8252848565590795,0.6552197802197802
7,sider,SIDER9,te,118,1366,99,38,0.3838383838383838,16,22,31,68,0.6868686868686869,0.42105263157894735,0.6131386861313869,0.10177625217037899,0.8211925994371412,0.6236044657097289
8,sider,SIDER9,tr,118,1366,789,317,0.4017743979721166,314,3,46,743,0.9416983523447402,0.9905362776025236,0.9556962025316456,0.8996481688620876,0.9978148696237368,0.9940326972208562
8,sider,SIDER9,va,118,1366,95,28,0.29473684210526313,12,16,28,67,0.7052631578947368,0.42857142857142855,0.6422764227642277,0.11979539884705989,0.832000751543958,0.6184210526315789
8,sider,SIDER9,te,118,1366,103,34,0.3300970873786408,14,20,25,78,0.7572815533980582,0.4117647058823529,0.6715328467153284,0.1618148200084277,0.8119768909885355,0.6053683609366076
9,sider,SIDER9,tr,118,1366,798,308,0.38596491228070173,282,26,81,717,0.8984962406015038,0.9155844155844156,0.903254972875226,0.7771350913819512,0.9863753895033116,0.9645745858151873
9,sider,SIDER9,va,118,1366,88,35,0.3977272727272727,21,14,18,70,0.7954545454545454,0.6,0.7398373983739838,0.38344226687726,0.8412327339606239,0.6944805194805195
9,sider,SIDER9,te,118,1366,101,36,0.3564356435643564,18,18,24,77,0.7623762376237624,0.5,0.6934306569343066,0.2504666975662466,0.8439283192914385,0.6837183718371838
10,sider,SIDER9,tr,118,1366,799,307,0.38423028785982477,307,0,28,771,0.9649561952440551,1.0,0.9746835443037974,0.9403739363248955,0.9987263314425567,0.9963268417769768
10,sider,SIDER9,va,118,1366,91,32,0.3516483516483517,9,23,21,70,0.7692307692307693,0.28125,0.6422764227642277,0.05157266188683972,0.82616749693707,0.6171016483516484
10,sider,SIDER9,te,118,1366,97,40,0.41237113402061853,18,22,18,79,0.8144329896907216,0.45,0.708029197080292,0.2731615451783312,0.7921776534978575,0.6548969072164949
11,sider,SIDER9,tr,118,1366,808,298,0.3688118811881188,183,115,152,656,0.8118811881188119,0.6140939597315436,0.7585895117540687,0.41129031431609514,0.9182868007139546,0.8065984450794071
11,sider,SIDER9,va,118,1366,78,45,0.5769230769230769,21,24,26,52,0.6666666666666666,0.4666666666666667,0.5934959349593496,0.1321711198681907,0.7942234282179415,0.6623931623931624
11,sider,SIDER9,te,118,1366,101,36,0.3564356435643564,12,24,36,65,0.6435643564356436,0.3333333333333333,0.5620437956204379,-0.02131335048829655,0.7488692532539931,0.5166391639163916
12,sider,SIDER9,tr,118,1366,800,306,0.3825,306,0,25,775,0.96875,1.0,0.9773960216998192,0.9463517163280145,0.9998293911551195,0.9995383986928104
12,sider,SIDER9,va,118,1366,90,33,0.36666666666666664,15,18,10,80,0.8888888888888888,0.45454545454545453,0.7723577235772358,0.37812805859273946,0.8673705623670886,0.7154882154882154
12,sider,SIDER9,te,118,1366,97,40,0.41237113402061853,15,25,23,74,0.7628865979381443,0.375,0.6496350364963503,0.14003239723208094,0.7649070213079037,0.5871134020618557
13,sider,SIDER9,tr,118,1366,789,317,0.4017743979721166,273,44,168,621,0.7870722433460076,0.861198738170347,0.8083182640144665,0.5986797892290568,0.9618492269516847,0.9115739685662081
13,sider,SIDER9,va,118,1366,91,32,0.3516483516483517,20,12,37,54,0.5934065934065934,0.625,0.6016260162601627,0.19215515271018982,0.7843887637275156,0.5879120879120879
13,sider,SIDER9,te,118,1366,107,30,0.2803738317757009,13,17,41,66,0.616822429906542,0.43333333333333335,0.5766423357664233,0.04244606489619247,0.8032197203785456,0.5378504672897195
14,sider,SIDER9,tr,118,1366,808,298,0.3688118811881188,279,19,76,732,0.905940594059406,0.9362416107382551,0.9141048824593129,0.8003606495116629,0.989104962851646,0.9692670609342813
14,sider,SIDER9,va,118,1366,88,35,0.3977272727272727,18,17,18,70,0.7954545454545454,0.5142857142857142,0.7154471544715447,0.30715821830175555,0.8831897282891591,0.7444805194805195
14,sider,SIDER9,te,118,1366,91,46,0.5054945054945055,20,26,24,67,0.7362637362637363,0.43478260869565216,0.635036496350365,0.1729997986984022,0.7367667332341469,0.5862398471094123
15,sider,SIDER9,tr,118,1366,793,313,0.39470365699873894,313,0,12,781,0.9848675914249685,1.0,0.9891500904159132,0.9739113150527305,0.9999360562288498,0.9998348166263109
15,sider,SIDER9,va,118,1366,90,33,0.36666666666666664,12,21,12,78,0.8666666666666667,0.36363636363636365,0.7317073170731707,0.2574866155908847,0.8890086109973787,0.7373737373737373
15,sider,SIDER9,te,118,1366,104,33,0.3173076923076923,13,20,18,86,0.8269230769230769,0.3939393939393939,0.7226277372262774,0.22571570953719308,0.8602694173185459,0.6652097902097902
1,sider,SIDER10,tr,118,1366,559,547,0.9785330948121646,366,181,114,445,0.7960644007155635,0.6691042047531993,0.7332730560578662,0.4692477274716098,0.8393982093920809,0.8308189408482762
1,sider,SIDER10,va,118,1366,64,59,0.921875,40,19,21,43,0.671875,0.6779661016949152,0.6747967479674797,0.34956348670473514,0.7485664425896505,0.7460275423728813
1,sider,SIDER10,te,118,1366,85,52,0.611764705882353,28,24,27,58,0.6823529411764706,0.5384615384615384,0.6277372262773723,0.21860012807090412,0.7550025044169937,0.6454751131221719
2,sider,SIDER10,tr,118,1366,574,532,0.926829268292683,443,89,86,488,0.8501742160278746,0.8327067669172933,0.8417721518987342,0.6830319802840924,0.9412543294952933,0.9303479735925179
2,sider,SIDER10,va,118,1366,64,59,0.921875,36,23,14,50,0.78125,0.6101694915254238,0.6991869918699187,0.39811817907950703,0.6940396991929223,0.734375
2,sider,SIDER10,te,118,1366,70,67,0.9571428571428572,38,29,26,44,0.6285714285714286,0.5671641791044776,0.5985401459854015,0.1961123043718698,0.710409545397065,0.6985074626865673
3,sider,SIDER10,tr,118,1366,576,530,0.9201388888888888,397,133,86,490,0.8506944444444444,0.7490566037735849,0.8019891500904159,0.6040913310658331,0.9143193867847287,0.9013086346960166
3,sider,SIDER10,va,118,1366,61,62,1.0163934426229508,41,21,14,47,0.7704918032786885,0.6612903225806451,0.7154471544715447,0.43419980230657934,0.7748679773058917,0.7687731359069275
3,sider,SIDER10,te,118,1366,71,66,0.9295774647887324,41,25,25,46,0.647887323943662,0.6212121212121212,0.635036496350365,0.26909944515578316,0.6673476389933422,0.6741357234314981
4,sider,SIDER10,tr,118,1366,580,526,0.906896551724138,319,207,92,488,0.8413793103448276,0.6064638783269962,0.7296564195298373,0.462827897797617,0.8125057567077383,0.8058525632620952
4,sider,SIDER10,va,118,1366,61,62,1.0163934426229508,33,29,12,49,0.8032786885245902,0.532258064516129,0.6666666666666666,0.3482950494680512,0.7106025175465336,0.7369116869381279
4,sider,SIDER10,te,118,1366,67,70,1.044776119402985,33,37,17,50,0.746268656716418,0.4714285714285714,0.6058394160583942,0.2260448892130016,0.6811416936165102,0.6636460554371002
5,sider,SIDER10,tr,118,1366,567,539,0.9506172839506173,470,69,66,501,0.8835978835978836,0.8719851576994434,0.8779385171790235,0.7556980319299912,0.959678675262657,0.9543213148655325
5,sider,SIDER10,va,118,1366,64,59,0.921875,33,26,15,49,0.765625,0.559322033898305,0.6666666666666666,0.33279540369473093,0.7877304716280691,0.765625
5,sider,SIDER10,te,118,1366,77,60,0.7792207792207793,36,24,27,50,0.6493506493506493,0.6,0.6277372262773723,0.24822490703542888,0.7314495512885377,0.6993506493506494
6,sider,SIDER10,tr,118,1366,578,528,0.9134948096885813,462,66,58,520,0.8996539792387543,0.875,0.8878842676311031,0.7752435413285266,0.9647960569584093,0.9581547525427283
6,sider,SIDER10,va,118,1366,60,63,1.05,37,26,19,41,0.6833333333333333,0.5873015873015873,0.6341463414634146,0.27164287541108106,0.7188221315827434,0.7333333333333333
6,sider,SIDER10,te,118,1366,70,67,0.9571428571428572,36,31,23,47,0.6714285714285714,0.5373134328358209,0.6058394160583942,0.21072834836493967,0.649442908472512,0.6624733475479744
7,sider,SIDER10,tr,118,1366,567,539,0.9506172839506173,390,149,113,454,0.800705467372134,0.7235621521335807,0.7631103074141049,0.5262550768117423,0.8747883106768708,0.8596771079764277
7,sider,SIDER10,va,118,1366,68,55,0.8088235294117647,30,25,17,51,0.75,0.5454545454545454,0.6585365853658537,0.3023226960081443,0.7784711262044095,0.732620320855615
7,sider,SIDER10,te,118,1366,73,64,0.8767123287671232,32,32,22,51,0.6986301369863014,0.5,0.6058394160583942,0.20279658297388295,0.6965637325783001,0.6759417808219178
8,sider,SIDER10,tr,118,1366,554,552,0.9963898916967509,528,24,26,528,0.9530685920577617,0.9565217391304348,0.9547920433996383,0.9095903311881965,0.9918054347820733,0.9911316904724533
8,sider,SIDER10,va,118,1366,65,58,0.8923076923076924,42,16,20,45,0.6923076923076923,0.7241379310344828,0.7073170731707317,0.41578442320562886,0.763680548269168,0.7726790450928382
8,sider,SIDER10,te,118,1366,89,48,0.5393258426966292,26,22,21,68,0.7640449438202247,0.5416666666666666,0.6861313868613139,0.30722557890697083,0.80383284376132,0.7146535580524346
9,sider,SIDER10,tr,118,1366,566,540,0.9540636042402827,475,65,73,493,0.8710247349823321,0.8796296296296297,0.8752260397830018,0.7504775944777289,0.9636336694178118,0.9572765344850149
9,sider,SIDER10,va,118,1366,67,56,0.835820895522388,38,18,25,42,0.6268656716417911,0.6785714285714286,0.6504065040650406,0.30430374899423157,0.7505055221042298,0.7060234541577826
9,sider,SIDER10,te,118,1366,75,62,0.8266666666666667,39,23,27,48,0.64,0.6290322580645161,0.635036496350365,0.26799685104895005,0.7274785128268946,0.6653763440860214
10,sider,SIDER10,tr,118,1366,571,535,0.9369527145359019,426,109,88,483,0.8458844133099825,0.7962616822429907,0.8218806509945751,0.6434078844453137,0.9225846067006849,0.9092066713586593
10,sider,SIDER10,va,118,1366,59,64,1.0847457627118644,38,26,16,43,0.7288135593220338,0.59375,0.6585365853658537,0.3247206220043126,0.737066683743065,0.7213983050847458
10,sider,SIDER10,te,118,1366,78,59,0.7564102564102564,35,24,30,48,0.6153846153846154,0.5932203389830508,0.6058394160583942,0.20685927552394284,0.7540572339713869,0.6881790525858323
11,sider,SIDER10,tr,118,1366,572,534,0.9335664335664335,490,44,47,525,0.9178321678321678,0.9176029962546817,0.9177215189873418,0.835291607601408,0.9801019013523286,0.9765606584426809
11,sider,SIDER10,va,118,1366,60,63,1.05,41,22,16,44,0.7333333333333333,0.6507936507936508,0.6910569105691057,0.3850448515864377,0.6893101786672655,0.7380952380952381
11,sider,SIDER10,te,118,1366,76,61,0.8026315789473685,31,30,25,51,0.6710526315789473,0.5081967213114754,0.5985401459854015,0.18121443411433966,0.6459047397209513,0.611518550474547
12,sider,SIDER10,tr,118,1366,577,529,0.9168110918544194,522,7,9,568,0.9844020797227037,0.9867674858223062,0.9855334538878843,0.9710232389560303,0.9985291428565567,0.9982963834185687
12,sider,SIDER10,va,118,1366,64,59,0.921875,38,21,20,44,0.6875,0.6440677966101694,0.6666666666666666,0.3318315387676959,0.6603649659081524,0.6859110169491525
12,sider,SIDER10,te,118,1366,67,70,1.044776119402985,43,27,25,42,0.6268656716417911,0.6142857142857143,0.6204379562043796,0.24109998416076397,0.6710541428309262,0.6739872068230277
13,sider,SIDER10,tr,118,1366,573,533,0.9301919720767888,499,34,37,536,0.9354275741710296,0.9362101313320825,0.9358047016274864,0.8714793515905183,0.9877339835514763,0.9863887442740719
13,sider,SIDER10,va,118,1366,64,59,0.921875,40,19,23,41,0.640625,0.6779661016949152,0.6585365853658537,0.31842249035646064,0.6914027182628544,0.7190148305084746
13,sider,SIDER10,te,118,1366,71,66,0.9295774647887324,43,23,24,47,0.6619718309859155,0.6515151515151515,0.656934306569343,0.31335327083684766,0.7422927108087646,0.7023047375160051
14,sider,SIDER10,tr,118,1366,577,529,0.9168110918544194,409,120,102,475,0.8232235701906413,0.7731568998109641,0.7992766726943942,0.5975444576740819,0.9048571061550379,0.8905852250575789
14,sider,SIDER10,va,118,1366,63,60,0.9523809523809523,39,21,20,43,0.6825396825396826,0.65,0.6666666666666666,0.3327157692253292,0.7666598545526504,0.7351851851851853
14,sider,SIDER10,te,118,1366,68,69,1.0147058823529411,34,35,24,44,0.6470588235294118,0.4927536231884058,0.5693430656934306,0.1414807310567141,0.5728415700377429,0.6104006820119352
15,sider,SIDER10,tr,118,1366,575,531,0.9234782608695652,374,157,103,472,0.8208695652173913,0.704331450094162,0.7649186256781193,0.529812533099357,0.878051062044682,0.8599443216244983
15,sider,SIDER10,va,118,1366,60,63,1.05,39,24,20,40,0.6666666666666666,0.6190476190476191,0.6422764227642277,0.28586557737737117,0.7051766782578267,0.692063492063492
15,sider,SIDER10,te,118,1366,73,64,0.8767123287671232,36,28,18,55,0.7534246575342466,0.5625,0.6642335766423357,0.3225514617127707,0.6888457179308312,0.6717679794520548
1,sider,SIDER11,tr,118,1366,283,823,2.908127208480565,743,80,30,253,0.8939929328621908,0.9027946537059538,0.9005424954792043,0.7579208092646371,0.8942764245000592,0.9596108351330348
1,sider,SIDER11,va,118,1366,33,90,2.727272727272727,71,19,13,20,0.6060606060606061,0.7888888888888889,0.7398373983739838,0.3760519464316948,0.6107668286189238,0.803030303030303
1,sider,SIDER11,te,118,1366,42,95,2.261904761904762,81,14,22,20,0.47619047619047616,0.8526315789473684,0.7372262773722628,0.3509856140878787,0.5864582338305456,0.7288220551378446
2,sider,SIDER11,tr,118,1366,289,817,2.8269896193771626,666,151,73,216,0.7474048442906575,0.8151774785801713,0.7974683544303798,0.5249171717897377,0.7460990545107474,0.8748840597510514
2,sider,SIDER11,va,118,1366,30,93,3.1,75,18,13,17,0.5666666666666667,0.8064516129032258,0.7479674796747967,0.35511847713499933,0.5820889525388084,0.7759856630824371
2,sider,SIDER11,te,118,1366,39,98,2.5128205128205128,79,19,17,22,0.5641025641025641,0.8061224489795918,0.7372262773722628,0.36482412844122436,0.6632090083336901,0.7967032967032966
3,sider,SIDER11,tr,118,1366,292,814,2.787671232876712,688,126,41,251,0.8595890410958904,0.8452088452088452,0.849005424954792,0.6554412677473086,0.8411756761388871,0.9313469758675239
3,sider,SIDER11,va,118,1366,31,92,2.967741935483871,75,17,14,17,0.5483870967741935,0.8152173913043478,0.7479674796747967,0.3529957966200308,0.4900762401601594,0.7573632538569425
3,sider,SIDER11,te,118,1366,35,102,2.914285714285714,81,21,21,14,0.4,0.7941176470588235,0.6934306569343066,0.19411764705882345,0.5181114877568471,0.7322128851540616
4,sider,SIDER11,tr,118,1366,294,812,2.761904761904762,704,108,25,269,0.9149659863945578,0.8669950738916257,0.879746835443038,0.7287899370549825,0.8955434731753981,0.9551456050400456
4,sider,SIDER11,va,118,1366,27,96,3.5555555555555554,74,22,12,15,0.5555555555555556,0.7708333333333334,0.7235772357723578,0.2945796737062912,0.4119659503845638,0.7314814814814814
4,sider,SIDER11,te,118,1366,37,100,2.7027027027027026,71,29,17,20,0.5405405405405406,0.71,0.6642335766423357,0.23208095132671014,0.5411409327539699,0.7148648648648649
5,sider,SIDER11,tr,118,1366,286,820,2.867132867132867,769,51,15,271,0.9475524475524476,0.9378048780487804,0.9403254972875226,0.8533408982072922,0.968183014095439,0.9880863039399626
5,sider,SIDER11,va,118,1366,37,86,2.324324324324324,68,18,14,23,0.6216216216216216,0.7906976744186046,0.7398373983739838,0.40112976845112,0.6629000531424207,0.7872407291011944
5,sider,SIDER11,te,118,1366,35,102,2.914285714285714,70,32,19,16,0.45714285714285713,0.6862745098039216,0.6277372262773723,0.13110529465187987,0.4593006648981897,0.665826330532213
6,sider,SIDER11,tr,118,1366,292,814,2.787671232876712,726,88,19,273,0.934931506849315,0.8918918918918919,0.903254972875226,0.7772928079208237,0.9144355030313566,0.9677392211638787
6,sider,SIDER11,va,118,1366,27,96,3.5555555555555554,75,21,11,16,0.5925925925925926,0.78125,0.7398373983739838,0.33740863335862425,0.5865838358770343,0.7457561728395061
6,sider,SIDER11,te,118,1366,39,98,2.5128205128205128,81,17,18,21,0.5384615384615384,0.826530612244898,0.7445255474452555,0.367891260196463,0.5832224417839802,0.7367870225013081
7,sider,SIDER11,tr,118,1366,287,819,2.8536585365853657,735,84,34,253,0.8815331010452961,0.8974358974358975,0.8933092224231465,0.7418651205417012,0.8828048948060686,0.9538593423610845
7,sider,SIDER11,va,118,1366,35,88,2.5142857142857142,70,18,18,17,0.4857142857142857,0.7954545454545454,0.7073170731707317,0.28116883116883107,0.509870928303088,0.7214285714285715
7,sider,SIDER11,te,118,1366,36,101,2.8055555555555554,82,19,24,12,0.3333333333333333,0.8118811881188119,0.6861313868613139,0.15275245741432317,0.47767223910267914,0.6861936193619362
8,sider,SIDER11,tr,118,1366,292,814,2.787671232876712,656,158,54,238,0.815068493150685,0.8058968058968059,0.8083182640144665,0.5709448926264085,0.770302055820688,0.8933202349298239
8,sider,SIDER11,va,118,1366,30,93,3.1,64,29,17,13,0.43333333333333335,0.6881720430107527,0.6260162601626016,0.11003489716964242,0.3678055046137191,0.6422939068100358
8,sider,SIDER11,te,118,1366,36,101,2.8055555555555554,75,26,16,20,0.5555555555555556,0.7425742574257426,0.6934306569343066,0.2778546907322301,0.4149384839337454,0.6905940594059407
9,sider,SIDER11,tr,118,1366,300,806,2.6866666666666665,684,122,30,270,0.9,0.8486352357320099,0.8625678119349005,0.6958350051862305,0.864977455309367,0.9426240694789082
9,sider,SIDER11,va,118,1366,15,108,7.2,90,18,8,7,0.4666666666666667,0.8333333333333334,0.7886178861788617,0.24394713378441754,0.21419716777663206,0.6709876543209876
9,sider,SIDER11,te,118,1366,43,94,2.186046511627907,71,23,19,24,0.5581395348837209,0.7553191489361702,0.6934306569343066,0.3064137688330105,0.5228526233836777,0.6947055912914398
10,sider,SIDER11,tr,118,1366,284,822,2.8943661971830985,693,129,55,229,0.8063380281690141,0.843065693430657,0.833634719710669,0.6063418433125307,0.8073946819464765,0.9111836468935266
10,sider,SIDER11,va,118,1366,33,90,2.727272727272727,75,15,13,20,0.6060606060606061,0.8333333333333334,0.7723577235772358,0.4314762829666211,0.5166536690794317,0.7481481481481481
10,sider,SIDER11,te,118,1366,41,96,2.341463414634146,64,32,18,23,0.5609756097560976,0.6666666666666666,0.635036496350365,0.21266312620997696,0.4990939906565314,0.6768292682926829
11,sider,SIDER11,tr,118,1366,289,817,2.8269896193771626,714,103,35,254,0.8788927335640139,0.8739290085679314,0.8752260397830018,0.7074195963866711,0.8717256792858694,0.9507545116109659
11,sider,SIDER11,va,118,1366,27,96,3.5555555555555554,76,20,14,13,0.48148148148148145,0.7916666666666666,0.7235772357723578,0.25517465391961014,0.5360602649469612,0.806712962962963
11,sider,SIDER11,te,118,1366,42,95,2.261904761904762,68,27,19,23,0.5476190476190477,0.7157894736842105,0.6642335766423357,0.2522735041461736,0.544983578004024,0.7110275689223058
12,sider,SIDER11,tr,118,1366,291,815,2.8006872852233675,680,135,53,238,0.8178694158075601,0.8343558282208589,0.8300180831826401,0.6074583407760551,0.7955771292827601,0.9163304028840682
12,sider,SIDER11,va,118,1366,32,91,2.84375,75,16,13,19,0.59375,0.8241758241758241,0.7642276422764228,0.4063680310143899,0.5769571957017069,0.7572115384615384
12,sider,SIDER11,te,118,1366,35,102,2.914285714285714,78,24,16,19,0.5428571428571428,0.7647058823529411,0.708029197080292,0.2890480723766363,0.5288002885507304,0.7204481792717087
13,sider,SIDER11,tr,118,1366,289,817,2.8269896193771626,750,67,18,271,0.9377162629757786,0.9179926560587516,0.9231464737793852,0.8161068970136193,0.9292041222863137,0.97508396403417
13,sider,SIDER11,va,118,1366,37,86,2.324324324324324,68,18,14,23,0.6216216216216216,0.7906976744186046,0.7398373983739838,0.40112976845112,0.7069459424225717,0.8240100565681963
13,sider,SIDER11,te,118,1366,32,105,3.28125,74,31,16,16,0.5,0.7047619047619048,0.656934306569343,0.18249401070271265,0.47429147168305025,0.6818452380952381
14,sider,SIDER11,tr,118,1366,295,811,2.7491525423728813,716,95,18,277,0.9389830508474576,0.8828606658446363,0.8978300180831826,0.769291925946675,0.9340644257925992,0.972835377959832
14,sider,SIDER11,va,118,1366,30,93,3.1,75,18,12,18,0.6,0.8064516129032258,0.7560975609756098,0.38361897113761856,0.5730610022278556,0.8218637992831541
14,sider,SIDER11,te,118,1366,33,104,3.1515151515151514,82,22,13,20,0.6060606060606061,0.7884615384615384,0.7445255474452555,0.36589677101382256,0.5543332690857139,0.7666083916083917
15,sider,SIDER11,tr,118,1366,286,820,2.867132867132867,693,127,126,160,0.5594405594405595,0.8451219512195122,0.77124773960217,0.4041035626840137,0.588127220927301,0.7720258400136448
15,sider,SIDER11,va,118,1366,35,88,2.5142857142857142,66,22,21,14,0.4,0.75,0.6504065040650406,0.14874957741657344,0.37890673259312185,0.6577922077922079
15,sider,SIDER11,te,118,1366,37,100,2.7027027027027026,84,16,21,16,0.43243243243243246,0.84,0.7299270072992701,0.28588411940807357,0.4750809775733457,0.6366216216216216
1,sider,SIDER12,tr,118,1366,995,111,0.11155778894472362,109,2,91,904,0.9085427135678392,0.9819819819819819,0.9159132007233273,0.6952482440787828,0.9979920711245334,0.9813843994748518
1,sider,SIDER12,va,118,1366,114,9,0.07894736842105263,4,5,14,100,0.8771929824561403,0.4444444444444444,0.8455284552845529,0.23697872437845202,0.9710430977806186,0.7436647173489279
1,sider,SIDER12,te,118,1366,129,8,0.06201550387596899,1,7,18,111,0.8604651162790697,0.125,0.8175182481751825,-0.009861287175211255,0.9613871697873961,0.626937984496124
2,sider,SIDER12,tr,118,1366,1006,100,0.09940357852882704,100,0,77,929,0.9234592445328031,1.0,0.930379746835443,0.7223076814915488,0.9985859697596332,0.9854174950298211
2,sider,SIDER12,va,118,1366,112,11,0.09821428571428571,1,10,15,97,0.8660714285714286,0.09090909090909091,0.7967479674796748,-0.036493762009619575,0.9247030318700261,0.547077922077922
2,sider,SIDER12,te,118,1366,120,17,0.14166666666666666,6,11,14,106,0.8833333333333333,0.35294117647058826,0.8175182481751825,0.2206094062797375,0.9236808582185543,0.65
3,sider,SIDER12,tr,118,1366,1000,106,0.106,97,9,167,833,0.833,0.9150943396226415,0.840867992766727,0.5165963010037651,0.9913483197171948,0.9261462264150944
3,sider,SIDER12,va,118,1366,112,11,0.09821428571428571,5,6,26,86,0.7678571428571429,0.45454545454545453,0.7398373983739838,0.1461741066534347,0.9570123706930795,0.6696428571428572
3,sider,SIDER12,te,118,1366,126,11,0.0873015873015873,2,9,28,98,0.7777777777777778,0.18181818181818182,0.7299270072992701,-0.02654935017260534,0.9610506897777757,0.652958152958153
4,sider,SIDER12,tr,118,1366,1005,101,0.10049751243781095,81,20,198,807,0.8029850746268656,0.801980198019802,0.8028933092224232,0.40125393692373673,0.9825012450731886,0.8589330574848529
4,sider,SIDER12,va,118,1366,108,15,0.1388888888888889,4,11,30,78,0.7222222222222222,0.26666666666666666,0.6666666666666666,-0.008129812622173133,0.9119061669982003,0.5608024691358025
4,sider,SIDER12,te,118,1366,125,12,0.096,4,8,24,101,0.808,0.3333333333333333,0.7664233576642335,0.09908273061165038,0.9138944959066716,0.522
5,sider,SIDER12,tr,118,1366,1000,106,0.106,106,0,87,913,0.913,1.0,0.9213381555153707,0.7081245755569934,0.9985072835615267,0.9853207547169812
5,sider,SIDER12,va,118,1366,112,11,0.09821428571428571,3,8,13,99,0.8839285714285714,0.2727272727272727,0.8292682926829268,0.13289237863880335,0.9673044834026393,0.7556818181818181
5,sider,SIDER12,te,118,1366,126,11,0.0873015873015873,4,7,20,106,0.8412698412698413,0.36363636363636365,0.8029197080291971,0.1464845705947597,0.9578678226025292,0.6789321789321789
6,sider,SIDER12,tr,118,1366,1011,95,0.09396636993076163,95,0,24,987,0.9762611275964391,1.0,0.9783001808318263,0.8828182865532338,0.9999258367719444,0.9991982924670727
6,sider,SIDER12,va,118,1366,105,18,0.17142857142857143,5,13,8,97,0.9238095238095239,0.2777777777777778,0.8292682926829268,0.23175336828107485,0.9313935117943485,0.7587301587301587
6,sider,SIDER12,te,118,1366,122,15,0.12295081967213115,4,11,6,116,0.9508196721311475,0.26666666666666666,0.8759124087591241,0.2610692170587959,0.9134316433152538,0.6196721311475409
7,sider,SIDER12,tr,118,1366,998,108,0.10821643286573146,106,2,86,912,0.9138276553106213,0.9814814814814815,0.9204339963833634,0.7016595696263196,0.9979861497199122,0.9810547019965857
7,sider,SIDER12,va,118,1366,113,10,0.08849557522123894,3,7,15,98,0.8672566371681416,0.3,0.8211382113821138,0.12932773761577243,0.9550460630038093,0.6672566371681417
7,sider,SIDER12,te,118,1366,127,10,0.07874015748031496,2,8,16,111,0.8740157480314961,0.2,0.8248175182481752,0.05699230997547083,0.9429298706293928,0.562992125984252
8,sider,SIDER12,tr,118,1366,995,111,0.11155778894472362,109,2,87,908,0.9125628140703518,0.9819819819819819,0.9195298372513563,0.7039250032381127,0.9982233916932755,0.9835755353343293
8,sider,SIDER12,va,118,1366,115,8,0.06956521739130435,4,4,23,92,0.8,0.5,0.7804878048780488,0.17873008824605977,0.9796721321985932,0.7586956521739131
8,sider,SIDER12,te,118,1366,128,9,0.0703125,0,9,18,110,0.859375,0.0,0.8029197080291971,-0.10312858091567356,0.9520857935414773,0.5434027777777777
9,sider,SIDER12,tr,118,1366,1009,97,0.09613478691774034,78,19,154,855,0.8473736372646185,0.8041237113402062,0.8435804701627486,0.4526311034903252,0.9852244250686439,0.8909403001849335
9,sider,SIDER12,va,118,1366,109,14,0.12844036697247707,4,10,25,84,0.7706422018348624,0.2857142857142857,0.7154471544715447,0.04216559748897056,0.9103786131396421,0.5704456094364351
9,sider,SIDER12,te,118,1366,120,17,0.14166666666666666,5,12,18,102,0.85,0.29411764705882354,0.781021897810219,0.12712059092014305,0.9140914144005242,0.616421568627451
10,sider,SIDER12,tr,118,1366,996,110,0.11044176706827309,106,4,115,881,0.8845381526104418,0.9636363636363636,0.8924050632911392,0.6348095613361491,0.9969094936548835,0.9720335889010587
10,sider,SIDER12,va,118,1366,115,8,0.06956521739130435,1,7,17,98,0.8521739130434782,0.125,0.8048780487804879,-0.015925551431765106,0.9565482332148691,0.5608695652173913
10,sider,SIDER12,te,118,1366,127,10,0.07874015748031496,5,5,18,109,0.8582677165354331,0.5,0.8321167883211679,0.2493407104026165,0.9737922206110075,0.7385826771653543
11,sider,SIDER12,tr,118,1366,998,108,0.10821643286573146,101,7,119,879,0.8807615230460922,0.9351851851851852,0.8860759493670886,0.6067513366254393,0.9966279323594278,0.9691187931418394
11,sider,SIDER12,va,118,1366,113,10,0.08849557522123894,1,9,18,95,0.8407079646017699,0.1,0.7804878048780488,-0.04483757445307134,0.94163649686215,0.5433628318584071
11,sider,SIDER12,te,118,1366,127,10,0.07874015748031496,4,6,21,106,0.8346456692913385,0.4,0.8029197080291971,0.15802848912325307,0.9605528747350127,0.7173228346456693
12,sider,SIDER12,tr,118,1366,1003,103,0.10269192422731804,83,20,166,837,0.8344965104685942,0.8058252427184466,0.8318264014466547,0.445530305291053,0.9893432729761457,0.9055019407796029
12,sider,SIDER12,va,118,1366,110,13,0.11818181818181818,3,10,24,86,0.7818181818181819,0.23076923076923078,0.7235772357723578,0.00934946990008456,0.9121480785445288,0.5597902097902098
12,sider,SIDER12,te,118,1366,125,12,0.096,2,10,24,101,0.808,0.16666666666666666,0.7518248175182481,-0.018263743689734938,0.8934087206927512,0.442
13,sider,SIDER12,tr,118,1366,999,107,0.10710710710710711,83,24,264,735,0.7357357357357357,0.7757009345794392,0.7396021699819169,0.32582234991087333,0.9780879470921291,0.8328842861553143
13,sider,SIDER12,va,118,1366,115,8,0.06956521739130435,4,4,28,87,0.7565217391304347,0.5,0.7398373983739838,0.1441857709706684,0.9787589133761533,0.7440217391304349
13,sider,SIDER12,te,118,1366,124,13,0.10483870967741936,4,9,35,89,0.717741935483871,0.3076923076923077,0.6788321167883211,0.016517944274383186,0.935700416387415,0.5700992555831266
14,sider,SIDER12,tr,118,1366,1004,102,0.10159362549800798,102,0,85,919,0.9153386454183267,1.0,0.9231464737793852,0.7065943849010073,0.9989031194836493,0.9888534098898524
14,sider,SIDER12,va,118,1366,110,13,0.11818181818181818,7,6,17,93,0.8454545454545455,0.5384615384615384,0.8130081300813008,0.29783868624821824,0.9426323087824253,0.7111888111888112
14,sider,SIDER12,te,118,1366,124,13,0.10483870967741936,3,10,21,103,0.8306451612903226,0.23076923076923078,0.7737226277372263,0.047348675327524216,0.8943954602775515,0.4956575682382134
15,sider,SIDER12,tr,118,1366,1007,99,0.09831181727904667,79,20,122,885,0.8788480635551142,0.797979797979798,0.8716094032549728,0.5010582789465712,0.9934967510722943,0.9385062140772171
15,sider,SIDER12,va,118,1366,105,18,0.17142857142857143,7,11,12,93,0.8857142857142857,0.3888888888888889,0.8130081300813008,0.2685610249062736,0.9058322791941753,0.6476190476190476
15,sider,SIDER12,te,118,1366,126,11,0.0873015873015873,1,10,23,103,0.8174603174603174,0.09090909090909091,0.7591240875912408,-0.06550542417441718,0.9224389741704113,0.49927849927849927
1,sider,SIDER13,tr,118,1366,248,858,3.4596774193548385,766,92,34,214,0.8629032258064516,0.8927738927738927,0.8860759493670886,0.7045309069537866,0.8142604020491323,0.9405100947439657
1,sider,SIDER13,va,118,1366,29,94,3.2413793103448274,78,16,14,15,0.5172413793103449,0.8297872340425532,0.7560975609756098,0.3392762428247015,0.41260858874227757,0.7325752017608217
1,sider,SIDER13,te,118,1366,38,99,2.6052631578947367,77,22,19,19,0.5,0.7777777777777778,0.7007299270072993,0.2715684727854482,0.518852512269421,0.6911217437533227
2,sider,SIDER13,tr,118,1366,264,842,3.1893939393939394,742,100,15,249,0.9431818181818182,0.8812351543942993,0.8960216998191681,0.7562132457260994,0.8805380294305458,0.9611202584035126
2,sider,SIDER13,va,118,1366,22,101,4.590909090909091,73,28,9,13,0.5909090909090909,0.7227722772277227,0.6991869918699187,0.2550127509563295,0.4242631825265626,0.7313231323132313
2,sider,SIDER13,te,118,1366,29,108,3.7241379310344827,75,33,9,20,0.6896551724137931,0.6944444444444444,0.6934306569343066,0.3221641216320488,0.4259565726912418,0.7640485312899106
3,sider,SIDER13,tr,118,1366,262,844,3.2213740458015265,617,227,50,212,0.8091603053435115,0.731042654028436,0.7495479204339964,0.4694438467767987,0.6539876639464268,0.8514412466987447
3,sider,SIDER13,va,118,1366,22,101,4.590909090909091,71,30,10,12,0.5454545454545454,0.7029702970297029,0.6747967479674797,0.20077049779297818,0.27141726690475454,0.6552655265526552
3,sider,SIDER13,te,118,1366,31,106,3.4193548387096775,65,41,8,23,0.7419354838709677,0.6132075471698113,0.6423357664233577,0.2978418079394377,0.5103769695370914,0.7325015216068167
4,sider,SIDER13,tr,118,1366,252,854,3.388888888888889,680,174,44,208,0.8253968253968254,0.7962529274004684,0.8028933092224232,0.5483704026684204,0.7044709986076142,0.8851041782833352
4,sider,SIDER13,va,118,1366,36,87,2.4166666666666665,65,22,14,22,0.6111111111111112,0.7471264367816092,0.7073170731707317,0.3400494653381535,0.5059301320789538,0.7646871008939975
4,sider,SIDER13,te,118,1366,27,110,4.074074074074074,83,27,13,14,0.5185185185185185,0.7545454545454545,0.708029197080292,0.2372002184588182,0.37543238815930385,0.6622895622895624
5,sider,SIDER13,tr,118,1366,246,860,3.4959349593495936,716,144,53,193,0.7845528455284553,0.8325581395348837,0.8218806509945751,0.5575732578612267,0.6830376222882547,0.8904849688031764
5,sider,SIDER13,va,118,1366,37,86,2.324324324324324,66,20,19,18,0.4864864864864865,0.7674418604651163,0.6829268292682927,0.2520345105963594,0.5398637747246585,0.6989314896291641
5,sider,SIDER13,te,118,1366,32,105,3.28125,73,32,17,15,0.46875,0.6952380952380952,0.6423357664233577,0.14615436031568993,0.41350482272112005,0.6709821428571429
6,sider,SIDER13,tr,118,1366,253,853,3.3715415019762847,759,94,10,243,0.9604743083003953,0.8898007033997656,0.9059674502712477,0.7759184376304178,0.9240630248852144,0.9779897965330454
6,sider,SIDER13,va,118,1366,29,94,3.2413793103448274,78,16,18,11,0.3793103448275862,0.8297872340425532,0.7235772357723578,0.2144343873181216,0.517900960373785,0.7542186353631696
6,sider,SIDER13,te,118,1366,33,104,3.1515151515151514,84,20,15,18,0.5454545454545454,0.8076923076923077,0.7445255474452555,0.3373025190701597,0.47328547781887076,0.717948717948718
7,sider,SIDER13,tr,118,1366,256,850,3.3203125,724,126,35,221,0.86328125,0.851764705882353,0.8544303797468354,0.6499467476885908,0.815118600917681,0.9361305147058823
7,sider,SIDER13,va,118,1366,29,94,3.2413793103448274,71,23,9,20,0.6896551724137931,0.7553191489361702,0.7398373983739838,0.39611259696709833,0.453006749889154,0.7501834189288334
7,sider,SIDER13,te,118,1366,30,107,3.566666666666667,85,22,16,14,0.4666666666666667,0.794392523364486,0.7226277372262774,0.24528984294785716,0.45954630637123906,0.6308411214953271
8,sider,SIDER13,tr,118,1366,258,848,3.2868217054263567,755,93,13,245,0.9496124031007752,0.8903301886792453,0.9041591320072333,0.771113706875678,0.8936106560933935,0.9685557444785724
8,sider,SIDER13,va,118,1366,24,99,4.125,78,21,13,11,0.4583333333333333,0.7878787878787878,0.7235772357723578,0.22240111621461442,0.4191766028346074,0.7222222222222222
8,sider,SIDER13,te,118,1366,33,104,3.1515151515151514,73,31,20,13,0.3939393939393939,0.7019230769230769,0.6277372262773723,0.08779189953012047,0.42572474941154936,0.6561771561771561
9,sider,SIDER13,tr,118,1366,259,847,3.27027027027027,833,14,1,258,0.9961389961389961,0.9834710743801653,0.9864376130198915,0.9633350255947449,0.9985017856578432,0.9995441553883112
9,sider,SIDER13,va,118,1366,26,97,3.730769230769231,82,15,17,9,0.34615384615384615,0.845360824742268,0.7398373983739838,0.19731103354201227,0.3607466578943097,0.612212529738303
9,sider,SIDER13,te,118,1366,30,107,3.566666666666667,87,20,14,16,0.5333333333333333,0.8130841121495327,0.7518248175182481,0.3254920111670849,0.3453395667668522,0.6937694704049845
10,sider,SIDER13,tr,118,1366,262,844,3.2213740458015265,758,86,13,249,0.950381679389313,0.8981042654028436,0.9104882459312839,0.7850854506982117,0.9243944245086413,0.9762671393943779
10,sider,SIDER13,va,118,1366,25,98,3.92,74,24,10,15,0.6,0.7551020408163265,0.7235772357723578,0.3070890026167417,0.5339911345921156,0.7959183673469388
10,sider,SIDER13,te,118,1366,28,109,3.892857142857143,78,31,13,15,0.5357142857142857,0.7155963302752294,0.6788321167883211,0.21458703907667334,0.33540737197679926,0.6982306684141546
11,sider,SIDER13,tr,118,1366,264,842,3.1893939393939394,707,135,15,249,0.9431818181818182,0.8396674584323041,0.864376130198915,0.700974069532791,0.8612972846427267,0.9557173576621321
11,sider,SIDER13,va,118,1366,25,98,3.92,65,33,10,15,0.6,0.6632653061224489,0.6504065040650406,0.21718279707872518,0.446878097399989,0.7620408163265306
11,sider,SIDER13,te,118,1366,26,111,4.269230769230769,81,30,13,13,0.5,0.7297297297297297,0.6861313868613139,0.19411862679653966,0.4625704218936538,0.6936936936936937
12,sider,SIDER13,tr,118,1366,245,861,3.5142857142857142,850,11,0,245,1.0,0.9872241579558653,0.9900542495479204,0.9720104782967615,0.9999336314410211,0.9999810377112518
12,sider,SIDER13,va,118,1366,32,91,2.84375,80,11,19,13,0.40625,0.8791208791208791,0.7560975609756098,0.3159236368792215,0.4495602069285614,0.7012362637362638
12,sider,SIDER13,te,118,1366,38,99,2.6052631578947367,84,15,25,13,0.34210526315789475,0.8484848484848485,0.708029197080292,0.2116008926290664,0.521831574510143,0.6831472620946305
13,sider,SIDER13,tr,118,1366,247,859,3.477732793522267,737,122,44,203,0.8218623481781376,0.8579743888242142,0.8499095840867993,0.6215591876232085,0.7987035099126546,0.9321732736964646
13,sider,SIDER13,va,118,1366,30,93,3.1,78,15,12,18,0.6,0.8387096774193549,0.7804878048780488,0.42520767164689094,0.5882000987320629,0.7811827956989248
13,sider,SIDER13,te,118,1366,38,99,2.6052631578947367,81,18,22,16,0.42105263157894735,0.8181818181818182,0.708029197080292,0.24795624048857282,0.4791023692805457,0.6483253588516745
14,sider,SIDER13,tr,118,1366,250,856,3.424,552,304,31,219,0.876,0.6448598130841121,0.6971066907775768,0.4363576715178234,0.5624709003333673,0.824803738317757
14,sider,SIDER13,va,118,1366,28,95,3.392857142857143,55,40,14,14,0.5,0.5789473684210527,0.5609756097560976,0.06670479458895238,0.3528820081112676,0.618984962406015
14,sider,SIDER13,te,118,1366,37,100,2.7027027027027026,50,50,12,25,0.6756756756756757,0.5,0.5474452554744526,0.1567061418049577,0.4451266849133795,0.6366216216216216
15,sider,SIDER13,tr,118,1366,246,860,3.4959349593495936,777,83,16,230,0.9349593495934959,0.9034883720930232,0.9104882459312839,0.7740767186649735,0.918147763796815,0.9746998487426735
15,sider,SIDER13,va,118,1366,29,94,3.2413793103448274,79,15,15,14,0.4827586206896552,0.8404255319148937,0.7560975609756098,0.3231841526045486,0.570019030945828,0.801540719002201
15,sider,SIDER13,te,118,1366,40,97,2.425,84,13,18,22,0.55,0.865979381443299,0.7737226277372263,0.43366418795309897,0.6065338389477192,0.7520618556701031
1,sider,SIDER14,tr,118,1366,155,951,6.135483870967742,949,2,0,155,1.0,0.9978969505783386,0.9981916817359855,0.9925648026772087,1.0,1.0
1,sider,SIDER14,va,118,1366,27,96,3.5555555555555554,86,10,22,5,0.18518518518518517,0.8958333333333334,0.7398373983739838,0.10248122046841956,0.44457939490885884,0.6932870370370371
1,sider,SIDER14,te,118,1366,27,110,4.074074074074074,102,8,21,6,0.2222222222222222,0.9272727272727272,0.7883211678832117,0.19633068050284866,0.25998586308238103,0.57003367003367
2,sider,SIDER14,tr,118,1366,175,931,5.32,649,282,21,154,0.88,0.6970998925886144,0.7260397830018083,0.4309870414142555,0.5925801990561662,0.8685008439466012
2,sider,SIDER14,va,118,1366,19,104,5.473684210526316,67,37,13,6,0.3157894736842105,0.6442307692307693,0.5934959349593496,-0.030300821280395223,0.16414347207896893,0.582995951417004
2,sider,SIDER14,te,118,1366,15,122,8.133333333333333,75,47,8,7,0.4666666666666667,0.6147540983606558,0.5985401459854015,0.05202652240642424,0.1550923018804352,0.605191256830601
3,sider,SIDER14,tr,118,1366,163,943,5.785276073619632,919,24,0,163,1.0,0.9745493107104984,0.9783001808318263,0.9216688469003301,0.9925169342728657,0.9987834154148424
3,sider,SIDER14,va,118,1366,23,100,4.3478260869565215,91,9,19,4,0.17391304347826086,0.91,0.7723577235772358,0.10642051891936039,0.269365467519904,0.5782608695652174
3,sider,SIDER14,te,118,1366,23,114,4.956521739130435,105,9,17,6,0.2608695652173913,0.9210526315789473,0.8102189781021898,0.21775918903882982,0.33864699508101664,0.7303585049580472
4,sider,SIDER14,tr,118,1366,168,938,5.583333333333333,804,134,20,148,0.8809523809523809,0.8571428571428571,0.8607594936708861,0.6078274418669385,0.7824794637272644,0.9465078942024572
4,sider,SIDER14,va,118,1366,20,103,5.15,89,14,14,6,0.3,0.8640776699029126,0.7723577235772358,0.16407766990291245,0.26148443377210273,0.5769417475728155
4,sider,SIDER14,te,118,1366,21,116,5.523809523809524,83,33,12,9,0.42857142857142855,0.7155172413793104,0.6715328467153284,0.11258538742586405,0.20696777603676567,0.5669129720853858
5,sider,SIDER14,tr,118,1366,167,939,5.622754491017964,853,86,4,163,0.9760479041916168,0.9084132055378061,0.918625678119349,0.7581928571699043,0.9403461727960406,0.9892770369803523
5,sider,SIDER14,va,118,1366,23,100,4.3478260869565215,86,14,16,7,0.30434782608695654,0.86,0.7560975609756098,0.17030137270367782,0.30292740042070376,0.6469565217391304
5,sider,SIDER14,te,118,1366,19,118,6.2105263157894735,86,32,15,4,0.21052631578947367,0.7288135593220338,0.656934306569343,-0.0476331351307664,0.13982313813801783,0.5182872435325602
6,sider,SIDER14,tr,118,1366,165,941,5.703030303030303,830,111,29,136,0.8242424242424242,0.8820403825717322,0.8734177215189873,0.6041855851637125,0.7715265581765356,0.9479824815637781
6,sider,SIDER14,va,118,1366,16,107,6.6875,87,20,9,7,0.4375,0.8130841121495327,0.7642276422764228,0.20365164075943068,0.2517829814857785,0.6489485981308412
6,sider,SIDER14,te,118,1366,28,109,3.892857142857143,84,25,19,9,0.32142857142857145,0.7706422018348624,0.6788321167883211,0.0859519995521933,0.20854895392004485,0.5342398427260813
7,sider,SIDER14,tr,118,1366,173,933,5.393063583815029,679,254,21,152,0.8786127167630058,0.7277599142550911,0.7513562386980108,0.4569739331070061,0.6503849766702433,0.8917532479601509
7,sider,SIDER14,va,118,1366,16,107,6.6875,69,38,9,7,0.4375,0.6448598130841121,0.6178861788617886,0.057519310878101436,0.16362744556789585,0.594626168224299
7,sider,SIDER14,te,118,1366,20,117,5.85,75,42,10,10,0.5,0.6410256410256411,0.6204379562043796,0.10261122597691005,0.21321557195209948,0.6267094017094018
8,sider,SIDER14,tr,118,1366,171,935,5.4678362573099415,918,17,0,171,1.0,0.9818181818181818,0.984629294755877,0.9450062171666169,0.9996249996251634,0.9999312005503955
8,sider,SIDER14,va,118,1366,18,105,5.833333333333333,99,6,14,4,0.2222222222222222,0.9428571428571428,0.8373983739837398,0.21349340812762435,0.35757748863573036,0.7571428571428572
8,sider,SIDER14,te,118,1366,20,117,5.85,101,16,15,5,0.25,0.8632478632478633,0.7737226277372263,0.11099394900717975,0.2247293744765728,0.5282051282051282
9,sider,SIDER14,tr,118,1366,175,931,5.32,864,67,1,174,0.9942857142857143,0.9280343716433942,0.9385171790235082,0.8153779380979876,0.9664129665242472,0.9941107871720116
9,sider,SIDER14,va,118,1366,17,106,6.235294117647059,94,12,11,6,0.35294117647058826,0.8867924528301887,0.8130081300813008,0.23408600583095887,0.36880046138940636,0.6625971143174251
9,sider,SIDER14,te,118,1366,17,120,7.0588235294117645,91,29,14,3,0.17647058823529413,0.7583333333333333,0.6861313868613139,-0.05080037504364667,0.11641557092215526,0.4151960784313725
10,sider,SIDER14,tr,118,1366,172,934,5.430232558139535,799,135,8,164,0.9534883720930233,0.8554603854389722,0.8707052441229657,0.6600644034462312,0.8627170568299931,0.9712103480902345
10,sider,SIDER14,va,118,1366,16,107,6.6875,82,25,6,10,0.625,0.7663551401869159,0.7479674796747967,0.2917746550445641,0.326688130683522,0.7275116822429908
10,sider,SIDER14,te,118,1366,21,116,5.523809523809524,88,28,12,9,0.42857142857142855,0.7586206896551724,0.708029197080292,0.1518886557969979,0.24628713181885514,0.6533251231527093
11,sider,SIDER14,tr,118,1366,171,935,5.4678362573099415,866,69,2,169,0.9883040935672515,0.9262032085561497,0.9358047016274864,0.8045308410362045,0.958563458594277,0.9918253744879132
11,sider,SIDER14,va,118,1366,17,106,6.235294117647059,90,16,10,7,0.4117647058823529,0.8490566037735849,0.7886178861788617,0.23086417570802034,0.23005945284520368,0.658157602663707
11,sider,SIDER14,te,118,1366,21,116,5.523809523809524,100,16,16,5,0.23809523809523808,0.8620689655172413,0.7664233576642335,0.10016420361247938,0.18719264344897946,0.605911330049261
12,sider,SIDER14,tr,118,1366,176,930,5.284090909090909,877,53,0,176,1.0,0.943010752688172,0.9520795660036167,0.851327995415286,0.9904350037123975,0.9983260019550342
12,sider,SIDER14,va,118,1366,17,106,6.235294117647059,86,20,10,7,0.4117647058823529,0.8113207547169812,0.7560975609756098,0.18600780213223128,0.20621440020241322,0.6503884572697004
12,sider,SIDER14,te,118,1366,16,121,7.5625,99,22,12,4,0.25,0.8181818181818182,0.7518248175182481,0.05584355932874545,0.22270667094505991,0.5557851239669421
13,sider,SIDER14,tr,118,1366,173,933,5.393063583815029,859,74,1,172,0.9942196531791907,0.9206859592711683,0.9321880650994575,0.7991409508207328,0.9625880807591479,0.9932283825561152
13,sider,SIDER14,va,118,1366,18,105,5.833333333333333,85,20,10,8,0.4444444444444444,0.8095238095238095,0.7560975609756098,0.21407675693295838,0.265976892654265,0.6476190476190478
13,sider,SIDER14,te,118,1366,18,119,6.611111111111111,99,20,13,5,0.2777777777777778,0.8319327731092437,0.7591240875912408,0.09595754168687987,0.16576329198565143,0.4649859943977591
14,sider,SIDER14,tr,118,1366,172,934,5.430232558139535,930,4,0,172,1.0,0.9957173447537473,0.9963833634719711,0.9864519274147387,1.0,1.0
14,sider,SIDER14,va,118,1366,23,100,4.3478260869565215,94,6,19,4,0.17391304347826086,0.94,0.7967479674796748,0.16251675854035463,0.36386059777981117,0.7239130434782609
14,sider,SIDER14,te,118,1366,14,123,8.785714285714286,115,8,14,0,0.0,0.9349593495934959,0.8394160583941606,-0.08401592252612078,0.08890665808465961,0.4570267131242741
15,sider,SIDER14,tr,118,1366,162,944,5.827160493827161,941,3,0,162,1.0,0.996822033898305,0.9972875226039783,0.9892916642317047,1.0,1.0
15,sider,SIDER14,va,118,1366,24,99,4.125,92,7,20,4,0.16666666666666666,0.9292929292929293,0.7804878048780488,0.13326198405817005,0.3456477155716637,0.6266835016835017
15,sider,SIDER14,te,118,1366,23,114,4.956521739130435,105,9,23,0,0.0,0.9210526315789473,0.7664233576642335,-0.11910438809362923,0.19349141256133745,0.5995423340961098
1,sider,SIDER15,tr,118,1366,850,256,0.30117647058823527,250,6,64,786,0.9247058823529412,0.9765625,0.9367088607594937,0.8430555007471323,0.995805571924103,0.9850137867647059
1,sider,SIDER15,va,118,1366,95,28,0.29473684210526313,19,9,17,78,0.8210526315789474,0.6785714285714286,0.7886178861788617,0.46044025517835957,0.9056476834206626,0.7759398496240602
1,sider,SIDER15,te,118,1366,118,19,0.16101694915254236,5,14,27,91,0.7711864406779662,0.2631578947368421,0.7007299270072993,0.02805454841178795,0.9173023192409477,0.6199821587867975
2,sider,SIDER15,tr,118,1366,860,246,0.28604651162790695,222,24,104,756,0.8790697674418605,0.9024390243902439,0.8842676311030742,0.7128440778151999,0.9879729949039849,0.957288712422008
2,sider,SIDER15,va,118,1366,99,24,0.24242424242424243,9,15,21,78,0.7878787878787878,0.375,0.7073170731707317,0.15030922834317975,0.8831424669007694,0.6372053872053872
2,sider,SIDER15,te,118,1366,104,33,0.3173076923076923,13,20,18,86,0.8269230769230769,0.3939393939393939,0.7226277372262774,0.22571570953719308,0.8205833622229765,0.6378205128205129
3,sider,SIDER15,tr,118,1366,869,237,0.2727272727272727,186,51,104,765,0.8803222094361335,0.7848101265822784,0.8598553345388789,0.6205089426933205,0.9745145211787678,0.9161847606007196
3,sider,SIDER15,va,118,1366,89,34,0.38202247191011235,16,18,16,73,0.8202247191011236,0.47058823529411764,0.7235772357723578,0.29645073059260874,0.8566134782717106,0.7200925313945803
3,sider,SIDER15,te,118,1366,105,32,0.3047619047619048,14,18,19,86,0.819047619047619,0.4375,0.7299270072992701,0.25384229614252873,0.8550318164415125,0.7160714285714286
4,sider,SIDER15,tr,118,1366,873,233,0.26689576174112256,220,13,56,817,0.9358533791523482,0.944206008583691,0.9376130198915009,0.8292843605864666,0.9954728476426403,0.9819009974976527
4,sider,SIDER15,va,118,1366,91,32,0.3516483516483517,13,19,14,77,0.8461538461538461,0.40625,0.7317073170731707,0.26753102603840606,0.8287196755231048,0.6404532967032968
4,sider,SIDER15,te,118,1366,99,38,0.3838383838383838,7,31,11,88,0.8888888888888888,0.18421052631578946,0.6934306569343066,0.0968754125470244,0.7728236413452447,0.5667198298777246
5,sider,SIDER15,tr,118,1366,865,241,0.2786127167630058,188,53,157,708,0.8184971098265896,0.7800829875518672,0.810126582278481,0.5333803004438245,0.9681033578643221,0.8968699781737943
5,sider,SIDER15,va,118,1366,96,27,0.28125,14,13,26,70,0.7291666666666666,0.5185185185185185,0.6829268292682927,0.21885097592957617,0.8998755174869387,0.7002314814814815
5,sider,SIDER15,te,118,1366,102,35,0.3431372549019608,11,24,29,73,0.7156862745098039,0.3142857142857143,0.6131386861313869,0.028749732410769262,0.7670422102371569,0.5658263305322129
6,sider,SIDER15,tr,118,1366,868,238,0.27419354838709675,238,0,23,845,0.9735023041474654,1.0,0.9792043399638336,0.9421861518713531,0.999778105637487,0.9991432056693647
6,sider,SIDER15,va,118,1366,92,31,0.33695652173913043,9,22,7,85,0.9239130434782609,0.2903225806451613,0.7642276422764228,0.276512373119131,0.9217143038783884,0.7878681626928472
6,sider,SIDER15,te,118,1366,103,34,0.3300970873786408,9,25,12,91,0.883495145631068,0.2647058823529412,0.7299270072992701,0.17769313312047091,0.7735798680746991,0.5893774985722444
7,sider,SIDER15,tr,118,1366,858,248,0.289044289044289,199,49,186,672,0.7832167832167832,0.8024193548387096,0.7875226039783002,0.5127425456900699,0.9577489827372047,0.8683500639145801
7,sider,SIDER15,va,118,1366,95,28,0.29473684210526313,14,14,30,65,0.6842105263157895,0.5,0.6422764227642277,0.1611444593948321,0.8390282009132091,0.6268796992481203
7,sider,SIDER15,te,118,1366,110,27,0.24545454545454545,14,13,34,76,0.6909090909090909,0.5185185185185185,0.656934306569343,0.17462102696424078,0.8652370313195501,0.6464646464646465
8,sider,SIDER15,tr,118,1366,854,252,0.29508196721311475,192,60,398,456,0.5339578454332553,0.7619047619047619,0.5858951175406871,0.24875305854643262,0.8846701689115787,0.7174175681201442
8,sider,SIDER15,va,118,1366,98,25,0.25510204081632654,16,9,47,51,0.5204081632653061,0.64,0.5447154471544715,0.12914084039121196,0.8800946029134468,0.6481632653061224
8,sider,SIDER15,te,118,1366,111,26,0.23423423423423423,17,9,52,59,0.5315315315315315,0.6538461538461539,0.5547445255474452,0.14538734874755896,0.8786255486219225,0.6505544005544005
9,sider,SIDER15,tr,118,1366,864,242,0.2800925925925926,230,12,57,807,0.9340277777777778,0.9504132231404959,0.9376130198915009,0.8341622315921987,0.9951310331445141,0.9815269168962351
9,sider,SIDER15,va,118,1366,95,28,0.29473684210526313,12,16,16,79,0.8315789473684211,0.42857142857142855,0.7398373983739838,0.26015037593984947,0.8650003670974569,0.7015037593984963
9,sider,SIDER15,te,118,1366,104,33,0.3173076923076923,8,25,22,82,0.7884615384615384,0.24242424242424243,0.656934306569343,0.03193594042661539,0.7681484948290642,0.5445804195804196
10,sider,SIDER15,tr,118,1366,863,243,0.28157589803012745,243,0,18,845,0.9791425260718424,1.0,0.9837251356238698,0.9547855546185579,0.9997823785019675,0.9991512047646978
10,sider,SIDER15,va,118,1366,95,28,0.29473684210526313,13,15,9,86,0.9052631578947369,0.4642857142857143,0.8048780487804879,0.4043343817167248,0.8414256383963823,0.6800751879699248
10,sider,SIDER15,te,118,1366,105,32,0.3047619047619048,11,21,13,92,0.8761904761904762,0.34375,0.7518248175182481,0.2448104527629321,0.8285289027152161,0.6300595238095238
11,sider,SIDER15,tr,118,1366,858,248,0.289044289044289,243,5,65,793,0.9242424242424242,0.9798387096774194,0.9367088607594937,0.8412015941280531,0.9960022450136716,0.9853536920069178
11,sider,SIDER15,va,118,1366,96,27,0.28125,9,18,26,70,0.7291666666666666,0.3333333333333333,0.6422764227642277,0.05733530903673284,0.8623662777931881,0.6473765432098765
11,sider,SIDER15,te,118,1366,109,28,0.25688073394495414,13,15,20,89,0.8165137614678899,0.4642857142857143,0.7445255474452555,0.2647981323750892,0.9011445741247579,0.7326343381389253
12,sider,SIDER15,tr,118,1366,865,241,0.2786127167630058,234,7,55,810,0.9364161849710982,0.970954356846473,0.9439421338155516,0.8525920936316489,0.9964520145881754,0.9862518888062745
12,sider,SIDER15,va,118,1366,92,31,0.33695652173913043,10,21,16,76,0.8260869565217391,0.3225806451612903,0.6991869918699187,0.15809515288152573,0.8189578922792203,0.620617110799439
12,sider,SIDER15,te,118,1366,106,31,0.29245283018867924,12,19,18,88,0.8301886792452831,0.3870967741935484,0.7299270072992701,0.2198426325837359,0.8200988173821377,0.6080340839926963
13,sider,SIDER15,tr,118,1366,857,249,0.29054842473745623,220,29,124,733,0.8553092182030338,0.8835341365461847,0.8616636528028933,0.6666313738612782,0.9838759903372526,0.9439320877442089
13,sider,SIDER15,va,118,1366,103,20,0.1941747572815534,10,10,26,77,0.7475728155339806,0.5,0.7073170731707317,0.20078242222251638,0.9109891904979368,0.674757281553398
13,sider,SIDER15,te,118,1366,103,34,0.3300970873786408,15,19,23,80,0.7766990291262136,0.4411764705882353,0.6934306569343066,0.21021179054753453,0.8279801458342215,0.6399200456881782
14,sider,SIDER15,tr,118,1366,863,243,0.28157589803012745,239,4,45,818,0.947856315179606,0.9835390946502057,0.9556962025316456,0.8827699663385069,0.9982576775808281,0.9933121611375765
14,sider,SIDER15,va,118,1366,96,27,0.28125,10,17,19,77,0.8020833333333334,0.37037037037037035,0.7073170731707317,0.16816170373894798,0.8942889610278082,0.6948302469135802
14,sider,SIDER15,te,118,1366,104,33,0.3173076923076923,14,19,24,80,0.7692307692307693,0.42424242424242425,0.6861313868613139,0.18479279922655611,0.792678803863922,0.5987762237762237
15,sider,SIDER15,tr,118,1366,863,243,0.28157589803012745,189,54,153,710,0.8227114716106605,0.7777777777777778,0.8128390596745028,0.5379650217374223,0.9676655205928066,0.8947875389229838
15,sider,SIDER15,va,118,1366,92,31,0.33695652173913043,11,20,25,67,0.7282608695652174,0.3548387096774194,0.6341463414634146,0.07929808668489638,0.8366917669049191,0.6039621318373072
15,sider,SIDER15,te,118,1366,108,29,0.26851851851851855,14,15,30,78,0.7222222222222222,0.4827586206896552,0.6715328467153284,0.17933139996674738,0.8796283575805631,0.667624521072797
1,sider,SIDER16,tr,118,1366,695,411,0.5913669064748202,384,27,90,605,0.8705035971223022,0.9343065693430657,0.8942133815551537,0.7858851040283866,0.98084530699955,0.9649985121391937
1,sider,SIDER16,va,118,1366,72,51,0.7083333333333334,34,17,25,47,0.6527777777777778,0.6666666666666666,0.6585365853658537,0.31501460037009016,0.7873489297370357,0.7197712418300654
1,sider,SIDER16,te,118,1366,92,45,0.4891304347826087,27,18,29,63,0.6847826086956522,0.6,0.656934306569343,0.27206777917741126,0.8407672099474903,0.7147342995169083
2,sider,SIDER16,tr,118,1366,704,402,0.5710227272727273,339,63,152,552,0.7840909090909091,0.8432835820895522,0.8056057866184448,0.6073624085223913,0.9444959936166548,0.8988968509724108
2,sider,SIDER16,va,118,1366,74,49,0.6621621621621622,37,12,26,48,0.6486486486486487,0.7551020408163265,0.6910569105691057,0.39544061868236935,0.8198218505431679,0.7446221731936017
2,sider,SIDER16,te,118,1366,81,56,0.691358024691358,30,26,27,54,0.6666666666666666,0.5357142857142857,0.6131386861313869,0.20184766831204046,0.7640849403338257,0.687389770723104
3,sider,SIDER16,tr,118,1366,701,405,0.5777460770328102,304,101,192,509,0.7261055634807418,0.7506172839506173,0.7350813743218807,0.46179234692393734,0.9016101152277847,0.8307867068209437
3,sider,SIDER16,va,118,1366,72,51,0.7083333333333334,34,17,23,49,0.6805555555555556,0.6666666666666666,0.6747967479674797,0.3430437039366292,0.8053113894338528,0.7446895424836601
3,sider,SIDER16,te,118,1366,86,51,0.5930232558139535,40,11,31,55,0.6395348837209303,0.7843137254901961,0.6934306569343066,0.41005672044586416,0.8297325719115607,0.7343821249430005
4,sider,SIDER16,tr,118,1366,706,400,0.56657223796034,328,72,170,536,0.7592067988668555,0.82,0.7811934900542495,0.5593704708449876,0.93412384157245,0.8856002124645892
4,sider,SIDER16,va,118,1366,72,51,0.7083333333333334,35,16,21,51,0.7083333333333334,0.6862745098039216,0.6991869918699187,0.3903782693130952,0.7462810550783396,0.7437363834422658
4,sider,SIDER16,te,118,1366,81,56,0.691358024691358,35,21,21,60,0.7407407407407407,0.625,0.6934306569343066,0.36574074074074064,0.8352373236142788,0.7634479717813051
5,sider,SIDER16,tr,118,1366,692,414,0.5982658959537572,330,84,193,499,0.7210982658959537,0.7971014492753623,0.7495479204339964,0.5023024146802156,0.912149424342475,0.8548961911144621
5,sider,SIDER16,va,118,1366,80,43,0.5375,31,12,18,62,0.775,0.7209302325581395,0.7560975609756098,0.48304312539199656,0.8580385525905168,0.8084302325581395
5,sider,SIDER16,te,118,1366,87,50,0.5747126436781609,28,22,36,51,0.5862068965517241,0.56,0.5766423357664233,0.14107857688511105,0.7325530680561587,0.6257471264367815
6,sider,SIDER16,tr,118,1366,703,403,0.5732574679943101,343,60,139,564,0.802275960170697,0.8511166253101737,0.8200723327305606,0.6341450014350292,0.9458724700664899,0.9032028633047309
6,sider,SIDER16,va,118,1366,79,44,0.5569620253164557,31,13,21,58,0.7341772151898734,0.7045454545454546,0.7235772357723578,0.42569555324000485,0.8788884514099996,0.7873993095512083
6,sider,SIDER16,te,118,1366,77,60,0.7792207792207793,37,23,21,56,0.7272727272727273,0.6166666666666667,0.6788321167883211,0.34536264917244347,0.7769370179423201,0.7041125541125541
7,sider,SIDER16,tr,118,1366,690,416,0.6028985507246377,375,41,131,559,0.8101449275362319,0.9014423076923077,0.8444846292947559,0.6919081974535776,0.962406241271146,0.9356692447045708
7,sider,SIDER16,va,118,1366,80,43,0.5375,32,11,22,58,0.725,0.7441860465116279,0.7317073170731707,0.45081969808311945,0.8688171631378498,0.7875000000000001
7,sider,SIDER16,te,118,1366,89,48,0.5393258426966292,28,20,29,60,0.6741573033707865,0.5833333333333334,0.6423357664233577,0.2492267429076979,0.7851787813468682,0.674625468164794
8,sider,SIDER16,tr,118,1366,702,404,0.5754985754985755,344,60,151,551,0.7849002849002849,0.8514851485148515,0.8092224231464737,0.616249052164114,0.9427871442366822,0.8991918422611493
8,sider,SIDER16,va,118,1366,72,51,0.7083333333333334,36,15,19,53,0.7361111111111112,0.7058823529411765,0.7235772357723578,0.4379569095098242,0.8037906002683208,0.7704248366013072
8,sider,SIDER16,te,118,1366,85,52,0.611764705882353,31,21,21,64,0.7529411764705882,0.5961538461538461,0.6934306569343066,0.3490950226244343,0.7876712793865805,0.710633484162896
9,sider,SIDER16,tr,118,1366,697,409,0.5868005738880918,265,144,188,509,0.7302725968436155,0.6479217603911981,0.6998191681735986,0.3712678954097059,0.8284936390840731,0.7243267513935028
9,sider,SIDER16,va,118,1366,73,50,0.684931506849315,24,26,16,57,0.7808219178082192,0.48,0.6585365853658537,0.273477420134315,0.7730479444559286,0.69
9,sider,SIDER16,te,118,1366,89,48,0.5393258426966292,25,23,31,58,0.651685393258427,0.5208333333333334,0.6058394160583942,0.167423086067198,0.7432967984813267,0.5802902621722846
10,sider,SIDER16,tr,118,1366,700,406,0.58,360,46,131,569,0.8128571428571428,0.8866995073891626,0.8399638336347197,0.6786668282687682,0.9606716104852606,0.9296745249824068
10,sider,SIDER16,va,118,1366,76,47,0.618421052631579,33,14,31,45,0.5921052631578947,0.7021276595744681,0.6341463414634146,0.28617454310012985,0.804503403654674,0.7357222844344905
10,sider,SIDER16,te,118,1366,83,54,0.6506024096385542,39,15,19,64,0.7710843373493976,0.7222222222222222,0.7518248175182481,0.4878937716696713,0.833100088874694,0.7909415439535922
11,sider,SIDER16,tr,118,1366,697,409,0.5868005738880918,305,104,212,485,0.6958393113342898,0.7457212713936431,0.7142857142857143,0.4272336209067442,0.8574769603300837,0.777869177368604
11,sider,SIDER16,va,118,1366,79,44,0.5569620253164557,35,9,25,54,0.6835443037974683,0.7954545454545454,0.7235772357723578,0.45933385283582784,0.8479451734630845,0.7628020713463751
11,sider,SIDER16,te,118,1366,83,54,0.6506024096385542,29,25,31,52,0.6265060240963856,0.5370370370370371,0.5912408759124088,0.16108201764710978,0.7271951207548388,0.6317492190986167
12,sider,SIDER16,tr,118,1366,698,408,0.5845272206303725,363,45,107,591,0.8467048710601719,0.8897058823529411,0.8625678119349005,0.718787353963434,0.9644104370701669,0.9367871790550032
12,sider,SIDER16,va,118,1366,77,46,0.5974025974025974,34,12,22,55,0.7142857142857143,0.7391304347826086,0.7235772357723578,0.44054456494247374,0.8730168737233008,0.7704686617730097
12,sider,SIDER16,te,118,1366,84,53,0.6309523809523809,35,18,32,52,0.6190476190476191,0.660377358490566,0.635036496350365,0.2722427864371396,0.7932350181010737,0.7014824797843666
13,sider,SIDER16,tr,118,1366,693,413,0.5959595959595959,369,44,112,581,0.8383838383838383,0.8934624697336562,0.8589511754068716,0.7140834744372404,0.9699848813777141,0.9465390676044428
13,sider,SIDER16,va,118,1366,82,41,0.5,28,13,23,59,0.7195121951219512,0.6829268292682927,0.7073170731707317,0.3850770231077026,0.891203004994134,0.7920880428316479
13,sider,SIDER16,te,118,1366,84,53,0.6309523809523809,27,26,16,68,0.8095238095238095,0.5094339622641509,0.6934306569343066,0.3347438539883957,0.8138669928002406,0.7434860736747528
14,sider,SIDER16,tr,118,1366,712,394,0.5533707865168539,312,82,160,552,0.7752808988764045,0.7918781725888325,0.7811934900542495,0.549132771134803,0.9244259094958842,0.867061398505675
14,sider,SIDER16,va,118,1366,67,56,0.835820895522388,37,19,20,47,0.7014925373134329,0.6607142857142857,0.6829268292682927,0.36172510074642744,0.7809362212205964,0.7310767590618337
14,sider,SIDER16,te,118,1366,80,57,0.7125,36,21,29,51,0.6375,0.631578947368421,0.635036496350365,0.26560681548455944,0.747080149827253,0.6856359649122807
15,sider,SIDER16,tr,118,1366,687,419,0.6098981077147017,389,30,107,580,0.8442503639010189,0.9284009546539379,0.8761301989150091,0.7536386697741516,0.9762738049851843,0.9578986496579851
15,sider,SIDER16,va,118,1366,77,46,0.5974025974025974,28,18,25,52,0.6753246753246753,0.6086956521739131,0.6504065040650406,0.2775151822968926,0.8513035680442395,0.7396950875211745
15,sider,SIDER16,te,118,1366,95,42,0.4421052631578947,35,7,39,56,0.5894736842105263,0.8333333333333334,0.6642335766423357,0.3911492484674895,0.8670672713489898,0.7370927318295739
1,sider,SIDER17,tr,118,1366,1027,79,0.07692307692307693,72,7,421,606,0.5900681596884129,0.9113924050632911,0.6130198915009042,0.25982555042715794,0.9856197852329089,0.8530067913179594
1,sider,SIDER17,va,118,1366,114,9,0.07894736842105263,6,3,46,68,0.5964912280701754,0.6666666666666666,0.6016260162601627,0.1387264387371729,0.9578190359013927,0.6705653021442495
1,sider,SIDER17,te,118,1366,129,8,0.06201550387596899,6,2,63,66,0.5116279069767442,0.75,0.5255474452554745,0.1227000991853468,0.9656595575791587,0.6298449612403101
2,sider,SIDER17,tr,118,1366,1034,72,0.06963249516441006,69,3,85,949,0.9177949709864603,0.9583333333333334,0.9204339963833634,0.6243317106890514,0.9978191116992843,0.9683738985600687
2,sider,SIDER17,va,118,1366,110,13,0.11818181818181818,3,10,9,101,0.9181818181818182,0.23076923076923078,0.8455284552845529,0.15433323951355615,0.8956232445329332,0.5538461538461538
2,sider,SIDER17,te,118,1366,126,11,0.0873015873015873,3,8,8,118,0.9365079365079365,0.2727272727272727,0.8832116788321168,0.2092352092352087,0.9277790945418107,0.5634920634920635
3,sider,SIDER17,tr,118,1366,1025,81,0.07902439024390244,81,0,32,993,0.968780487804878,1.0,0.9710669077757685,0.8333280091922878,0.9997615793565636,0.9968563685636856
3,sider,SIDER17,va,118,1366,116,7,0.0603448275862069,1,6,13,103,0.8879310344827587,0.14285714285714285,0.8455284552845529,0.022458705859226442,0.9755487935230671,0.6908866995073892
3,sider,SIDER17,te,118,1366,129,8,0.06201550387596899,3,5,9,120,0.9302325581395349,0.375,0.8978102189781022,0.2531774816394656,0.9565204567762567,0.6773255813953488
4,sider,SIDER17,tr,118,1366,1028,78,0.07587548638132295,66,12,185,843,0.8200389105058365,0.8461538461538461,0.8218806509945751,0.4072150748885652,0.9928929296757525,0.9157936745485384
4,sider,SIDER17,va,118,1366,119,4,0.03361344537815126,1,3,21,98,0.8235294117647058,0.25,0.8048780487804879,0.03403239714888853,0.9875696352002519,0.703781512605042
4,sider,SIDER17,te,118,1366,123,14,0.11382113821138211,4,10,22,101,0.8211382113821138,0.2857142857142857,0.7664233576642335,0.08253783748907317,0.9209066135174135,0.5734610917537746
5,sider,SIDER17,tr,118,1366,1023,83,0.08113391984359726,78,5,155,868,0.8484848484848485,0.9397590361445783,0.8553345388788427,0.5092750390622627,0.9961129688242631,0.9535090508662216
5,sider,SIDER17,va,118,1366,115,8,0.06956521739130435,3,5,15,100,0.8695652173913043,0.375,0.8373983739837398,0.17063090819748328,0.9728762164172086,0.7130434782608696
5,sider,SIDER17,te,118,1366,132,5,0.03787878787878788,3,2,19,113,0.8560606060606061,0.6,0.8467153284671532,0.2329347415985296,0.9768730393757545,0.6969696969696969
6,sider,SIDER17,tr,118,1366,1032,74,0.07170542635658915,52,22,78,954,0.9244186046511628,0.7027027027027027,0.9095840867992767,0.486531182796293,0.9920709967094274,0.9088296144982192
6,sider,SIDER17,va,118,1366,113,10,0.08849557522123894,4,6,11,102,0.9026548672566371,0.4,0.8617886178861789,0.25277223999034026,0.967595996324918,0.7278761061946902
6,sider,SIDER17,te,118,1366,125,12,0.096,4,8,8,117,0.936,0.3333333333333333,0.8832116788321168,0.26933333333333276,0.9359533444053134,0.593
7,sider,SIDER17,tr,118,1366,1027,79,0.07692307692307693,78,1,98,929,0.9045764362220059,0.9873417721518988,0.9104882459312839,0.6279513368244832,0.9979054932445721,0.9723848495679932
7,sider,SIDER17,va,118,1366,118,5,0.0423728813559322,1,4,18,100,0.847457627118644,0.2,0.8211382113821138,0.025932151812616756,0.9667560706388527,0.5305084745762711
7,sider,SIDER17,te,118,1366,125,12,0.096,4,8,12,113,0.904,0.3333333333333333,0.8540145985401459,0.20890637443179363,0.9236563599416678,0.5453333333333333
8,sider,SIDER17,tr,118,1366,1023,83,0.08113391984359726,78,5,296,727,0.7106549364613881,0.9397590361445783,0.7278481012658228,0.36222246681684594,0.9930138371141883,0.9226995960381114
8,sider,SIDER17,va,118,1366,113,10,0.08849557522123894,6,4,35,78,0.6902654867256637,0.6,0.6829268292682927,0.1682812647646683,0.9604479480434643,0.7349557522123894
8,sider,SIDER17,te,118,1366,134,3,0.022388059701492536,2,1,39,95,0.7089552238805971,0.6666666666666666,0.708029197080292,0.12004287161073725,0.9785265970996636,0.6032338308457712
9,sider,SIDER17,tr,118,1366,1023,83,0.08113391984359726,82,1,703,320,0.3128054740957967,0.9879518072289156,0.36347197106690776,0.17458449413607807,0.9858405068412596,0.8540378522889212
9,sider,SIDER17,va,118,1366,118,5,0.0423728813559322,4,1,88,30,0.2542372881355932,0.8,0.2764227642276423,0.02466886747621883,0.9789389260077814,0.7050847457627119
9,sider,SIDER17,te,118,1366,129,8,0.06201550387596899,7,1,92,37,0.2868217054263566,0.875,0.32116788321167883,0.084755370539262,0.9621605376810116,0.5770348837209303
10,sider,SIDER17,tr,118,1366,1030,76,0.07378640776699029,75,1,70,960,0.9320388349514563,0.9868421052631579,0.9358047016274864,0.6887140722423605,0.9983599688965406,0.9772036280020439
10,sider,SIDER17,va,118,1366,110,13,0.11818181818181818,4,9,8,102,0.9272727272727272,0.3076923076923077,0.8617886178861789,0.24345525106363788,0.9305280445682994,0.7132867132867133
10,sider,SIDER17,te,118,1366,130,7,0.05384615384615385,2,5,16,114,0.8769230769230769,0.2857142857142857,0.8467153284671532,0.10600620471932788,0.9428292140983736,0.43956043956043955
11,sider,SIDER17,tr,118,1366,1030,76,0.07378640776699029,48,28,135,895,0.8689320388349514,0.631578947368421,0.8526220614828209,0.3407317688214778,0.9854125349227889,0.8434657639243741
11,sider,SIDER17,va,118,1366,112,11,0.09821428571428571,2,9,21,91,0.8125,0.18181818181818182,0.7560975609756098,-0.004158423994565371,0.9475567103883996,0.6156655844155845
11,sider,SIDER17,te,118,1366,128,9,0.0703125,3,6,20,108,0.84375,0.3333333333333333,0.8102189781021898,0.11737823754154765,0.9540804241363467,0.6106770833333333
12,sider,SIDER17,tr,118,1366,1025,81,0.07902439024390244,75,6,221,804,0.784390243902439,0.9259259259259259,0.794755877034358,0.4179918156962694,0.9947621079460172,0.9370069256248118
12,sider,SIDER17,va,118,1366,117,6,0.05128205128205128,4,2,29,88,0.7521367521367521,0.6666666666666666,0.7479674796747967,0.2036106778240635,0.9851140602666248,0.7799145299145299
12,sider,SIDER17,te,118,1366,128,9,0.0703125,3,6,37,91,0.7109375,0.3333333333333333,0.6861313868613139,0.024122819863032774,0.9356083596265667,0.4826388888888889
13,sider,SIDER17,tr,118,1366,1026,80,0.07797270955165692,78,2,94,932,0.9083820662768031,0.975,0.9132007233273056,0.6314363663519433,0.9978726944033257,0.972228313840156
13,sider,SIDER17,va,118,1366,118,5,0.0423728813559322,1,4,20,98,0.8305084745762712,0.2,0.8048780487804879,0.016011674988427975,0.9657736023117096,0.6110169491525423
13,sider,SIDER17,te,118,1366,126,11,0.0873015873015873,3,8,13,113,0.8968253968253969,0.2727272727272727,0.8467153284671532,0.14346090647421517,0.9282304811681502,0.5923520923520923
14,sider,SIDER17,tr,118,1366,1034,72,0.06963249516441006,69,3,81,953,0.9216634429400387,0.9583333333333334,0.9240506329113924,0.6340638934097237,0.9986457037569794,0.9803285514721684
14,sider,SIDER17,va,118,1366,115,8,0.06956521739130435,4,4,12,103,0.8956521739130435,0.5,0.8699186991869918,0.2900384595271384,0.9848489821242888,0.816304347826087
14,sider,SIDER17,te,118,1366,121,16,0.1322314049586777,5,11,7,114,0.9421487603305785,0.3125,0.8686131386861314,0.2893001196485232,0.9252113671495807,0.6658057851239669
15,sider,SIDER17,tr,118,1366,1025,81,0.07902439024390244,81,0,55,970,0.9463414634146341,1.0,0.9502712477396021,0.7507528502648356,0.9992036954874131,0.9894911171333934
15,sider,SIDER17,va,118,1366,115,8,0.06956521739130435,0,8,4,111,0.9652173913043478,0.0,0.9024390243902439,-0.04835624711453292,0.9262666479511901,0.45108695652173914
15,sider,SIDER17,te,118,1366,130,7,0.05384615384615385,2,5,9,121,0.9307692307692308,0.2857142857142857,0.8978102189781022,0.17541386383968127,0.9647247757637238,0.6131868131868132
1,sider,SIDER18,tr,118,1366,194,912,4.701030927835052,786,126,21,173,0.8917525773195877,0.8618421052631579,0.8670886075949367,0.6453030948747425,0.8310024021658091,0.9511807062759994
1,sider,SIDER18,va,118,1366,29,94,3.2413793103448274,78,16,10,19,0.6551724137931034,0.8297872340425532,0.7886178861788617,0.45623980310211315,0.5856961212804656,0.7846661775495231
1,sider,SIDER18,te,118,1366,26,111,4.269230769230769,89,22,17,9,0.34615384615384615,0.8018018018018018,0.7153284671532847,0.13865831941367146,0.2136003061729002,0.5363825363825364
2,sider,SIDER18,tr,118,1366,206,900,4.368932038834951,755,145,20,186,0.9029126213592233,0.8388888888888889,0.8508137432188065,0.6306345058359645,0.8058142348554922,0.9485329018338727
2,sider,SIDER18,va,118,1366,16,107,6.6875,80,27,6,10,0.625,0.7476635514018691,0.7317073170731707,0.27334976879689776,0.27980126692570456,0.7032710280373832
2,sider,SIDER18,te,118,1366,27,110,4.074074074074074,87,23,21,6,0.2222222222222222,0.7909090909090909,0.6788321167883211,0.012787201407436999,0.26863642945730526,0.4946127946127946
3,sider,SIDER18,tr,118,1366,204,902,4.421568627450981,776,126,12,192,0.9411764705882353,0.8603104212860311,0.8752260397830018,0.6868123687162339,0.8841530036339025,0.9685747358810486
3,sider,SIDER18,va,118,1366,21,102,4.857142857142857,76,26,14,7,0.3333333333333333,0.7450980392156863,0.6747967479674797,0.06660722245808558,0.27242590078572027,0.6013071895424836
3,sider,SIDER18,te,118,1366,24,113,4.708333333333333,80,33,17,7,0.2916666666666667,0.7079646017699115,0.635036496350365,-0.00030827570144013856,0.19395486176610763,0.5095870206489675
4,sider,SIDER18,tr,118,1366,205,901,4.3951219512195125,709,192,26,179,0.8731707317073171,0.7869034406215316,0.8028933092224232,0.5432521346231398,0.720431848605026,0.9105546682547846
4,sider,SIDER18,va,118,1366,25,98,3.92,69,29,15,10,0.4,0.7040816326530612,0.6422764227642277,0.09000884559456222,0.268510040808534,0.5844897959183674
4,sider,SIDER18,te,118,1366,19,118,6.2105263157894735,76,42,8,11,0.5789473684210527,0.6440677966101694,0.635036496350365,0.15826126121212258,0.25140636338721173,0.6770740410347904
5,sider,SIDER18,tr,118,1366,196,910,4.642857142857143,767,143,16,180,0.9183673469387755,0.8428571428571429,0.85623869801085,0.6392626656585723,0.8246638521216734,0.9524725274725274
5,sider,SIDER18,va,118,1366,29,94,3.2413793103448274,69,25,13,16,0.5517241379310345,0.7340425531914894,0.6910569105691057,0.25732126478174594,0.4116481110764913,0.6463683052090976
5,sider,SIDER18,te,118,1366,24,113,4.708333333333333,82,31,13,11,0.4583333333333333,0.7256637168141593,0.6788321167883211,0.15169429753838423,0.22492640354265514,0.5682153392330384
6,sider,SIDER18,tr,118,1366,201,905,4.502487562189055,758,147,16,185,0.9203980099502488,0.8375690607734807,0.8526220614828209,0.6377245478966118,0.8440251391007603,0.955809351034881
6,sider,SIDER18,va,118,1366,21,102,4.857142857142857,80,22,12,9,0.42857142857142855,0.7843137254901961,0.7235772357723578,0.184493193689,0.2552096770720351,0.649859943977591
6,sider,SIDER18,te,118,1366,27,110,4.074074074074074,85,25,15,12,0.4444444444444444,0.7727272727272727,0.708029197080292,0.19457212765016685,0.2798544744799786,0.6198653198653199
7,sider,SIDER18,tr,118,1366,199,907,4.557788944723618,830,77,7,192,0.964824120603015,0.9151047409040793,0.9240506329113924,0.7878415393039592,0.9529283261635779,0.9868083526784972
7,sider,SIDER18,va,118,1366,25,98,3.92,78,20,15,10,0.4,0.7959183673469388,0.7154471544715447,0.18359298946342817,0.34399802188350787,0.663265306122449
7,sider,SIDER18,te,118,1366,25,112,4.48,85,27,19,6,0.24,0.7589285714285714,0.6642335766423357,-0.0009677620764234542,0.2579310994584082,0.5928571428571427
8,sider,SIDER18,tr,118,1366,208,898,4.3173076923076925,643,255,42,166,0.7980769230769231,0.7160356347438753,0.7314647377938517,0.41375353216034344,0.6053079143407907,0.8479339772143224
8,sider,SIDER18,va,118,1366,15,108,7.2,68,40,8,7,0.4666666666666667,0.6296296296296297,0.6097560975609756,0.06485020689503405,0.12566432935501398,0.5243827160493828
8,sider,SIDER18,te,118,1366,26,111,4.269230769230769,81,30,15,11,0.4230769230769231,0.7297297297297297,0.6715328467153284,0.13084673228447807,0.33202680598855244,0.6264726264726265
9,sider,SIDER18,tr,118,1366,195,911,4.671794871794872,765,146,28,167,0.8564102564102564,0.8397365532381997,0.8426763110307414,0.5889366327026705,0.7092426613498145,0.9185904472402826
9,sider,SIDER18,va,118,1366,26,97,3.730769230769231,77,20,18,8,0.3076923076923077,0.7938144329896907,0.6910569105691057,0.09883860470444551,0.2621290562788494,0.5721649484536083
9,sider,SIDER18,te,118,1366,28,109,3.892857142857143,83,26,18,10,0.35714285714285715,0.7614678899082569,0.6788321167883211,0.10866867422129568,0.2772155496691593,0.5927260812581914
10,sider,SIDER18,tr,118,1366,206,900,4.368932038834951,875,25,0,206,1.0,0.9722222222222222,0.9773960216998192,0.9311301557802577,0.9996282629736563,0.9999137001078748
10,sider,SIDER18,va,118,1366,16,107,6.6875,92,15,8,8,0.5,0.8598130841121495,0.8130081300813008,0.3104308785438629,0.5216645689844175,0.7716121495327103
10,sider,SIDER18,te,118,1366,27,110,4.074074074074074,86,24,21,6,0.2222222222222222,0.7818181818181819,0.6715328467153284,0.003886426915527258,0.2124118576096444,0.5518518518518518
11,sider,SIDER18,tr,118,1366,204,902,4.421568627450981,757,145,19,185,0.9068627450980392,0.8392461197339246,0.8517179023508138,0.6324595023195357,0.7964578093202159,0.9431030172601191
11,sider,SIDER18,va,118,1366,21,102,4.857142857142857,80,22,13,8,0.38095238095238093,0.7843137254901961,0.7154471544715447,0.1448076238124893,0.29359741259665634,0.6484593837535014
11,sider,SIDER18,te,118,1366,24,113,4.708333333333333,90,23,14,10,0.4166666666666667,0.7964601769911505,0.7299270072992701,0.18945643295137884,0.3542677424808179,0.6290560471976401
12,sider,SIDER18,tr,118,1366,205,901,4.3951219512195125,609,292,37,168,0.8195121951219512,0.6759156492785794,0.7025316455696202,0.39059309607672155,0.47665267580706827,0.8078205787607267
12,sider,SIDER18,va,118,1366,23,100,4.3478260869565215,62,38,11,12,0.5217391304347826,0.62,0.6016260162601627,0.112514177519734,0.299665554558466,0.6365217391304349
12,sider,SIDER18,te,118,1366,21,116,5.523809523809524,71,45,13,8,0.38095238095238093,0.6120689655172413,0.5766423357664233,-0.005162174742487144,0.18706928886607288,0.5223727422003284
13,sider,SIDER18,tr,118,1366,201,905,4.502487562189055,735,170,27,174,0.8656716417910447,0.8121546961325967,0.8218806509945751,0.5646561352691712,0.7411419880406127,0.9192682993870427
13,sider,SIDER18,va,118,1366,19,104,5.473684210526316,79,25,9,10,0.5263157894736842,0.7596153846153846,0.7235772357723578,0.22902327432364436,0.3167773619548785,0.7246963562753037
13,sider,SIDER18,te,118,1366,29,108,3.7241379310344827,78,30,18,11,0.3793103448275862,0.7222222222222222,0.6496350364963503,0.09057090314445473,0.276971262885974,0.5750319284802043
14,sider,SIDER18,tr,118,1366,207,899,4.342995169082125,703,196,33,174,0.8405797101449275,0.7819799777530589,0.7929475587703436,0.5146432075027239,0.6640526343150438,0.8929943630335369
14,sider,SIDER18,va,118,1366,20,103,5.15,77,26,12,8,0.4,0.7475728155339806,0.6910569105691057,0.12176024451977559,0.2752091407148099,0.6434466019417476
14,sider,SIDER18,te,118,1366,22,115,5.2272727272727275,84,31,12,10,0.45454545454545453,0.7304347826086957,0.6861313868613139,0.1483057698437204,0.40030274652904424,0.6207509881422925
15,sider,SIDER18,tr,118,1366,203,903,4.448275862068965,826,77,9,194,0.9556650246305419,0.9147286821705426,0.9222423146473779,0.7833931201880582,0.9373330682947255,0.9852734999372643
15,sider,SIDER18,va,118,1366,21,102,4.857142857142857,86,16,12,9,0.42857142857142855,0.8431372549019608,0.7723577235772358,0.25405644060496113,0.44418525724862196,0.7296918767507002
15,sider,SIDER18,te,118,1366,25,112,4.48,82,30,16,9,0.36,0.7321428571428571,0.6642335766423357,0.07886700504843963,0.25841780066230935,0.6010714285714286
1,sider,SIDER19,tr,118,1366,775,331,0.4270967741935484,331,0,20,755,0.9741935483870968,1.0,0.9819168173598554,0.9584800177835717,0.9998228313944394,0.9995750901471592
1,sider,SIDER19,va,118,1366,85,38,0.4470588235294118,21,17,23,62,0.7294117647058823,0.5526315789473685,0.6747967479674797,0.27187998163795,0.8442832855657629,0.6972136222910216
1,sider,SIDER19,te,118,1366,103,34,0.3300970873786408,14,20,26,77,0.7475728155339806,0.4117647058823529,0.6642335766423357,0.15137712937056474,0.8501261348844571,0.6273557966876071
2,sider,SIDER19,tr,118,1366,782,324,0.4143222506393862,281,43,145,637,0.8145780051150895,0.8672839506172839,0.8300180831826401,0.637695108243639,0.966976866744239,0.9238163461842064
2,sider,SIDER19,va,118,1366,87,36,0.41379310344827586,16,20,24,63,0.7241379310344828,0.4444444444444444,0.6422764227642277,0.16373970514210087,0.8834755794374665,0.7314814814814815
2,sider,SIDER19,te,118,1366,94,43,0.4574468085106383,18,25,29,65,0.6914893617021277,0.4186046511627907,0.6058394160583942,0.1076196741362981,0.8015699149482444,0.60786739238001
3,sider,SIDER19,tr,118,1366,787,319,0.40533672172808133,318,1,46,741,0.9415501905972046,0.9968652037617555,0.9575045207956601,0.9047429066618389,0.998589419526753,0.9963234854791618
3,sider,SIDER19,va,118,1366,78,45,0.5769230769230769,22,23,14,64,0.8205128205128205,0.4888888888888889,0.6991869918699187,0.3275407886088515,0.8267762363942538,0.7515669515669515
3,sider,SIDER19,te,118,1366,98,39,0.3979591836734694,16,23,21,77,0.7857142857142857,0.41025641025641024,0.6788321167883211,0.19917536160585889,0.8383152440320661,0.6609105180533751
4,sider,SIDER19,tr,118,1366,789,317,0.4017743979721166,198,119,148,641,0.8124207858048162,0.6246056782334385,0.7585895117540687,0.42621725089212104,0.9115994258114459,0.807207142371648
4,sider,SIDER19,va,118,1366,87,36,0.41379310344827586,17,19,18,69,0.7931034482758621,0.4722222222222222,0.6991869918699187,0.26755605808046,0.8802938575867922,0.736749680715198
4,sider,SIDER19,te,118,1366,87,50,0.5747126436781609,23,27,23,64,0.735632183908046,0.46,0.635036496350365,0.19942762608836345,0.7451365248368821,0.6163218390804598
5,sider,SIDER19,tr,118,1366,775,331,0.4270967741935484,330,1,37,738,0.952258064516129,0.9969788519637462,0.9656419529837251,0.923175386079718,0.9993363811189306,0.9984017152324336
5,sider,SIDER19,va,118,1366,90,33,0.36666666666666664,15,18,14,76,0.8444444444444444,0.45454545454545453,0.7398373983739838,0.3120842239531446,0.8491141117657245,0.6915824915824916
5,sider,SIDER19,te,118,1366,98,39,0.3979591836734694,21,18,22,76,0.7755102040816326,0.5384615384615384,0.708029197080292,0.305307694766887,0.8555273555579385,0.7349555206698064
6,sider,SIDER19,tr,118,1366,791,315,0.39823008849557523,216,99,187,604,0.7635903919089759,0.6857142857142857,0.7414104882459313,0.4213609388660732,0.9192049561135496,0.8150402343828387
6,sider,SIDER19,va,118,1366,81,42,0.5185185185185185,26,16,22,59,0.7283950617283951,0.6190476190476191,0.6910569105691057,0.3377528882503566,0.8251880477131541,0.7530864197530864
6,sider,SIDER19,te,118,1366,91,46,0.5054945054945055,15,31,28,63,0.6923076923076923,0.32608695652173914,0.5693430656934306,0.018719444572766305,0.750831236979692,0.5719063545150502
7,sider,SIDER19,tr,118,1366,772,334,0.4326424870466321,334,0,26,746,0.966321243523316,1.0,0.976491862567812,0.946853407838574,0.9995346878510498,0.9988093760665198
7,sider,SIDER19,va,118,1366,88,35,0.3977272727272727,18,17,16,72,0.8181818181818182,0.5142857142857142,0.7317073170731707,0.33542091285352993,0.8655034516859897,0.7418831168831169
7,sider,SIDER19,te,118,1366,103,34,0.3300970873786408,21,13,29,74,0.7184466019417476,0.6176470588235294,0.6934306569343066,0.30156002003403337,0.9113732843964655,0.7609937178754997
8,sider,SIDER19,tr,118,1366,790,316,0.4,285,31,117,673,0.8518987341772152,0.9018987341772152,0.8661844484629295,0.7079660067328662,0.9799400874672373,0.9497816856273034
8,sider,SIDER19,va,118,1366,81,42,0.5185185185185185,24,18,20,61,0.7530864197530864,0.5714285714285714,0.6910569105691057,0.32104213498408735,0.8061372077096041,0.7039976484420929
8,sider,SIDER19,te,118,1366,92,45,0.4891304347826087,29,16,29,63,0.6847826086956522,0.6444444444444445,0.6715328467153284,0.31294509060144665,0.8426860240924938,0.7031400966183575
9,sider,SIDER19,tr,118,1366,789,317,0.4017743979721166,315,2,38,751,0.9518377693282636,0.9936908517350158,0.9638336347197106,0.9171871707315506,0.9988422932739918,0.997077321050885
9,sider,SIDER19,va,118,1366,82,41,0.5,20,21,20,62,0.7560975609756098,0.4878048780487805,0.6666666666666666,0.2454403468369079,0.8534108366470232,0.7162403331350387
9,sider,SIDER19,te,118,1366,92,45,0.4891304347826087,22,23,15,77,0.8369565217391305,0.4888888888888889,0.7226277372262774,0.3446758990536354,0.7975589642474283,0.6990338164251207
10,sider,SIDER19,tr,118,1366,772,334,0.4326424870466321,263,71,254,518,0.6709844559585493,0.7874251497005988,0.7061482820976492,0.4218253485419611,0.9090182184214759,0.8158643852191989
10,sider,SIDER19,va,118,1366,91,32,0.3516483516483517,22,10,34,57,0.6263736263736264,0.6875,0.6422764227642277,0.2765152548573799,0.8703254528662342,0.7208104395604397
10,sider,SIDER19,te,118,1366,100,37,0.37,20,17,36,64,0.64,0.5405405405405406,0.6131386861313869,0.16305686100521263,0.7960505771534409,0.6058108108108108
11,sider,SIDER19,tr,118,1366,777,329,0.42342342342342343,276,53,170,607,0.7812097812097812,0.8389057750759878,0.798372513562387,0.5778853535995885,0.9535521672396887,0.8978379160749981
11,sider,SIDER19,va,118,1366,88,35,0.3977272727272727,24,11,25,63,0.7159090909090909,0.6857142857142857,0.7073170731707317,0.37015229080780965,0.905843157859188,0.7853896103896104
11,sider,SIDER19,te,118,1366,98,39,0.3979591836734694,15,24,39,59,0.6020408163265306,0.38461538461538464,0.5401459854014599,-0.012322218588471082,0.787837504646351,0.555337519623234
12,sider,SIDER19,tr,118,1366,788,318,0.4035532994923858,294,24,141,647,0.8210659898477157,0.9245283018867925,0.8508137432188065,0.6908334448021345,0.978843504112467,0.949210643935766
12,sider,SIDER19,va,118,1366,82,41,0.5,21,20,19,63,0.7682926829268293,0.5121951219512195,0.6829268292682927,0.2822563988624441,0.8055168538507356,0.7099940511600238
12,sider,SIDER19,te,118,1366,93,44,0.4731182795698925,26,18,28,65,0.6989247311827957,0.5909090909090909,0.6642335766423357,0.2769369790433625,0.8620925922733806,0.7302052785923754
13,sider,SIDER19,tr,118,1366,781,325,0.41613316261203587,304,21,129,652,0.8348271446862996,0.9353846153846154,0.864376130198915,0.7188294516143344,0.9818061503781259,0.9560504284447947
13,sider,SIDER19,va,118,1366,83,40,0.4819277108433735,20,20,24,59,0.7108433734939759,0.5,0.6422764227642277,0.20605782635885259,0.8318389028752279,0.6867469879518073
13,sider,SIDER19,te,118,1366,99,38,0.3838383838383838,14,24,34,65,0.6565656565656566,0.3684210526315789,0.5766423357664233,0.023447839677029843,0.7590655316546796,0.563264221158958
14,sider,SIDER19,tr,118,1366,796,310,0.38944723618090454,290,20,89,707,0.8881909547738693,0.9354838709677419,0.9014466546112115,0.7794824886704251,0.9897689312945812,0.9724651483222564
14,sider,SIDER19,va,118,1366,77,46,0.5974025974025974,19,27,20,57,0.7402597402597403,0.41304347826086957,0.6178861788617886,0.15940561112255056,0.8070894387941312,0.6767363071710898
14,sider,SIDER19,te,118,1366,90,47,0.5222222222222223,19,28,27,63,0.7,0.40425531914893614,0.5985401459854015,0.10480181253365527,0.7239957831443304,0.5854609929078015
15,sider,SIDER19,tr,118,1366,782,324,0.4143222506393862,319,5,55,727,0.9296675191815856,0.9845679012345679,0.945750452079566,0.8795136483301313,0.9975341508262004,0.9936653405323483
15,sider,SIDER19,va,118,1366,80,43,0.5375,23,20,18,62,0.775,0.5348837209302325,0.6910569105691057,0.31345783441076774,0.8455876735512574,0.7267441860465115
15,sider,SIDER19,te,118,1366,101,36,0.3564356435643564,22,14,23,78,0.7722772277227723,0.6111111111111112,0.7299270072992701,0.359294580045209,0.9034036307361377,0.767051705170517
1,sider,SIDER20,tr,118,1366,818,288,0.35207823960880197,248,40,251,567,0.6931540342298288,0.8611111111111112,0.7368896925858951,0.488816488019678,0.9455756391686605,0.8634266333876665
1,sider,SIDER20,va,118,1366,95,28,0.29473684210526313,20,8,37,58,0.6105263157894737,0.7142857142857143,0.6341463414634146,0.2731263044803377,0.8621881744598942,0.6298872180451127
1,sider,SIDER20,te,118,1366,108,29,0.26851851851851855,15,14,56,52,0.48148148148148145,0.5172413793103449,0.48905109489051096,-0.0010441141285423945,0.8414074187294837,0.572477650063857
2,sider,SIDER20,tr,118,1366,829,277,0.3341375150784077,277,0,37,792,0.9553679131483716,1.0,0.9665461121157324,0.9180374247226514,0.9993783681511027,0.9980730121541764
2,sider,SIDER20,va,118,1366,91,32,0.3516483516483517,8,24,21,70,0.7692307692307693,0.25,0.6341463414634146,0.019876019581659687,0.8331742760865086,0.6219093406593407
2,sider,SIDER20,te,118,1366,101,36,0.3564356435643564,15,21,16,85,0.8415841584158416,0.4166666666666667,0.7299270072992701,0.2716563589243361,0.8394155737875242,0.7015951595159516
3,sider,SIDER20,tr,118,1366,833,273,0.3277310924369748,271,2,43,790,0.9483793517406963,0.9926739926739927,0.9593128390596745,0.8998925406006072,0.9990476003753579,0.9969394351147052
3,sider,SIDER20,va,118,1366,85,38,0.4470588235294118,10,28,17,68,0.8,0.2631578947368421,0.6341463414634146,0.07050361858740388,0.8023288767174888,0.6278637770897832
3,sider,SIDER20,te,118,1366,103,34,0.3300970873786408,17,17,21,82,0.7961165048543689,0.5,0.7226277372262774,0.2857006904296111,0.8427005560232155,0.7018846373500857
4,sider,SIDER20,tr,118,1366,836,270,0.3229665071770335,247,23,101,735,0.8791866028708134,0.9148148148148149,0.8878842676311031,0.734483550662268,0.9872969954767224,0.9607123870281766
4,sider,SIDER20,va,118,1366,86,37,0.43023255813953487,20,17,18,68,0.7906976744186046,0.5405405405405406,0.7154471544715447,0.3287677898125777,0.8569724294289744,0.7349151477058453
4,sider,SIDER20,te,118,1366,99,38,0.3838383838383838,11,27,20,79,0.797979797979798,0.2894736842105263,0.656934306569343,0.09357346741574082,0.7992948928664503,0.6117756512493353
5,sider,SIDER20,tr,118,1366,825,281,0.3406060606060606,253,28,128,697,0.8448484848484848,0.900355871886121,0.8589511754068716,0.6826907655386864,0.9818882974480991,0.9485991588482692
5,sider,SIDER20,va,118,1366,100,23,0.23,9,14,29,71,0.71,0.391304347826087,0.6504065040650406,0.08548516255208694,0.8493288005118024,0.5700000000000001
5,sider,SIDER20,te,118,1366,96,41,0.4270833333333333,18,23,17,79,0.8229166666666666,0.43902439024390244,0.708029197080292,0.27504073020236686,0.742860145647027,0.5589430894308942
6,sider,SIDER20,tr,118,1366,834,272,0.3261390887290168,272,0,17,817,0.9796163069544365,1.0,0.984629294755877,0.9602040503507876,0.9999021481434994,0.9996914233319227
6,sider,SIDER20,va,118,1366,88,35,0.3977272727272727,15,20,16,72,0.8181818181818182,0.42857142857142855,0.7073170731707317,0.2564268358347245,0.832353532743601,0.726948051948052
6,sider,SIDER20,te,118,1366,99,38,0.3838383838383838,8,30,12,87,0.8787878787878788,0.21052631578947367,0.6934306569343066,0.11324576061948852,0.8254382862488682,0.6539074960127592
7,sider,SIDER20,tr,118,1366,821,285,0.3471376370280146,284,1,50,771,0.9390986601705238,0.9964912280701754,0.953887884267631,0.8912461039114218,0.9985150629157054,0.9955039852982028
7,sider,SIDER20,va,118,1366,90,33,0.36666666666666664,14,19,19,71,0.7888888888888889,0.42424242424242425,0.6910569105691057,0.21313131313131303,0.8467623630879748,0.7087542087542087
7,sider,SIDER20,te,118,1366,110,27,0.24545454545454545,14,13,27,83,0.7545454545454545,0.5185185185185185,0.708029197080292,0.2372002184588182,0.8983830629434248,0.6922558922558922
8,sider,SIDER20,tr,118,1366,822,284,0.34549878345498786,239,45,326,496,0.6034063260340633,0.8415492957746479,0.6645569620253164,0.3888561039787738,0.9234157822964744,0.8095121825845586
8,sider,SIDER20,va,118,1366,96,27,0.28125,16,11,50,46,0.4791666666666667,0.5925925925925926,0.5040650406504065,0.059564301055134175,0.8437836197281396,0.5829475308641976
8,sider,SIDER20,te,118,1366,103,34,0.3300970873786408,18,16,42,61,0.5922330097087378,0.5294117647058824,0.5766423357664233,0.10590843253672982,0.8050053990646487,0.5618218161050827
9,sider,SIDER20,tr,118,1366,835,271,0.32455089820359284,263,8,73,762,0.9125748502994012,0.9704797047970479,0.9267631103074141,0.8258485621875814,0.9953585493397472,0.9851271626488719
9,sider,SIDER20,va,118,1366,87,36,0.41379310344827586,17,19,13,74,0.8505747126436781,0.4722222222222222,0.7398373983739838,0.3420095060142261,0.8334861598080544,0.6724137931034482
9,sider,SIDER20,te,118,1366,99,38,0.3838383838383838,10,28,26,73,0.7373737373737373,0.2631578947368421,0.6058394160583942,0.0005407651093673335,0.69616987493087,0.4423179160021265
10,sider,SIDER20,tr,118,1366,821,285,0.3471376370280146,285,0,32,789,0.9610231425091352,1.0,0.9710669077757685,0.9295221044356051,0.9995660585016856,0.9985511891787934
10,sider,SIDER20,va,118,1366,97,26,0.26804123711340205,10,16,20,77,0.7938144329896907,0.38461538461538464,0.7073170731707317,0.16964375272767412,0.9093924029483125,0.7141157811260903
10,sider,SIDER20,te,118,1366,103,34,0.3300970873786408,16,18,13,90,0.8737864077669902,0.47058823529411764,0.7737226277372263,0.36414836155704366,0.8630651774652159,0.7669902912621359
11,sider,SIDER20,tr,118,1366,821,285,0.3471376370280146,281,4,61,760,0.925700365408039,0.9859649122807017,0.9412296564195298,0.8627196510557008,0.9969975958539343,0.9906318781118448
11,sider,SIDER20,va,118,1366,95,28,0.29473684210526313,11,17,25,70,0.7368421052631579,0.39285714285714285,0.6585365853658537,0.11952738001244097,0.8295342123258468,0.5894736842105263
11,sider,SIDER20,te,118,1366,105,32,0.3047619047619048,15,17,29,76,0.7238095238095238,0.46875,0.6642335766423357,0.17448850812708802,0.818213110923039,0.6023809523809524
12,sider,SIDER20,tr,118,1366,829,277,0.3341375150784077,195,82,198,631,0.7611580217129071,0.703971119133574,0.7468354430379747,0.4210655001141918,0.9184976167175576,0.8051913270305225
12,sider,SIDER20,va,118,1366,93,30,0.3225806451612903,18,12,24,69,0.7419354838709677,0.6,0.7073170731707317,0.3096557283181088,0.8350697621816652,0.6865591397849463
12,sider,SIDER20,te,118,1366,99,38,0.3838383838383838,15,23,35,64,0.6464646464646465,0.39473684210526316,0.5766423357664233,0.03831578027403687,0.752359668841188,0.5374800637958532
13,sider,SIDER20,tr,118,1366,819,287,0.3504273504273504,285,2,52,767,0.9365079365079365,0.9930313588850174,0.9511754068716094,0.8852634479285897,0.9978100012964346,0.9933036379029411
13,sider,SIDER20,va,118,1366,96,27,0.28125,11,16,21,75,0.78125,0.4074074074074074,0.6991869918699187,0.17799002956840893,0.9084480411642738,0.7222222222222222
13,sider,SIDER20,te,118,1366,106,31,0.29245283018867924,16,15,25,81,0.7641509433962265,0.5161290322580645,0.708029197080292,0.2560933526643404,0.792209660236973,0.5955569080949483
14,sider,SIDER20,tr,118,1366,831,275,0.3309265944645006,215,60,186,645,0.776173285198556,0.7818181818181819,0.7775768535262206,0.501681020993341,0.9551450426327641,0.8735586916092329
14,sider,SIDER20,va,118,1366,96,27,0.28125,18,9,37,59,0.6145833333333334,0.6666666666666666,0.6260162601626016,0.23413925309433303,0.8635895108320676,0.6412037037037037
14,sider,SIDER20,te,118,1366,94,43,0.4574468085106383,16,27,37,57,0.6063829787234043,0.37209302325581395,0.5328467153284672,-0.0205089544345003,0.6826541778468068,0.5032162295893121
15,sider,SIDER20,tr,118,1366,839,267,0.3182359952324195,267,0,6,833,0.9928486293206198,1.0,0.9945750452079566,0.9854074184440476,1.0,1.0
15,sider,SIDER20,va,118,1366,87,36,0.41379310344827586,10,26,14,73,0.8390804597701149,0.2777777777777778,0.6747967479674797,0.13416739591766283,0.7264058542514074,0.5922733077905492
15,sider,SIDER20,te,118,1366,95,42,0.4421052631578947,15,27,20,75,0.7894736842105263,0.35714285714285715,0.656934306569343,0.15500128913508304,0.7934600195237655,0.6175438596491228
1,sider,SIDER21,tr,118,1366,776,330,0.4252577319587629,298,32,343,433,0.5579896907216495,0.9030303030303031,0.6609403254972875,0.4273188981316074,0.9159158646569747,0.825433458294283
1,sider,SIDER21,va,118,1366,90,33,0.36666666666666664,28,5,50,40,0.4444444444444444,0.8484848484848485,0.5528455284552846,0.26945575878006245,0.8831049373307465,0.756902356902357
1,sider,SIDER21,te,118,1366,116,21,0.1810344827586207,14,7,57,59,0.5086206896551724,0.6666666666666666,0.5328467153284672,0.12638283434551367,0.9108702317844072,0.6777504105090312
2,sider,SIDER21,tr,118,1366,798,308,0.38596491228070173,203,105,187,611,0.7656641604010025,0.6590909090909091,0.7359855334538878,0.3984983799641315,0.8948155323767772,0.7820179507209583
2,sider,SIDER21,va,118,1366,92,31,0.33695652173913043,13,18,25,67,0.7282608695652174,0.41935483870967744,0.6504065040650406,0.13870945778559435,0.8459973170084749,0.6505960729312763
2,sider,SIDER21,te,118,1366,92,45,0.4891304347826087,22,23,25,67,0.7282608695652174,0.4888888888888889,0.6496350364963503,0.2148272343687704,0.787668885152377,0.6607487922705314
3,sider,SIDER21,tr,118,1366,800,306,0.3825,206,100,150,650,0.8125,0.673202614379085,0.7739602169981917,0.46507234687357124,0.9291227538591316,0.832984068627451
3,sider,SIDER21,va,118,1366,85,38,0.4470588235294118,20,18,25,60,0.7058823529411765,0.5263157894736842,0.6504065040650406,0.222744220341366,0.804824022759092,0.6609907120743035
3,sider,SIDER21,te,118,1366,97,40,0.41237113402061853,18,22,24,73,0.7525773195876289,0.45,0.6642335766423357,0.19976538444140315,0.7458271330770609,0.5934278350515464
4,sider,SIDER21,tr,118,1366,796,310,0.38944723618090454,303,7,68,728,0.914572864321608,0.9774193548387097,0.9321880650994575,0.8485312132446988,0.9950441665856075,0.9866246555357432
4,sider,SIDER21,va,118,1366,88,35,0.3977272727272727,19,16,18,70,0.7954545454545454,0.5428571428571428,0.7235772357723578,0.33284518063851587,0.8668497913909499,0.7438311688311688
4,sider,SIDER21,te,118,1366,98,39,0.3979591836734694,18,21,22,76,0.7755102040816326,0.46153846153846156,0.6861313868613139,0.23527023892245744,0.8501769127989369,0.6868131868131868
5,sider,SIDER21,tr,118,1366,785,321,0.4089171974522293,304,17,98,687,0.8751592356687898,0.9470404984423676,0.8960216998191681,0.7758277695896219,0.990251538162417,0.9750719288846559
5,sider,SIDER21,va,118,1366,87,36,0.41379310344827586,19,17,24,63,0.7241379310344828,0.5277777777777778,0.6666666666666666,0.24037367606141308,0.8626553092522079,0.7212643678160919
5,sider,SIDER21,te,118,1366,110,27,0.24545454545454545,12,15,27,83,0.7545454545454545,0.4444444444444444,0.6934306569343066,0.17541386383968188,0.8849978349305578,0.6434343434343435
6,sider,SIDER21,tr,118,1366,807,299,0.3705080545229244,286,13,72,735,0.9107806691449815,0.9565217391304348,0.9231464737793852,0.8232857560247314,0.9927821863212658,0.9790586548304343
6,sider,SIDER21,va,118,1366,84,39,0.4642857142857143,18,21,17,67,0.7976190476190477,0.46153846153846156,0.6910569105691057,0.26727625991690784,0.8674310339303366,0.7365689865689865
6,sider,SIDER21,te,118,1366,91,46,0.5054945054945055,22,24,23,68,0.7472527472527473,0.4782608695652174,0.656934306569343,0.22676300929725182,0.744037117566057,0.6430960344003822
7,sider,SIDER21,tr,118,1366,795,311,0.39119496855345914,307,4,58,737,0.9270440251572327,0.9871382636655949,0.9439421338155516,0.8740595569271736,0.9972883438955065,0.992628769034763
7,sider,SIDER21,va,118,1366,83,40,0.4819277108433735,17,23,16,67,0.8072289156626506,0.425,0.6829268292682927,0.24553144036431443,0.8515479388436961,0.711144578313253
7,sider,SIDER21,te,118,1366,104,33,0.3173076923076923,17,16,21,83,0.7980769230769231,0.5151515151515151,0.7299270072992701,0.2991750891092588,0.8917518284974248,0.7156177156177157
8,sider,SIDER21,tr,118,1366,793,313,0.39470365699873894,311,2,51,742,0.935687263556116,0.9936102236421726,0.9520795660036167,0.8921189657349962,0.9979867315407647,0.9944421838047774
8,sider,SIDER21,va,118,1366,83,40,0.4819277108433735,25,15,18,65,0.7831325301204819,0.625,0.7317073170731707,0.40095075174342787,0.8209726348841307,0.7313253012048193
8,sider,SIDER21,te,118,1366,106,31,0.29245283018867924,7,24,17,89,0.839622641509434,0.22580645161290322,0.7007299270072993,0.0720211145224679,0.836368101796465,0.603164942178941
9,sider,SIDER21,tr,118,1366,801,305,0.3807740324594257,240,65,150,651,0.8127340823970037,0.7868852459016393,0.8056057866184448,0.5608580873664961,0.9610629577722096,0.8993184748572481
9,sider,SIDER21,va,118,1366,84,39,0.4642857142857143,25,14,20,64,0.7619047619047619,0.6410256410256411,0.7235772357723578,0.389267751423892,0.884377849876423,0.7844932844932846
9,sider,SIDER21,te,118,1366,97,40,0.41237113402061853,15,25,22,75,0.7731958762886598,0.375,0.656934306569343,0.15175783417685054,0.7738324078971487,0.595360824742268
10,sider,SIDER21,tr,118,1366,788,318,0.4035532994923858,315,3,48,740,0.9390862944162437,0.9905660377358491,0.953887884267631,0.8960856291758394,0.9976416376062884,0.9937845193627686
10,sider,SIDER21,va,118,1366,91,32,0.3516483516483517,14,18,22,69,0.7582417582417582,0.4375,0.6747967479674797,0.18874188741017506,0.8663000057139805,0.6792582417582418
10,sider,SIDER21,te,118,1366,103,34,0.3300970873786408,22,12,23,80,0.7766990291262136,0.6470588235294118,0.7445255474452555,0.38974060906311253,0.9050093431593093,0.7644203312392919
11,sider,SIDER21,tr,118,1366,797,309,0.3877038895859473,265,44,146,651,0.8168130489335006,0.8576051779935275,0.8282097649186256,0.6262163265758404,0.9680969294476447,0.9181700795458698
11,sider,SIDER21,va,118,1366,87,36,0.41379310344827586,22,14,29,58,0.6666666666666666,0.6111111111111112,0.6504065040650406,0.25654115143966627,0.8296950233411631,0.6816730523627075
11,sider,SIDER21,te,118,1366,98,39,0.3979591836734694,22,17,17,81,0.826530612244898,0.5641025641025641,0.7518248175182481,0.3906331763474619,0.8440855293234408,0.7333856619570905
12,sider,SIDER21,tr,118,1366,803,303,0.37733499377334995,292,11,70,733,0.912826899128269,0.9636963696369637,0.9267631103074141,0.8331089182095057,0.994259799415194,0.9839833298398334
12,sider,SIDER21,va,118,1366,89,34,0.38202247191011235,18,16,17,72,0.8089887640449438,0.5294117647058824,0.7317073170731707,0.33542091285352993,0.8833795046167305,0.7445472571050892
12,sider,SIDER21,te,118,1366,90,47,0.5222222222222223,21,26,17,73,0.8111111111111111,0.44680851063829785,0.6861313868613139,0.2734923426548854,0.8267424857132141,0.7054373522458628
13,sider,SIDER21,tr,118,1366,785,321,0.4089171974522293,298,23,120,665,0.8471337579617835,0.9283489096573209,0.8707052441229657,0.7259004742742292,0.9808277633853184,0.9511022481496915
13,sider,SIDER21,va,118,1366,100,23,0.23,14,9,29,71,0.71,0.6086956521739131,0.6910569105691057,0.2605918537806295,0.8902432422831749,0.6739130434782609
13,sider,SIDER21,te,118,1366,97,40,0.41237113402061853,17,23,22,75,0.7731958762886598,0.425,0.6715328467153284,0.19969405489113662,0.8597176731090121,0.6940721649484537
14,sider,SIDER21,tr,118,1366,804,302,0.3756218905472637,254,48,145,659,0.8196517412935324,0.8410596026490066,0.825497287522604,0.6129811287284084,0.9656741538472677,0.9093254752726434
14,sider,SIDER21,va,118,1366,85,38,0.4470588235294118,22,16,22,63,0.7411764705882353,0.5789473684210527,0.6910569105691057,0.3085882557778708,0.8446008055558207,0.7482972136222911
14,sider,SIDER21,te,118,1366,93,44,0.4731182795698925,20,24,29,64,0.6881720430107527,0.45454545454545453,0.6131386861313869,0.13902908307219203,0.6798960130892744,0.5505865102639296
15,sider,SIDER21,tr,118,1366,793,313,0.39470365699873894,286,27,128,665,0.8385876418663304,0.9137380191693291,0.8598553345388789,0.7002633870313656,0.9771205744357074,0.9412652240652031
15,sider,SIDER21,va,118,1366,88,35,0.3977272727272727,16,19,30,58,0.6590909090909091,0.45714285714285713,0.6016260162601627,0.1083885458928676,0.7835823549822105,0.5951298701298701
15,sider,SIDER21,te,118,1366,101,36,0.3564356435643564,25,11,32,69,0.6831683168316832,0.6944444444444444,0.6861313868613139,0.33719115863732974,0.8872560362523416,0.7381738173817382
1,sider,SIDER22,tr,118,1366,705,401,0.5687943262411348,370,31,114,591,0.8382978723404255,0.9226932668329177,0.8688969258589512,0.7374430238725611,0.9697514333733032,0.9442121646239011
1,sider,SIDER22,va,118,1366,72,51,0.7083333333333334,32,19,16,56,0.7777777777777778,0.6274509803921569,0.7154471544715447,0.4092609844303586,0.8265590688470557,0.7663398692810458
1,sider,SIDER22,te,118,1366,104,33,0.3173076923076923,17,16,30,74,0.7115384615384616,0.5151515151515151,0.6642335766423357,0.20419061336756786,0.8072314274270164,0.632867132867133
2,sider,SIDER22,tr,118,1366,715,391,0.5468531468531469,331,60,149,566,0.7916083916083916,0.8465473145780051,0.8110307414104883,0.6155456566313052,0.9493890239329327,0.9029384937313327
2,sider,SIDER22,va,118,1366,75,48,0.64,32,16,20,55,0.7333333333333333,0.6666666666666666,0.7073170731707317,0.3949848112059798,0.8323055487271559,0.7552777777777778
2,sider,SIDER22,te,118,1366,91,46,0.5054945054945055,24,22,30,61,0.6703296703296703,0.5217391304347826,0.6204379562043796,0.18561818024806545,0.7912532355958555,0.6447682752030578
3,sider,SIDER22,tr,118,1366,719,387,0.5382475660639777,260,127,244,475,0.6606397774687065,0.6718346253229974,0.6645569620253164,0.318393819203563,0.8259551235329916,0.7279058985886945
3,sider,SIDER22,va,118,1366,72,51,0.7083333333333334,30,21,26,46,0.6388888888888888,0.5882352941176471,0.6178861788617886,0.22468976991519765,0.7306886801266442,0.6471949891067538
3,sider,SIDER22,te,118,1366,90,47,0.5222222222222223,27,20,36,54,0.6,0.574468085106383,0.5912408759124088,0.16618814626478473,0.7331074535879507,0.6218676122931441
4,sider,SIDER22,tr,118,1366,725,381,0.5255172413793103,278,103,170,555,0.7655172413793103,0.7296587926509186,0.7531645569620253,0.4793350144352156,0.8956362383114788,0.8193248257760883
4,sider,SIDER22,va,118,1366,79,44,0.5569620253164557,22,22,24,55,0.6962025316455697,0.5,0.6260162601626016,0.1943659620696451,0.7526152500908784,0.6478711162255466
4,sider,SIDER22,te,118,1366,77,60,0.7792207792207793,32,28,23,54,0.7012987012987013,0.5333333333333333,0.6277372262773723,0.2374761631362171,0.669792321186985,0.64004329004329
5,sider,SIDER22,tr,118,1366,711,395,0.5555555555555556,316,79,237,474,0.6666666666666666,0.8,0.7142857142857143,0.4472135954999579,0.862582006126991,0.7930726913421994
5,sider,SIDER22,va,118,1366,76,47,0.618421052631579,30,17,30,46,0.6052631578947368,0.6382978723404256,0.6178861788617886,0.2367650680211864,0.7032500582841777,0.6602743561030235
5,sider,SIDER22,te,118,1366,94,43,0.4574468085106383,26,17,32,62,0.6595744680851063,0.6046511627906976,0.6423357664233577,0.2481678714090231,0.8159168769748273,0.687407224146462
6,sider,SIDER22,tr,118,1366,720,386,0.5361111111111111,245,141,190,530,0.7361111111111112,0.6347150259067358,0.7007233273056058,0.3618464773294425,0.8464127531998169,0.7543519717904433
6,sider,SIDER22,va,118,1366,79,44,0.5569620253164557,27,17,28,51,0.6455696202531646,0.6136363636363636,0.6341463414634146,0.24989013173197266,0.7835456521116748,0.6878596087456846
6,sider,SIDER22,te,118,1366,82,55,0.6707317073170732,26,29,24,58,0.7073170731707317,0.4727272727272727,0.6131386861313869,0.1833256062337196,0.7122295525577212,0.6433481152993349
7,sider,SIDER22,tr,118,1366,701,405,0.5777460770328102,318,87,156,545,0.7774607703281027,0.7851851851851852,0.7802893309222423,0.5477394381466713,0.9129687631587469,0.856309328824783
7,sider,SIDER22,va,118,1366,86,37,0.43023255813953487,24,13,24,62,0.7209302325581395,0.6486486486486487,0.6991869918699187,0.3474609347742813,0.8126775222812371,0.6895034569453173
7,sider,SIDER22,te,118,1366,94,43,0.4574468085106383,26,17,25,69,0.7340425531914894,0.6046511627906976,0.6934306569343066,0.32514043308475515,0.8190356421950805,0.6763978228599703
8,sider,SIDER22,tr,118,1366,699,407,0.5822603719599427,299,108,222,477,0.6824034334763949,0.7346437346437347,0.701627486437613,0.4029249626636538,0.8489249725181205,0.7699539180225875
8,sider,SIDER22,va,118,1366,83,40,0.4819277108433735,32,8,35,48,0.5783132530120482,0.8,0.6504065040650406,0.3558682008573284,0.8442820040613708,0.7393072289156626
8,sider,SIDER22,te,118,1366,99,38,0.3838383838383838,26,12,36,63,0.6363636363636364,0.6842105263157895,0.6496350364963503,0.2883443432013403,0.7862363443028512,0.6362307283359914
9,sider,SIDER22,tr,118,1366,718,388,0.5403899721448467,364,24,91,627,0.8732590529247911,0.9381443298969072,0.8960216998191681,0.7868984797861401,0.9852569458680538,0.9708005484880682
9,sider,SIDER22,va,118,1366,76,47,0.618421052631579,28,19,28,48,0.631578947368421,0.5957446808510638,0.6178861788617886,0.22180375248102682,0.7359980128027585,0.6187010078387457
9,sider,SIDER22,te,118,1366,87,50,0.5747126436781609,27,23,25,62,0.7126436781609196,0.54,0.6496350364963503,0.2506351218824028,0.77189145652715,0.6839080459770114
10,sider,SIDER22,tr,118,1366,715,391,0.5468531468531469,337,54,125,590,0.8251748251748252,0.8618925831202046,0.8381555153707052,0.6660039822950695,0.9562383782500345,0.919984618961601
10,sider,SIDER22,va,118,1366,80,43,0.5375,24,19,28,52,0.65,0.5581395348837209,0.6178861788617886,0.2009106482085552,0.805869497849222,0.6764534883720932
10,sider,SIDER22,te,118,1366,86,51,0.5930232558139535,22,29,28,58,0.6744186046511628,0.43137254901960786,0.583941605839416,0.10622800819408315,0.7042414884741669,0.6092111263109895
11,sider,SIDER22,tr,118,1366,717,389,0.5425383542538355,302,87,179,538,0.7503486750348675,0.7763496143958869,0.759493670886076,0.5073220509781916,0.9104261207327284,0.8377307619221764
11,sider,SIDER22,va,118,1366,72,51,0.7083333333333334,34,17,22,50,0.6944444444444444,0.6666666666666666,0.6829268292682927,0.35724056943351573,0.751913809290628,0.6915849673202614
11,sider,SIDER22,te,118,1366,92,45,0.4891304347826087,19,26,30,62,0.6739130434782609,0.4222222222222222,0.5912408759124088,0.09419839983632217,0.6982897716672817,0.5650966183574879
12,sider,SIDER22,tr,118,1366,722,384,0.5318559556786704,280,104,158,564,0.7811634349030471,0.7291666666666666,0.7631103074141049,0.496775432596305,0.9123897563982459,0.844469572368421
12,sider,SIDER22,va,118,1366,75,48,0.64,31,17,20,55,0.7333333333333333,0.6458333333333334,0.6991869918699187,0.3754309433786555,0.7882380091891439,0.7136111111111111
12,sider,SIDER22,te,118,1366,84,53,0.6309523809523809,31,22,31,53,0.6309523809523809,0.5849056603773585,0.6131386861313869,0.21121236203123336,0.7188119663058202,0.6506064690026954
13,sider,SIDER22,tr,118,1366,705,401,0.5687943262411348,319,82,181,524,0.7432624113475177,0.7955112219451371,0.7622061482820977,0.5204173470589979,0.9128808932829833,0.852393838099786
13,sider,SIDER22,va,118,1366,84,39,0.4642857142857143,25,14,25,59,0.7023809523809523,0.6410256410256411,0.6829268292682927,0.3253375139263617,0.8608136872282351,0.7242063492063492
13,sider,SIDER22,te,118,1366,92,45,0.4891304347826087,20,25,26,66,0.717391304347826,0.4444444444444444,0.6277372262773723,0.1609440849885156,0.7659512470189036,0.6594202898550725
14,sider,SIDER22,tr,118,1366,720,386,0.5361111111111111,329,57,132,588,0.8166666666666667,0.8523316062176166,0.8291139240506329,0.6467770141877225,0.9555588304291653,0.9170408750719633
14,sider,SIDER22,va,118,1366,71,52,0.7323943661971831,28,24,25,46,0.647887323943662,0.5384615384615384,0.6016260162601627,0.18589625351622524,0.6756641966704932,0.6356988082340195
14,sider,SIDER22,te,118,1366,90,47,0.5222222222222223,24,23,35,55,0.6111111111111112,0.5106382978723404,0.5766423357664233,0.11672496118556532,0.6974322305340881,0.5607565011820331
15,sider,SIDER22,tr,118,1366,706,400,0.56657223796034,362,38,108,598,0.8470254957507082,0.905,0.8679927667269439,0.7309495852735625,0.9686868217779224,0.9413757082152974
15,sider,SIDER22,va,118,1366,80,43,0.5375,26,17,37,43,0.5375,0.6046511627906976,0.5609756097560976,0.13560750884909326,0.7296301372225377,0.6159883720930233
15,sider,SIDER22,te,118,1366,95,42,0.4421052631578947,28,14,34,61,0.6421052631578947,0.6666666666666666,0.6496350364963503,0.2860209096589274,0.8580872044261021,0.7140350877192982
1,sider,SIDER23,tr,118,1366,96,1010,10.520833333333334,927,83,8,88,0.9166666666666666,0.9178217821782179,0.9177215189873418,0.6498494747440421,0.7518811610072728,0.9720812706270627
1,sider,SIDER23,va,118,1366,12,111,9.25,98,13,8,4,0.3333333333333333,0.8828828828828829,0.8292682926829268,0.1858929767853801,0.27961680725232635,0.7657657657657657
1,sider,SIDER23,te,118,1366,12,125,10.416666666666666,109,16,11,1,0.08333333333333333,0.872,0.8029197080291971,-0.03830135068182691,0.10286669083323646,0.5713333333333334
2,sider,SIDER23,tr,118,1366,99,1007,10.171717171717171,684,323,18,81,0.8181818181818182,0.6792452830188679,0.6916817359855335,0.29491885362571807,0.3548719838813391,0.8132316210767054
2,sider,SIDER23,va,118,1366,12,111,9.25,63,48,6,6,0.5,0.5675675675675675,0.5609756097560976,0.04039884713030993,0.26834868139265605,0.5427927927927927
2,sider,SIDER23,te,118,1366,9,128,14.222222222222221,82,46,5,4,0.4444444444444444,0.640625,0.6277372262773723,0.04377792850587658,0.19992428237048854,0.642361111111111
3,sider,SIDER23,tr,118,1366,100,1006,10.06,980,26,0,100,1.0,0.974155069582505,0.976491862567812,0.8792831990394785,0.9960513612074563,0.9995924453280318
3,sider,SIDER23,va,118,1366,12,111,9.25,97,14,10,2,0.16666666666666666,0.8738738738738738,0.8048780487804879,0.03575936245280476,0.20279158531508384,0.6606606606606606
3,sider,SIDER23,te,118,1366,8,129,16.125,123,6,6,2,0.25,0.9534883720930233,0.9124087591240876,0.2034883720930223,0.09775176634986582,0.5523255813953488
4,sider,SIDER23,tr,118,1366,97,1009,10.402061855670103,892,117,13,84,0.865979381443299,0.8840436075322101,0.8824593128390597,0.5501532806978281,0.6261726501649478,0.9482696964433501
4,sider,SIDER23,va,118,1366,11,112,10.181818181818182,87,25,9,2,0.18181818181818182,0.7767857142857143,0.7235772357723578,-0.028539563309232175,0.08180855679012854,0.474025974025974
4,sider,SIDER23,te,118,1366,12,125,10.416666666666666,100,25,8,4,0.3333333333333333,0.8,0.7591240875912408,0.0922727553930443,0.20820955628461596,0.5363333333333333
5,sider,SIDER23,tr,118,1366,97,1009,10.402061855670103,836,173,26,71,0.7319587628865979,0.8285431119920713,0.8200723327305606,0.38234901333847265,0.4704603517686651,0.8675630664228131
5,sider,SIDER23,va,118,1366,12,111,9.25,92,19,9,3,0.25,0.8288288288288288,0.7723577235772358,0.06103306206990366,0.12017056431609693,0.5927177177177176
5,sider,SIDER23,te,118,1366,11,126,11.454545454545455,99,27,9,2,0.18181818181818182,0.7857142857142857,0.7372262773722628,-0.021598322514793863,0.08586458511227547,0.5137085137085138
6,sider,SIDER23,tr,118,1366,102,1004,9.843137254901961,784,220,12,90,0.8823529411764706,0.7808764940239044,0.7902350813743219,0.4272610999034637,0.44951451857805164,0.8922447465041794
6,sider,SIDER23,va,118,1366,7,116,16.571428571428573,89,27,2,5,0.7142857142857143,0.7672413793103449,0.7642276422764228,0.2542746454688645,0.13571781358963425,0.6711822660098522
6,sider,SIDER23,te,118,1366,11,126,11.454545454545455,82,44,8,3,0.2727272727272727,0.6507936507936508,0.6204379562043796,-0.04377781346707418,0.06692266995036067,0.4458874458874459
7,sider,SIDER23,tr,118,1366,98,1008,10.285714285714286,940,68,5,93,0.9489795918367347,0.9325396825396826,0.933996383363472,0.7103072937081141,0.8912145091812202,0.9880547457078069
7,sider,SIDER23,va,118,1366,12,111,9.25,101,10,8,4,0.3333333333333333,0.9099099099099099,0.8536585365853658,0.22725614270608333,0.30787991330428766,0.6914414414414415
7,sider,SIDER23,te,118,1366,10,127,12.7,114,13,9,1,0.1,0.8976377952755905,0.8394160583941606,-0.002028629892595351,0.06820743679497056,0.4149606299212598
8,sider,SIDER23,tr,118,1366,97,1009,10.402061855670103,924,85,12,85,0.8762886597938144,0.9157581764122894,0.9122965641952984,0.6211835248016684,0.6936207870678559,0.9618229746712577
8,sider,SIDER23,va,118,1366,11,112,10.181818181818182,95,17,7,4,0.36363636363636365,0.8482142857142857,0.8048780487804879,0.1606665322484521,0.24039120343390694,0.6420454545454545
8,sider,SIDER23,te,118,1366,12,125,10.416666666666666,108,17,9,3,0.25,0.864,0.8102189781021898,0.09127304766889954,0.20048487649169522,0.6213333333333333
9,sider,SIDER23,tr,118,1366,92,1014,11.021739130434783,834,180,30,62,0.6739130434782609,0.8224852071005917,0.810126582278481,0.33157255757677623,0.3726575703121363,0.8320737929851643
9,sider,SIDER23,va,118,1366,13,110,8.461538461538462,88,22,10,3,0.23076923076923078,0.8,0.7398373983739838,0.023507238605926892,0.19820881808789778,0.5356643356643357
9,sider,SIDER23,te,118,1366,15,122,8.133333333333333,93,29,9,6,0.4,0.7622950819672131,0.7226277372262774,0.11619750324468053,0.19182282289776192,0.6084699453551913
10,sider,SIDER23,tr,118,1366,99,1007,10.171717171717171,964,43,0,99,1.0,0.9572989076464746,0.961121157323689,0.8169532536879174,0.9070893147349512,0.9923665653556419
10,sider,SIDER23,va,118,1366,10,113,11.3,95,18,8,2,0.2,0.8407079646017699,0.7886178861788617,0.030149839166852804,0.11550217386729308,0.5814159292035398
10,sider,SIDER23,te,118,1366,11,126,11.454545454545455,117,9,8,3,0.2727272727272727,0.9285714285714286,0.8759124087591241,0.1934982130190309,0.23746054323280877,0.6969696969696969
11,sider,SIDER23,tr,118,1366,100,1006,10.06,880,126,13,87,0.87,0.8747514910536779,0.8743218806509946,0.5416201842431064,0.6973464585236921,0.9512524850894633
11,sider,SIDER23,va,118,1366,9,114,12.666666666666666,91,23,6,3,0.3333333333333333,0.7982456140350878,0.7642276422764228,0.08392426510780136,0.09535741626549168,0.6593567251461988
11,sider,SIDER23,te,118,1366,11,126,11.454545454545455,100,26,9,2,0.18181818181818182,0.7936507936507936,0.7445255474452555,-0.016531225012416675,0.18028016272069614,0.5151515151515151
12,sider,SIDER23,tr,118,1366,94,1012,10.76595744680851,922,90,34,60,0.6382978723404256,0.9110671936758893,0.8878842676311031,0.44744601717369975,0.49753287397476487,0.89270246404844
12,sider,SIDER23,va,118,1366,10,113,11.3,99,14,8,2,0.2,0.8761061946902655,0.8211382113821138,0.06183115360158315,0.22456438282820854,0.6522123893805309
12,sider,SIDER23,te,118,1366,16,121,7.5625,104,17,14,2,0.125,0.859504132231405,0.7737226277372263,-0.014399611469165154,0.10595055174256675,0.4764979338842975
13,sider,SIDER23,tr,118,1366,96,1010,10.520833333333334,895,115,21,75,0.78125,0.8861386138613861,0.8770343580470162,0.4981390166477098,0.6370979004384554,0.9324412128712871
13,sider,SIDER23,va,118,1366,10,113,11.3,94,19,3,7,0.7,0.831858407079646,0.8211382113821138,0.35601041975617337,0.22046306001522048,0.8433628318584071
13,sider,SIDER23,te,118,1366,14,123,8.785714285714286,104,19,8,6,0.42857142857142855,0.8455284552845529,0.8029197080291971,0.21495443468992526,0.265595441382132,0.6445993031358885
14,sider,SIDER23,tr,118,1366,103,1003,9.737864077669903,758,245,10,93,0.9029126213592233,0.7557328015952144,0.7694394213381555,0.41551030286780216,0.515811135997551,0.900226504951166
14,sider,SIDER23,va,118,1366,7,116,16.571428571428573,82,34,3,4,0.5714285714285714,0.7068965517241379,0.6991869918699187,0.13954978231373846,0.07628597715982599,0.6625615763546797
14,sider,SIDER23,te,118,1366,10,127,12.7,83,44,6,4,0.4,0.6535433070866141,0.635036496350365,0.02919385389617603,0.1031123123024095,0.5555118110236221
15,sider,SIDER23,tr,118,1366,92,1014,11.021739130434783,946,68,15,77,0.8369565217391305,0.9329388560157791,0.9249547920433996,0.6299395972922903,0.713548491737967,0.9592605694194322
15,sider,SIDER23,va,118,1366,14,109,7.785714285714286,96,13,11,3,0.21428571428571427,0.8807339449541285,0.8048780487804879,0.08970958657766319,0.21388128972246154,0.6146788990825688
15,sider,SIDER23,te,118,1366,14,123,8.785714285714286,101,22,11,3,0.21428571428571427,0.8211382113821138,0.7591240875912408,0.027780128212045424,0.11558835612001819,0.562137049941928
1,sider,SIDER24,tr,118,1366,503,603,1.1988071570576542,568,35,99,404,0.8031809145129225,0.9419568822553898,0.8788426763110307,0.7583750993751143,0.9477323974103975,0.9621821310940327
1,sider,SIDER24,va,118,1366,60,63,1.05,50,13,29,31,0.5166666666666667,0.7936507936507936,0.6585365853658537,0.3236027683942499,0.6893591268851426,0.7125661375661376
1,sider,SIDER24,te,118,1366,78,59,0.7564102564102564,33,26,41,37,0.47435897435897434,0.559322033898305,0.5109489051094891,0.0334635688748875,0.6712400918003149,0.5888744024337246
2,sider,SIDER24,tr,118,1366,528,578,1.0946969696969697,573,5,12,516,0.9772727272727273,0.9913494809688581,0.984629294755877,0.969256022006368,0.9988206461776358,0.9988793645800567
2,sider,SIDER24,va,118,1366,55,68,1.2363636363636363,44,24,22,33,0.6,0.6470588235294118,0.6260162601626016,0.2463353700772253,0.5410626100621282,0.6572192513368984
2,sider,SIDER24,te,118,1366,58,79,1.3620689655172413,49,30,25,33,0.5689655172413793,0.620253164556962,0.5985401459854015,0.18758815866513934,0.54990998789447,0.6663029244871235
3,sider,SIDER24,tr,118,1366,527,579,1.0986717267552182,548,31,22,505,0.9582542694497154,0.9464594127806563,0.9520795660036167,0.904140503485519,0.9889911859543071,0.9883886698587174
3,sider,SIDER24,va,118,1366,47,76,1.6170212765957446,45,31,15,32,0.6808510638297872,0.5921052631578947,0.6260162601626016,0.2653401624375365,0.5827672299932112,0.6945688689809631
3,sider,SIDER24,te,118,1366,67,70,1.044776119402985,45,25,30,37,0.5522388059701493,0.6428571428571429,0.5985401459854015,0.19593327434371066,0.6703437428846742,0.6556503198294243
4,sider,SIDER24,tr,118,1366,525,581,1.1066666666666667,544,37,16,509,0.9695238095238096,0.9363166953528399,0.9520795660036167,0.9047510991849884,0.9912725155854453,0.9917006802721089
4,sider,SIDER24,va,118,1366,59,64,1.0847457627118644,39,25,25,34,0.576271186440678,0.609375,0.5934959349593496,0.1856461864406779,0.5664099646648685,0.6204978813559321
4,sider,SIDER24,te,118,1366,57,80,1.4035087719298245,46,34,24,33,0.5789473684210527,0.575,0.5766423357664233,0.1517987759006712,0.5267634876640429,0.6513157894736842
5,sider,SIDER24,tr,118,1366,517,589,1.1392649903288201,516,73,44,473,0.9148936170212766,0.8760611205432938,0.8942133815551537,0.7893401897872739,0.9655494413611775,0.9671606795112194
5,sider,SIDER24,va,118,1366,53,70,1.320754716981132,47,23,18,35,0.660377358490566,0.6714285714285714,0.6666666666666666,0.32915497455755327,0.6685182478060832,0.7148247978436657
5,sider,SIDER24,te,118,1366,71,66,0.9295774647887324,36,30,28,43,0.6056338028169014,0.5454545454545454,0.5766423357664233,0.1513145527479995,0.6075299457426437,0.5870678617157491
6,sider,SIDER24,tr,118,1366,527,579,1.0986717267552182,499,80,35,492,0.9335863377609108,0.8618307426597582,0.8960216998191681,0.7950068289022206,0.9637604877443652,0.9652250002457945
6,sider,SIDER24,va,118,1366,55,68,1.2363636363636363,44,24,25,30,0.5454545454545454,0.6470588235294118,0.6016260162601627,0.19287470288089278,0.6133774234218031,0.6786096256684493
6,sider,SIDER24,te,118,1366,59,78,1.3220338983050848,39,39,20,39,0.6610169491525424,0.5,0.5693430656934306,0.16101694915254233,0.5148646808467917,0.5986527596697088
7,sider,SIDER24,tr,118,1366,505,601,1.19009900990099,601,0,0,505,1.0,1.0,1.0,1.0,1.0,1.0
7,sider,SIDER24,va,118,1366,65,58,0.8923076923076924,46,12,34,31,0.47692307692307695,0.7931034482758621,0.6260162601626016,0.2826818218403658,0.7200078770103908,0.7108753315649867
7,sider,SIDER24,te,118,1366,71,66,0.9295774647887324,50,16,33,38,0.5352112676056338,0.7575757575757576,0.6423357664233577,0.2993760425418668,0.7082728056756207,0.6807511737089201
8,sider,SIDER24,tr,118,1366,515,591,1.1475728155339806,565,26,17,498,0.9669902912621359,0.9560067681895094,0.961121157323689,0.9220841069152541,0.9921160601720058,0.9926437008197395
8,sider,SIDER24,va,118,1366,54,69,1.2777777777777777,48,21,23,31,0.5740740740740741,0.6956521739130435,0.6422764227642277,0.2709653698229667,0.6881637444430821,0.7010198604401503
8,sider,SIDER24,te,118,1366,72,65,0.9027777777777778,36,29,28,44,0.6111111111111112,0.5538461538461539,0.583941605839416,0.16509843508576094,0.669405732742795,0.6365384615384615
9,sider,SIDER24,tr,118,1366,523,583,1.1147227533460804,544,39,17,506,0.9674952198852772,0.9331046312178388,0.9493670886075949,0.899367751075528,0.9878142357073099,0.9893246837581049
9,sider,SIDER24,va,118,1366,49,74,1.510204081632653,41,33,20,29,0.5918367346938775,0.5540540540540541,0.5691056910569106,0.14285025168721593,0.5275470522308726,0.6436845008273581
9,sider,SIDER24,te,118,1366,69,68,0.9855072463768116,37,31,36,33,0.4782608695652174,0.5441176470588235,0.5109489051094891,0.022426364693686023,0.5465138059325994,0.5142796248934356
10,sider,SIDER24,tr,118,1366,525,581,1.1066666666666667,574,7,5,520,0.9904761904761905,0.9879518072289156,0.9891500904159132,0.9782548280123113,0.9995649274875038,0.9996065896238012
10,sider,SIDER24,va,118,1366,48,75,1.5625,48,27,23,25,0.5208333333333334,0.64,0.5934959349593496,0.1588168095057377,0.5945095609299317,0.6375000000000001
10,sider,SIDER24,te,118,1366,68,69,1.0147058823529411,42,27,31,37,0.5441176470588235,0.6086956521739131,0.5766423357664233,0.15314003319402741,0.5975753638129833,0.603154305200341
11,sider,SIDER24,tr,118,1366,533,573,1.075046904315197,190,383,6,527,0.9887429643527205,0.33158813263525305,0.6482820976491862,0.4191710539958634,0.8179362581013573,0.8135991408242719
11,sider,SIDER24,va,118,1366,50,73,1.46,23,50,3,47,0.94,0.3150684931506849,0.5691056910569106,0.30685323601831505,0.5244039467768287,0.6734246575342465
11,sider,SIDER24,te,118,1366,58,79,1.3620689655172413,18,61,4,54,0.9310344827586207,0.22784810126582278,0.5255474452554745,0.21381766193939902,0.5197136197953897,0.6174159755565256
12,sider,SIDER24,tr,118,1366,522,584,1.1187739463601531,537,47,23,499,0.9559386973180076,0.9195205479452054,0.9367088607594937,0.874152640264996,0.9831057793334238,0.984597241904162
12,sider,SIDER24,va,118,1366,55,68,1.2363636363636363,38,30,14,41,0.7454545454545455,0.5588235294117647,0.6422764227642277,0.3062496596932952,0.6086076606905808,0.7157754010695186
12,sider,SIDER24,te,118,1366,64,73,1.140625,36,37,28,36,0.5625,0.4931506849315068,0.5255474452554745,0.055650684931506836,0.542014130277738,0.563570205479452
13,sider,SIDER24,tr,118,1366,517,589,1.1392649903288201,550,39,22,495,0.9574468085106383,0.933786078098472,0.9448462929475587,0.8898677746621492,0.9855650084180319,0.9868018770955591
13,sider,SIDER24,va,118,1366,63,60,0.9523809523809523,40,20,30,33,0.5238095238095238,0.6666666666666666,0.5934959349593496,0.19226473854584367,0.6759992093273055,0.6452380952380953
13,sider,SIDER24,te,118,1366,61,76,1.2459016393442623,39,37,24,37,0.6065573770491803,0.5131578947368421,0.5547445255474452,0.11938097867652354,0.6077233093232839,0.6264020707506471
14,sider,SIDER24,tr,118,1366,518,588,1.135135135135135,553,35,22,496,0.9575289575289575,0.9404761904761905,0.9484629294755877,0.8969147917666133,0.9908840676867398,0.9916361332177659
14,sider,SIDER24,va,118,1366,63,60,0.9523809523809523,39,21,31,32,0.5079365079365079,0.65,0.5772357723577236,0.15941951237759538,0.6241291268775226,0.6478835978835978
14,sider,SIDER24,te,118,1366,60,77,1.2833333333333334,50,27,27,33,0.55,0.6493506493506493,0.6058394160583942,0.1993506493506493,0.5569902103862494,0.6400432900432901
15,sider,SIDER24,tr,118,1366,521,585,1.1228406909788868,425,160,54,467,0.8963531669865643,0.7264957264957265,0.8065099457504521,0.6274483257807049,0.8566224932925036,0.8855635940088914
15,sider,SIDER24,va,118,1366,57,66,1.1578947368421053,40,26,19,38,0.6666666666666666,0.6060606060606061,0.6341463414634146,0.27222121770967905,0.6025973125899349,0.6523125996810207
15,sider,SIDER24,te,118,1366,63,74,1.1746031746031746,40,34,25,38,0.6031746031746031,0.5405405405405406,0.5693430656934306,0.1434385021810296,0.5253350094514726,0.5898755898755899
1,sider,SIDER25,tr,118,1366,751,355,0.47270306258322237,344,11,57,694,0.9241011984021305,0.9690140845070423,0.9385171790235082,0.8673111332694922,0.9954567204038858,0.9899964366759813
1,sider,SIDER25,va,118,1366,89,34,0.38202247191011235,20,14,23,66,0.7415730337078652,0.5882352941176471,0.6991869918699187,0.3093263080873652,0.9070693671596308,0.7656972901520158
1,sider,SIDER25,te,118,1366,107,30,0.2803738317757009,10,20,27,80,0.7476635514018691,0.3333333333333333,0.656934306569343,0.07544317716926166,0.8255895283462628,0.5819314641744547
2,sider,SIDER25,tr,118,1366,771,335,0.4345006485084306,271,64,115,656,0.8508430609597925,0.808955223880597,0.8381555153707052,0.6360640852486306,0.9608063606491086,0.9147763129875913
2,sider,SIDER25,va,118,1366,91,32,0.3516483516483517,22,10,25,66,0.7252747252747253,0.6875,0.7154471544715447,0.372694563068053,0.9059273970344721,0.7836538461538461
2,sider,SIDER25,te,118,1366,85,52,0.611764705882353,25,27,20,65,0.7647058823529411,0.4807692307692308,0.656934306569343,0.25364040206519983,0.7756593225013342,0.7013574660633485
3,sider,SIDER25,tr,118,1366,780,326,0.41794871794871796,299,27,76,704,0.9025641025641026,0.9171779141104295,0.906871609403255,0.7895124354451893,0.9885646087278236,0.9723297152745005
3,sider,SIDER25,va,118,1366,75,48,0.64,23,25,16,59,0.7866666666666666,0.4791666666666667,0.6666666666666666,0.2786690524285765,0.8124341338435488,0.7077777777777778
3,sider,SIDER25,te,118,1366,92,45,0.4891304347826087,28,17,19,73,0.7934782608695652,0.6222222222222222,0.7372262773722628,0.41125436078826905,0.8356915258784695,0.7328502415458936
4,sider,SIDER25,tr,118,1366,779,327,0.4197689345314506,284,43,95,684,0.8780487804878049,0.8685015290519877,0.8752260397830018,0.717818876207599,0.9761545458684673,0.9458962914110068
4,sider,SIDER25,va,118,1366,77,46,0.5974025974025974,28,18,17,60,0.7792207792207793,0.6086956521739131,0.7154471544715447,0.3896806994235425,0.7960941997900347,0.7447769621682665
4,sider,SIDER25,te,118,1366,91,46,0.5054945054945055,19,27,26,65,0.7142857142857143,0.41304347826086957,0.6131386861313869,0.1280346228341475,0.7297156170231724,0.6034400382226469
5,sider,SIDER25,tr,118,1366,764,342,0.4476439790575916,248,94,284,480,0.6282722513089005,0.7251461988304093,0.6582278481012658,0.3269167614431451,0.8670296420287579,0.7524092189461437
5,sider,SIDER25,va,118,1366,85,38,0.4470588235294118,27,11,37,48,0.5647058823529412,0.7105263157894737,0.6097560975609756,0.25455668518339675,0.8456839940678803,0.7063467492260063
5,sider,SIDER25,te,118,1366,98,39,0.3979591836734694,18,21,37,61,0.6224489795918368,0.46153846153846156,0.5766423357664233,0.07731636365814382,0.7751585463429156,0.5467032967032968
6,sider,SIDER25,tr,118,1366,776,330,0.4252577319587629,330,0,20,756,0.9742268041237113,1.0,0.9819168173598554,0.9584136377529944,0.9998768425554753,0.9997071227741331
6,sider,SIDER25,va,118,1366,75,48,0.64,19,29,13,62,0.8266666666666667,0.3958333333333333,0.6585365853658537,0.2473919594356424,0.7830223584428943,0.6808333333333333
6,sider,SIDER25,te,118,1366,96,41,0.4270833333333333,15,26,20,76,0.7916666666666666,0.36585365853658536,0.6642335766423357,0.16539791728949316,0.8707030498845055,0.7248475609756099
7,sider,SIDER25,tr,118,1366,763,343,0.44954128440366975,306,37,102,661,0.8663171690694627,0.892128279883382,0.8743218806509946,0.7270694315756552,0.9781494509416643,0.9489509340527074
7,sider,SIDER25,va,118,1366,79,44,0.5569620253164557,23,21,16,63,0.7974683544303798,0.5227272727272727,0.6991869918699187,0.3298248198525102,0.8211735009625182,0.7405063291139241
7,sider,SIDER25,te,118,1366,105,32,0.3047619047619048,13,19,26,79,0.7523809523809524,0.40625,0.6715328467153284,0.14873467505370117,0.8140608933810352,0.5919642857142857
8,sider,SIDER25,tr,118,1366,767,339,0.44198174706649285,339,0,19,748,0.9752281616688396,1.0,0.9828209764918626,0.9609735909348002,0.9997017251504894,0.9992788822097357
8,sider,SIDER25,va,118,1366,83,40,0.4819277108433735,18,22,16,67,0.8072289156626506,0.45,0.6910569105691057,0.26943522114334933,0.8617092112597516,0.744277108433735
8,sider,SIDER25,te,118,1366,97,40,0.41237113402061853,15,25,12,85,0.8762886597938144,0.375,0.7299270072992701,0.28721725566635925,0.8254046389280751,0.7201030927835051
9,sider,SIDER25,tr,118,1366,765,341,0.44575163398692813,325,16,52,713,0.9320261437908497,0.9530791788856305,0.9385171790235082,0.8623199232140868,0.994886737586902,0.9880167902938302
9,sider,SIDER25,va,118,1366,85,38,0.4470588235294118,21,17,16,69,0.8117647058823529,0.5526315789473685,0.7317073170731707,0.36713442942068686,0.9040519574286049,0.798142414860681
9,sider,SIDER25,te,118,1366,97,40,0.41237113402061853,15,25,26,71,0.7319587628865979,0.375,0.6277372262773723,0.10619515155076893,0.8192250968356647,0.6461340206185567
10,sider,SIDER25,tr,118,1366,760,346,0.45526315789473687,345,1,18,742,0.9763157894736842,0.9971098265895953,0.9828209764918626,0.961169313160299,0.9994826376381303,0.9988211134773349
10,sider,SIDER25,va,118,1366,92,31,0.33695652173913043,15,16,23,69,0.75,0.4838709677419355,0.6829268292682927,0.21976058988834068,0.8453595277804206,0.6777699859747546
10,sider,SIDER25,te,118,1366,95,42,0.4421052631578947,23,19,20,75,0.7894736842105263,0.5476190476190477,0.7153284671532847,0.3349173775056527,0.8214986304223351,0.6917293233082706
11,sider,SIDER25,tr,118,1366,780,326,0.41794871794871796,248,78,103,677,0.867948717948718,0.7607361963190185,0.8363471971066908,0.6158317937482908,0.9564837165587303,0.9009399087619947
11,sider,SIDER25,va,118,1366,74,49,0.6621621621621622,22,27,19,55,0.7432432432432432,0.4489795918367347,0.6260162601626016,0.19962734172793378,0.7137308923137304,0.6376172090457806
11,sider,SIDER25,te,118,1366,93,44,0.4731182795698925,24,20,22,71,0.7634408602150538,0.5454545454545454,0.6934306569343066,0.3054074658586318,0.8335761458460739,0.7079667644183774
12,sider,SIDER25,tr,118,1366,773,333,0.4307891332470893,333,0,20,753,0.9741267787839586,1.0,0.9819168173598554,0.9586112141388115,0.9997079346111328,0.9992657599384637
12,sider,SIDER25,va,118,1366,81,42,0.5185185185185185,22,20,20,61,0.7530864197530864,0.5238095238095238,0.6747967479674797,0.2768959435626101,0.8383818370768124,0.7454438565549677
12,sider,SIDER25,te,118,1366,93,44,0.4731182795698925,24,20,24,69,0.7419354838709677,0.5454545454545454,0.6788321167883211,0.28127030700172295,0.8399779984789031,0.6994134897360703
13,sider,SIDER25,tr,118,1366,759,347,0.45718050065876153,249,98,258,501,0.6600790513833992,0.7175792507204611,0.6781193490054249,0.3516958719274406,0.8619117508275538,0.7569872386311429
13,sider,SIDER25,va,118,1366,87,36,0.41379310344827586,29,7,35,52,0.5977011494252874,0.8055555555555556,0.6585365853658537,0.3672624110894819,0.8917819692797155,0.7563856960408685
13,sider,SIDER25,te,118,1366,101,36,0.3564356435643564,18,18,40,61,0.6039603960396039,0.5,0.5766423357664233,0.09260881351274265,0.8118595038137624,0.6020352035203521
14,sider,SIDER25,tr,118,1366,776,330,0.4252577319587629,330,0,9,767,0.9884020618556701,1.0,0.9918625678119349,0.9808982103926672,0.9999950340642567,0.9999882849109654
14,sider,SIDER25,va,118,1366,77,46,0.5974025974025974,21,25,14,63,0.8181818181818182,0.45652173913043476,0.6829268292682927,0.29458674623955355,0.7522051833533523,0.6620553359683794
14,sider,SIDER25,te,118,1366,94,43,0.4574468085106383,21,22,15,79,0.8404255319148937,0.4883720930232558,0.7299270072992701,0.34666890530773137,0.7786762272499361,0.6867887184562097
15,sider,SIDER25,tr,118,1366,774,332,0.4289405684754522,309,23,67,707,0.91343669250646,0.9307228915662651,0.918625678119349,0.816786827583918,0.9897270512552222,0.9762791475981446
15,sider,SIDER25,va,118,1366,81,42,0.5185185185185185,20,22,19,62,0.7654320987654321,0.47619047619047616,0.6666666666666666,0.24622532329811042,0.8300310746918267,0.7119341563786009
15,sider,SIDER25,te,118,1366,92,45,0.4891304347826087,28,17,26,66,0.717391304347826,0.6222222222222222,0.6861313868613139,0.3263993040091044,0.7811568818812796,0.7014492753623188
1,sider,SIDER26,tr,118,1366,1012,94,0.09288537549407115,94,0,1012,0,0.0,1.0,0.08499095840867993,0.0,0.973988590253444,0.7933783954251112
1,sider,SIDER26,va,118,1366,111,12,0.10810810810810811,12,0,111,0,0.0,1.0,0.0975609756097561,0.0,0.9623189753859036,0.7642642642642643
1,sider,SIDER26,te,118,1366,134,3,0.022388059701492536,3,0,134,0,0.0,1.0,0.021897810218978103,0.0,0.9978829196639516,0.9104477611940298
2,sider,SIDER26,tr,118,1366,1023,83,0.08113391984359726,63,20,115,908,0.8875855327468231,0.7590361445783133,0.8779385171790235,0.46359968646360405,0.9931596880181787,0.9208328916840383
2,sider,SIDER26,va,118,1366,116,7,0.0603448275862069,1,6,15,101,0.8706896551724138,0.14285714285714285,0.8292682926829268,0.009329594979399019,0.9754268197844383,0.6748768472906403
2,sider,SIDER26,te,118,1366,118,19,0.16101694915254236,5,14,12,106,0.8983050847457628,0.2631578947368421,0.8102189781021898,0.16926831955870206,0.9216038007076821,0.6652542372881356
3,sider,SIDER26,tr,118,1366,1020,86,0.08431372549019608,81,5,103,917,0.8990196078431373,0.9418604651162791,0.9023508137432188,0.6046568820037109,0.996711357620589,0.9607672138622891
3,sider,SIDER26,va,118,1366,109,14,0.12844036697247707,6,8,12,97,0.8899082568807339,0.42857142857142855,0.8373983739837398,0.2861726336656376,0.9664317514486194,0.7889908256880734
3,sider,SIDER26,te,118,1366,128,9,0.0703125,1,8,26,102,0.796875,0.1111111111111111,0.7518248175182481,-0.05730617227855647,0.9686830651619689,0.6571180555555556
4,sider,SIDER26,tr,118,1366,1022,84,0.0821917808219178,65,19,86,936,0.9158512720156555,0.7738095238095238,0.9050632911392406,0.5321210880816158,0.9925148503611664,0.9219842046407604
4,sider,SIDER26,va,118,1366,109,14,0.12844036697247707,4,10,14,95,0.8715596330275229,0.2857142857142857,0.8048780487804879,0.14131981909414204,0.9298019935032605,0.6972477064220184
4,sider,SIDER26,te,118,1366,126,11,0.0873015873015873,2,9,6,120,0.9523809523809523,0.18181818181818182,0.8905109489051095,0.15552187388538155,0.9495108349417236,0.7164502164502164
5,sider,SIDER26,tr,118,1366,1018,88,0.08644400785854617,83,5,127,891,0.8752455795677799,0.9431818181818182,0.8806509945750453,0.564718131993546,0.9963601447568111,0.9588096088587248
5,sider,SIDER26,va,118,1366,114,9,0.07894736842105263,5,4,18,96,0.8421052631578947,0.5555555555555556,0.8211382113821138,0.26559663273393186,0.9819902163587743,0.8118908382066277
5,sider,SIDER26,te,118,1366,125,12,0.096,3,9,15,110,0.88,0.25,0.8248175182481752,0.10878756313824382,0.9285439330379539,0.5993333333333334
6,sider,SIDER26,tr,118,1366,1025,81,0.07902439024390244,79,2,79,946,0.9229268292682927,0.9753086419753086,0.9267631103074141,0.6687471301464348,0.9989238833325979,0.986317374284854
6,sider,SIDER26,va,118,1366,103,20,0.1941747572815534,8,12,10,93,0.9029126213592233,0.4,0.8211382113821138,0.3162423855478787,0.956393453930349,0.8315533980582525
6,sider,SIDER26,te,118,1366,129,8,0.06201550387596899,1,7,14,115,0.8914728682170543,0.125,0.8467153284671532,0.012370393875673527,0.9778916199723641,0.7325581395348837
7,sider,SIDER26,tr,118,1366,1015,91,0.0896551724137931,78,13,165,850,0.8374384236453202,0.8571428571428571,0.8390596745027125,0.46096532447215977,0.9923360971456946,0.9173171655930278
7,sider,SIDER26,va,118,1366,112,11,0.09821428571428571,8,3,16,96,0.8571428571428571,0.7272727272727273,0.8455284552845529,0.42082731807843177,0.9741439202609815,0.8060064935064934
7,sider,SIDER26,te,118,1366,130,7,0.05384615384615385,2,5,29,101,0.7769230769230769,0.2857142857142857,0.7518248175182481,0.03296251800027325,0.9728133296302072,0.6417582417582417
8,sider,SIDER26,tr,118,1366,1013,93,0.09180651530108588,84,9,250,763,0.7532082922013821,0.9032258064516129,0.7658227848101266,0.39678518282604897,0.9906626117509384,0.9064845184642657
8,sider,SIDER26,va,118,1366,114,9,0.07894736842105263,7,2,29,85,0.7456140350877193,0.7777777777777778,0.7479674796747967,0.2995640742501419,0.9763531617020866,0.8157894736842106
8,sider,SIDER26,te,118,1366,130,7,0.05384615384615385,4,3,30,100,0.7692307692307693,0.5714285714285714,0.7591240875912408,0.17365325442127735,0.9621184437964531,0.6472527472527474
9,sider,SIDER26,tr,118,1366,1021,85,0.0832517140058766,74,11,126,895,0.8765915768854065,0.8705882352941177,0.8761301989150091,0.5170926521741537,0.9951083869307236,0.942599527568128
9,sider,SIDER26,va,118,1366,109,14,0.12844036697247707,3,11,17,92,0.8440366972477065,0.21428571428571427,0.7723577235772358,0.050197158017619266,0.9555002614096622,0.7169069462647444
9,sider,SIDER26,te,118,1366,127,10,0.07874015748031496,2,8,21,106,0.8346456692913385,0.2,0.7883211678832117,0.024112068698275,0.9473922559677278,0.5622047244094488
10,sider,SIDER26,tr,118,1366,1020,86,0.08431372549019608,80,6,127,893,0.8754901960784314,0.9302325581395349,0.879746835443038,0.5531843964078194,0.9956271977037867,0.9493673050615594
10,sider,SIDER26,va,118,1366,116,7,0.0603448275862069,4,3,12,104,0.896551724137931,0.5714285714285714,0.8780487804878049,0.3222950992883298,0.9935124724671629,0.9039408866995075
10,sider,SIDER26,te,118,1366,121,16,0.1322314049586777,7,9,16,105,0.8677685950413223,0.4375,0.8175182481751825,0.26231218239597903,0.9133281866002536,0.6508264462809918
11,sider,SIDER26,tr,118,1366,1011,95,0.09396636993076163,91,4,150,861,0.8516320474777448,0.9578947368421052,0.8607594936708861,0.5494801751184594,0.9962600629287899,0.9600916237180489
11,sider,SIDER26,va,118,1366,118,5,0.0423728813559322,0,5,20,98,0.8305084745762712,0.0,0.7967479674796748,-0.09070691237501212,0.9824595257237736,0.6661016949152543
11,sider,SIDER26,te,118,1366,128,9,0.0703125,5,4,26,102,0.796875,0.5555555555555556,0.781021897810219,0.20867288215159147,0.9662107828241534,0.712673611111111
12,sider,SIDER26,tr,118,1366,1018,88,0.08644400785854617,68,20,147,871,0.8555992141453831,0.7727272727272727,0.849005424954792,0.4296773992960426,0.9900606302079556,0.895572870155385
12,sider,SIDER26,va,118,1366,114,9,0.07894736842105263,5,4,18,96,0.8421052631578947,0.5555555555555556,0.8211382113821138,0.26559663273393186,0.9802401799762728,0.8240740740740741
12,sider,SIDER26,te,118,1366,125,12,0.096,3,9,27,98,0.784,0.25,0.7372262773722628,0.023241921518838526,0.9600474065811045,0.6753333333333333
13,sider,SIDER26,tr,118,1366,1016,90,0.08858267716535433,89,1,90,926,0.9114173228346457,0.9888888888888889,0.9177215189873418,0.6683315643671327,0.9977457362477256,0.9740048118985127
13,sider,SIDER26,va,118,1366,113,10,0.08849557522123894,4,6,17,96,0.8495575221238938,0.4,0.8130081300813008,0.1812592394231389,0.9724566116639991,0.752212389380531
13,sider,SIDER26,te,118,1366,128,9,0.0703125,1,8,21,107,0.8359375,0.1111111111111111,0.7883211678832117,-0.03573084894171612,0.9154699592659424,0.5069444444444445
14,sider,SIDER26,tr,118,1366,1020,86,0.08431372549019608,47,39,99,921,0.9029411764705882,0.5465116279069767,0.8752260397830018,0.35556692971274784,0.9845842336482342,0.8618217054263565
14,sider,SIDER26,va,118,1366,111,12,0.10810810810810811,5,7,14,97,0.8738738738738738,0.4166666666666667,0.8292682926829268,0.23854228907835032,0.9648444417034565,0.7484984984984985
14,sider,SIDER26,te,118,1366,126,11,0.0873015873015873,3,8,13,113,0.8968253968253969,0.2727272727272727,0.8467153284671532,0.14346090647421517,0.9249524227568737,0.5624098124098125
15,sider,SIDER26,tr,118,1366,1020,86,0.08431372549019608,73,13,109,911,0.8931372549019608,0.8488372093023255,0.8896925858951176,0.5358788179861603,0.9948721622520431,0.9415241678066575
15,sider,SIDER26,va,118,1366,112,11,0.09821428571428571,2,9,19,93,0.8303571428571429,0.18181818181818182,0.7723577235772358,0.00923370874991104,0.9570405302955773,0.6582792207792207
15,sider,SIDER26,te,118,1366,125,12,0.096,4,8,18,107,0.856,0.3333333333333333,0.8102189781021898,0.1457848686643739,0.9538755697802663,0.6653333333333333
1,sider,SIDER27,tr,118,1366,721,385,0.5339805825242718,335,50,166,555,0.7697642163661581,0.8701298701298701,0.8047016274864376,0.6123638481885383,0.9512778185464871,0.9058054289677037
1,sider,SIDER27,va,118,1366,79,44,0.5569620253164557,29,15,29,50,0.6329113924050633,0.6590909090909091,0.6422764227642277,0.28038545655742486,0.7663646335645717,0.6659953970080552
1,sider,SIDER27,te,118,1366,108,29,0.26851851851851855,16,13,47,61,0.5648148148148148,0.5517241379310345,0.5620437956204379,0.0955203385776531,0.8332547045958936,0.5466155810983397
2,sider,SIDER27,tr,118,1366,738,368,0.4986449864498645,341,27,79,659,0.8929539295392954,0.9266304347826086,0.9041591320072333,0.7957177606011753,0.9875648430166066,0.9744719865676919
2,sider,SIDER27,va,118,1366,85,38,0.4470588235294118,19,19,24,61,0.7176470588235294,0.5,0.6504065040650406,0.2108991564050615,0.8072715643770488,0.6708978328173375
2,sider,SIDER27,te,118,1366,85,52,0.611764705882353,21,31,27,58,0.6823529411764706,0.40384615384615385,0.5766423357664233,0.0876795311809619,0.7404134173386929,0.6235294117647059
3,sider,SIDER27,tr,118,1366,735,371,0.5047619047619047,264,107,203,532,0.7238095238095238,0.7115902964959568,0.7197106690777577,0.4162075944775152,0.8757765456412798,0.7890936428479749
3,sider,SIDER27,va,118,1366,76,47,0.618421052631579,24,23,25,51,0.6710526315789473,0.5106382978723404,0.6097560975609756,0.180332943606779,0.6787032672319407,0.6073628219484882
3,sider,SIDER27,te,118,1366,97,40,0.41237113402061853,25,15,36,61,0.6288659793814433,0.625,0.6277372262773723,0.23224621991159997,0.8011741514261007,0.6360824742268041
4,sider,SIDER27,tr,118,1366,734,372,0.5068119891008175,372,0,2,732,0.997275204359673,1.0,0.9981916817359855,0.9959629420196648,1.0,1.0
4,sider,SIDER27,va,118,1366,86,37,0.43023255813953487,16,21,23,63,0.7325581395348837,0.43243243243243246,0.6422764227642277,0.1626062630701351,0.8485832000902376,0.6750471401634192
4,sider,SIDER27,te,118,1366,88,49,0.5568181818181818,20,29,27,61,0.6931818181818182,0.40816326530612246,0.5912408759124088,0.10232267309299532,0.6749290293401642,0.5456864564007421
5,sider,SIDER27,tr,118,1366,731,375,0.5129958960328317,287,88,292,439,0.600547195622435,0.7653333333333333,0.6564195298372514,0.3467919686877396,0.8631846817658905,0.756891928864569
5,sider,SIDER27,va,118,1366,81,42,0.5185185185185185,27,15,29,52,0.6419753086419753,0.6428571428571429,0.6422764227642277,0.27122218324086567,0.7837033053079978,0.687389770723104
5,sider,SIDER27,te,118,1366,96,41,0.4270833333333333,24,17,38,58,0.6041666666666666,0.5853658536585366,0.5985401459854015,0.17437523509837408,0.7503551976151872,0.6126778455284554
6,sider,SIDER27,tr,118,1366,736,370,0.5027173913043478,340,30,99,637,0.8654891304347826,0.918918918918919,0.8833634719710669,0.7564611589029256,0.9795894643192758,0.9596871327849589
6,sider,SIDER27,va,118,1366,79,44,0.5569620253164557,22,22,20,59,0.7468354430379747,0.5,0.6585365853658537,0.2495055722974157,0.7955203005791293,0.6777905638665133
6,sider,SIDER27,te,118,1366,93,44,0.4731182795698925,19,25,40,53,0.5698924731182796,0.4318181818181818,0.5255474452554745,0.0016130837653632866,0.7169137315130895,0.4850928641251222
7,sider,SIDER27,tr,118,1366,731,375,0.5129958960328317,290,85,260,471,0.6443228454172366,0.7733333333333333,0.6880650994575045,0.395434441260949,0.8814845457180851,0.7877045143638851
7,sider,SIDER27,va,118,1366,74,49,0.6621621621621622,36,13,29,45,0.6081081081081081,0.7346938775510204,0.6585365853658537,0.33619136435664604,0.7407159811413702,0.6980143408714837
7,sider,SIDER27,te,118,1366,103,34,0.3300970873786408,15,19,44,59,0.5728155339805825,0.4411764705882353,0.5401459854014599,0.012205756507985041,0.80633608253039,0.5485436893203883
8,sider,SIDER27,tr,118,1366,731,375,0.5129958960328317,315,60,160,571,0.7811217510259918,0.84,0.8010849909584087,0.5940042823568742,0.9446651348402595,0.8925709074327405
8,sider,SIDER27,va,118,1366,80,43,0.5375,21,22,31,49,0.6125,0.4883720930232558,0.5691056910569106,0.09736870800051488,0.7945787198750708,0.6218023255813954
8,sider,SIDER27,te,118,1366,97,40,0.41237113402061853,21,19,41,56,0.5773195876288659,0.525,0.5620437956204379,0.09346481862252709,0.7493566573344346,0.5472938144329897
9,sider,SIDER27,tr,118,1366,751,355,0.47270306258322237,327,28,71,680,0.9054593874833555,0.9211267605633803,0.9104882459312839,0.8040149112367948,0.9881100777153946,0.9734476097597569
9,sider,SIDER27,va,118,1366,76,47,0.618421052631579,24,23,23,53,0.6973684210526315,0.5106382978723404,0.6260162601626016,0.2080067189249719,0.7392953377861289,0.6340985442329228
9,sider,SIDER27,te,118,1366,81,56,0.691358024691358,14,42,14,67,0.8271604938271605,0.25,0.5912408759124088,0.09406742520536057,0.7134297249156345,0.6351410934744268
10,sider,SIDER27,tr,118,1366,737,369,0.5006784260515604,357,12,62,675,0.9158751696065129,0.967479674796748,0.9330922242314648,0.8586115812376753,0.9927466978805088,0.9849514438156594
10,sider,SIDER27,va,118,1366,84,39,0.4642857142857143,22,17,30,54,0.6428571428571429,0.5641025641025641,0.6178861788617886,0.19495164366860376,0.7931481303506684,0.6398046398046398
10,sider,SIDER27,te,118,1366,87,50,0.5747126436781609,22,28,20,67,0.7701149425287356,0.44,0.6496350364963503,0.21938913681218142,0.7394979913905314,0.6659770114942528
11,sider,SIDER27,tr,118,1366,740,366,0.4945945945945946,293,73,195,545,0.7364864864864865,0.8005464480874317,0.7576853526220615,0.5089242841960481,0.9119467542317661,0.8431269384138237
11,sider,SIDER27,va,118,1366,82,41,0.5,26,15,28,54,0.6585365853658537,0.6341463414634146,0.6504065040650406,0.27801921874276625,0.797955555811368,0.6796549672813802
11,sider,SIDER27,te,118,1366,86,51,0.5930232558139535,24,27,35,51,0.5930232558139535,0.47058823529411764,0.5474452554744526,0.06210071242009902,0.6516628117930213,0.5310077519379844
12,sider,SIDER27,tr,118,1366,745,361,0.48456375838926175,242,119,156,589,0.7906040268456376,0.6703601108033241,0.7513562386980108,0.450340195126852,0.8886833703170346,0.8035992489170648
12,sider,SIDER27,va,118,1366,79,44,0.5569620253164557,25,19,19,60,0.759493670886076,0.5681818181818182,0.6910569105691057,0.327675489067894,0.8150230612760142,0.7232451093210587
12,sider,SIDER27,te,118,1366,84,53,0.6309523809523809,21,32,26,58,0.6904761904761905,0.39622641509433965,0.5766423357664233,0.08894868729601524,0.6721576321737778,0.5776055705300989
13,sider,SIDER27,tr,118,1366,730,376,0.5150684931506849,363,13,58,672,0.9205479452054794,0.9654255319148937,0.9358047016274864,0.864350205760286,0.9942510121665762,0.9884089915476537
13,sider,SIDER27,va,118,1366,87,36,0.41379310344827586,19,17,34,53,0.6091954022988506,0.5277777777777778,0.5853658536585366,0.12585180847406335,0.806316015553463,0.6213282247765006
13,sider,SIDER27,te,118,1366,91,46,0.5054945054945055,22,24,30,61,0.6703296703296703,0.4782608695652174,0.6058394160583942,0.14460377742903754,0.741713040453491,0.5721452460582895
14,sider,SIDER27,tr,118,1366,743,363,0.48855989232839836,198,165,129,614,0.8263795423956931,0.5454545454545454,0.7341772151898734,0.38260823688662354,0.8757051802212094,0.7832830940013125
14,sider,SIDER27,va,118,1366,80,43,0.5375,17,26,17,63,0.7875,0.3953488372093023,0.6504065040650406,0.19495616010716704,0.7024180581155648,0.6011627906976744
14,sider,SIDER27,te,118,1366,85,52,0.611764705882353,16,36,22,63,0.7411764705882353,0.3076923076923077,0.5766423357664233,0.05297039614522786,0.7321865512779026,0.6140271493212669
15,sider,SIDER27,tr,118,1366,741,365,0.4925775978407557,284,81,192,549,0.7408906882591093,0.7780821917808219,0.7531645569620253,0.4928632637880407,0.9218105656825744,0.84665298652321
15,sider,SIDER27,va,118,1366,78,45,0.5769230769230769,25,20,27,51,0.6538461538461539,0.5555555555555556,0.6178861788617886,0.20417517414283198,0.7419236098108879,0.6153846153846154
15,sider,SIDER27,te,118,1366,89,48,0.5393258426966292,29,19,33,56,0.6292134831460674,0.6041666666666666,0.6204379562043796,0.22369334297433024,0.7895086717356253,0.6622191011235955
