split,dataset,subtask,set,num_of_retained_feature,num_of_compounds,postives,negtives,negtives/postives,tn,fp,fn,tp,se,sp,acc,mcc,auc_prc,auc_roc
1,sider,SIDER1,tr,1,1366,595,511,0.8588235294117647,501,10,7,588,0.9882352941176471,0.9804305283757339,0.984629294755877,0.9690818541132175,0.9938424523320345,0.9952589254880034
1,sider,SIDER1,va,1,1366,62,61,0.9838709677419355,32,29,18,44,0.7096774193548387,0.5245901639344263,0.6178861788617886,0.23846603318866316,0.7173949681519084,0.6980433632998413
1,sider,SIDER1,te,1,1366,77,60,0.7792207792207793,35,25,17,60,0.7792207792207793,0.5833333333333334,0.6934306569343066,0.3706659466566777,0.7805795979608678,0.7699134199134199
2,sider,SIDER1,tr,1,1366,597,509,0.8525963149078727,499,10,11,586,0.981574539363484,0.9803536345776032,0.9810126582278481,0.9617905016481767,0.9920125350156468,0.9950719544020035
2,sider,SIDER1,va,1,1366,64,59,0.921875,37,22,10,54,0.84375,0.6271186440677966,0.7398373983739838,0.4841278188696774,0.7503796538471443,0.7796610169491526
2,sider,SIDER1,te,1,1366,73,64,0.8767123287671232,30,34,19,54,0.7397260273972602,0.46875,0.6131386861313869,0.21700421212714055,0.6496006773492649,0.6414811643835616
3,sider,SIDER1,tr,1,1366,599,507,0.8464106844741235,500,7,8,591,0.986644407345576,0.9861932938856016,0.9864376130198915,0.9726919811445821,0.998805206106135,0.9982943301294399
3,sider,SIDER1,va,1,1366,63,60,0.9523809523809523,37,23,17,46,0.7301587301587301,0.6166666666666667,0.6747967479674797,0.3493295838349068,0.7443870803152588,0.7505291005291005
3,sider,SIDER1,te,1,1366,72,65,0.9027777777777778,37,28,21,51,0.7083333333333334,0.5692307692307692,0.6423357664233577,0.28051667474164876,0.6968574429883375,0.7110042735042735
4,sider,SIDER1,tr,1,1366,601,505,0.8402662229617305,497,8,17,584,0.9717138103161398,0.9841584158415841,0.9773960216998192,0.9546415991630881,0.9978765050716588,0.9968633136192155
4,sider,SIDER1,va,1,1366,65,58,0.8923076923076924,35,23,15,50,0.7692307692307693,0.603448275862069,0.6910569105691057,0.3787557344763904,0.7499827289131114,0.7668435013262599
4,sider,SIDER1,te,1,1366,68,69,1.0147058823529411,38,31,17,51,0.75,0.5507246376811594,0.6496350364963503,0.3067324624102513,0.6882296348646831,0.725916453537937
5,sider,SIDER1,tr,1,1366,596,510,0.8557046979865772,501,9,7,589,0.988255033557047,0.9823529411764705,0.9855334538878843,0.9708890992630791,0.9986967606061397,0.9985475062508224
5,sider,SIDER1,va,1,1366,62,61,0.9838709677419355,36,25,12,50,0.8064516129032258,0.5901639344262295,0.6991869918699187,0.40651750030464817,0.7196184536505033,0.7533051295610789
5,sider,SIDER1,te,1,1366,76,61,0.8026315789473685,33,28,21,55,0.7236842105263158,0.5409836065573771,0.6423357664233577,0.2691763643387511,0.7405679812790392,0.6974762726488352
6,sider,SIDER1,tr,1,1366,609,497,0.8160919540229885,493,4,10,599,0.9835796387520526,0.9919517102615694,0.9873417721518988,0.9745080303450746,0.9959779464695778,0.9963921459793242
6,sider,SIDER1,va,1,1366,61,62,1.0163934426229508,37,25,8,53,0.8688524590163934,0.5967741935483871,0.7317073170731707,0.4833314279852153,0.8032840029151518,0.8098889476467478
6,sider,SIDER1,te,1,1366,64,73,1.140625,39,34,17,47,0.734375,0.5342465753424658,0.6277372262773723,0.2726187899645025,0.6087882986883792,0.6650256849315068
7,sider,SIDER1,tr,1,1366,582,524,0.9003436426116839,517,7,9,573,0.9845360824742269,0.9866412213740458,0.9855334538878843,0.9709990197213901,0.9963739122872158,0.9973111933055272
7,sider,SIDER1,va,1,1366,73,50,0.684931506849315,35,15,24,49,0.6712328767123288,0.7,0.6829268292682927,0.3649865579517808,0.7891428660646018,0.7473972602739727
7,sider,SIDER1,te,1,1366,79,58,0.7341772151898734,29,29,19,60,0.759493670886076,0.5,0.6496350364963503,0.26874394631434007,0.7071899957996729,0.701113051069402
8,sider,SIDER1,tr,1,1366,598,508,0.8494983277591973,502,6,10,588,0.9832775919732442,0.9881889763779528,0.9855334538878843,0.970916998676189,0.9972391963432782,0.9964826982329551
8,sider,SIDER1,va,1,1366,60,63,1.05,37,26,16,44,0.7333333333333333,0.5873015873015873,0.6585365853658537,0.3236456432188369,0.7380665546777815,0.7555555555555555
8,sider,SIDER1,te,1,1366,76,61,0.8026315789473685,38,23,17,59,0.7763157894736842,0.6229508196721312,0.708029197080292,0.4048055276239183,0.7136223695107619,0.7314495254529767
9,sider,SIDER1,tr,1,1366,594,512,0.8619528619528619,505,7,7,587,0.9882154882154882,0.986328125,0.9873417721518988,0.9745436132154882,0.997992121577612,0.9973613083964645
9,sider,SIDER1,va,1,1366,67,56,0.835820895522388,32,24,15,52,0.7761194029850746,0.5714285714285714,0.6829268292682927,0.35619715915672284,0.728772008259403,0.728278251599147
9,sider,SIDER1,te,1,1366,73,64,0.8767123287671232,31,33,25,48,0.6575342465753424,0.484375,0.5766423357664233,0.14402092250714355,0.6071005040324178,0.5943921232876712
10,sider,SIDER1,tr,1,1366,598,508,0.8494983277591973,500,8,9,589,0.9849498327759197,0.984251968503937,0.984629294755877,0.9690598583016405,0.9982566394572464,0.9978915940273353
10,sider,SIDER1,va,1,1366,70,53,0.7571428571428571,34,19,18,52,0.7428571428571429,0.6415094339622641,0.6991869918699187,0.38530240917752495,0.7967980395496858,0.7688679245283019
10,sider,SIDER1,te,1,1366,66,71,1.0757575757575757,34,37,14,52,0.7878787878787878,0.4788732394366197,0.6277372262773723,0.27937867214499196,0.6898476399516764,0.7426376440460948
11,sider,SIDER1,tr,1,1366,602,504,0.8372093023255814,496,8,10,592,0.9833887043189369,0.9841269841269841,0.9837251356238698,0.9672097062471096,0.9982707312070354,0.9974605152138375
11,sider,SIDER1,va,1,1366,64,59,0.921875,35,24,16,48,0.75,0.5932203389830508,0.6747967479674797,0.34804682189227354,0.6277430455821179,0.6991525423728814
11,sider,SIDER1,te,1,1366,68,69,1.0147058823529411,32,37,19,49,0.7205882352941176,0.463768115942029,0.5912408759124088,0.1906789676997519,0.674994766794131,0.6809462915601022
12,sider,SIDER1,tr,1,1366,590,516,0.8745762711864407,509,7,5,585,0.9915254237288136,0.9864341085271318,0.9891500904159132,0.9782037602404426,0.9991486244185771,0.9990227959532255
12,sider,SIDER1,va,1,1366,65,58,0.8923076923076924,38,20,14,51,0.7846153846153846,0.6551724137931034,0.7235772357723578,0.4444091631245172,0.7950432823984892,0.7651193633952256
12,sider,SIDER1,te,1,1366,79,58,0.7341772151898734,35,23,24,55,0.6962025316455697,0.603448275862069,0.656934306569343,0.2989989668237436,0.7609777575207961,0.7300305543430816
13,sider,SIDER1,tr,1,1366,592,514,0.8682432432432432,506,8,9,583,0.9847972972972973,0.9844357976653697,0.984629294755877,0.9691104861392963,0.9964656324938197,0.9963685718792723
13,sider,SIDER1,va,1,1366,72,51,0.7083333333333334,33,18,15,57,0.7916666666666666,0.6470588235294118,0.7317073170731707,0.4430910254820616,0.794730686900279,0.7777777777777778
13,sider,SIDER1,te,1,1366,70,67,0.9571428571428572,41,26,21,49,0.7,0.6119402985074627,0.656934306569343,0.31327910422387834,0.6903988655744241,0.7063965884861407
14,sider,SIDER1,tr,1,1366,610,496,0.8131147540983606,487,9,9,601,0.9852459016393442,0.9818548387096774,0.9837251356238698,0.9671007403490217,0.9968230751127334,0.9971757667900581
14,sider,SIDER1,va,1,1366,61,62,1.0163934426229508,32,30,13,48,0.7868852459016393,0.5161290322580645,0.6504065040650406,0.3145359548387602,0.7380962766611088,0.7562136435748281
14,sider,SIDER1,te,1,1366,63,74,1.1746031746031746,37,37,17,46,0.7301587301587301,0.5,0.6058394160583942,0.23473489820749516,0.6232198536115391,0.6700986700986701
15,sider,SIDER1,tr,1,1366,593,513,0.8650927487352446,503,10,7,586,0.9881956155143339,0.9805068226120858,0.984629294755877,0.9690991309954513,0.9971199150892472,0.9973751598407672
15,sider,SIDER1,va,1,1366,65,58,0.8923076923076924,34,24,16,49,0.7538461538461538,0.5862068965517241,0.6747967479674797,0.34559775914500535,0.6749642732017623,0.6904509283819629
15,sider,SIDER1,te,1,1366,76,61,0.8026315789473685,43,18,27,49,0.6447368421052632,0.7049180327868853,0.6715328467153284,0.34763610860865063,0.7849874983227288,0.7435289042277826
1,sider,SIDER2,tr,1,1366,762,344,0.45144356955380577,266,78,3,759,0.9960629921259843,0.7732558139534884,0.9267631103074141,0.8300880980224348,0.9955044462971219,0.9896138527742172
1,sider,SIDER2,va,1,1366,82,41,0.5,4,37,3,79,0.9634146341463414,0.0975609756097561,0.6747967479674797,0.12407291674636607,0.7507319763057181,0.6139202855443189
1,sider,SIDER2,te,1,1366,112,25,0.22321428571428573,2,23,5,107,0.9553571428571429,0.08,0.7956204379562044,0.06202053136528266,0.8552064966251377,0.5769642857142857
2,sider,SIDER2,tr,1,1366,784,322,0.4107142857142857,2,320,0,784,1.0,0.006211180124223602,0.7106690777576854,0.06641414050660638,0.9961686832684022,0.9903623716567371
2,sider,SIDER2,va,1,1366,78,45,0.5769230769230769,0,45,1,77,0.9871794871794872,0.0,0.6260162601626016,-0.06876683560916004,0.7599191915034713,0.633048433048433
2,sider,SIDER2,te,1,1366,94,43,0.4574468085106383,0,43,0,94,1.0,0.0,0.6861313868613139,0.0,0.7980850724940691,0.6848095002474023
3,sider,SIDER2,tr,1,1366,768,338,0.4401041666666667,275,63,7,761,0.9908854166666666,0.8136094674556213,0.9367088607594937,0.8503037352355451,0.9967893578596858,0.992603550295858
3,sider,SIDER2,va,1,1366,86,37,0.43023255813953487,6,31,9,77,0.8953488372093024,0.16216216216216217,0.6747967479674797,0.08060156879342806,0.7985877990933438,0.6147077309868008
3,sider,SIDER2,te,1,1366,102,35,0.3431372549019608,2,33,11,91,0.8921568627450981,0.05714285714285714,0.6788321167883211,-0.07545046976176178,0.7726545858182492,0.5429971988795518
4,sider,SIDER2,tr,1,1366,782,324,0.4143222506393862,2,322,0,782,1.0,0.006172839506172839,0.7088607594936709,0.06612433730132268,0.9972016885088146,0.9931640933345964
4,sider,SIDER2,va,1,1366,87,36,0.41379310344827586,0,36,0,87,1.0,0.0,0.7073170731707317,0.0,0.8510258841238645,0.7037037037037036
4,sider,SIDER2,te,1,1366,87,50,0.5747126436781609,0,50,0,87,1.0,0.0,0.635036496350365,0.0,0.694472684062623,0.6016091954022988
5,sider,SIDER2,tr,1,1366,770,336,0.43636363636363634,252,84,3,767,0.9961038961038962,0.75,0.9213381555153707,0.8146657137837287,0.9954161891096662,0.9895156926406926
5,sider,SIDER2,va,1,1366,90,33,0.36666666666666664,5,28,2,88,0.9777777777777777,0.15151515151515152,0.7560975609756098,0.24727202479638144,0.8404671139218745,0.6643097643097644
5,sider,SIDER2,te,1,1366,96,41,0.4270833333333333,2,39,2,94,0.9791666666666666,0.04878048780487805,0.7007299270072993,0.0760167545821253,0.7659844077848679,0.5777439024390244
6,sider,SIDER2,tr,1,1366,793,313,0.39470365699873894,3,310,0,793,1.0,0.009584664536741214,0.7197106690777577,0.08301131545078753,0.9961893262989561,0.9903367726391872
6,sider,SIDER2,va,1,1366,79,44,0.5569620253164557,0,44,0,79,1.0,0.0,0.6422764227642277,0.0,0.7652320674580583,0.67692750287687
6,sider,SIDER2,te,1,1366,84,53,0.6309523809523809,0,53,0,84,1.0,0.0,0.6131386861313869,0.0,0.7644486557288064,0.6720575022461815
7,sider,SIDER2,tr,1,1366,766,340,0.44386422976501305,8,332,0,766,1.0,0.023529411764705882,0.6998191681735986,0.12812053683821673,0.995453231047018,0.989905544463216
7,sider,SIDER2,va,1,1366,91,32,0.3516483516483517,0,32,1,90,0.989010989010989,0.0,0.7317073170731707,-0.053687647909935125,0.8488684349146041,0.6404532967032968
7,sider,SIDER2,te,1,1366,99,38,0.3838383838383838,0,38,2,97,0.9797979797979798,0.0,0.708029197080292,-0.07540884945007056,0.8158366449827359,0.6608187134502923
8,sider,SIDER2,tr,1,1366,784,322,0.4107142857142857,229,93,1,783,0.9987244897959183,0.7111801242236024,0.9150090415913201,0.7946392178117607,0.9969683974765591,0.9923310939282547
8,sider,SIDER2,va,1,1366,74,49,0.6621621621621622,2,47,1,73,0.9864864864864865,0.04081632653061224,0.6097560975609756,0.08665029474676987,0.791031138515625,0.7377275234418091
8,sider,SIDER2,te,1,1366,98,39,0.3979591836734694,0,39,1,97,0.9897959183673469,0.0,0.708029197080292,-0.0540940890318639,0.7482348012133371,0.5448717948717948
9,sider,SIDER2,tr,1,1366,785,321,0.4089171974522293,0,321,0,785,1.0,0.0,0.7097649186256781,0.0,0.996377046856455,0.9907296069210468
9,sider,SIDER2,va,1,1366,77,46,0.5974025974025974,1,45,0,77,1.0,0.021739130434782608,0.6341463414634146,0.11713495941449166,0.7731736763476157,0.7049689440993788
9,sider,SIDER2,te,1,1366,94,43,0.4574468085106383,0,43,0,94,1.0,0.0,0.6861313868613139,0.0,0.751235863990737,0.586343394359228
10,sider,SIDER2,tr,1,1366,764,342,0.4476439790575916,6,336,0,764,1.0,0.017543859649122806,0.6962025316455697,0.11038572359903094,0.9952675291337845,0.9892551514038148
10,sider,SIDER2,va,1,1366,95,28,0.29473684210526313,0,28,0,95,1.0,0.0,0.7723577235772358,0.0,0.905899016991041,0.7259398496240602
10,sider,SIDER2,te,1,1366,97,40,0.41237113402061853,1,39,1,96,0.9896907216494846,0.025,0.708029197080292,0.055689986267251905,0.806071999500118,0.6244845360824741
11,sider,SIDER2,tr,1,1366,784,322,0.4107142857142857,224,98,2,782,0.9974489795918368,0.6956521739130435,0.9095840867992767,0.7808849147961267,0.9964298341616366,0.990815930409431
11,sider,SIDER2,va,1,1366,85,38,0.4470588235294118,1,37,1,84,0.9882352941176471,0.02631578947368421,0.6910569105691057,0.05316048246429888,0.7270023963150427,0.5405572755417957
11,sider,SIDER2,te,1,1366,87,50,0.5747126436781609,3,47,3,84,0.9655172413793104,0.06,0.635036496350365,0.06002982499928332,0.73400270358433,0.598390804597701
12,sider,SIDER2,tr,1,1366,773,333,0.4307891332470893,3,330,0,773,1.0,0.009009009009009009,0.701627486437613,0.07945852544319265,0.9957949510500106,0.9898915733327118
12,sider,SIDER2,va,1,1366,87,36,0.41379310344827586,1,35,0,87,1.0,0.027777777777777776,0.7154471544715447,0.14074353686545749,0.8032709378029853,0.6270753512132823
12,sider,SIDER2,te,1,1366,96,41,0.4270833333333333,0,41,1,95,0.9895833333333334,0.0,0.6934306569343066,-0.05603854590771357,0.8256791307927677,0.6516768292682927
13,sider,SIDER2,tr,1,1366,769,337,0.43823146944083224,251,86,2,767,0.9973992197659298,0.744807121661721,0.9204339963833634,0.8133322718410804,0.9959550521425649,0.990239356673471
13,sider,SIDER2,va,1,1366,92,31,0.33695652173913043,3,28,4,88,0.9565217391304348,0.0967741935483871,0.7398373983739838,0.09988282400398454,0.803398484062992,0.6220196353436185
13,sider,SIDER2,te,1,1366,95,42,0.4421052631578947,1,41,3,92,0.968421052631579,0.023809523809523808,0.6788321167883211,-0.02127744271010039,0.7852028370983279,0.5859649122807017
14,sider,SIDER2,tr,1,1366,773,333,0.4307891332470893,0,333,0,773,1.0,0.0,0.6989150090415913,0.0,0.9963209632389134,0.9911483281470345
14,sider,SIDER2,va,1,1366,83,40,0.4819277108433735,0,40,0,83,1.0,0.0,0.6747967479674797,0.0,0.7996696024137365,0.6707831325301206
14,sider,SIDER2,te,1,1366,100,37,0.37,0,37,0,100,1.0,0.0,0.7299270072992701,0.0,0.7810040867745465,0.5975675675675676
15,sider,SIDER2,tr,1,1366,782,324,0.4143222506393862,2,322,0,782,1.0,0.006172839506172839,0.7088607594936709,0.06612433730132268,0.996689128673642,0.9916208834580531
15,sider,SIDER2,va,1,1366,81,42,0.5185185185185185,1,41,1,80,0.9876543209876543,0.023809523809523808,0.6585365853658537,0.04298231171314975,0.7190385257926657,0.5637860082304528
15,sider,SIDER2,te,1,1366,93,44,0.4731182795698925,1,43,1,92,0.989247311827957,0.022727272727272728,0.6788321167883211,0.04661722155178638,0.7490536934515415,0.5977517106549364
1,sider,SIDER3,tr,1,1366,16,1090,68.125,1090,0,16,0,0.0,1.0,0.9855334538878843,0.0,0.8561670457810163,0.9985951834862384
1,sider,SIDER3,va,1,1366,3,120,40.0,120,0,3,0,0.0,1.0,0.975609756097561,0.0,0.020612325439075672,0.44999999999999996
1,sider,SIDER3,te,1,1366,2,135,67.5,135,0,2,0,0.0,1.0,0.9854014598540146,0.0,0.058678300865800864,0.8629629629629629
2,sider,SIDER3,tr,1,1366,16,1090,68.125,1090,0,16,0,0.0,1.0,0.9855334538878843,0.0,0.9727676275929953,0.9996559633027523
2,sider,SIDER3,va,1,1366,3,120,40.0,120,0,3,0,0.0,1.0,0.975609756097561,0.0,0.023525378402738533,0.45
2,sider,SIDER3,te,1,1366,2,135,67.5,135,0,2,0,0.0,1.0,0.9854014598540146,0.0,0.010070726358217045,0.32222222222222224
3,sider,SIDER3,tr,1,1366,16,1090,68.125,1090,0,16,0,0.0,1.0,0.9855334538878843,0.0,0.007269318727032763,0.000516055045871544
3,sider,SIDER3,va,1,1366,3,120,40.0,120,0,3,0,0.0,1.0,0.975609756097561,0.0,0.021898770701794263,0.4722222222222222
3,sider,SIDER3,te,1,1366,2,135,67.5,135,0,2,0,0.0,1.0,0.9854014598540146,0.0,0.04522624039133473,0.7814814814814814
4,sider,SIDER3,tr,1,1366,18,1088,60.44444444444444,1088,0,18,0,0.0,1.0,0.9837251356238698,0.0,0.008183087300401286,0.0005361519607843133
4,sider,SIDER3,va,1,1366,1,122,122.0,122,0,1,0,0.0,1.0,0.991869918699187,0.0,0.006666666666666667,0.39344262295081966
4,sider,SIDER3,te,1,1366,2,135,67.5,135,0,2,0,0.0,1.0,0.9854014598540146,0.0,0.009491330753012997,0.2444444444444444
5,sider,SIDER3,tr,1,1366,17,1089,64.05882352941177,1089,0,17,0,0.0,1.0,0.984629294755877,0.0,1.0,1.0
5,sider,SIDER3,va,1,1366,1,122,122.0,122,0,1,0,0.0,1.0,0.991869918699187,0.0,0.013513513513513514,0.7049180327868853
5,sider,SIDER3,te,1,1366,3,134,44.666666666666664,134,0,3,0,0.0,1.0,0.9781021897810219,0.0,0.022981419557879797,0.4925373134328358
6,sider,SIDER3,tr,1,1366,16,1090,68.125,1090,0,16,0,0.0,1.0,0.9855334538878843,0.0,0.9727676275929953,0.9996559633027523
6,sider,SIDER3,va,1,1366,3,120,40.0,120,0,3,0,0.0,1.0,0.975609756097561,0.0,0.023525378402738533,0.45
6,sider,SIDER3,te,1,1366,2,135,67.5,135,0,2,0,0.0,1.0,0.9854014598540146,0.0,0.010070726358217045,0.32222222222222224
7,sider,SIDER3,tr,1,1366,18,1088,60.44444444444444,1088,0,18,0,0.0,1.0,0.9837251356238698,0.0,1.0,1.0
7,sider,SIDER3,va,1,1366,2,121,60.5,121,0,2,0,0.0,1.0,0.983739837398374,0.0,0.01839342249790011,0.5909090909090909
7,sider,SIDER3,te,1,1366,1,136,136.0,136,0,1,0,0.0,1.0,0.9927007299270073,0.0,0.008333333333333333,0.5661764705882353
8,sider,SIDER3,tr,1,1366,17,1089,64.05882352941177,1089,0,17,0,0.0,1.0,0.984629294755877,0.0,0.007727654596326991,0.0008102414519526737
8,sider,SIDER3,va,1,1366,1,122,122.0,122,0,1,0,0.0,1.0,0.991869918699187,0.0,0.006944444444444444,0.4180327868852459
8,sider,SIDER3,te,1,1366,3,134,44.666666666666664,134,0,3,0,0.0,1.0,0.9781021897810219,0.0,0.01199136840729357,0.1343283582089552
9,sider,SIDER3,tr,1,1366,18,1088,60.44444444444444,1088,0,18,0,0.0,1.0,0.9837251356238698,0.0,0.008181802787066834,5.106209150326779e-05
9,sider,SIDER3,va,1,1366,1,122,122.0,122,0,1,0,0.0,1.0,0.991869918699187,0.0,0.018518518518518517,0.7868852459016393
9,sider,SIDER3,te,1,1366,2,135,67.5,135,0,2,0,0.0,1.0,0.9854014598540146,0.0,0.012066817699035049,0.36296296296296293
10,sider,SIDER3,tr,1,1366,18,1088,60.44444444444444,1088,0,18,0,0.0,1.0,0.9837251356238698,0.0,0.008183087300401286,0.0005361519607843133
10,sider,SIDER3,va,1,1366,2,121,60.5,121,0,2,0,0.0,1.0,0.983739837398374,0.0,0.008745799925643777,0.11157024793388431
10,sider,SIDER3,te,1,1366,1,136,136.0,136,0,1,0,0.0,1.0,0.9927007299270073,0.0,0.007142857142857143,0.49264705882352944
11,sider,SIDER3,tr,1,1366,18,1088,60.44444444444444,1088,0,18,0,0.0,1.0,0.9837251356238698,0.0,0.9077136712521131,0.9988511029411764
11,sider,SIDER3,va,1,1366,1,122,122.0,122,0,1,0,0.0,1.0,0.991869918699187,0.0,0.022727272727272728,0.8278688524590164
11,sider,SIDER3,te,1,1366,2,135,67.5,135,0,2,0,0.0,1.0,0.9854014598540146,0.0,0.5063740402723453,0.5703703703703704
12,sider,SIDER3,tr,1,1366,16,1090,68.125,1090,0,16,0,0.0,1.0,0.9855334538878843,0.0,0.9727676275929953,0.9996559633027523
12,sider,SIDER3,va,1,1366,3,120,40.0,120,0,3,0,0.0,1.0,0.975609756097561,0.0,0.023525378402738533,0.45
12,sider,SIDER3,te,1,1366,2,135,67.5,135,0,2,0,0.0,1.0,0.9854014598540146,0.0,0.010070726358217045,0.32222222222222224
13,sider,SIDER3,tr,1,1366,17,1089,64.05882352941177,1089,0,17,0,0.0,1.0,0.984629294755877,0.0,0.007724897179502817,2.7008048398424092e-05
13,sider,SIDER3,va,1,1366,2,121,60.5,121,0,2,0,0.0,1.0,0.983739837398374,0.0,0.01052515918391467,0.27685950413223137
13,sider,SIDER3,te,1,1366,2,135,67.5,135,0,2,0,0.0,1.0,0.9854014598540146,0.0,0.019716329154612668,0.6592592592592592
14,sider,SIDER3,tr,1,1366,15,1091,72.73333333333333,1091,0,15,0,0.0,1.0,0.9864376130198915,0.0,0.006811922286932726,0.0
14,sider,SIDER3,va,1,1366,3,120,40.0,120,0,3,0,0.0,1.0,0.975609756097561,0.0,0.03001185973488038,0.5944444444444444
14,sider,SIDER3,te,1,1366,3,134,44.666666666666664,134,0,3,0,0.0,1.0,0.9781021897810219,0.0,0.018448695593393682,0.45771144278606957
15,sider,SIDER3,tr,1,1366,13,1093,84.07692307692308,1093,0,13,0,0.0,1.0,0.9882459312839059,0.0,0.9702400163938623,0.999683299317334
15,sider,SIDER3,va,1,1366,2,121,60.5,121,0,2,0,0.0,1.0,0.983739837398374,0.0,0.05415940766550523,0.8140495867768595
15,sider,SIDER3,te,1,1366,6,131,21.833333333333332,131,0,6,0,0.0,1.0,0.9562043795620438,0.0,0.19950997070115886,0.44783715012722647
1,sider,SIDER4,tr,1,1366,670,436,0.6507462686567164,156,280,108,562,0.8388059701492537,0.3577981651376147,0.6491862567811935,0.22537995360618723,0.7618381604340263,0.6742040942078598
1,sider,SIDER4,va,1,1366,84,39,0.4642857142857143,13,26,18,66,0.7857142857142857,0.3333333333333333,0.6422764227642277,0.1275903708942837,0.793237304549904,0.6202686202686203
1,sider,SIDER4,te,1,1366,99,38,0.3838383838383838,14,24,16,83,0.8383838383838383,0.3684210526315789,0.708029197080292,0.22388123048029063,0.827762296895433,0.6677299308878256
2,sider,SIDER4,tr,1,1366,704,402,0.5710227272727273,68,334,11,693,0.984375,0.1691542288557214,0.6880650994575045,0.28674222920319814,0.7858568846968459,0.6803464919719584
2,sider,SIDER4,va,1,1366,71,52,0.7323943661971831,6,46,1,70,0.9859154929577465,0.11538461538461539,0.6178861788617886,0.216004471423464,0.6465553592226676,0.6302816901408451
2,sider,SIDER4,te,1,1366,78,59,0.7564102564102564,1,58,1,77,0.9871794871794872,0.01694915254237288,0.5693430656934306,0.017045055187740316,0.6390055154117816,0.5744241634072142
3,sider,SIDER4,tr,1,1366,695,411,0.5913669064748202,89,322,26,669,0.962589928057554,0.21654501216545013,0.6853526220614828,0.283601072535938,0.7681450614296981,0.6634668907209997
3,sider,SIDER4,va,1,1366,68,55,0.8088235294117647,9,46,2,66,0.9705882352941176,0.16363636363636364,0.6097560975609756,0.23386356305044032,0.7217623883436857,0.6963903743315508
3,sider,SIDER4,te,1,1366,90,47,0.5222222222222223,9,38,4,86,0.9555555555555556,0.19148936170212766,0.6934306569343066,0.23819776503864123,0.7547104016890063,0.6399527186761229
4,sider,SIDER4,tr,1,1366,690,416,0.6028985507246377,136,280,96,594,0.8608695652173913,0.3269230769230769,0.6600361663652803,0.22343441862885688,0.7786694692957998,0.6811890328874025
4,sider,SIDER4,va,1,1366,77,46,0.5974025974025974,10,36,15,62,0.8051948051948052,0.21739130434782608,0.5853658536585366,0.027157054658386127,0.6739567123065294,0.5636645962732919
4,sider,SIDER4,te,1,1366,86,51,0.5930232558139535,10,41,12,74,0.8604651162790697,0.19607843137254902,0.6131386861313869,0.07444869793057421,0.7328033267372713,0.6112631098951208
5,sider,SIDER4,tr,1,1366,685,421,0.6145985401459854,130,291,78,607,0.8861313868613139,0.3087885985748218,0.666365280289331,0.24219929135041057,0.7726332317417623,0.6788199802347555
5,sider,SIDER4,va,1,1366,72,51,0.7083333333333334,11,40,6,66,0.9166666666666666,0.21568627450980393,0.6260162601626016,0.1889328777740283,0.6489582188749601,0.5808823529411765
5,sider,SIDER4,te,1,1366,96,41,0.4270833333333333,6,35,9,87,0.90625,0.14634146341463414,0.6788321167883211,0.0771289209818163,0.7914897605493746,0.6448170731707317
6,sider,SIDER4,tr,1,1366,694,412,0.5936599423631124,95,317,53,641,0.9236311239193083,0.23058252427184467,0.6654611211573237,0.21899668570687222,0.7715758386003826,0.6737465375898828
6,sider,SIDER4,va,1,1366,74,49,0.6621621621621622,13,36,7,67,0.9054054054054054,0.2653061224489796,0.6504065040650406,0.2264869268413326,0.732838498147868,0.6676778819635962
6,sider,SIDER4,te,1,1366,85,52,0.611764705882353,9,43,6,79,0.9294117647058824,0.17307692307692307,0.6423357664233577,0.15928010102426787,0.7526400012797396,0.630316742081448
7,sider,SIDER4,tr,1,1366,697,409,0.5868005738880918,126,283,82,615,0.8823529411764706,0.3080684596577017,0.6699819168173599,0.2352469291405263,0.7737894129745142,0.674965710537301
7,sider,SIDER4,va,1,1366,75,48,0.64,13,35,9,66,0.88,0.2708333333333333,0.6422764227642277,0.19198909078668525,0.7452256243535149,0.6644444444444445
7,sider,SIDER4,te,1,1366,81,56,0.691358024691358,11,45,8,73,0.9012345679012346,0.19642857142857142,0.6131386861313869,0.13891508185111529,0.6912523721230652,0.6097883597883598
8,sider,SIDER4,tr,1,1366,688,418,0.6075581395348837,121,297,67,621,0.9026162790697675,0.2894736842105263,0.6708860759493671,0.24796293504799446,0.7656435601609497,0.6670885723823301
8,sider,SIDER4,va,1,1366,74,49,0.6621621621621622,12,37,7,67,0.9054054054054054,0.24489795918367346,0.6422764227642277,0.20360532505614523,0.710690387385029,0.6326530612244897
8,sider,SIDER4,te,1,1366,91,46,0.5054945054945055,14,32,6,85,0.9340659340659341,0.30434782608695654,0.7226277372262774,0.31887685686324885,0.7694432934137879,0.6709268991877687
9,sider,SIDER4,tr,1,1366,701,405,0.5777460770328102,122,283,83,618,0.8815977175463623,0.3012345679012346,0.6690777576853526,0.2266731514331152,0.7941521985685855,0.6900582941476903
9,sider,SIDER4,va,1,1366,73,50,0.684931506849315,8,42,14,59,0.8082191780821918,0.16,0.5447154471544715,-0.040732355892966046,0.7158792569009149,0.6184931506849315
9,sider,SIDER4,te,1,1366,79,58,0.7341772151898734,9,49,13,66,0.8354430379746836,0.15517241379310345,0.5474452554744526,-0.012629339922244723,0.598194108606557,0.546922741161065
10,sider,SIDER4,tr,1,1366,690,416,0.6028985507246377,97,319,34,656,0.9507246376811594,0.23317307692307693,0.6808318264014467,0.27568274666784753,0.764264630722418,0.6733329849498327
10,sider,SIDER4,va,1,1366,79,44,0.5569620253164557,9,35,4,75,0.9493670886075949,0.20454545454545456,0.6829268292682927,0.23996388216994416,0.7739137159079633,0.6810989643268124
10,sider,SIDER4,te,1,1366,84,53,0.6309523809523809,8,45,5,79,0.9404761904761905,0.1509433962264151,0.635036496350365,0.1519267727733833,0.6646861680140377,0.5745732255166218
11,sider,SIDER4,tr,1,1366,688,418,0.6075581395348837,141,277,92,596,0.8662790697674418,0.3373205741626794,0.666365280289331,0.24208857372765885,0.7840445414943411,0.6860412957605428
11,sider,SIDER4,va,1,1366,70,53,0.7571428571428571,17,36,11,59,0.8428571428571429,0.32075471698113206,0.6178861788617886,0.19322393308407343,0.632708415335681,0.6018867924528302
11,sider,SIDER4,te,1,1366,95,42,0.4421052631578947,11,31,20,75,0.7894736842105263,0.2619047619047619,0.6277372262773723,0.05661527662801884,0.7269720604846162,0.544360902255639
12,sider,SIDER4,tr,1,1366,704,402,0.5710227272727273,137,265,95,609,0.8650568181818182,0.3407960199004975,0.674502712477396,0.24319604411525925,0.7935565994139806,0.6868074400723655
12,sider,SIDER4,va,1,1366,70,53,0.7571428571428571,13,40,18,52,0.7428571428571429,0.24528301886792453,0.5284552845528455,-0.013526672058437723,0.5949515291701671,0.5283018867924528
12,sider,SIDER4,te,1,1366,79,58,0.7341772151898734,18,40,12,67,0.8481012658227848,0.3103448275862069,0.6204379562043796,0.18930259267489044,0.6576361362104661,0.6403317328677433
13,sider,SIDER4,tr,1,1366,685,421,0.6145985401459854,136,285,99,586,0.8554744525547445,0.32304038004750596,0.6528028933092225,0.21189349874880758,0.7701324401617653,0.6785668464032457
13,sider,SIDER4,va,1,1366,82,41,0.5,12,29,15,67,0.8170731707317073,0.2926829268292683,0.6422764227642277,0.12499999999999994,0.7208783527611187,0.5806067816775728
13,sider,SIDER4,te,1,1366,86,51,0.5930232558139535,13,38,12,74,0.8604651162790697,0.2549019607843137,0.635036496350365,0.1443900236389422,0.7537088246435178,0.6466028271773826
14,sider,SIDER4,tr,1,1366,677,429,0.6336779911373708,147,282,103,574,0.8478581979320532,0.34265734265734266,0.6518987341772152,0.2219455803036408,0.7526691485930019,0.6699858487155386
14,sider,SIDER4,va,1,1366,84,39,0.4642857142857143,10,29,12,72,0.8571428571428571,0.2564102564102564,0.6666666666666666,0.13787926703467415,0.7871470932757116,0.6446886446886447
14,sider,SIDER4,te,1,1366,92,45,0.4891304347826087,10,35,10,82,0.8913043478260869,0.2222222222222222,0.6715328467153284,0.15100445445785154,0.7661783528267858,0.6210144927536232
15,sider,SIDER4,tr,1,1366,693,413,0.5959595959595959,140,273,97,596,0.86002886002886,0.3389830508474576,0.6654611211573237,0.2346046693463375,0.7798684276490611,0.6848404487629669
15,sider,SIDER4,va,1,1366,71,52,0.7323943661971831,16,36,12,59,0.8309859154929577,0.3076923076923077,0.6097560975609756,0.16337977607294316,0.6285486489452035,0.5601300108342362
15,sider,SIDER4,te,1,1366,89,48,0.5393258426966292,15,33,11,78,0.8764044943820225,0.3125,0.6788321167883211,0.22983160469436464,0.7361038964583191,0.6022940074906367
1,sider,SIDER5,tr,1,1366,893,213,0.23852183650615902,0,213,0,893,1.0,0.0,0.8074141048824593,0.0,0.9857992074873932,0.9427445599314439
1,sider,SIDER5,va,1,1366,93,30,0.3225806451612903,0,30,1,92,0.989247311827957,0.0,0.7479674796747967,-0.051420848387234507,0.8910149905690437,0.7322580645161288
1,sider,SIDER5,te,1,1366,121,16,0.1322314049586777,0,16,0,121,1.0,0.0,0.8832116788321168,0.0,0.9380362126836308,0.6952479338842975
2,sider,SIDER5,tr,1,1366,899,207,0.23025583982202447,0,207,0,899,1.0,0.0,0.8128390596745028,0.0,0.9869031751791866,0.9449173262830951
2,sider,SIDER5,va,1,1366,101,22,0.21782178217821782,0,22,0,101,1.0,0.0,0.8211382113821138,0.0,0.8885620032793016,0.6264626462646264
2,sider,SIDER5,te,1,1366,107,30,0.2803738317757009,0,30,0,107,1.0,0.0,0.781021897810219,0.0,0.8806917310872808,0.6906542056074767
3,sider,SIDER5,tr,1,1366,898,208,0.23162583518930957,3,205,1,897,0.9988864142538976,0.014423076923076924,0.8137432188065099,0.08663841441083735,0.9881790061925428,0.9511922862771971
3,sider,SIDER5,va,1,1366,98,25,0.25510204081632654,0,25,0,98,1.0,0.0,0.7967479674796748,0.0,0.884013262438583,0.6720408163265306
3,sider,SIDER5,te,1,1366,111,26,0.23423423423423423,1,25,2,109,0.9819819819819819,0.038461538461538464,0.8029197080291971,0.0547760639287055,0.8974478047647982,0.6803534303534304
4,sider,SIDER5,tr,1,1366,909,197,0.21672167216721672,0,197,0,909,1.0,0.0,0.8218806509945751,0.0,0.9896700513436556,0.9553115209998158
4,sider,SIDER5,va,1,1366,92,31,0.33695652173913043,0,31,0,92,1.0,0.0,0.7479674796747967,0.0,0.8937432980347029,0.8053997194950911
4,sider,SIDER5,te,1,1366,106,31,0.29245283018867924,0,31,0,106,1.0,0.0,0.7737226277372263,0.0,0.8849562295271419,0.7388922702373708
5,sider,SIDER5,tr,1,1366,889,217,0.2440944881889764,2,215,0,889,1.0,0.009216589861751152,0.8056057866184448,0.08614924480003666,0.9864433611094814,0.946641750426358
5,sider,SIDER5,va,1,1366,105,18,0.17142857142857143,0,18,0,105,1.0,0.0,0.8536585365853658,0.0,0.9221610055298057,0.6962962962962962
5,sider,SIDER5,te,1,1366,113,24,0.21238938053097345,0,24,0,113,1.0,0.0,0.8248175182481752,0.0,0.914772140982272,0.6924778761061947
6,sider,SIDER5,tr,1,1366,906,200,0.22075055187637968,1,199,0,906,1.0,0.005,0.8200723327305606,0.06402770893380628,0.9893593480216527,0.9532146799116998
6,sider,SIDER5,va,1,1366,94,29,0.30851063829787234,1,28,0,94,1.0,0.034482758620689655,0.7723577235772358,0.16299902721083373,0.9317848993936358,0.8070432868672047
6,sider,SIDER5,te,1,1366,107,30,0.2803738317757009,0,30,0,107,1.0,0.0,0.781021897810219,0.0,0.8101170522716932,0.5613707165109034
7,sider,SIDER5,tr,1,1366,898,208,0.23162583518930957,0,208,0,898,1.0,0.0,0.8119349005424955,0.0,0.9870542221302412,0.9463605019701902
7,sider,SIDER5,va,1,1366,100,23,0.23,0,23,0,100,1.0,0.0,0.8130081300813008,0.0,0.9158202447622659,0.7452173913043478
7,sider,SIDER5,te,1,1366,109,28,0.25688073394495414,0,28,0,109,1.0,0.0,0.7956204379562044,0.0,0.8254933674603533,0.5812581913499345
8,sider,SIDER5,tr,1,1366,898,208,0.23162583518930957,0,208,0,898,1.0,0.0,0.8119349005424955,0.0,0.987755354965473,0.9486224730169607
8,sider,SIDER5,va,1,1366,92,31,0.33695652173913043,0,31,0,92,1.0,0.0,0.7479674796747967,0.0,0.8835439082177002,0.7268583450210377
8,sider,SIDER5,te,1,1366,117,20,0.17094017094017094,0,20,0,117,1.0,0.0,0.8540145985401459,0.0,0.9120183845716925,0.713034188034188
9,sider,SIDER5,tr,1,1366,902,204,0.2261640798226164,0,204,0,902,1.0,0.0,0.8155515370705244,0.0,0.9874760797399511,0.9458909395243685
9,sider,SIDER5,va,1,1366,92,31,0.33695652173913043,0,31,0,92,1.0,0.0,0.7479674796747967,0.0,0.8974306371646392,0.7482468443197756
9,sider,SIDER5,te,1,1366,113,24,0.21238938053097345,0,24,0,113,1.0,0.0,0.8248175182481752,0.0,0.8543098676113255,0.6124631268436578
10,sider,SIDER5,tr,1,1366,902,204,0.2261640798226164,0,204,0,902,1.0,0.0,0.8155515370705244,0.0,0.9860986990739429,0.9416411242989435
10,sider,SIDER5,va,1,1366,99,24,0.24242424242424243,0,24,0,99,1.0,0.0,0.8048780487804879,0.0,0.9301032853144517,0.7622053872053873
10,sider,SIDER5,te,1,1366,106,31,0.29245283018867924,0,31,0,106,1.0,0.0,0.7737226277372263,0.0,0.9295392510261613,0.8027997565429092
11,sider,SIDER5,tr,1,1366,893,213,0.23852183650615902,2,211,0,893,1.0,0.009389671361502348,0.8092224231464737,0.08714979881106678,0.9871185690850403,0.9482569173908699
11,sider,SIDER5,va,1,1366,100,23,0.23,0,23,0,100,1.0,0.0,0.8130081300813008,0.0,0.887865636865851,0.6430434782608696
11,sider,SIDER5,te,1,1366,114,23,0.20175438596491227,0,23,0,114,1.0,0.0,0.8321167883211679,0.0,0.9176253439939674,0.7578184591914569
12,sider,SIDER5,tr,1,1366,901,205,0.22752497225305215,1,204,0,901,1.0,0.004878048780487805,0.8155515370705244,0.06306731268022636,0.9872807948557363,0.9462737879321078
12,sider,SIDER5,va,1,1366,98,25,0.25510204081632654,0,25,1,97,0.9897959183673469,0.0,0.7886178861788617,-0.04572745711889065,0.87179189741441,0.6995918367346938
12,sider,SIDER5,te,1,1366,108,29,0.26851851851851855,0,29,0,108,1.0,0.0,0.7883211678832117,0.0,0.8544822309222067,0.5977011494252873
13,sider,SIDER5,tr,1,1366,893,213,0.23852183650615902,2,211,1,892,0.9988801791713325,0.009389671361502348,0.8083182640144665,0.06269960543940674,0.9852322263522946,0.9405180617110652
13,sider,SIDER5,va,1,1366,104,19,0.18269230769230768,0,19,1,103,0.9903846153846154,0.0,0.8373983739837398,-0.038697260005123094,0.9440948243791667,0.7277327935222673
13,sider,SIDER5,te,1,1366,110,27,0.24545454545454545,1,26,0,110,1.0,0.037037037037037035,0.8102189781021898,0.17307925067797642,0.8780490613445345,0.6569023569023569
14,sider,SIDER5,tr,1,1366,896,210,0.234375,10,200,1,895,0.9988839285714286,0.047619047619047616,0.8182640144665461,0.18379809198973582,0.9883509940597051,0.9514083758503403
14,sider,SIDER5,va,1,1366,100,23,0.23,0,23,1,99,0.99,0.0,0.8048780487804879,-0.04341941848573374,0.868169931011606,0.672608695652174
14,sider,SIDER5,te,1,1366,111,26,0.23423423423423423,1,25,0,111,1.0,0.038461538461538464,0.8175182481751825,0.1771761911627274,0.8514435748819686,0.5485100485100485
15,sider,SIDER5,tr,1,1366,894,212,0.2371364653243848,6,206,1,893,0.9988814317673378,0.02830188679245283,0.8128390596745028,0.13492464941260235,0.9879112867677238,0.9500311299649655
15,sider,SIDER5,va,1,1366,99,24,0.24242424242424243,0,24,1,98,0.98989898989899,0.0,0.7967479674796748,-0.04457671986919854,0.8669807521076422,0.5896464646464646
15,sider,SIDER5,te,1,1366,114,23,0.20175438596491227,1,22,3,111,0.9736842105263158,0.043478260869565216,0.8175182481751825,0.038101349136776715,0.9352739192566275,0.7480930587337911
1,sider,SIDER6,tr,1,1366,777,329,0.42342342342342343,254,75,9,768,0.9884169884169884,0.7720364741641338,0.9240506329113924,0.8165625133928663,0.9943138579724973,0.9854420203964277
1,sider,SIDER6,va,1,1366,80,43,0.5375,5,38,4,76,0.95,0.11627906976744186,0.6585365853658537,0.12136178216614403,0.8140336348791365,0.6930232558139535
1,sider,SIDER6,te,1,1366,105,32,0.3047619047619048,7,25,3,102,0.9714285714285714,0.21875,0.7956204379562044,0.3093352119317039,0.840086051620206,0.6583333333333333
2,sider,SIDER6,tr,1,1366,784,322,0.4107142857142857,260,62,12,772,0.9846938775510204,0.8074534161490683,0.9330922242314648,0.8356500291658738,0.9948560250589178,0.9863199550006339
2,sider,SIDER6,va,1,1366,84,39,0.4642857142857143,5,34,7,77,0.9166666666666666,0.1282051282051282,0.6666666666666666,0.07037092760556336,0.7932787609759364,0.6620879120879121
2,sider,SIDER6,te,1,1366,94,43,0.4574468085106383,2,41,5,89,0.9468085106382979,0.046511627906976744,0.6642335766423357,-0.014078128125352089,0.7781488215578753,0.6331024245423058
3,sider,SIDER6,tr,1,1366,777,329,0.42342342342342343,275,54,17,760,0.9781209781209781,0.8358662613981763,0.9358047016274864,0.8441554465756543,0.9941193369670012,0.985518301627724
3,sider,SIDER6,va,1,1366,87,36,0.41379310344827586,7,29,9,78,0.896551724137931,0.19444444444444445,0.6910569105691057,0.12307847405017358,0.8324249287244723,0.6744891443167306
3,sider,SIDER6,te,1,1366,98,39,0.3979591836734694,12,27,13,85,0.8673469387755102,0.3076923076923077,0.708029197080292,0.20450397820700042,0.8074490083154688,0.6527995813710099
4,sider,SIDER6,tr,1,1366,790,316,0.4,256,60,11,779,0.9860759493670886,0.810126582278481,0.9358047016274864,0.8405122163050157,0.9956095043944724,0.9879626662393848
4,sider,SIDER6,va,1,1366,80,43,0.5375,7,36,0,80,1.0,0.16279069767441862,0.7073170731707317,0.33506633174942013,0.8024331377730581,0.7232558139534884
4,sider,SIDER6,te,1,1366,92,45,0.4891304347826087,6,39,5,87,0.9456521739130435,0.13333333333333333,0.6788321167883211,0.13651047158551655,0.7871594622874931,0.6700483091787439
5,sider,SIDER6,tr,1,1366,769,337,0.43823146944083224,264,73,15,754,0.9804941482444733,0.7833827893175074,0.9204339963833634,0.8095555644419985,0.993780079832268,0.9851014651576482
5,sider,SIDER6,va,1,1366,95,28,0.29473684210526313,7,21,3,92,0.968421052631579,0.25,0.8048780487804879,0.3351167166625364,0.9067208730034851,0.7522556390977444
5,sider,SIDER6,te,1,1366,98,39,0.3979591836734694,5,34,5,93,0.9489795918367347,0.1282051282051282,0.7153284671532847,0.13389822322552442,0.8457916227450438,0.6862899005756149
6,sider,SIDER6,tr,1,1366,785,321,0.4089171974522293,261,60,11,774,0.9859872611464968,0.8130841121495327,0.9358047016274864,0.8421810005681568,0.9941487182963243,0.9843998650713337
6,sider,SIDER6,va,1,1366,82,41,0.5,9,32,5,77,0.9390243902439024,0.21951219512195122,0.6991869918699187,0.23531579963319862,0.8614610215991388,0.7204045211183819
6,sider,SIDER6,te,1,1366,95,42,0.4421052631578947,8,34,6,89,0.9368421052631579,0.19047619047619047,0.708029197080292,0.1938030871942783,0.8232696795830673,0.6573934837092732
7,sider,SIDER6,tr,1,1366,777,329,0.42342342342342343,253,76,8,769,0.9897039897039897,0.7689969604863222,0.9240506329113924,0.8168277399073394,0.9940261076744374,0.9850586583109378
7,sider,SIDER6,va,1,1366,88,35,0.3977272727272727,7,28,0,88,1.0,0.2,0.7723577235772358,0.38951782748808034,0.8769135682191419,0.765909090909091
7,sider,SIDER6,te,1,1366,97,40,0.41237113402061853,3,37,7,90,0.9278350515463918,0.075,0.6788321167883211,0.004955357159181023,0.765419643033094,0.6126288659793815
8,sider,SIDER6,tr,1,1366,775,331,0.4270967741935484,266,65,15,760,0.9806451612903225,0.8036253776435045,0.9276672694394213,0.8249936674832588,0.9948356872525678,0.9867985576454537
8,sider,SIDER6,va,1,1366,88,35,0.3977272727272727,5,30,6,82,0.9318181818181818,0.14285714285714285,0.7073170731707317,0.11807205549329973,0.8692212071074399,0.7170454545454545
8,sider,SIDER6,te,1,1366,99,38,0.3838383838383838,3,35,3,96,0.9696969696969697,0.07894736842105263,0.7226277372262774,0.10642175610520911,0.8275402639836851,0.6721158958001064
9,sider,SIDER6,tr,1,1366,787,319,0.40533672172808133,265,54,13,774,0.9834815756035579,0.8307210031347962,0.9394213381555153,0.8503106427958297,0.9942307646481466,0.9847203578527244
9,sider,SIDER6,va,1,1366,80,43,0.5375,9,34,3,77,0.9625,0.20930232558139536,0.6991869918699187,0.2760934776889445,0.7993698083289645,0.6909883720930233
9,sider,SIDER6,te,1,1366,95,42,0.4421052631578947,4,38,3,92,0.968421052631579,0.09523809523809523,0.7007299270072993,0.13329890216153112,0.766429782561117,0.5614035087719298
10,sider,SIDER6,tr,1,1366,779,327,0.4197689345314506,257,70,12,767,0.9845956354300385,0.7859327217125383,0.9258589511754068,0.8195819072149865,0.9943127399509706,0.9853297374113288
10,sider,SIDER6,va,1,1366,85,38,0.4470588235294118,7,31,9,76,0.8941176470588236,0.18421052631578946,0.6747967479674797,0.10758887834186406,0.8375191926398144,0.675232198142415
10,sider,SIDER6,te,1,1366,98,39,0.3979591836734694,7,32,4,94,0.9591836734693877,0.1794871794871795,0.7372262773722628,0.23027612521366664,0.8877306385216377,0.7426739926739927
11,sider,SIDER6,tr,1,1366,790,316,0.4,268,48,11,779,0.9860759493670886,0.8481012658227848,0.9466546112115732,0.8676819314858452,0.9952919199638917,0.9879186027880147
11,sider,SIDER6,va,1,1366,78,45,0.5769230769230769,12,33,4,74,0.9487179487179487,0.26666666666666666,0.6991869918699187,0.308401411516629,0.7260378933442606,0.6492877492877492
11,sider,SIDER6,te,1,1366,94,43,0.4574468085106383,8,35,7,87,0.925531914893617,0.18604651162790697,0.6934306569343066,0.165826083035412,0.7956216441884145,0.6129391390400792
12,sider,SIDER6,tr,1,1366,779,327,0.4197689345314506,282,45,13,766,0.9833119383825417,0.8623853211009175,0.9475587703435805,0.8726419632255393,0.994771009629803,0.9866291371750028
12,sider,SIDER6,va,1,1366,89,34,0.38202247191011235,7,27,9,80,0.898876404494382,0.20588235294117646,0.7073170731707317,0.1392749208120936,0.8352233070969892,0.6668869795109055
12,sider,SIDER6,te,1,1366,94,43,0.4574468085106383,7,36,7,87,0.925531914893617,0.16279069767441862,0.6861313868613139,0.1353173511874867,0.7199241706149961,0.5732310737258783
13,sider,SIDER6,tr,1,1366,770,336,0.43636363636363634,265,71,13,757,0.9831168831168832,0.7886904761904762,0.9240506329113924,0.8182506335680396,0.9945339122226378,0.9862844001236859
13,sider,SIDER6,va,1,1366,92,31,0.33695652173913043,5,26,4,88,0.9565217391304348,0.16129032258064516,0.7560975609756098,0.19642232004488575,0.8649682608626019,0.6833800841514726
13,sider,SIDER6,te,1,1366,100,37,0.37,8,29,7,93,0.93,0.21621621621621623,0.7372262773722628,0.2079078360505972,0.8393487804679127,0.670945945945946
14,sider,SIDER6,tr,1,1366,783,323,0.4125159642401022,277,46,9,774,0.9885057471264368,0.8575851393188855,0.9502712477396021,0.8786364513646732,0.9958435318490659,0.9892075805922288
14,sider,SIDER6,va,1,1366,78,45,0.5769230769230769,4,41,7,71,0.9102564102564102,0.08888888888888889,0.6097560975609756,-0.0014426545259527926,0.6955734208934761,0.5863247863247862
14,sider,SIDER6,te,1,1366,101,36,0.3564356435643564,5,31,10,91,0.900990099009901,0.1388888888888889,0.7007299270072993,0.056212191885486706,0.7816018921803389,0.5723322332233223
15,sider,SIDER6,tr,1,1366,779,327,0.4197689345314506,266,61,12,767,0.9845956354300385,0.8134556574923547,0.933996383363472,0.8395292739238297,0.9946582622444202,0.9859146635889342
15,sider,SIDER6,va,1,1366,84,39,0.4642857142857143,5,34,7,77,0.9166666666666666,0.1282051282051282,0.6666666666666666,0.07037092760556336,0.7798109573149677,0.6388888888888888
15,sider,SIDER6,te,1,1366,99,38,0.3838383838383838,7,31,6,93,0.9393939393939394,0.18421052631578946,0.7299270072992701,0.18882567182283455,0.8599976239559738,0.6940457203615098
1,sider,SIDER7,tr,1,1366,1012,94,0.09288537549407115,0,94,0,1012,1.0,0.0,0.9150090415913201,0.0,0.9991554982247084,0.9909017324026573
1,sider,SIDER7,va,1,1366,106,17,0.16037735849056603,0,17,0,106,1.0,0.0,0.8617886178861789,0.0,0.9333125392090114,0.7314095449500555
1,sider,SIDER7,te,1,1366,129,8,0.06201550387596899,0,8,0,129,1.0,0.0,0.9416058394160584,0.0,0.9586115654920393,0.5562015503875969
2,sider,SIDER7,tr,1,1366,1012,94,0.09288537549407115,0,94,0,1012,1.0,0.0,0.9150090415913201,0.0,0.9992304009416921,0.991732192414431
2,sider,SIDER7,va,1,1366,113,10,0.08849557522123894,0,10,0,113,1.0,0.0,0.9186991869918699,0.0,0.9653010505719366,0.7123893805309734
2,sider,SIDER7,te,1,1366,122,15,0.12295081967213115,0,15,0,122,1.0,0.0,0.8905109489051095,0.0,0.9317121384205266,0.7153005464480874
3,sider,SIDER7,tr,1,1366,1011,95,0.09396636993076163,0,95,0,1011,1.0,0.0,0.9141048824593129,0.0,0.999107469783115,0.9905044510385757
3,sider,SIDER7,va,1,1366,115,8,0.06956521739130435,0,8,0,115,1.0,0.0,0.9349593495934959,0.0,0.9827149438732542,0.8070652173913043
3,sider,SIDER7,te,1,1366,121,16,0.1322314049586777,0,16,0,121,1.0,0.0,0.8832116788321168,0.0,0.960628935511364,0.8016528925619836
4,sider,SIDER7,tr,1,1366,1015,91,0.0896551724137931,0,91,0,1015,1.0,0.0,0.9177215189873418,0.0,0.9993164789488267,0.9924484382612462
4,sider,SIDER7,va,1,1366,111,12,0.10810810810810811,0,12,0,111,1.0,0.0,0.9024390243902439,0.0,0.9651358061704188,0.8055555555555556
4,sider,SIDER7,te,1,1366,121,16,0.1322314049586777,0,16,0,121,1.0,0.0,0.8832116788321168,0.0,0.9509864252760425,0.7742768595041323
5,sider,SIDER7,tr,1,1366,1007,99,0.09831181727904667,0,99,0,1007,1.0,0.0,0.9104882459312839,0.0,0.9986151989397911,0.9859418414532615
5,sider,SIDER7,va,1,1366,112,11,0.09821428571428571,0,11,0,112,1.0,0.0,0.9105691056910569,0.0,0.9573827108848315,0.7978896103896104
5,sider,SIDER7,te,1,1366,128,9,0.0703125,0,9,0,128,1.0,0.0,0.9343065693430657,0.0,0.9464035236890022,0.5815972222222222
6,sider,SIDER7,tr,1,1366,1019,87,0.08537782139352307,0,87,0,1019,1.0,0.0,0.9213381555153707,0.0,0.9994700191100594,0.9938806357370873
6,sider,SIDER7,va,1,1366,107,16,0.14953271028037382,0,16,0,107,1.0,0.0,0.8699186991869918,0.0,0.9582581439589916,0.7926401869158879
6,sider,SIDER7,te,1,1366,121,16,0.1322314049586777,0,16,0,121,1.0,0.0,0.8832116788321168,0.0,0.9390587618785089,0.7262396694214877
7,sider,SIDER7,tr,1,1366,1005,101,0.10049751243781095,0,101,0,1005,1.0,0.0,0.9086799276672695,0.0,0.9989311980797123,0.9895965715974583
7,sider,SIDER7,va,1,1366,111,12,0.10810810810810811,0,12,0,111,1.0,0.0,0.9024390243902439,0.0,0.9467289962741493,0.7162162162162162
7,sider,SIDER7,te,1,1366,131,6,0.04580152671755725,0,6,0,131,1.0,0.0,0.9562043795620438,0.0,0.9960220495928822,0.9173027989821882
8,sider,SIDER7,tr,1,1366,1004,102,0.10159362549800798,1,101,0,1004,1.0,0.00980392156862745,0.9086799276672695,0.09438122970312088,0.9986464927942056,0.9867295523787204
8,sider,SIDER7,va,1,1366,112,11,0.09821428571428571,0,11,0,112,1.0,0.0,0.9105691056910569,0.0,0.9726018588561613,0.7702922077922076
8,sider,SIDER7,te,1,1366,131,6,0.04580152671755725,0,6,0,131,1.0,0.0,0.9562043795620438,0.0,0.9785126312784528,0.7614503816793893
9,sider,SIDER7,tr,1,1366,1014,92,0.09072978303747535,0,92,0,1014,1.0,0.0,0.9168173598553345,0.0,0.9991511620609467,0.9906579624388989
9,sider,SIDER7,va,1,1366,112,11,0.09821428571428571,0,11,0,112,1.0,0.0,0.9105691056910569,0.0,0.982101974867071,0.8538961038961039
9,sider,SIDER7,te,1,1366,121,16,0.1322314049586777,0,16,0,121,1.0,0.0,0.8832116788321168,0.0,0.9467326352986338,0.7117768595041322
10,sider,SIDER7,tr,1,1366,1016,90,0.08858267716535433,0,90,0,1016,1.0,0.0,0.918625678119349,0.0,0.99926983627781,0.9917705599300086
10,sider,SIDER7,va,1,1366,113,10,0.08849557522123894,0,10,0,113,1.0,0.0,0.9186991869918699,0.0,0.9834507862583379,0.8619469026548672
10,sider,SIDER7,te,1,1366,118,19,0.16101694915254236,0,19,0,118,1.0,0.0,0.8613138686131386,0.0,0.9361888178421389,0.7457627118644068
11,sider,SIDER7,tr,1,1366,1012,94,0.09288537549407115,0,94,0,1012,1.0,0.0,0.9150090415913201,0.0,0.999103424172593,0.9903445883441258
11,sider,SIDER7,va,1,1366,112,11,0.09821428571428571,1,10,0,112,1.0,0.09090909090909091,0.9186991869918699,0.2888901626578367,0.9390377707382906,0.6290584415584417
11,sider,SIDER7,te,1,1366,123,14,0.11382113821138211,0,14,1,122,0.991869918699187,0.0,0.8905109489051095,-0.028929571962045784,0.917239873666923,0.6742160278745645
12,sider,SIDER7,tr,1,1366,1015,91,0.0896551724137931,1,90,0,1015,1.0,0.01098901098901099,0.918625678119349,0.1004687932632331,0.9992604771431045,0.9919179342824664
12,sider,SIDER7,va,1,1366,107,16,0.14953271028037382,0,16,0,107,1.0,0.0,0.8699186991869918,0.0,0.948845259093473,0.7686915887850467
12,sider,SIDER7,te,1,1366,125,12,0.096,0,12,0,125,1.0,0.0,0.9124087591240876,0.0,0.9617886546515754,0.7266666666666667
13,sider,SIDER7,tr,1,1366,1005,101,0.10049751243781095,0,101,0,1005,1.0,0.0,0.9086799276672695,0.0,0.9985924884922137,0.9859070981725039
13,sider,SIDER7,va,1,1366,115,8,0.06956521739130435,0,8,0,115,1.0,0.0,0.9349593495934959,0.0,0.9721174970279634,0.7184782608695652
13,sider,SIDER7,te,1,1366,127,10,0.07874015748031496,0,10,0,127,1.0,0.0,0.927007299270073,0.0,0.9375445675570658,0.6811023622047244
14,sider,SIDER7,tr,1,1366,1010,96,0.09504950495049505,1,95,0,1010,1.0,0.010416666666666666,0.9141048824593129,0.09757620682709077,0.998938114356543,0.9887685643564357
14,sider,SIDER7,va,1,1366,114,9,0.07894736842105263,1,8,0,114,1.0,0.1111111111111111,0.9349593495934959,0.3222190817006553,0.9406454534178141,0.5565302144249513
14,sider,SIDER7,te,1,1366,123,14,0.11382113821138211,0,14,0,123,1.0,0.0,0.8978102189781022,0.0,0.9677898436083485,0.7938443670150986
15,sider,SIDER7,tr,1,1366,1015,91,0.0896551724137931,2,89,0,1015,1.0,0.02197802197802198,0.9195298372513563,0.14214866524990655,0.9992225499039579,0.9913766036918746
15,sider,SIDER7,va,1,1366,110,13,0.11818181818181818,0,13,0,110,1.0,0.0,0.8943089430894309,0.0,0.9268666345529795,0.6671328671328671
15,sider,SIDER7,te,1,1366,122,15,0.12295081967213115,0,15,0,122,1.0,0.0,0.8905109489051095,0.0,0.9443438276181615,0.7398907103825136
1,sider,SIDER8,tr,1,1366,190,916,4.821052631578947,916,0,190,0,0.0,1.0,0.8282097649186256,0.0,0.9813238994004829,0.9941392783268215
1,sider,SIDER8,va,1,1366,24,99,4.125,99,0,24,0,0.0,1.0,0.8048780487804879,0.0,0.4722636032821847,0.7293771043771042
1,sider,SIDER8,te,1,1366,31,106,3.4193548387096775,106,0,31,0,0.0,1.0,0.7737226277372263,0.0,0.2564575904775263,0.5976871576384662
2,sider,SIDER8,tr,1,1366,201,905,4.502487562189055,905,0,201,0,0.0,1.0,0.8182640144665461,0.0,0.9738858329046801,0.9923064236826916
2,sider,SIDER8,va,1,1366,17,106,6.235294117647059,106,0,17,0,0.0,1.0,0.8617886178861789,0.0,0.2839435672485251,0.6936736958934517
2,sider,SIDER8,te,1,1366,27,110,4.074074074074074,110,0,27,0,0.0,1.0,0.8029197080291971,0.0,0.31043299394675367,0.5983164983164984
3,sider,SIDER8,tr,1,1366,194,912,4.701030927835052,912,0,194,0,0.0,1.0,0.8245931283905967,0.0,0.9787725255892965,0.9935397449810092
3,sider,SIDER8,va,1,1366,27,96,3.5555555555555554,96,0,27,0,0.0,1.0,0.7804878048780488,0.0,0.4281122795883797,0.6971450617283951
3,sider,SIDER8,te,1,1366,24,113,4.708333333333333,113,0,24,0,0.0,1.0,0.8248175182481752,0.0,0.31125506547354187,0.7238200589970502
4,sider,SIDER8,tr,1,1366,205,901,4.3951219512195125,901,0,205,0,0.0,1.0,0.8146473779385172,0.0,0.9545687829873282,0.9917138139194932
4,sider,SIDER8,va,1,1366,19,104,5.473684210526316,104,0,19,0,0.0,1.0,0.8455284552845529,0.0,0.19045321009084068,0.5652834008097166
4,sider,SIDER8,te,1,1366,21,116,5.523809523809524,116,0,21,0,0.0,1.0,0.8467153284671532,0.0,0.3592142254791339,0.6588669950738916
5,sider,SIDER8,tr,1,1366,200,906,4.53,906,0,200,0,0.0,1.0,0.8191681735985533,0.0,0.9792231902301467,0.9937141280353201
5,sider,SIDER8,va,1,1366,28,95,3.392857142857143,95,0,28,0,0.0,1.0,0.7723577235772358,0.0,0.45856165420809847,0.718796992481203
5,sider,SIDER8,te,1,1366,17,120,7.0588235294117645,120,0,17,0,0.0,1.0,0.8759124087591241,0.0,0.26611100631055734,0.6651960784313725
6,sider,SIDER8,tr,1,1366,198,908,4.585858585858586,908,0,198,0,0.0,1.0,0.8209764918625678,0.0,0.9531686912457856,0.9929248431451075
6,sider,SIDER8,va,1,1366,19,104,5.473684210526316,104,0,19,0,0.0,1.0,0.8455284552845529,0.0,0.2543890794769958,0.6260121457489879
6,sider,SIDER8,te,1,1366,28,109,3.892857142857143,109,0,28,0,0.0,1.0,0.7956204379562044,0.0,0.32332027905117033,0.6179554390563564
7,sider,SIDER8,tr,1,1366,194,912,4.701030927835052,912,0,194,0,0.0,1.0,0.8245931283905967,0.0,0.9850318453703107,0.9956253391209984
7,sider,SIDER8,va,1,1366,22,101,4.590909090909091,101,0,22,0,0.0,1.0,0.8211382113821138,0.0,0.36445823369759484,0.7106210621062107
7,sider,SIDER8,te,1,1366,29,108,3.7241379310344827,108,0,29,0,0.0,1.0,0.7883211678832117,0.0,0.2975132521013094,0.5983397190293742
8,sider,SIDER8,tr,1,1366,190,916,4.821052631578947,916,0,190,0,0.0,1.0,0.8282097649186256,0.0,0.983982566650223,0.9954263387726959
8,sider,SIDER8,va,1,1366,24,99,4.125,99,0,24,0,0.0,1.0,0.8048780487804879,0.0,0.433784463934959,0.6561447811447811
8,sider,SIDER8,te,1,1366,31,106,3.4193548387096775,106,0,31,0,0.0,1.0,0.7737226277372263,0.0,0.368794212477898,0.6296409007912356
9,sider,SIDER8,tr,1,1366,204,902,4.421568627450981,902,0,204,0,0.0,1.0,0.8155515370705244,0.0,0.96312241822246,0.9934622407721403
9,sider,SIDER8,va,1,1366,15,108,7.2,108,0,15,0,0.0,1.0,0.8780487804878049,0.0,0.2019715473796287,0.6666666666666666
9,sider,SIDER8,te,1,1366,26,111,4.269230769230769,111,0,26,0,0.0,1.0,0.8102189781021898,0.0,0.24221272443565123,0.5452182952182952
10,sider,SIDER8,tr,1,1366,204,902,4.421568627450981,902,0,204,0,0.0,1.0,0.8155515370705244,0.0,0.9779549980918791,0.9927312942915526
10,sider,SIDER8,va,1,1366,14,109,7.785714285714286,109,0,14,0,0.0,1.0,0.8861788617886179,0.0,0.3852355766675083,0.7096985583224115
10,sider,SIDER8,te,1,1366,27,110,4.074074074074074,110,0,27,0,0.0,1.0,0.8029197080291971,0.0,0.27140218993853416,0.6673400673400673
11,sider,SIDER8,tr,1,1366,202,904,4.475247524752476,904,0,200,2,0.009900990099009901,1.0,0.8191681735985533,0.09004072674283384,0.9615461567660095,0.9934586655568212
11,sider,SIDER8,va,1,1366,16,107,6.6875,107,0,15,1,0.0625,1.0,0.8780487804878049,0.23412725977657786,0.3632058323319721,0.6799065420560748
11,sider,SIDER8,te,1,1366,27,110,4.074074074074074,109,1,27,0,0.0,0.990909090909091,0.7956204379562044,-0.04248308880277603,0.24721733952028282,0.5791245791245792
12,sider,SIDER8,tr,1,1366,203,903,4.448275862068965,903,0,203,0,0.0,1.0,0.8164556962025317,0.0,0.9637006224392327,0.9941737721552133
12,sider,SIDER8,va,1,1366,20,103,5.15,103,0,20,0,0.0,1.0,0.8373983739837398,0.0,0.29095688276651305,0.699514563106796
12,sider,SIDER8,te,1,1366,22,115,5.2272727272727275,115,0,22,0,0.0,1.0,0.8394160583941606,0.0,0.18529548415004643,0.5893280632411068
13,sider,SIDER8,tr,1,1366,201,905,4.502487562189055,905,0,201,0,0.0,1.0,0.8182640144665461,0.0,0.9559515577621533,0.9922926802451828
13,sider,SIDER8,va,1,1366,22,101,4.590909090909091,101,0,22,0,0.0,1.0,0.8211382113821138,0.0,0.2133382358173613,0.5454545454545454
13,sider,SIDER8,te,1,1366,22,115,5.2272727272727275,115,0,22,0,0.0,1.0,0.8394160583941606,0.0,0.3932842479150835,0.7217391304347827
14,sider,SIDER8,tr,1,1366,211,895,4.241706161137441,895,0,211,0,0.0,1.0,0.8092224231464737,0.0,0.9600609945717521,0.9932378405570705
14,sider,SIDER8,va,1,1366,17,106,6.235294117647059,106,0,17,0,0.0,1.0,0.8617886178861789,0.0,0.22077922479166445,0.5843507214206438
14,sider,SIDER8,te,1,1366,17,120,7.0588235294117645,120,0,17,0,0.0,1.0,0.8759124087591241,0.0,0.16350626772452959,0.6362745098039215
15,sider,SIDER8,tr,1,1366,191,915,4.790575916230367,915,0,191,0,0.0,1.0,0.8273056057866185,0.0,0.9857797503666476,0.9963179126255257
15,sider,SIDER8,va,1,1366,22,101,4.590909090909091,101,0,22,0,0.0,1.0,0.8211382113821138,0.0,0.23960948754369266,0.5513051305130513
15,sider,SIDER8,te,1,1366,32,105,3.28125,105,0,32,0,0.0,1.0,0.7664233576642335,0.0,0.3458821349721106,0.6544642857142857
1,sider,SIDER9,tr,1,1366,792,314,0.39646464646464646,2,312,0,792,1.0,0.006369426751592357,0.7179023508137432,0.06759712542166847,0.9976688534276763,0.9941975487357653
1,sider,SIDER9,va,1,1366,91,32,0.3516483516483517,0,32,0,91,1.0,0.0,0.7398373983739838,0.0,0.8237168406755276,0.6383928571428572
1,sider,SIDER9,te,1,1366,104,33,0.3173076923076923,0,33,0,104,1.0,0.0,0.7591240875912408,0.0,0.8792656295479082,0.6818181818181819
2,sider,SIDER9,tr,1,1366,806,300,0.37220843672456577,0,300,0,806,1.0,0.0,0.72875226039783,0.0,0.9977727479924228,0.9936414392059552
2,sider,SIDER9,va,1,1366,86,37,0.43023255813953487,0,37,0,86,1.0,0.0,0.6991869918699187,0.0,0.8160923037226072,0.6744186046511627
2,sider,SIDER9,te,1,1366,95,42,0.4421052631578947,0,42,0,95,1.0,0.0,0.6934306569343066,0.0,0.7636747261965656,0.5854636591478697
3,sider,SIDER9,tr,1,1366,794,312,0.3929471032745592,3,309,0,794,1.0,0.009615384615384616,0.720614828209765,0.08319664732230048,0.997487002929526,0.9931497448814828
3,sider,SIDER9,va,1,1366,87,36,0.41379310344827586,0,36,2,85,0.9770114942528736,0.0,0.6910569105691057,-0.08270160475406164,0.7596967517080954,0.5408684546615581
3,sider,SIDER9,te,1,1366,106,31,0.29245283018867924,1,30,0,106,1.0,0.03225806451612903,0.781021897810219,0.158563283866448,0.8506421928552484,0.6384662203286671
4,sider,SIDER9,tr,1,1366,810,296,0.3654320987654321,1,295,0,810,1.0,0.0033783783783783786,0.7332730560578662,0.04976402675438654,0.9982411304841613,0.9948698698698699
4,sider,SIDER9,va,1,1366,81,42,0.5185185185185185,0,42,0,81,1.0,0.0,0.6585365853658537,0.0,0.792151457169662,0.6581422692533804
4,sider,SIDER9,te,1,1366,96,41,0.4270833333333333,1,40,0,96,1.0,0.024390243902439025,0.708029197080292,0.1312122050522074,0.7719279387437562,0.5947662601626016
5,sider,SIDER9,tr,1,1366,802,304,0.3790523690773067,0,304,0,802,1.0,0.0,0.7251356238698011,0.0,0.9985745792799626,0.9961096436540229
5,sider,SIDER9,va,1,1366,84,39,0.4642857142857143,0,39,0,84,1.0,0.0,0.6829268292682927,0.0,0.7674477675774192,0.6135531135531135
5,sider,SIDER9,te,1,1366,101,36,0.3564356435643564,0,36,0,101,1.0,0.0,0.7372262773722628,0.0,0.8199875840338884,0.6133113311331133
6,sider,SIDER9,tr,1,1366,808,298,0.3688118811881188,0,298,0,808,1.0,0.0,0.7305605786618445,0.0,0.9981408701926113,0.994789936208386
6,sider,SIDER9,va,1,1366,85,38,0.4470588235294118,0,38,0,85,1.0,0.0,0.6910569105691057,0.0,0.7925734965173292,0.6120743034055728
6,sider,SIDER9,te,1,1366,94,43,0.4574468085106383,0,43,0,94,1.0,0.0,0.6861313868613139,0.0,0.7903892744370249,0.5875804057397328
7,sider,SIDER9,tr,1,1366,797,309,0.3877038895859473,2,307,0,797,1.0,0.006472491909385114,0.7224231464737794,0.06835658882147289,0.9979883886763181,0.9942441924206065
7,sider,SIDER9,va,1,1366,91,32,0.3516483516483517,0,32,0,91,1.0,0.0,0.7398373983739838,0.0,0.8551713049228581,0.6785714285714286
7,sider,SIDER9,te,1,1366,99,38,0.3838383838383838,0,38,0,99,1.0,0.0,0.7226277372262774,0.0,0.7839593874074653,0.5935672514619883
8,sider,SIDER9,tr,1,1366,789,317,0.4017743979721166,246,71,2,787,0.9974651457541192,0.7760252365930599,0.933996383363472,0.8385975058345265,0.9972979288482651,0.9931071155837562
8,sider,SIDER9,va,1,1366,95,28,0.29473684210526313,1,27,3,92,0.968421052631579,0.03571428571428571,0.7560975609756098,0.009775711820942522,0.8475420040029589,0.6293233082706767
8,sider,SIDER9,te,1,1366,103,34,0.3300970873786408,0,34,1,102,0.9902912621359223,0.0,0.7445255474452555,-0.04926646390821414,0.8036745857806066,0.5868075385494004
9,sider,SIDER9,tr,1,1366,798,308,0.38596491228070173,1,307,0,798,1.0,0.003246753246753247,0.7224231464737794,0.04842224808308668,0.9977954505120059,0.9942998730592716
9,sider,SIDER9,va,1,1366,88,35,0.3977272727272727,0,35,0,88,1.0,0.0,0.7154471544715447,0.0,0.8640791884315765,0.6938311688311687
9,sider,SIDER9,te,1,1366,101,36,0.3564356435643564,0,36,0,101,1.0,0.0,0.7372262773722628,0.0,0.8254568176999584,0.6333883388338833
10,sider,SIDER9,tr,1,1366,799,307,0.38423028785982477,2,305,0,799,1.0,0.006514657980456026,0.7242314647377939,0.06866487962698789,0.9975954919626355,0.9932815041603307
10,sider,SIDER9,va,1,1366,91,32,0.3516483516483517,1,31,0,91,1.0,0.03125,0.7479674796747967,0.15267424874387803,0.7980417649737276,0.5927197802197802
10,sider,SIDER9,te,1,1366,97,40,0.41237113402061853,2,38,0,97,1.0,0.05,0.7226277372262774,0.18954135676924333,0.7859656023178001,0.6479381443298968
11,sider,SIDER9,tr,1,1366,808,298,0.3688118811881188,1,297,0,808,1.0,0.003355704697986577,0.7314647377938517,0.04953548383988718,0.9976225948553665,0.9930269453119807
11,sider,SIDER9,va,1,1366,78,45,0.5769230769230769,1,44,0,78,1.0,0.022222222222222223,0.6422764227642277,0.11919584838921074,0.6677745837534698,0.5886039886039887
11,sider,SIDER9,te,1,1366,101,36,0.3564356435643564,0,36,0,101,1.0,0.0,0.7372262773722628,0.0,0.8186422420700392,0.6014851485148516
12,sider,SIDER9,tr,1,1366,800,306,0.3825,1,305,0,800,1.0,0.0032679738562091504,0.7242314647377939,0.04864107238792489,0.9978902374673833,0.9936111111111111
12,sider,SIDER9,va,1,1366,90,33,0.36666666666666664,0,33,0,90,1.0,0.0,0.7317073170731707,0.0,0.8200922537548501,0.6141414141414142
12,sider,SIDER9,te,1,1366,97,40,0.41237113402061853,1,39,0,97,1.0,0.025,0.7153284671532847,0.13353232699590328,0.7601203932735553,0.5780927835051547
13,sider,SIDER9,tr,1,1366,789,317,0.4017743979721166,268,49,6,783,0.9923954372623575,0.8454258675078864,0.9502712477396021,0.8775716560910862,0.9972758572843663,0.9931051164873478
13,sider,SIDER9,va,1,1366,91,32,0.3516483516483517,4,28,4,87,0.9560439560439561,0.125,0.7398373983739838,0.1441857709706684,0.8211223144845625,0.5989010989010989
13,sider,SIDER9,te,1,1366,107,30,0.2803738317757009,1,29,2,105,0.9813084112149533,0.03333333333333333,0.7737226277372263,0.041374457768597224,0.8023018894221968,0.5146417445482866
14,sider,SIDER9,tr,1,1366,808,298,0.3688118811881188,0,298,0,808,1.0,0.0,0.7305605786618445,0.0,0.9984081357681949,0.9952488537444348
14,sider,SIDER9,va,1,1366,88,35,0.3977272727272727,0,35,0,88,1.0,0.0,0.7154471544715447,0.0,0.8052242194253995,0.6435064935064935
14,sider,SIDER9,te,1,1366,91,46,0.5054945054945055,0,46,0,91,1.0,0.0,0.6642335766423357,0.0,0.7667080374291326,0.5943621595795509
15,sider,SIDER9,tr,1,1366,793,313,0.39470365699873894,2,311,0,793,1.0,0.006389776357827476,0.7188065099457505,0.06774775152532063,0.9972341275151178,0.9924720699088269
15,sider,SIDER9,va,1,1366,90,33,0.36666666666666664,0,33,0,90,1.0,0.0,0.7317073170731707,0.0,0.8207363207125276,0.5865319865319865
15,sider,SIDER9,te,1,1366,104,33,0.3173076923076923,1,32,0,104,1.0,0.030303030303030304,0.7664233576642335,0.15222649416526088,0.8365759549446681,0.6185897435897436
1,sider,SIDER10,tr,1,1366,559,547,0.9785330948121646,535,12,13,546,0.9767441860465116,0.9780621572212066,0.9773960216998192,0.9547891694387525,0.9980769597236022,0.997864428841003
1,sider,SIDER10,va,1,1366,64,59,0.921875,42,17,20,44,0.6875,0.711864406779661,0.6991869918699187,0.3990474927711889,0.768343549303679,0.7721133474576272
1,sider,SIDER10,te,1,1366,85,52,0.611764705882353,32,20,27,58,0.6823529411764706,0.6153846153846154,0.656934306569343,0.29179070104977595,0.8108330818648135,0.7271493212669684
2,sider,SIDER10,tr,1,1366,574,532,0.926829268292683,518,14,16,558,0.9721254355400697,0.9736842105263158,0.972875226039783,0.9456857792761603,0.9961756691516124,0.9962749862461031
2,sider,SIDER10,va,1,1366,64,59,0.921875,39,20,17,47,0.734375,0.6610169491525424,0.6991869918699187,0.39665451314014033,0.8039325663331447,0.790916313559322
2,sider,SIDER10,te,1,1366,70,67,0.9571428571428572,34,33,22,48,0.6857142857142857,0.5074626865671642,0.5985401459854015,0.19642884064507402,0.7188780668016523,0.6771855010660982
3,sider,SIDER10,tr,1,1366,576,530,0.9201388888888888,523,7,12,564,0.9791666666666666,0.9867924528301887,0.9828209764918626,0.9656349548865708,0.9985358434664595,0.998262251048218
3,sider,SIDER10,va,1,1366,61,62,1.0163934426229508,45,17,24,37,0.6065573770491803,0.7258064516129032,0.6666666666666666,0.3348521487481698,0.6793230594478024,0.6931517715494447
3,sider,SIDER10,te,1,1366,71,66,0.9295774647887324,39,27,24,47,0.6619718309859155,0.5909090909090909,0.6277372262773723,0.25353100245837124,0.7359988701129209,0.7008109261630389
4,sider,SIDER10,tr,1,1366,580,526,0.906896551724138,517,9,12,568,0.9793103448275862,0.9828897338403042,0.9810126582278481,0.9619588939582109,0.9981566907992818,0.997730103579389
4,sider,SIDER10,va,1,1366,61,62,1.0163934426229508,43,19,18,43,0.7049180327868853,0.6935483870967742,0.6991869918699187,0.3984664198836593,0.7172668108019773,0.7652035959809624
4,sider,SIDER10,te,1,1366,67,70,1.044776119402985,37,33,17,50,0.746268656716418,0.5285714285714286,0.635036496350365,0.2811451331339036,0.7401372985748532,0.7349680170575694
5,sider,SIDER10,tr,1,1366,567,539,0.9506172839506173,530,9,15,552,0.9735449735449735,0.9833024118738405,0.9783001808318263,0.9566408121466704,0.9981122043236238,0.9978224093870353
5,sider,SIDER10,va,1,1366,64,59,0.921875,41,18,18,46,0.71875,0.6949152542372882,0.7073170731707317,0.413665254237288,0.70088146258823,0.731594279661017
5,sider,SIDER10,te,1,1366,77,60,0.7792207792207793,30,30,26,51,0.6623376623376623,0.5,0.5912408759124088,0.1638338936199941,0.7233677986946246,0.6705627705627706
6,sider,SIDER10,tr,1,1366,578,528,0.9134948096885813,515,13,14,564,0.9757785467128027,0.9753787878787878,0.9755877034358047,0.9510809854091218,0.9978830963331258,0.9976260223340674
6,sider,SIDER10,va,1,1366,60,63,1.05,42,21,16,44,0.7333333333333333,0.6666666666666666,0.6991869918699187,0.4005301526514874,0.7282425849898367,0.7444444444444445
6,sider,SIDER10,te,1,1366,70,67,0.9571428571428572,38,29,20,50,0.7142857142857143,0.5671641791044776,0.6423357664233577,0.28474753123058805,0.6766716914346529,0.673773987206823
7,sider,SIDER10,tr,1,1366,567,539,0.9506172839506173,531,8,19,548,0.9664902998236331,0.9851576994434137,0.9755877034358047,0.9513569832598189,0.9968023284438686,0.9968702247613812
7,sider,SIDER10,va,1,1366,68,55,0.8088235294117647,34,21,21,47,0.6911764705882353,0.6181818181818182,0.6585365853658537,0.30935828877005334,0.7392089686455794,0.7256684491978609
7,sider,SIDER10,te,1,1366,73,64,0.8767123287671232,39,25,22,51,0.6986301369863014,0.609375,0.656934306569343,0.3091987028074225,0.7161066033355742,0.6979880136986301
8,sider,SIDER10,tr,1,1366,554,552,0.9963898916967509,542,10,17,537,0.9693140794223827,0.9818840579710145,0.9755877034358047,0.9512525748064148,0.9954059440626459,0.9968329801705645
8,sider,SIDER10,va,1,1366,65,58,0.8923076923076924,34,24,19,46,0.7076923076923077,0.5862068965517241,0.6504065040650406,0.29626621592995045,0.7109840482170107,0.7045092838196287
8,sider,SIDER10,te,1,1366,89,48,0.5393258426966292,25,23,21,68,0.7640449438202247,0.5208333333333334,0.6788321167883211,0.2877897647745684,0.7515051520931473,0.6908941947565542
9,sider,SIDER10,tr,1,1366,566,540,0.9540636042402827,528,12,14,552,0.9752650176678446,0.9777777777777777,0.976491862567812,0.9529679677616499,0.9983462609478789,0.9982479387514724
9,sider,SIDER10,va,1,1366,67,56,0.835820895522388,36,20,23,44,0.6567164179104478,0.6428571428571429,0.6504065040650406,0.2986200085529255,0.7097716728215543,0.7052238805970149
9,sider,SIDER10,te,1,1366,75,62,0.8266666666666667,32,30,27,48,0.64,0.5161290322580645,0.583941605839416,0.1569411523392015,0.6820524029241505,0.6431182795698924
10,sider,SIDER10,tr,1,1366,571,535,0.9369527145359019,521,14,14,557,0.9754816112084063,0.9738317757009346,0.9746835443037974,0.9493133869093409,0.9975952650551024,0.9972028086485425
10,sider,SIDER10,va,1,1366,59,64,1.0847457627118644,45,19,17,42,0.711864406779661,0.703125,0.7073170731707317,0.414660093615685,0.7429383179148216,0.7788665254237288
10,sider,SIDER10,te,1,1366,78,59,0.7564102564102564,38,21,24,54,0.6923076923076923,0.6440677966101694,0.6715328467153284,0.33463485374804947,0.7781186731003978,0.7203389830508474
11,sider,SIDER10,tr,1,1366,572,534,0.9335664335664335,523,11,14,558,0.9755244755244755,0.9794007490636704,0.9773960216998192,0.9547611356019574,0.9977753954317947,0.9973825331971399
11,sider,SIDER10,va,1,1366,60,63,1.05,40,23,27,33,0.55,0.6349206349206349,0.5934959349593496,0.18560935475302606,0.6123886101078931,0.6497354497354497
11,sider,SIDER10,te,1,1366,76,61,0.8026315789473685,35,26,28,48,0.631578947368421,0.5737704918032787,0.6058394160583942,0.20477602108117193,0.7425379840164318,0.6625323554788611
12,sider,SIDER10,tr,1,1366,577,529,0.9168110918544194,515,14,13,564,0.9774696707105719,0.9735349716446124,0.9755877034358047,0.9510809854091218,0.9986733067760509,0.9984683831695786
12,sider,SIDER10,va,1,1366,64,59,0.921875,41,18,18,46,0.71875,0.6949152542372882,0.7073170731707317,0.413665254237288,0.6726325982994814,0.689353813559322
12,sider,SIDER10,te,1,1366,67,70,1.044776119402985,37,33,21,46,0.6865671641791045,0.5285714285714286,0.6058394160583942,0.21765928713004795,0.6199282813569283,0.6321961620469084
13,sider,SIDER10,tr,1,1366,573,533,0.9301919720767888,521,12,14,559,0.9755671902268761,0.9774859287054409,0.976491862567812,0.952934559031511,0.998110118246183,0.9977882118732585
13,sider,SIDER10,va,1,1366,64,59,0.921875,37,22,21,43,0.671875,0.6271186440677966,0.6504065040650406,0.2992314754542561,0.6580119100451318,0.6886917372881357
13,sider,SIDER10,te,1,1366,71,66,0.9295774647887324,45,21,19,52,0.7323943661971831,0.6818181818181818,0.708029197080292,0.4148326933387952,0.7718355936876474,0.7567221510883483
14,sider,SIDER10,tr,1,1366,577,529,0.9168110918544194,519,10,14,563,0.975736568457539,0.9810964083175804,0.9783001808318263,0.9565572369106796,0.9984211253223052,0.9981489550605603
14,sider,SIDER10,va,1,1366,63,60,0.9523809523809523,35,25,20,43,0.6825396825396826,0.5833333333333334,0.6341463414634146,0.2672910153478102,0.7451043366140744,0.723015873015873
14,sider,SIDER10,te,1,1366,68,69,1.0147058823529411,36,33,19,49,0.7205882352941176,0.5217391304347826,0.6204379562043796,0.2471685398727539,0.7102757023874782,0.7112105711849956
15,sider,SIDER10,tr,1,1366,575,531,0.9234782608695652,524,7,11,564,0.9808695652173913,0.9868173258003766,0.9837251356238698,0.9674334412883265,0.9975274778093213,0.9973978547449439
15,sider,SIDER10,va,1,1366,60,63,1.05,36,27,26,34,0.5666666666666667,0.5714285714285714,0.5691056910569106,0.1380587194543522,0.6280955350543027,0.625925925925926
15,sider,SIDER10,te,1,1366,73,64,0.8767123287671232,43,21,19,54,0.7397260273972602,0.671875,0.708029197080292,0.4125735582990166,0.8081160167215863,0.7778253424657535
1,sider,SIDER11,tr,1,1366,283,823,2.908127208480565,821,2,2,281,0.9929328621908127,0.9975698663426489,0.9963833634719711,0.9905027285334616,0.9967949497920947,0.9991992580793357
1,sider,SIDER11,va,1,1366,33,90,2.727272727272727,87,3,26,7,0.21212121212121213,0.9666666666666667,0.7642276422764228,0.2898525161079801,0.561473648085719,0.7784511784511784
1,sider,SIDER11,te,1,1366,42,95,2.261904761904762,93,2,38,4,0.09523809523809523,0.9789473684210527,0.708029197080292,0.16714523115877167,0.6020794480116133,0.7523809523809524
2,sider,SIDER11,tr,1,1366,289,817,2.8269896193771626,814,3,2,287,0.9930795847750865,0.996328029375765,0.9954792043399638,0.9883052890214876,0.9947708842289795,0.9989348320507553
2,sider,SIDER11,va,1,1366,30,93,3.1,92,1,25,5,0.16666666666666666,0.989247311827957,0.7886178861788617,0.3108269015744849,0.5821563108708819,0.7358422939068101
2,sider,SIDER11,te,1,1366,39,98,2.5128205128205128,92,6,29,10,0.2564102564102564,0.9387755102040817,0.7445255474452555,0.27424632060774934,0.513355726287696,0.7119309262166406
3,sider,SIDER11,tr,1,1366,292,814,2.787671232876712,811,3,1,291,0.9965753424657534,0.9963144963144963,0.9963833634719711,0.9907247544478185,0.9996141707578867,0.9998464373464374
3,sider,SIDER11,va,1,1366,31,92,2.967741935483871,89,3,26,5,0.16129032258064516,0.967391304347826,0.7642276422764228,0.22656738387899172,0.39827506881110036,0.7124824684431976
3,sider,SIDER11,te,1,1366,35,102,2.914285714285714,99,3,27,8,0.22857142857142856,0.9705882352941176,0.781021897810219,0.3196346681351757,0.5027160905210778,0.7131652661064426
4,sider,SIDER11,tr,1,1366,294,812,2.761904761904762,808,4,1,293,0.9965986394557823,0.9950738916256158,0.9954792043399638,0.9884790699188765,0.9918330291741768,0.9987286786635837
4,sider,SIDER11,va,1,1366,27,96,3.5555555555555554,94,2,24,3,0.1111111111111111,0.9791666666666666,0.7886178861788617,0.18922231566536352,0.3742471661409089,0.6959876543209876
4,sider,SIDER11,te,1,1366,37,100,2.7027027027027026,97,3,27,10,0.2702702702702703,0.97,0.781021897810219,0.36401424578634717,0.6665698154870199,0.8216216216216217
5,sider,SIDER11,tr,1,1366,286,820,2.867132867132867,818,2,0,286,1.0,0.9975609756097561,0.9981916817359855,0.9953057162674633,1.0,1.0
5,sider,SIDER11,va,1,1366,37,86,2.324324324324324,82,4,32,5,0.13513513513513514,0.9534883720930233,0.7073170731707317,0.15607212382305802,0.5920022988396609,0.8086109365179133
5,sider,SIDER11,te,1,1366,35,102,2.914285714285714,97,5,30,5,0.14285714285714285,0.9509803921568627,0.7445255474452555,0.15732902037863403,0.4625181672302785,0.6677871148459383
6,sider,SIDER11,tr,1,1366,292,814,2.787671232876712,808,6,1,291,0.9965753424657534,0.9926289926289926,0.9936708860759493,0.9838687207377304,0.9941903664506335,0.9988661606812291
6,sider,SIDER11,va,1,1366,27,96,3.5555555555555554,92,4,23,4,0.14814814814814814,0.9583333333333334,0.7804878048780488,0.17873008824605977,0.41547569295543446,0.7253086419753086
6,sider,SIDER11,te,1,1366,39,98,2.5128205128205128,93,5,31,8,0.20512820512820512,0.9489795918367347,0.7372262773722628,0.23729437018565117,0.5797395058533468,0.7446363160648874
7,sider,SIDER11,tr,1,1366,287,819,2.8536585365853657,815,4,1,286,0.9965156794425087,0.9951159951159951,0.9954792043399638,0.9883009467735215,0.9948363345061685,0.9990300059986471
7,sider,SIDER11,va,1,1366,35,88,2.5142857142857142,83,5,26,9,0.2571428571428571,0.9431818181818182,0.7479674796747967,0.28459845557270197,0.49018862697400595,0.7006493506493505
7,sider,SIDER11,te,1,1366,36,101,2.8055555555555554,97,4,32,4,0.1111111111111111,0.9603960396039604,0.7372262773722628,0.13422133745502482,0.4498831013929463,0.6644664466446644
8,sider,SIDER11,tr,1,1366,292,814,2.787671232876712,812,2,1,291,0.9965753424657534,0.9975429975429976,0.9972875226039783,0.9930305994811938,0.9931145278595452,0.998838813907307
8,sider,SIDER11,va,1,1366,30,93,3.1,90,3,24,6,0.2,0.967741935483871,0.7804878048780488,0.2766113976473712,0.46229957619898376,0.6681003584229391
8,sider,SIDER11,te,1,1366,36,101,2.8055555555555554,93,8,25,11,0.3055555555555556,0.9207920792079208,0.7591240875912408,0.28825051626927023,0.5452815419915866,0.6933443344334433
9,sider,SIDER11,tr,1,1366,300,806,2.6866666666666665,801,5,1,299,0.9966666666666667,0.9937965260545906,0.9945750452079566,0.9863760379140185,0.9876609595809687,0.9986910669975186
9,sider,SIDER11,va,1,1366,15,108,7.2,104,4,14,1,0.06666666666666667,0.9629629629629629,0.8536585365853658,0.04909731295457699,0.20648243460570548,0.5981481481481481
9,sider,SIDER11,te,1,1366,43,94,2.186046511627907,90,4,31,12,0.27906976744186046,0.9574468085106383,0.7445255474452555,0.34174884951062073,0.5950781802865146,0.7299604156358238
10,sider,SIDER11,tr,1,1366,284,822,2.8943661971830985,819,3,1,283,0.9964788732394366,0.9963503649635036,0.9963833634719711,0.9905575087448764,0.9921564474017783,0.9988262910798121
10,sider,SIDER11,va,1,1366,33,90,2.727272727272727,84,6,25,8,0.24242424242424243,0.9333333333333333,0.7479674796747967,0.24519692054815934,0.5143700991582113,0.7343434343434344
10,sider,SIDER11,te,1,1366,41,96,2.341463414634146,92,4,29,12,0.2926829268292683,0.9583333333333334,0.7591240875912408,0.3579123821060101,0.6415804368283443,0.724339430894309
11,sider,SIDER11,tr,1,1366,289,817,2.8269896193771626,814,3,3,286,0.9896193771626297,0.996328029375765,0.9945750452079566,0.9859474065383947,0.9937752748835371,0.9988458915858084
11,sider,SIDER11,va,1,1366,27,96,3.5555555555555554,94,2,22,5,0.18518518518518517,0.9791666666666666,0.8048780487804879,0.2936392362997328,0.47013377494241926,0.6994598765432098
11,sider,SIDER11,te,1,1366,42,95,2.261904761904762,92,3,34,8,0.19047619047619047,0.968421052631579,0.7299270072992701,0.26960081137976466,0.6020505682832888,0.7330827067669173
12,sider,SIDER11,tr,1,1366,291,815,2.8006872852233675,811,4,2,289,0.993127147766323,0.9950920245398773,0.9945750452079566,0.9860512573446619,0.9998211412772178,0.9999346446566737
12,sider,SIDER11,va,1,1366,32,91,2.84375,88,3,28,4,0.125,0.967032967032967,0.7479674796747967,0.17428543474592248,0.48703533458555404,0.7709478021978022
12,sider,SIDER11,te,1,1366,35,102,2.914285714285714,97,5,27,8,0.22857142857142856,0.9509803921568627,0.7664233576642335,0.2672030448469022,0.47780446641601493,0.7159663865546219
13,sider,SIDER11,tr,1,1366,289,817,2.8269896193771626,815,2,2,287,0.9930795847750865,0.9975520195838433,0.9963833634719711,0.9906316043589298,0.9995543674868266,0.9998284719604597
13,sider,SIDER11,va,1,1366,37,86,2.324324324324324,85,1,28,9,0.24324324324324326,0.9883720930232558,0.7642276422764228,0.3886674566818633,0.6641329118287336,0.7639849151477058
13,sider,SIDER11,te,1,1366,32,105,3.28125,99,6,21,11,0.34375,0.9428571428571428,0.8029197080291971,0.36782527193256953,0.4338307905673194,0.7205357142857143
14,sider,SIDER11,tr,1,1366,295,811,2.7491525423728813,809,2,0,295,1.0,0.9975339087546239,0.9981916817359855,0.9953976635976549,0.9994274612926303,0.9998077284791741
14,sider,SIDER11,va,1,1366,30,93,3.1,89,4,26,4,0.13333333333333333,0.956989247311828,0.7560975609756098,0.15729123611735873,0.4545991322418566,0.7297491039426524
14,sider,SIDER11,te,1,1366,33,104,3.1515151515151514,97,7,24,9,0.2727272727272727,0.9326923076923077,0.7737226277372263,0.2735034449484303,0.4711901048632625,0.6676864801864802
15,sider,SIDER11,tr,1,1366,286,820,2.867132867132867,818,2,2,284,0.993006993006993,0.9975609756097561,0.9963833634719711,0.9905679686167491,0.9993191414541884,0.9997761384956507
15,sider,SIDER11,va,1,1366,35,88,2.5142857142857142,85,3,30,5,0.14285714285714285,0.9659090909090909,0.7317073170731707,0.1990102911684856,0.5082759681345987,0.6970779220779221
15,sider,SIDER11,te,1,1366,37,100,2.7027027027027026,98,2,31,6,0.16216216216216217,0.98,0.7591240875912408,0.26918139128125035,0.486888583114235,0.7527027027027028
1,sider,SIDER12,tr,1,1366,995,111,0.11155778894472362,0,111,0,995,1.0,0.0,0.8996383363471971,0.0,0.9999551073691209,0.9995789759608855
1,sider,SIDER12,va,1,1366,114,9,0.07894736842105263,0,9,0,114,1.0,0.0,0.926829268292683,0.0,0.9479402359833733,0.5799220272904484
1,sider,SIDER12,te,1,1366,129,8,0.06201550387596899,0,8,0,129,1.0,0.0,0.9416058394160584,0.0,0.959352570009591,0.6191860465116279
2,sider,SIDER12,tr,1,1366,1006,100,0.09940357852882704,0,100,0,1006,1.0,0.0,0.9095840867992767,0.0,0.9999887601436844,0.9998856858846918
2,sider,SIDER12,va,1,1366,112,11,0.09821428571428571,0,11,0,112,1.0,0.0,0.9105691056910569,0.0,0.919518294800056,0.5340909090909091
2,sider,SIDER12,te,1,1366,120,17,0.14166666666666666,0,17,0,120,1.0,0.0,0.8759124087591241,0.0,0.9356230346596759,0.6735294117647058
3,sider,SIDER12,tr,1,1366,1000,106,0.106,0,106,0,1000,1.0,0.0,0.9041591320072333,0.0,1.0,1.0
3,sider,SIDER12,va,1,1366,112,11,0.09821428571428571,0,11,0,112,1.0,0.0,0.9105691056910569,0.0,0.9488268610522299,0.6822240259740259
3,sider,SIDER12,te,1,1366,126,11,0.0873015873015873,0,11,0,126,1.0,0.0,0.9197080291970803,0.0,0.9160667490083692,0.5598845598845599
4,sider,SIDER12,tr,1,1366,1005,101,0.10049751243781095,0,101,0,1005,1.0,0.0,0.9086799276672695,0.0,0.9999227922717766,0.9991675286931678
4,sider,SIDER12,va,1,1366,108,15,0.1388888888888889,0,15,0,108,1.0,0.0,0.8780487804878049,0.0,0.9201052279506714,0.6253086419753087
4,sider,SIDER12,te,1,1366,125,12,0.096,0,12,0,125,1.0,0.0,0.9124087591240876,0.0,0.940364997233238,0.5306666666666666
5,sider,SIDER12,tr,1,1366,1000,106,0.106,0,106,0,1000,1.0,0.0,0.9041591320072333,0.0,0.999975122403448,0.9997594339622641
5,sider,SIDER12,va,1,1366,112,11,0.09821428571428571,0,11,0,112,1.0,0.0,0.9105691056910569,0.0,0.9656343843818369,0.7142857142857142
5,sider,SIDER12,te,1,1366,126,11,0.0873015873015873,0,11,0,126,1.0,0.0,0.9197080291970803,0.0,0.9238636540249658,0.47330447330447334
6,sider,SIDER12,tr,1,1366,1011,95,0.09396636993076163,0,95,0,1011,1.0,0.0,0.9141048824593129,0.0,1.0,1.0
6,sider,SIDER12,va,1,1366,105,18,0.17142857142857143,0,18,0,105,1.0,0.0,0.8536585365853658,0.0,0.9321063209264897,0.6761904761904762
6,sider,SIDER12,te,1,1366,122,15,0.12295081967213115,0,15,0,122,1.0,0.0,0.8905109489051095,0.0,0.9229298030256173,0.6043715846994536
7,sider,SIDER12,tr,1,1366,998,108,0.10821643286573146,0,108,0,998,1.0,0.0,0.9023508137432188,0.0,1.0,1.0
7,sider,SIDER12,va,1,1366,113,10,0.08849557522123894,0,10,0,113,1.0,0.0,0.9186991869918699,0.0,0.951372187031686,0.6539823008849558
7,sider,SIDER12,te,1,1366,127,10,0.07874015748031496,0,10,0,127,1.0,0.0,0.927007299270073,0.0,0.931288331207874,0.5692913385826772
8,sider,SIDER12,tr,1,1366,995,111,0.11155778894472362,0,111,0,995,1.0,0.0,0.8996383363471971,0.0,1.0,1.0
8,sider,SIDER12,va,1,1366,115,8,0.06956521739130435,0,8,0,115,1.0,0.0,0.9349593495934959,0.0,0.9765613271712081,0.733695652173913
8,sider,SIDER12,te,1,1366,128,9,0.0703125,0,9,0,128,1.0,0.0,0.9343065693430657,0.0,0.9435165074642928,0.5629340277777778
9,sider,SIDER12,tr,1,1366,1009,97,0.09613478691774034,0,97,0,1009,1.0,0.0,0.9122965641952984,0.0,0.9999727624529265,0.9997088063102183
9,sider,SIDER12,va,1,1366,109,14,0.12844036697247707,0,14,0,109,1.0,0.0,0.8861788617886179,0.0,0.9225383243860064,0.5694626474442989
9,sider,SIDER12,te,1,1366,120,17,0.14166666666666666,0,17,0,120,1.0,0.0,0.8759124087591241,0.0,0.9272516491645214,0.6264705882352941
10,sider,SIDER12,tr,1,1366,996,110,0.11044176706827309,0,110,0,996,1.0,0.0,0.9005424954792043,0.0,0.9999451752146065,0.9994751734209566
10,sider,SIDER12,va,1,1366,115,8,0.06956521739130435,0,8,0,115,1.0,0.0,0.9349593495934959,0.0,0.9657406968352846,0.725
10,sider,SIDER12,te,1,1366,127,10,0.07874015748031496,0,10,0,127,1.0,0.0,0.927007299270073,0.0,0.9473785427070005,0.6133858267716535
11,sider,SIDER12,tr,1,1366,998,108,0.10821643286573146,0,108,0,998,1.0,0.0,0.9023508137432188,0.0,0.9999217477375546,0.9992160246418764
11,sider,SIDER12,va,1,1366,113,10,0.08849557522123894,0,10,0,113,1.0,0.0,0.9186991869918699,0.0,0.9082461704361411,0.42566371681415927
11,sider,SIDER12,te,1,1366,127,10,0.07874015748031496,0,10,0,127,1.0,0.0,0.927007299270073,0.0,0.9346152342196145,0.5795275590551181
12,sider,SIDER12,tr,1,1366,1003,103,0.10269192422731804,0,103,0,1003,1.0,0.0,0.906871609403255,0.0,0.9999530879135958,0.9995208549109952
12,sider,SIDER12,va,1,1366,110,13,0.11818181818181818,0,13,0,110,1.0,0.0,0.8943089430894309,0.0,0.967715681936167,0.7664335664335664
12,sider,SIDER12,te,1,1366,125,12,0.096,0,12,0,125,1.0,0.0,0.9124087591240876,0.0,0.9429311315339459,0.5813333333333333
13,sider,SIDER12,tr,1,1366,999,107,0.10710710710710711,0,107,0,999,1.0,0.0,0.903254972875226,0.0,0.9999383786155214,0.9993872377049947
13,sider,SIDER12,va,1,1366,115,8,0.06956521739130435,0,8,0,115,1.0,0.0,0.9349593495934959,0.0,0.9634990569907675,0.6793478260869565
13,sider,SIDER12,te,1,1366,124,13,0.10483870967741936,0,13,0,124,1.0,0.0,0.9051094890510949,0.0,0.9438449567731747,0.6699751861042184
14,sider,SIDER12,tr,1,1366,1004,102,0.10159362549800798,0,102,0,1004,1.0,0.0,0.9077757685352622,0.0,1.0,1.0
14,sider,SIDER12,va,1,1366,110,13,0.11818181818181818,0,13,0,110,1.0,0.0,0.8943089430894309,0.0,0.9407035160988333,0.6916083916083916
14,sider,SIDER12,te,1,1366,124,13,0.10483870967741936,0,13,0,124,1.0,0.0,0.9051094890510949,0.0,0.9003192018841872,0.40818858560794047
15,sider,SIDER12,tr,1,1366,1007,99,0.09831181727904667,0,99,0,1007,1.0,0.0,0.9104882459312839,0.0,0.9999307072283456,0.9992426750122877
15,sider,SIDER12,va,1,1366,105,18,0.17142857142857143,0,18,0,105,1.0,0.0,0.8536585365853658,0.0,0.8696541875482434,0.6010582010582011
15,sider,SIDER12,te,1,1366,126,11,0.0873015873015873,0,11,0,126,1.0,0.0,0.9197080291970803,0.0,0.9457070581153916,0.6616161616161617
1,sider,SIDER13,tr,1,1366,248,858,3.4596774193548385,857,1,233,15,0.06048387096774194,0.9988344988344988,0.7884267631103075,0.2071979485608806,0.8988917777151868,0.9698027107301301
1,sider,SIDER13,va,1,1366,29,94,3.2413793103448274,94,0,29,0,0.0,1.0,0.7642276422764228,0.0,0.37039653963388125,0.7226705796038152
1,sider,SIDER13,te,1,1366,38,99,2.6052631578947367,97,2,37,1,0.02631578947368421,0.9797979797979798,0.7153284671532847,0.018702747639700073,0.4567641619747504,0.6921850079744817
2,sider,SIDER13,tr,1,1366,264,842,3.1893939393939394,837,5,109,155,0.5871212121212122,0.994061757719715,0.8969258589511754,0.7043123918082704,0.8923224405430437,0.9638329554451882
2,sider,SIDER13,va,1,1366,22,101,4.590909090909091,101,0,18,4,0.18181818181818182,1.0,0.8536585365853658,0.3928310985185991,0.4648462177942457,0.694869486948695
2,sider,SIDER13,te,1,1366,29,108,3.7241379310344827,102,6,25,4,0.13793103448275862,0.9444444444444444,0.7737226277372263,0.12936207370311573,0.40514619870687363,0.6794380587484035
3,sider,SIDER13,tr,1,1366,262,844,3.2213740458015265,843,1,248,14,0.05343511450381679,0.9988151658767772,0.7748643761301989,0.19206688345144884,0.8998627061979296,0.9658727072103035
3,sider,SIDER13,va,1,1366,22,101,4.590909090909091,99,2,21,1,0.045454545454545456,0.9801980198019802,0.8130081300813008,0.06373112399461123,0.34877541662723527,0.7315481548154816
3,sider,SIDER13,te,1,1366,31,106,3.4193548387096775,105,1,29,2,0.06451612903225806,0.9905660377358491,0.781021897810219,0.1574823071877675,0.45770561911556784,0.7326536822884967
4,sider,SIDER13,tr,1,1366,252,854,3.388888888888889,853,1,247,5,0.01984126984126984,0.9988290398126464,0.7757685352622061,0.1066126550205017,0.8884904588611213,0.9660979145756663
4,sider,SIDER13,va,1,1366,36,87,2.4166666666666665,87,0,35,1,0.027777777777777776,1.0,0.7154471544715447,0.14074353686545749,0.47922570313640966,0.7040229885057472
4,sider,SIDER13,te,1,1366,27,110,4.074074074074074,110,0,26,1,0.037037037037037035,1.0,0.8102189781021898,0.17307925067797642,0.4684921794118998,0.665993265993266
5,sider,SIDER13,tr,1,1366,246,860,3.4959349593495936,860,0,244,2,0.008130081300813009,1.0,0.779385171790235,0.07958150228582082,0.9101516147637722,0.9670802609188883
5,sider,SIDER13,va,1,1366,37,86,2.324324324324324,86,0,36,1,0.02702702702702703,1.0,0.7073170731707317,0.13802839825184302,0.6100148174830409,0.7467001885606537
5,sider,SIDER13,te,1,1366,32,105,3.28125,105,0,31,1,0.03125,1.0,0.7737226277372263,0.15532816304615718,0.44101308742026224,0.6529761904761905
6,sider,SIDER13,tr,1,1366,253,853,3.3715415019762847,852,1,245,8,0.03162055335968379,0.9988276670574443,0.7775768535262206,0.14235480229250702,0.8878206632869277,0.9685810137668031
6,sider,SIDER13,va,1,1366,29,94,3.2413793103448274,94,0,27,2,0.06896551724137931,1.0,0.7804878048780488,0.2314660180811861,0.4398808365692901,0.7259721203228173
6,sider,SIDER13,te,1,1366,33,104,3.1515151515151514,104,0,30,3,0.09090909090909091,1.0,0.781021897810219,0.2656243764459109,0.49751806022660366,0.7022144522144522
7,sider,SIDER13,tr,1,1366,256,850,3.3203125,850,0,242,14,0.0546875,1.0,0.7811934900542495,0.2063204036792265,0.9118790477061506,0.9639797794117648
7,sider,SIDER13,va,1,1366,29,94,3.2413793103448274,91,3,26,3,0.10344827586206896,0.9680851063829787,0.7642276422764228,0.1409623494304688,0.41045304313983133,0.6870873074101247
7,sider,SIDER13,te,1,1366,30,107,3.566666666666667,106,1,28,2,0.06666666666666667,0.9906542056074766,0.7883211678832117,0.16197660062599764,0.4075697238779131,0.7194704049844236
8,sider,SIDER13,tr,1,1366,258,848,3.2868217054263567,845,3,99,159,0.6162790697674418,0.9964622641509434,0.9077757685352622,0.7328944828317767,0.90424677414601,0.9662795268392569
8,sider,SIDER13,va,1,1366,24,99,4.125,98,1,23,1,0.041666666666666664,0.98989898989899,0.8048780487804879,0.09890775906573654,0.35647479467986637,0.6430976430976431
8,sider,SIDER13,te,1,1366,33,104,3.1515151515151514,103,1,30,3,0.09090909090909091,0.9903846153846154,0.7737226277372263,0.20647845768655,0.40639421746036086,0.6755536130536131
9,sider,SIDER13,tr,1,1366,259,847,3.27027027027027,843,4,111,148,0.5714285714285714,0.9952774498229043,0.8960216998191681,0.6970331497597937,0.8762794819600639,0.9615654615654615
9,sider,SIDER13,va,1,1366,26,97,3.730769230769231,97,0,24,2,0.07692307692307693,1.0,0.8048780487804879,0.24832560705684698,0.3427225150338774,0.6229183187946075
9,sider,SIDER13,te,1,1366,30,107,3.566666666666667,105,2,27,3,0.1,0.9813084112149533,0.7883211678832117,0.17931475343272918,0.44222236338316934,0.7468847352024922
10,sider,SIDER13,tr,1,1366,262,844,3.2213740458015265,839,5,114,148,0.5648854961832062,0.9940758293838863,0.8924050632911392,0.6883534024370521,0.897108196228944,0.9666482761115733
10,sider,SIDER13,va,1,1366,25,98,3.92,94,4,19,6,0.24,0.9591836734693877,0.8130081300813008,0.293290204304136,0.43978156096058063,0.6816326530612244
10,sider,SIDER13,te,1,1366,28,109,3.892857142857143,106,3,26,2,0.07142857142857142,0.9724770642201835,0.7883211678832117,0.09441490618808421,0.3559345708366092,0.6795543905635649
11,sider,SIDER13,tr,1,1366,264,842,3.1893939393939394,841,1,253,11,0.041666666666666664,0.998812351543943,0.7703435804701627,0.16656689713211728,0.9010672418851136,0.9629894551212841
11,sider,SIDER13,va,1,1366,25,98,3.92,98,0,25,0,0.0,1.0,0.7967479674796748,0.0,0.5524569271537784,0.7828571428571429
11,sider,SIDER13,te,1,1366,26,111,4.269230769230769,109,2,26,0,0.0,0.9819819819819819,0.7956204379562044,-0.05890786707622414,0.24414152876988618,0.6427581427581428
12,sider,SIDER13,tr,1,1366,245,861,3.5142857142857142,860,1,234,11,0.044897959183673466,0.9988385598141696,0.7875226039783002,0.17531922748534684,0.9001896729132446,0.9660243191353196
12,sider,SIDER13,va,1,1366,32,91,2.84375,91,0,31,1,0.03125,1.0,0.7479674796747967,0.15267424874387803,0.47369801615530616,0.7057005494505495
12,sider,SIDER13,te,1,1366,38,99,2.6052631578947367,98,1,38,0,0.0,0.98989898989899,0.7153284671532847,-0.0531257099494691,0.47137209566994465,0.7320574162679426
13,sider,SIDER13,tr,1,1366,247,859,3.477732793522267,858,1,241,6,0.024291497975708502,0.9988358556461001,0.7811934900542495,0.1214571631607805,0.874449430436861,0.9639185947316576
13,sider,SIDER13,va,1,1366,30,93,3.1,93,0,30,0,0.0,1.0,0.7560975609756098,0.0,0.5263622658850753,0.7125448028673835
13,sider,SIDER13,te,1,1366,38,99,2.6052631578947367,99,0,38,0,0.0,1.0,0.7226277372262774,0.0,0.5634678243551982,0.7496012759170654
14,sider,SIDER13,tr,1,1366,250,856,3.424,850,6,92,158,0.632,0.9929906542056075,0.9113924050632911,0.7355852877242455,0.8925621335874757,0.9687616822429908
14,sider,SIDER13,va,1,1366,28,95,3.392857142857143,92,3,27,1,0.03571428571428571,0.968421052631579,0.7560975609756098,0.009775711820942522,0.28128794605143453,0.562406015037594
14,sider,SIDER13,te,1,1366,37,100,2.7027027027027026,96,4,34,3,0.08108108108108109,0.96,0.7226277372262774,0.08283655510639516,0.4845593755960095,0.7164864864864865
15,sider,SIDER13,tr,1,1366,246,860,3.4959349593495936,859,1,243,3,0.012195121951219513,0.9988372093023256,0.779385171790235,0.07642989793296312,0.8848140693694853,0.9605785592739647
15,sider,SIDER13,va,1,1366,29,94,3.2413793103448274,93,1,28,1,0.034482758620689655,0.9893617021276596,0.7642276422764228,0.08002814454934626,0.44819173684118113,0.723037417461482
15,sider,SIDER13,te,1,1366,40,97,2.425,97,0,40,0,0.0,1.0,0.708029197080292,0.0,0.483358262797887,0.7296391752577319
1,sider,SIDER14,tr,1,1366,155,951,6.135483870967742,951,0,155,0,0.0,1.0,0.8598553345388789,0.0,0.9774758739102996,0.9963128794817001
1,sider,SIDER14,va,1,1366,27,96,3.5555555555555554,96,0,27,0,0.0,1.0,0.7804878048780488,0.0,0.396407871563988,0.6882716049382716
1,sider,SIDER14,te,1,1366,27,110,4.074074074074074,110,0,27,0,0.0,1.0,0.8029197080291971,0.0,0.214753207803814,0.5326599326599326
2,sider,SIDER14,tr,1,1366,175,931,5.32,931,0,175,0,0.0,1.0,0.8417721518987342,0.0,0.9555718527417124,0.9926714746048796
2,sider,SIDER14,va,1,1366,19,104,5.473684210526316,104,0,19,0,0.0,1.0,0.8455284552845529,0.0,0.21923317047591392,0.5116396761133604
2,sider,SIDER14,te,1,1366,15,122,8.133333333333333,122,0,15,0,0.0,1.0,0.8905109489051095,0.0,0.1664180493788519,0.6972677595628416
3,sider,SIDER14,tr,1,1366,163,943,5.785276073619632,943,0,163,0,0.0,1.0,0.8526220614828209,0.0,0.9710897762677987,0.9968544457383758
3,sider,SIDER14,va,1,1366,23,100,4.3478260869565215,100,0,23,0,0.0,1.0,0.8130081300813008,0.0,0.2821727819951604,0.6282608695652174
3,sider,SIDER14,te,1,1366,23,114,4.956521739130435,114,0,23,0,0.0,1.0,0.8321167883211679,0.0,0.23871505995998024,0.6189931350114417
4,sider,SIDER14,tr,1,1366,168,938,5.583333333333333,938,0,168,0,0.0,1.0,0.8481012658227848,0.0,0.9746780207489883,0.9950407401766677
4,sider,SIDER14,va,1,1366,20,103,5.15,103,0,20,0,0.0,1.0,0.8373983739837398,0.0,0.15975024887330486,0.5485436893203883
4,sider,SIDER14,te,1,1366,21,116,5.523809523809524,116,0,21,0,0.0,1.0,0.8467153284671532,0.0,0.20664498964018232,0.6169950738916256
5,sider,SIDER14,tr,1,1366,167,939,5.622754491017964,939,0,167,0,0.0,1.0,0.849005424954792,0.0,0.9758122070462519,0.9961387129893567
5,sider,SIDER14,va,1,1366,23,100,4.3478260869565215,100,0,23,0,0.0,1.0,0.8130081300813008,0.0,0.26301210595840635,0.6578260869565218
5,sider,SIDER14,te,1,1366,19,118,6.2105263157894735,118,0,19,0,0.0,1.0,0.8613138686131386,0.0,0.20110508327510032,0.6851025869759144
6,sider,SIDER14,tr,1,1366,165,941,5.703030303030303,941,0,165,0,0.0,1.0,0.8508137432188065,0.0,0.9638877013027183,0.9941615946929443
6,sider,SIDER14,va,1,1366,16,107,6.6875,107,0,16,0,0.0,1.0,0.8699186991869918,0.0,0.24917651430638274,0.6191588785046729
6,sider,SIDER14,te,1,1366,28,109,3.892857142857143,109,0,28,0,0.0,1.0,0.7956204379562044,0.0,0.2278566818233901,0.5779816513761468
7,sider,SIDER14,tr,1,1366,173,933,5.393063583815029,933,0,173,0,0.0,1.0,0.8435804701627486,0.0,0.9804975385233643,0.9958862269142364
7,sider,SIDER14,va,1,1366,16,107,6.6875,107,0,16,0,0.0,1.0,0.8699186991869918,0.0,0.14500250224819702,0.5905373831775701
7,sider,SIDER14,te,1,1366,20,117,5.85,117,0,20,0,0.0,1.0,0.8540145985401459,0.0,0.21229100053366884,0.6427350427350428
8,sider,SIDER14,tr,1,1366,171,935,5.4678362573099415,935,0,171,0,0.0,1.0,0.8453887884267631,0.0,0.9292473018281822,0.9935078337555117
8,sider,SIDER14,va,1,1366,18,105,5.833333333333333,105,0,18,0,0.0,1.0,0.8536585365853658,0.0,0.2721405618050912,0.6984126984126985
8,sider,SIDER14,te,1,1366,20,117,5.85,117,0,20,0,0.0,1.0,0.8540145985401459,0.0,0.18867606208805765,0.6170940170940171
9,sider,SIDER14,tr,1,1366,175,931,5.32,931,0,175,0,0.0,1.0,0.8417721518987342,0.0,0.9814316922740846,0.9971674083167101
9,sider,SIDER14,va,1,1366,17,106,6.235294117647059,106,0,17,0,0.0,1.0,0.8617886178861789,0.0,0.31015756798471844,0.6459489456159823
9,sider,SIDER14,te,1,1366,17,120,7.0588235294117645,120,0,17,0,0.0,1.0,0.8759124087591241,0.0,0.10931679889047706,0.47009803921568627
10,sider,SIDER14,tr,1,1366,172,934,5.430232558139535,934,0,172,0,0.0,1.0,0.8444846292947559,0.0,0.9797432884480628,0.9964674319008018
10,sider,SIDER14,va,1,1366,16,107,6.6875,107,0,16,0,0.0,1.0,0.8699186991869918,0.0,0.15973792397914804,0.5589953271028038
10,sider,SIDER14,te,1,1366,21,116,5.523809523809524,116,0,21,0,0.0,1.0,0.8467153284671532,0.0,0.16527801277358523,0.5853858784893268
11,sider,SIDER14,tr,1,1366,171,935,5.4678362573099415,935,0,171,0,0.0,1.0,0.8453887884267631,0.0,0.9863964326533697,0.9969008975200926
11,sider,SIDER14,va,1,1366,17,106,6.235294117647059,106,0,17,0,0.0,1.0,0.8617886178861789,0.0,0.18598578379325284,0.6781354051054385
11,sider,SIDER14,te,1,1366,21,116,5.523809523809524,116,0,21,0,0.0,1.0,0.8467153284671532,0.0,0.19839543513213445,0.6013957307060755
12,sider,SIDER14,tr,1,1366,176,930,5.284090909090909,930,0,176,0,0.0,1.0,0.840867992766727,0.0,0.964495798384943,0.9948191593352884
12,sider,SIDER14,va,1,1366,17,106,6.235294117647059,106,0,17,0,0.0,1.0,0.8617886178861789,0.0,0.25007360077714336,0.6270810210876804
12,sider,SIDER14,te,1,1366,16,121,7.5625,121,0,16,0,0.0,1.0,0.8832116788321168,0.0,0.1572474121391038,0.6208677685950413
13,sider,SIDER14,tr,1,1366,173,933,5.393063583815029,933,0,173,0,0.0,1.0,0.8435804701627486,0.0,0.9376142902116312,0.9914471931552763
13,sider,SIDER14,va,1,1366,18,105,5.833333333333333,105,0,18,0,0.0,1.0,0.8536585365853658,0.0,0.23295805952183177,0.6185185185185185
13,sider,SIDER14,te,1,1366,18,119,6.611111111111111,119,0,18,0,0.0,1.0,0.8686131386861314,0.0,0.27238039524819824,0.6587301587301587
14,sider,SIDER14,tr,1,1366,172,934,5.430232558139535,934,0,172,0,0.0,1.0,0.8444846292947559,0.0,0.971831653929354,0.9969405159105622
14,sider,SIDER14,va,1,1366,23,100,4.3478260869565215,100,0,23,0,0.0,1.0,0.8130081300813008,0.0,0.20021044873909127,0.55
14,sider,SIDER14,te,1,1366,14,123,8.785714285714286,123,0,14,0,0.0,1.0,0.8978102189781022,0.0,0.0981906680640773,0.5203252032520325
15,sider,SIDER14,tr,1,1366,162,944,5.827160493827161,944,0,162,0,0.0,1.0,0.8535262206148282,0.0,0.9405981543871305,0.9929705482318477
15,sider,SIDER14,va,1,1366,24,99,4.125,99,0,24,0,0.0,1.0,0.8048780487804879,0.0,0.25966817422765265,0.521043771043771
15,sider,SIDER14,te,1,1366,23,114,4.956521739130435,114,0,23,0,0.0,1.0,0.8321167883211679,0.0,0.2325552123498584,0.6262395118230358
1,sider,SIDER15,tr,1,1366,850,256,0.30117647058823527,8,248,0,850,1.0,0.03125,0.7757685352622061,0.15553685159475,0.9967425449987038,0.9889499080882354
1,sider,SIDER15,va,1,1366,95,28,0.29473684210526313,1,27,0,95,1.0,0.03571428571428571,0.7804878048780488,0.16676421813341089,0.9013682089184621,0.737593984962406
1,sider,SIDER15,te,1,1366,118,19,0.16101694915254236,1,18,1,117,0.9915254237288136,0.05263157894736842,0.8613138686131386,0.12724347127167845,0.8879641791950101,0.5595450490633364
2,sider,SIDER15,tr,1,1366,860,246,0.28604651162790695,3,243,0,860,1.0,0.012195121951219513,0.7802893309222423,0.09751120947278664,0.9967391841747641,0.9887785970882964
2,sider,SIDER15,va,1,1366,99,24,0.24242424242424243,1,23,1,98,0.98989898989899,0.041666666666666664,0.8048780487804879,0.09890775906573654,0.8140233141056942,0.5176767676767676
2,sider,SIDER15,te,1,1366,104,33,0.3173076923076923,1,32,0,104,1.0,0.030303030303030304,0.7664233576642335,0.15222649416526088,0.8560425526058876,0.659965034965035
3,sider,SIDER15,tr,1,1366,869,237,0.2727272727272727,4,233,0,869,1.0,0.016877637130801686,0.7893309222423146,0.11536522398986228,0.9975858215935337,0.991017368040281
3,sider,SIDER15,va,1,1366,89,34,0.38202247191011235,2,32,1,88,0.9887640449438202,0.058823529411764705,0.7317073170731707,0.13796749523795013,0.8250123432459397,0.6445803040317251
3,sider,SIDER15,te,1,1366,105,32,0.3047619047619048,1,31,0,105,1.0,0.03125,0.7737226277372263,0.15532816304615718,0.9307962571221489,0.8035714285714286
4,sider,SIDER15,tr,1,1366,873,233,0.26689576174112256,1,232,0,873,1.0,0.004291845493562232,0.7902350813743219,0.058230165215871724,0.9975737040268094,0.9911164206106908
4,sider,SIDER15,va,1,1366,91,32,0.3516483516483517,0,32,0,91,1.0,0.0,0.7398373983739838,0.0,0.8591625589710454,0.7091346153846154
4,sider,SIDER15,te,1,1366,99,38,0.3838383838383838,0,38,0,99,1.0,0.0,0.7226277372262774,0.0,0.7743803622476588,0.5893141945773525
5,sider,SIDER15,tr,1,1366,865,241,0.2786127167630058,0,241,0,865,1.0,0.0,0.7820976491862568,0.0,0.9971951339039999,0.9896985105413378
5,sider,SIDER15,va,1,1366,96,27,0.28125,0,27,0,96,1.0,0.0,0.7804878048780488,0.0,0.9014436973131631,0.714891975308642
5,sider,SIDER15,te,1,1366,102,35,0.3431372549019608,0,35,0,102,1.0,0.0,0.7445255474452555,0.0,0.8505174643214074,0.6826330532212885
6,sider,SIDER15,tr,1,1366,868,238,0.27419354838709675,2,236,0,868,1.0,0.008403361344537815,0.786618444846293,0.08128339696602185,0.9974220425515683,0.9907979320760563
6,sider,SIDER15,va,1,1366,92,31,0.33695652173913043,0,31,0,92,1.0,0.0,0.7479674796747967,0.0,0.8291118468096735,0.6332398316970548
6,sider,SIDER15,te,1,1366,103,34,0.3300970873786408,0,34,0,103,1.0,0.0,0.7518248175182481,0.0,0.8630515477056716,0.7130211307824101
7,sider,SIDER15,tr,1,1366,858,248,0.289044289044289,0,248,0,858,1.0,0.0,0.7757685352622061,0.0,0.9965177361567454,0.9879572712234002
7,sider,SIDER15,va,1,1366,95,28,0.29473684210526313,0,28,0,95,1.0,0.0,0.7723577235772358,0.0,0.8683890152238485,0.6710526315789473
7,sider,SIDER15,te,1,1366,110,27,0.24545454545454545,0,27,0,110,1.0,0.0,0.8029197080291971,0.0,0.8844220805413394,0.6851851851851851
8,sider,SIDER15,tr,1,1366,854,252,0.29508196721311475,3,249,0,854,1.0,0.011904761904761904,0.7748643761301989,0.09600669866827534,0.9968871856474356,0.9892290249433107
8,sider,SIDER15,va,1,1366,98,25,0.25510204081632654,0,25,1,97,0.9897959183673469,0.0,0.7886178861788617,-0.04572745711889065,0.9080674435286162,0.7048979591836734
8,sider,SIDER15,te,1,1366,111,26,0.23423423423423423,1,25,1,110,0.990990990990991,0.038461538461538464,0.8102189781021898,0.09629170579767408,0.9222505934994423,0.7378724878724878
9,sider,SIDER15,tr,1,1366,864,242,0.2800925925925926,165,77,4,860,0.9953703703703703,0.6818181818181818,0.9267631103074141,0.7781458654981731,0.9972934832723728,0.9902337771655954
9,sider,SIDER15,va,1,1366,95,28,0.29473684210526313,3,25,2,93,0.9789473684210527,0.10714285714285714,0.7804878048780488,0.18279682921134247,0.8792025534722625,0.6714285714285714
9,sider,SIDER15,te,1,1366,104,33,0.3173076923076923,2,31,0,104,1.0,0.06060606060606061,0.7737226277372263,0.2160766376908423,0.7887034567965547,0.594988344988345
10,sider,SIDER15,tr,1,1366,863,243,0.28157589803012745,0,243,0,863,1.0,0.0,0.7802893309222423,0.0,0.9973161396995809,0.9900886466484509
10,sider,SIDER15,va,1,1366,95,28,0.29473684210526313,0,28,0,95,1.0,0.0,0.7723577235772358,0.0,0.8743133347368575,0.7199248120300752
10,sider,SIDER15,te,1,1366,105,32,0.3047619047619048,0,32,0,105,1.0,0.0,0.7664233576642335,0.0,0.8611611217305281,0.7178571428571429
11,sider,SIDER15,tr,1,1366,858,248,0.289044289044289,3,245,0,858,1.0,0.012096774193548387,0.7784810126582279,0.09700423044146016,0.996821928633884,0.9887045078577337
11,sider,SIDER15,va,1,1366,96,27,0.28125,0,27,0,96,1.0,0.0,0.7804878048780488,0.0,0.8166315075274566,0.5891203703703703
11,sider,SIDER15,te,1,1366,109,28,0.25688073394495414,3,25,0,109,1.0,0.10714285714285714,0.8175182481751825,0.2952177469659754,0.874956848912847,0.692005242463958
12,sider,SIDER15,tr,1,1366,865,241,0.2786127167630058,3,238,0,865,1.0,0.012448132780082987,0.7848101265822784,0.09880351691342865,0.9973110710651317,0.99052838606001
12,sider,SIDER15,va,1,1366,92,31,0.33695652173913043,1,30,1,91,0.9891304347826086,0.03225806451612903,0.7479674796747967,0.0734255809574425,0.7602514632965562,0.5343618513323983
12,sider,SIDER15,te,1,1366,106,31,0.29245283018867924,1,30,1,105,0.9905660377358491,0.03225806451612903,0.7737226277372263,0.07962429530819834,0.8794631183249839,0.691722458916616
13,sider,SIDER15,tr,1,1366,857,249,0.29054842473745623,0,249,0,857,1.0,0.0,0.7748643761301989,0.0,0.9970148744502013,0.9893412623656821
13,sider,SIDER15,va,1,1366,103,20,0.1941747572815534,0,20,0,103,1.0,0.0,0.8373983739837398,0.0,0.9391076097638774,0.7339805825242718
13,sider,SIDER15,te,1,1366,103,34,0.3300970873786408,0,34,0,103,1.0,0.0,0.7518248175182481,0.0,0.8404681340461115,0.7144488863506568
14,sider,SIDER15,tr,1,1366,863,243,0.28157589803012745,177,66,2,861,0.9976825028968713,0.7283950617283951,0.9385171790235082,0.8162537126096147,0.9978216600606804,0.9922392458120538
14,sider,SIDER15,va,1,1366,96,27,0.28125,1,26,2,94,0.9791666666666666,0.037037037037037035,0.7723577235772358,0.043479099562495675,0.8992038280560042,0.7098765432098766
14,sider,SIDER15,te,1,1366,104,33,0.3173076923076923,2,31,2,102,0.9807692307692307,0.06060606060606061,0.7591240875912408,0.10508939423473153,0.793792203344982,0.6215034965034965
15,sider,SIDER15,tr,1,1366,863,243,0.28157589803012745,0,243,0,863,1.0,0.0,0.7802893309222423,0.0,0.9976007167325859,0.9912426266874573
15,sider,SIDER15,va,1,1366,92,31,0.33695652173913043,0,31,0,92,1.0,0.0,0.7479674796747967,0.0,0.8148432457820352,0.6437587657784012
15,sider,SIDER15,te,1,1366,108,29,0.26851851851851855,0,29,0,108,1.0,0.0,0.7883211678832117,0.0,0.9120603928481752,0.7247765006385695
1,sider,SIDER16,tr,1,1366,695,411,0.5913669064748202,410,1,18,677,0.9741007194244604,0.9975669099756691,0.9828209764918626,0.9640383627395593,0.9978929034119899,0.9954471459328886
1,sider,SIDER16,va,1,1366,72,51,0.7083333333333334,24,27,14,58,0.8055555555555556,0.47058823529411764,0.6666666666666666,0.29443223629790166,0.7829705641000899,0.7392429193899782
1,sider,SIDER16,te,1,1366,92,45,0.4891304347826087,23,22,13,79,0.8586956521739131,0.5111111111111111,0.7445255474452555,0.39460545340689734,0.7838360640782635,0.7236714975845411
2,sider,SIDER16,tr,1,1366,704,402,0.5710227272727273,402,0,17,687,0.9758522727272727,1.0,0.984629294755877,0.9676048889341007,0.9992254375198596,0.9983233689507011
2,sider,SIDER16,va,1,1366,74,49,0.6621621621621622,22,27,11,63,0.8513513513513513,0.4489795918367347,0.6910569105691057,0.33184536434253753,0.7344154747095897,0.6923607280750137
2,sider,SIDER16,te,1,1366,81,56,0.691358024691358,24,32,10,71,0.8765432098765432,0.42857142857142855,0.6934306569343066,0.34724939384044495,0.7834273520257702,0.7548500881834215
3,sider,SIDER16,tr,1,1366,701,405,0.5777460770328102,405,0,16,685,0.9771754636233951,1.0,0.9855334538878843,0.9695556476252323,0.9981170052381032,0.9955390007220726
3,sider,SIDER16,va,1,1366,72,51,0.7083333333333334,29,22,11,61,0.8472222222222222,0.5686274509803921,0.7317073170731707,0.4373394545293962,0.8230572125381062,0.7912581699346405
3,sider,SIDER16,te,1,1366,86,51,0.5930232558139535,25,26,19,67,0.7790697674418605,0.49019607843137253,0.6715328467153284,0.2787711145457071,0.8388600029303271,0.7436160510715913
4,sider,SIDER16,tr,1,1366,706,400,0.56657223796034,399,1,13,693,0.9815864022662889,0.9975,0.9873417721518988,0.9730272925046903,0.9984642078154333,0.9963810198300284
4,sider,SIDER16,va,1,1366,72,51,0.7083333333333334,23,28,3,69,0.9583333333333334,0.45098039215686275,0.7479674796747967,0.49389553864906305,0.7848345884222219,0.7736928104575164
4,sider,SIDER16,te,1,1366,81,56,0.691358024691358,20,36,4,77,0.9506172839506173,0.35714285714285715,0.708029197080292,0.39801922775930043,0.7801812462000766,0.7600308641975309
5,sider,SIDER16,tr,1,1366,692,414,0.5982658959537572,414,0,19,673,0.9725433526011561,1.0,0.9828209764918626,0.9642967593699354,0.9974925827364037,0.9942842283097371
5,sider,SIDER16,va,1,1366,80,43,0.5375,23,20,16,64,0.8,0.5348837209302325,0.7073170731707317,0.3431636759025972,0.8392100028789091,0.7515988372093023
5,sider,SIDER16,te,1,1366,87,50,0.5747126436781609,22,28,13,74,0.8505747126436781,0.44,0.7007299270072993,0.3207512351352475,0.772480895476513,0.6871264367816091
6,sider,SIDER16,tr,1,1366,703,403,0.5732574679943101,402,1,16,687,0.9772403982930299,0.9975186104218362,0.984629294755877,0.9674868775410992,0.9985544085905113,0.9966061791189126
6,sider,SIDER16,va,1,1366,79,44,0.5569620253164557,18,26,12,67,0.8481012658227848,0.4090909090909091,0.6910569105691057,0.287075105612917,0.8410241187806168,0.7350402761795167
6,sider,SIDER16,te,1,1366,77,60,0.7792207792207793,22,38,13,64,0.8311688311688312,0.36666666666666664,0.6277372262773723,0.22505626126449874,0.7649742777632031,0.7086580086580087
7,sider,SIDER16,tr,1,1366,690,416,0.6028985507246377,416,0,19,671,0.972463768115942,1.0,0.9828209764918626,0.9643590302183889,0.9985230810284834,0.9966415830546266
7,sider,SIDER16,va,1,1366,80,43,0.5375,23,20,15,65,0.8125,0.5348837209302325,0.7154471544715447,0.3584985660086038,0.8536767261743474,0.7752906976744187
7,sider,SIDER16,te,1,1366,89,48,0.5393258426966292,23,25,17,72,0.8089887640449438,0.4791666666666667,0.6934306569343066,0.30236155356412187,0.7905925239816762,0.7188670411985019
8,sider,SIDER16,tr,1,1366,702,404,0.5754985754985755,404,0,18,684,0.9743589743589743,1.0,0.9837251356238698,0.9658150128051315,0.9987564801848419,0.997041691348622
8,sider,SIDER16,va,1,1366,72,51,0.7083333333333334,27,24,12,60,0.8333333333333334,0.5294117647058824,0.7073170731707317,0.38404396250536715,0.8000988435519225,0.7551742919389979
8,sider,SIDER16,te,1,1366,85,52,0.611764705882353,22,30,15,70,0.8235294117647058,0.4230769230769231,0.6715328467153284,0.26953458634677757,0.706167117241045,0.6641402714932128
9,sider,SIDER16,tr,1,1366,697,409,0.5868005738880918,409,0,17,680,0.975609756097561,1.0,0.984629294755877,0.9678207336090331,0.9970129416313342,0.9931315838399286
9,sider,SIDER16,va,1,1366,73,50,0.684931506849315,18,32,14,59,0.8082191780821918,0.36,0.6260162601626016,0.188332925913101,0.6896345024514752,0.6498630136986301
9,sider,SIDER16,te,1,1366,89,48,0.5393258426966292,22,26,13,76,0.8539325842696629,0.4583333333333333,0.7153284671532847,0.3415907481750151,0.7250818165404209,0.660814606741573
10,sider,SIDER16,tr,1,1366,700,406,0.58,406,0,16,684,0.9771428571428571,1.0,0.9855334538878843,0.9695848527745561,0.9980064862043252,0.9953764954257566
10,sider,SIDER16,va,1,1366,76,47,0.618421052631579,24,23,14,62,0.8157894736842105,0.5106382978723404,0.6991869918699187,0.3432745165243515,0.8301287153986574,0.7631578947368421
10,sider,SIDER16,te,1,1366,83,54,0.6506024096385542,27,27,6,77,0.927710843373494,0.5,0.7591240875912408,0.48877900975883143,0.857180607085318,0.8190539937527889
11,sider,SIDER16,tr,1,1366,697,409,0.5868005738880918,409,0,16,681,0.9770444763271162,1.0,0.9855334538878843,0.9696708851221763,0.9981596165101023,0.9956151582226307
11,sider,SIDER16,va,1,1366,79,44,0.5569620253164557,17,27,17,62,0.7848101265822784,0.38636363636363635,0.6422764227642277,0.1834605199409554,0.8063150407986339,0.7136075949367089
11,sider,SIDER16,te,1,1366,83,54,0.6506024096385542,24,30,15,68,0.8192771084337349,0.4444444444444444,0.6715328467153284,0.28558553669750625,0.6968963715495246,0.6588576528335565
12,sider,SIDER16,tr,1,1366,698,408,0.5845272206303725,407,1,12,686,0.9828080229226361,0.9975490196078431,0.9882459312839059,0.9751169055484326,0.9985595763748588,0.9966834513174898
12,sider,SIDER16,va,1,1366,77,46,0.5974025974025974,18,28,12,65,0.8441558441558441,0.391304347826087,0.6747967479674797,0.2653014786850012,0.8581010508415879,0.7625635234330886
12,sider,SIDER16,te,1,1366,84,53,0.6309523809523809,23,30,12,72,0.8571428571428571,0.4339622641509434,0.6934306569343066,0.32508229391066495,0.804915970856227,0.7167565139263253
13,sider,SIDER16,tr,1,1366,693,413,0.5959595959595959,411,2,20,673,0.9711399711399712,0.9951573849878934,0.9801084990958409,0.9584333405841824,0.9974620160749561,0.993855888529012
13,sider,SIDER16,va,1,1366,82,41,0.5,20,21,11,71,0.8658536585365854,0.4878048780487805,0.7398373983739838,0.38397967746597245,0.898188992676171,0.8108268887566924
13,sider,SIDER16,te,1,1366,84,53,0.6309523809523809,28,25,7,77,0.9166666666666666,0.5283018867924528,0.7664233576642335,0.4969043396890643,0.8483649134285642,0.8016621743036838
14,sider,SIDER16,tr,1,1366,712,394,0.5533707865168539,394,0,16,696,0.9775280898876404,1.0,0.9855334538878843,0.969216514631013,0.998598987265723,0.996554711116181
14,sider,SIDER16,va,1,1366,67,56,0.835820895522388,18,38,11,56,0.835820895522388,0.32142857142857145,0.6016260162601627,0.18448356016072726,0.6819257552770209,0.6724413646055437
14,sider,SIDER16,te,1,1366,80,57,0.7125,26,31,15,65,0.8125,0.45614035087719296,0.6642335766423357,0.28915194801486815,0.7387141613068803,0.6982456140350877
15,sider,SIDER16,tr,1,1366,687,419,0.6098981077147017,418,1,16,671,0.9767103347889374,0.9976133651551312,0.984629294755877,0.9679638659298936,0.9964988290670489,0.99187779873755
15,sider,SIDER16,va,1,1366,77,46,0.5974025974025974,22,24,10,67,0.8701298701298701,0.4782608695652174,0.7235772357723578,0.38423347268669467,0.8357478630995565,0.7756916996047432
15,sider,SIDER16,te,1,1366,95,42,0.4421052631578947,25,17,17,78,0.8210526315789474,0.5952380952380952,0.7518248175182481,0.4162907268170425,0.8769298763481841,0.7666666666666667
1,sider,SIDER17,tr,1,1366,1027,79,0.07692307692307693,0,79,0,1027,1.0,0.0,0.9285714285714286,0.0,0.9999924371980405,0.9999013964724588
1,sider,SIDER17,va,1,1366,114,9,0.07894736842105263,0,9,0,114,1.0,0.0,0.926829268292683,0.0,0.9280452893873019,0.5633528265107213
1,sider,SIDER17,te,1,1366,129,8,0.06201550387596899,0,8,0,129,1.0,0.0,0.9416058394160584,0.0,0.9547547512467762,0.5562015503875969
2,sider,SIDER17,tr,1,1366,1034,72,0.06963249516441006,0,72,0,1034,1.0,0.0,0.9349005424954792,0.0,0.9997809395393558,0.9966688158177519
2,sider,SIDER17,va,1,1366,110,13,0.11818181818181818,0,13,0,110,1.0,0.0,0.8943089430894309,0.0,0.9548778587361406,0.765034965034965
2,sider,SIDER17,te,1,1366,126,11,0.0873015873015873,0,11,0,126,1.0,0.0,0.9197080291970803,0.0,0.916630246886819,0.5122655122655123
3,sider,SIDER17,tr,1,1366,1025,81,0.07902439024390244,0,81,0,1025,1.0,0.0,0.9267631103074141,0.0,0.9998484883699191,0.9979765130984644
3,sider,SIDER17,va,1,1366,116,7,0.0603448275862069,0,7,0,116,1.0,0.0,0.943089430894309,0.0,0.9688160866494926,0.6133004926108374
3,sider,SIDER17,te,1,1366,129,8,0.06201550387596899,0,8,0,129,1.0,0.0,0.9416058394160584,0.0,0.9502798623902824,0.5978682170542635
4,sider,SIDER17,tr,1,1366,1028,78,0.07587548638132295,0,78,0,1028,1.0,0.0,0.9294755877034359,0.0,0.9998833585251838,0.9983662576075027
4,sider,SIDER17,va,1,1366,119,4,0.03361344537815126,0,4,0,119,1.0,0.0,0.967479674796748,0.0,0.979931047647743,0.6239495798319328
4,sider,SIDER17,te,1,1366,123,14,0.11382113821138211,0,14,0,123,1.0,0.0,0.8978102189781022,0.0,0.9233442250891332,0.6515679442508712
5,sider,SIDER17,tr,1,1366,1023,83,0.08113391984359726,0,83,0,1023,1.0,0.0,0.9249547920433996,0.0,0.9999725217036757,0.9996584578784345
5,sider,SIDER17,va,1,1366,115,8,0.06956521739130435,0,8,0,115,1.0,0.0,0.9349593495934959,0.0,0.9707399340527525,0.6902173913043478
5,sider,SIDER17,te,1,1366,132,5,0.03787878787878788,0,5,0,132,1.0,0.0,0.9635036496350365,0.0,0.9496974437974195,0.5363636363636364
6,sider,SIDER17,tr,1,1366,1032,74,0.07170542635658915,0,74,0,1032,1.0,0.0,0.9330922242314648,0.0,0.9998085259286469,0.9971846846846847
6,sider,SIDER17,va,1,1366,113,10,0.08849557522123894,0,10,0,113,1.0,0.0,0.9186991869918699,0.0,0.9720097723001107,0.7610619469026548
6,sider,SIDER17,te,1,1366,125,12,0.096,0,12,0,125,1.0,0.0,0.9124087591240876,0.0,0.9275474901569892,0.6753333333333333
7,sider,SIDER17,tr,1,1366,1027,79,0.07692307692307693,0,79,0,1027,1.0,0.0,0.9285714285714286,0.0,0.999921903209523,0.9989338493584609
7,sider,SIDER17,va,1,1366,118,5,0.0423728813559322,0,5,0,118,1.0,0.0,0.959349593495935,0.0,0.9773073290869358,0.676271186440678
7,sider,SIDER17,te,1,1366,125,12,0.096,0,12,0,125,1.0,0.0,0.9124087591240876,0.0,0.9361385267669057,0.6020000000000001
8,sider,SIDER17,tr,1,1366,1023,83,0.08113391984359726,0,83,0,1023,1.0,0.0,0.9249547920433996,0.0,0.9998277401968971,0.9977387556089461
8,sider,SIDER17,va,1,1366,113,10,0.08849557522123894,0,10,0,113,1.0,0.0,0.9186991869918699,0.0,0.9730641956473276,0.7672566371681416
8,sider,SIDER17,te,1,1366,134,3,0.022388059701492536,0,3,0,134,1.0,0.0,0.9781021897810219,0.0,0.9917661151388176,0.7014925373134329
9,sider,SIDER17,tr,1,1366,1023,83,0.08113391984359726,0,83,0,1023,1.0,0.0,0.9249547920433996,0.0,0.9998252172138309,0.9977152009798727
9,sider,SIDER17,va,1,1366,118,5,0.0423728813559322,0,5,0,118,1.0,0.0,0.959349593495935,0.0,0.9743659849312455,0.6016949152542374
9,sider,SIDER17,te,1,1366,129,8,0.06201550387596899,0,8,0,129,1.0,0.0,0.9416058394160584,0.0,0.954216199850593,0.5155038759689923
10,sider,SIDER17,tr,1,1366,1024,82,0.080078125,0,82,0,1024,1.0,0.0,0.9258589511754068,0.0,0.9997947703525143,0.9972549066310976
10,sider,SIDER17,va,1,1366,117,6,0.05128205128205128,0,6,0,117,1.0,0.0,0.9512195121951219,0.0,0.9818017383185144,0.7635327635327636
10,sider,SIDER17,te,1,1366,129,8,0.06201550387596899,0,8,0,129,1.0,0.0,0.9416058394160584,0.0,0.9751249289008329,0.7354651162790697
11,sider,SIDER17,tr,1,1366,1030,76,0.07378640776699029,0,76,0,1030,1.0,0.0,0.9312839059674503,0.0,0.9998496812216969,0.9978666326009199
11,sider,SIDER17,va,1,1366,112,11,0.09821428571428571,0,11,0,112,1.0,0.0,0.9105691056910569,0.0,0.9141880469524314,0.5357142857142857
11,sider,SIDER17,te,1,1366,128,9,0.0703125,0,9,0,128,1.0,0.0,0.9343065693430657,0.0,0.9421392862202026,0.5590277777777778
12,sider,SIDER17,tr,1,1366,1025,81,0.07902439024390244,0,81,0,1025,1.0,0.0,0.9267631103074141,0.0,0.9999417947246423,0.999217103282144
12,sider,SIDER17,va,1,1366,117,6,0.05128205128205128,0,6,0,117,1.0,0.0,0.9512195121951219,0.0,0.9901948565476428,0.8247863247863249
12,sider,SIDER17,te,1,1366,128,9,0.0703125,0,9,0,128,1.0,0.0,0.9343065693430657,0.0,0.9103289975520976,0.48697916666666674
13,sider,SIDER17,tr,1,1366,1026,80,0.07797270955165692,0,80,0,1026,1.0,0.0,0.9276672694394213,0.0,0.9998854394485945,0.9984405458089668
13,sider,SIDER17,va,1,1366,118,5,0.0423728813559322,0,5,0,118,1.0,0.0,0.959349593495935,0.0,0.9642376247868336,0.6610169491525424
13,sider,SIDER17,te,1,1366,126,11,0.0873015873015873,0,11,0,126,1.0,0.0,0.9197080291970803,0.0,0.9420866776302941,0.6464646464646464
14,sider,SIDER17,tr,1,1366,1034,72,0.06963249516441006,0,72,0,1034,1.0,0.0,0.9349005424954792,0.0,0.9998867584807407,0.9982739630346013
14,sider,SIDER17,va,1,1366,115,8,0.06956521739130435,0,8,0,115,1.0,0.0,0.9349593495934959,0.0,0.9692674110329929,0.6630434782608695
14,sider,SIDER17,te,1,1366,121,16,0.1322314049586777,0,16,0,121,1.0,0.0,0.8832116788321168,0.0,0.9258044933180944,0.7169421487603305
15,sider,SIDER17,tr,1,1366,1025,81,0.07902439024390244,0,81,0,1025,1.0,0.0,0.9267631103074141,0.0,1.0,1.0
15,sider,SIDER17,va,1,1366,115,8,0.06956521739130435,0,8,0,115,1.0,0.0,0.9349593495934959,0.0,0.926685290817346,0.43478260869565216
15,sider,SIDER17,te,1,1366,130,7,0.05384615384615385,0,7,0,130,1.0,0.0,0.948905109489051,0.0,0.9613241205045271,0.6032967032967034
1,sider,SIDER18,tr,1,1366,194,912,4.701030927835052,912,0,194,0,0.0,1.0,0.8245931283905967,0.0,0.8357741156702889,0.9682045803942847
1,sider,SIDER18,va,1,1366,29,94,3.2413793103448274,94,0,29,0,0.0,1.0,0.7642276422764228,0.0,0.461648495268265,0.7050623624358034
1,sider,SIDER18,te,1,1366,26,111,4.269230769230769,111,0,26,0,0.0,1.0,0.8102189781021898,0.0,0.239647351470023,0.5589050589050589
2,sider,SIDER18,tr,1,1366,206,900,4.368932038834951,900,0,206,0,0.0,1.0,0.8137432188065099,0.0,0.8445214672300628,0.9541612729234089
2,sider,SIDER18,va,1,1366,16,107,6.6875,107,0,16,0,0.0,1.0,0.8699186991869918,0.0,0.21591553846237,0.6945093457943925
2,sider,SIDER18,te,1,1366,27,110,4.074074074074074,110,0,27,0,0.0,1.0,0.8029197080291971,0.0,0.3292708560566039,0.5696969696969697
3,sider,SIDER18,tr,1,1366,204,902,4.421568627450981,902,0,204,0,0.0,1.0,0.8155515370705244,0.0,0.8304248502292733,0.9561812529890005
3,sider,SIDER18,va,1,1366,21,102,4.857142857142857,102,0,21,0,0.0,1.0,0.8292682926829268,0.0,0.25683159736385697,0.6302521008403361
3,sider,SIDER18,te,1,1366,24,113,4.708333333333333,113,0,24,0,0.0,1.0,0.8248175182481752,0.0,0.21380972358206474,0.5921828908554573
4,sider,SIDER18,tr,1,1366,205,901,4.3951219512195125,901,0,205,0,0.0,1.0,0.8146473779385172,0.0,0.8368609953484842,0.9579464551582253
4,sider,SIDER18,va,1,1366,25,98,3.92,98,0,25,0,0.0,1.0,0.7967479674796748,0.0,0.25697038874922545,0.6040816326530613
4,sider,SIDER18,te,1,1366,19,118,6.2105263157894735,118,0,19,0,0.0,1.0,0.8613138686131386,0.0,0.28210988678182736,0.6980374665477254
5,sider,SIDER18,tr,1,1366,196,910,4.642857142857143,910,0,196,0,0.0,1.0,0.8227848101265823,0.0,0.8530533388247934,0.9600639156761606
5,sider,SIDER18,va,1,1366,29,94,3.2413793103448274,94,0,29,0,0.0,1.0,0.7642276422764228,0.0,0.36509387227475826,0.6107850330154071
5,sider,SIDER18,te,1,1366,24,113,4.708333333333333,113,0,24,0,0.0,1.0,0.8248175182481752,0.0,0.14532531486487674,0.42109144542772864
6,sider,SIDER18,tr,1,1366,201,905,4.502487562189055,905,0,201,0,0.0,1.0,0.8182640144665461,0.0,0.8437820790286565,0.962161567851351
6,sider,SIDER18,va,1,1366,21,102,4.857142857142857,102,0,21,0,0.0,1.0,0.8292682926829268,0.0,0.32418276167712196,0.5868347338935574
6,sider,SIDER18,te,1,1366,27,110,4.074074074074074,110,0,27,0,0.0,1.0,0.8029197080291971,0.0,0.24529369776314405,0.5528619528619528
7,sider,SIDER18,tr,1,1366,199,907,4.557788944723618,907,0,199,0,0.0,1.0,0.8200723327305606,0.0,0.8214505173193819,0.9550785903054412
7,sider,SIDER18,va,1,1366,25,98,3.92,98,0,25,0,0.0,1.0,0.7967479674796748,0.0,0.43032463921061853,0.6008163265306122
7,sider,SIDER18,te,1,1366,25,112,4.48,112,0,25,0,0.0,1.0,0.8175182481751825,0.0,0.30873945049080664,0.6385714285714286
8,sider,SIDER18,tr,1,1366,208,898,4.3173076923076925,898,0,208,0,0.0,1.0,0.8119349005424955,0.0,0.8561026971258815,0.9585724687339386
8,sider,SIDER18,va,1,1366,15,108,7.2,108,0,15,0,0.0,1.0,0.8780487804878049,0.0,0.10499025758619566,0.36049382716049383
8,sider,SIDER18,te,1,1366,26,111,4.269230769230769,111,0,26,0,0.0,1.0,0.8102189781021898,0.0,0.29443843773847356,0.5904365904365905
9,sider,SIDER18,tr,1,1366,195,911,4.671794871794872,911,0,195,0,0.0,1.0,0.8236889692585895,0.0,0.8558810697014401,0.9623603253680093
9,sider,SIDER18,va,1,1366,26,97,3.730769230769231,97,0,26,0,0.0,1.0,0.7886178861788617,0.0,0.2735861983976925,0.520618556701031
9,sider,SIDER18,te,1,1366,28,109,3.892857142857143,109,0,28,0,0.0,1.0,0.7956204379562044,0.0,0.29319246195251153,0.6359764089121887
10,sider,SIDER18,tr,1,1366,206,900,4.368932038834951,900,0,206,0,0.0,1.0,0.8137432188065099,0.0,0.8368594224656305,0.957861380798274
10,sider,SIDER18,va,1,1366,16,107,6.6875,107,0,16,0,0.0,1.0,0.8699186991869918,0.0,0.42484303920469607,0.7587616822429907
10,sider,SIDER18,te,1,1366,27,110,4.074074074074074,110,0,27,0,0.0,1.0,0.8029197080291971,0.0,0.1715814356610541,0.4481481481481482
11,sider,SIDER18,tr,1,1366,204,902,4.421568627450981,902,0,204,0,0.0,1.0,0.8155515370705244,0.0,0.847327890684618,0.9586675579322639
11,sider,SIDER18,va,1,1366,21,102,4.857142857142857,102,0,21,0,0.0,1.0,0.8292682926829268,0.0,0.2624798323748745,0.6092436974789915
11,sider,SIDER18,te,1,1366,24,113,4.708333333333333,113,0,24,0,0.0,1.0,0.8248175182481752,0.0,0.2834253072295726,0.573377581120944
12,sider,SIDER18,tr,1,1366,205,901,4.3951219512195125,901,0,205,0,0.0,1.0,0.8146473779385172,0.0,0.8494272682705778,0.9601283127148696
12,sider,SIDER18,va,1,1366,23,100,4.3478260869565215,100,0,23,0,0.0,1.0,0.8130081300813008,0.0,0.38117685648499267,0.6556521739130435
12,sider,SIDER18,te,1,1366,21,116,5.523809523809524,116,0,21,0,0.0,1.0,0.8467153284671532,0.0,0.1813099053815253,0.4601806239737274
13,sider,SIDER18,tr,1,1366,201,905,4.502487562189055,905,0,201,0,0.0,1.0,0.8182640144665461,0.0,0.8722572198960711,0.9620021439762513
13,sider,SIDER18,va,1,1366,19,104,5.473684210526316,104,0,19,0,0.0,1.0,0.8455284552845529,0.0,0.2715827416636585,0.6568825910931173
13,sider,SIDER18,te,1,1366,29,108,3.7241379310344827,108,0,29,0,0.0,1.0,0.7883211678832117,0.0,0.259379463085913,0.5213920817369093
14,sider,SIDER18,tr,1,1366,207,899,4.342995169082125,899,0,207,0,0.0,1.0,0.8128390596745028,0.0,0.8375950763073733,0.9557264378563406
14,sider,SIDER18,va,1,1366,20,103,5.15,103,0,20,0,0.0,1.0,0.8373983739837398,0.0,0.22939909695100863,0.5995145631067962
14,sider,SIDER18,te,1,1366,22,115,5.2272727272727275,115,0,22,0,0.0,1.0,0.8394160583941606,0.0,0.31171896425903456,0.5853754940711462
15,sider,SIDER18,tr,1,1366,203,903,4.448275862068965,903,0,203,0,0.0,1.0,0.8164556962025317,0.0,0.8524976740808824,0.9554249927717678
15,sider,SIDER18,va,1,1366,21,102,4.857142857142857,102,0,21,0,0.0,1.0,0.8292682926829268,0.0,0.2698311534653164,0.545751633986928
15,sider,SIDER18,te,1,1366,25,112,4.48,112,0,25,0,0.0,1.0,0.8175182481751825,0.0,0.27490879454697725,0.6171428571428571
1,sider,SIDER19,tr,1,1366,775,331,0.4270967741935484,255,76,12,763,0.984516129032258,0.770392749244713,0.9204339963833634,0.8078351947899228,0.9937317433616227,0.9850677321898451
1,sider,SIDER19,va,1,1366,85,38,0.4470588235294118,7,31,7,78,0.9176470588235294,0.18421052631578946,0.6910569105691057,0.14818947859660564,0.8385418355595973,0.6919504643962848
1,sider,SIDER19,te,1,1366,103,34,0.3300970873786408,7,27,10,93,0.9029126213592233,0.20588235294117646,0.7299270072992701,0.14254494511097993,0.8852995357291964,0.6856082238720732
2,sider,SIDER19,tr,1,1366,782,324,0.4143222506393862,272,52,13,769,0.9833759590792839,0.8395061728395061,0.9412296564195298,0.8562873046767513,0.994478529476273,0.987788513150832
2,sider,SIDER19,va,1,1366,87,36,0.41379310344827586,7,29,6,81,0.9310344827586207,0.19444444444444445,0.7154471544715447,0.18570074880155352,0.7946060339888874,0.6660280970625798
2,sider,SIDER19,te,1,1366,94,43,0.4574468085106383,5,38,9,85,0.9042553191489362,0.11627906976744186,0.656934306569343,0.03146033655059214,0.7657523594697107,0.6331024245423058
3,sider,SIDER19,tr,1,1366,787,319,0.40533672172808133,255,64,7,780,0.9911054637865311,0.799373040752351,0.9358047016274864,0.8422691682965424,0.9962632181762054,0.9905458210019397
3,sider,SIDER19,va,1,1366,78,45,0.5769230769230769,4,41,2,76,0.9743589743589743,0.08888888888888889,0.6504065040650406,0.14142652165383257,0.7585730405450675,0.6752136752136751
3,sider,SIDER19,te,1,1366,98,39,0.3979591836734694,3,36,5,93,0.9489795918367347,0.07692307692307693,0.7007299270072993,0.04984826013017082,0.9005639545671382,0.7787807430664574
4,sider,SIDER19,tr,1,1366,789,317,0.4017743979721166,254,63,6,783,0.9923954372623575,0.8012618296529969,0.9376130198915009,0.846309613746267,0.995862613597822,0.9900145134399251
4,sider,SIDER19,va,1,1366,87,36,0.41379310344827586,3,33,4,83,0.9540229885057471,0.08333333333333333,0.6991869918699187,0.07336635964830764,0.8475944661665981,0.6938058748403576
4,sider,SIDER19,te,1,1366,87,50,0.5747126436781609,6,44,4,83,0.9540229885057471,0.12,0.6496350364963503,0.13699647187494107,0.7011362823902241,0.5913793103448276
5,sider,SIDER19,tr,1,1366,775,331,0.4270967741935484,279,52,10,765,0.9870967741935484,0.8429003021148036,0.9439421338155516,0.8651301769073475,0.9940096203869895,0.9870655881493031
5,sider,SIDER19,va,1,1366,90,33,0.36666666666666664,4,29,5,85,0.9444444444444444,0.12121212121212122,0.7235772357723578,0.11170759616064839,0.8530027005711561,0.6666666666666666
5,sider,SIDER19,te,1,1366,98,39,0.3979591836734694,6,33,5,93,0.9489795918367347,0.15384615384615385,0.7226277372262774,0.17075191926220942,0.8413646720949326,0.6933542647828363
6,sider,SIDER19,tr,1,1366,791,315,0.39823008849557523,262,53,7,784,0.9911504424778761,0.8317460317460318,0.945750452079566,0.8656649849243847,0.9960086728040667,0.9897818714506451
6,sider,SIDER19,va,1,1366,81,42,0.5185185185185185,10,32,4,77,0.9506172839506173,0.23809523809523808,0.7073170731707317,0.28176731050570647,0.8581183192107886,0.7488242210464432
6,sider,SIDER19,te,1,1366,91,46,0.5054945054945055,3,43,5,86,0.945054945054945,0.06521739130434782,0.6496350364963503,0.020688499582389625,0.7783350121973057,0.6120401337792641
7,sider,SIDER19,tr,1,1366,772,334,0.4326424870466321,242,92,6,766,0.9922279792746114,0.7245508982035929,0.9113924050632911,0.7890374162542608,0.9936777304607572,0.985512782724706
7,sider,SIDER19,va,1,1366,88,35,0.3977272727272727,6,29,1,87,0.9886363636363636,0.17142857142857143,0.7560975609756098,0.31174072881757076,0.8827417159232899,0.7711038961038962
7,sider,SIDER19,te,1,1366,103,34,0.3300970873786408,7,27,2,101,0.9805825242718447,0.20588235294117646,0.7883211678832117,0.32510890912927604,0.8477680529289869,0.6970302684180468
8,sider,SIDER19,tr,1,1366,790,316,0.4,226,90,1,789,0.9987341772151899,0.7151898734177216,0.9177215189873418,0.7985493003567212,0.9955006994836599,0.9890582438711746
8,sider,SIDER19,va,1,1366,81,42,0.5185185185185185,2,40,1,80,0.9876543209876543,0.047619047619047616,0.6666666666666666,0.10843334143872546,0.8283385077068226,0.7411816578483246
8,sider,SIDER19,te,1,1366,92,45,0.4891304347826087,3,42,1,91,0.9891304347826086,0.06666666666666667,0.6861313868613139,0.15565246155196275,0.829681756437101,0.7128019323671496
9,sider,SIDER19,tr,1,1366,789,317,0.4017743979721166,243,74,5,784,0.9936628643852978,0.7665615141955836,0.9285714285714286,0.8242148607174018,0.9947035623668288,0.9882653040825545
9,sider,SIDER19,va,1,1366,82,41,0.5,6,35,4,78,0.9512195121951219,0.14634146341463414,0.6829268292682927,0.1682812647646683,0.8297566690626785,0.7421177870315289
9,sider,SIDER19,te,1,1366,92,45,0.4891304347826087,5,40,4,88,0.9565217391304348,0.1111111111111111,0.6788321167883211,0.12821286982695845,0.8243747141059555,0.6867149758454106
10,sider,SIDER19,tr,1,1366,772,334,0.4326424870466321,267,67,13,759,0.9831606217616581,0.7994011976047904,0.9276672694394213,0.8262881022973164,0.993170309682957,0.9851249573392077
10,sider,SIDER19,va,1,1366,91,32,0.3516483516483517,8,24,7,84,0.9230769230769231,0.25,0.7479674796747967,0.23204774044612833,0.8203348678868851,0.6229395604395604
10,sider,SIDER19,te,1,1366,100,37,0.37,6,31,2,98,0.98,0.16216216216216217,0.7591240875912408,0.26918139128125035,0.8858192089467486,0.7362162162162162
11,sider,SIDER19,tr,1,1366,777,329,0.42342342342342343,280,49,13,764,0.9832689832689833,0.851063829787234,0.9439421338155516,0.8643083316369382,0.9942634893104334,0.9874312001971576
11,sider,SIDER19,va,1,1366,88,35,0.3977272727272727,10,25,9,79,0.8977272727272727,0.2857142857142857,0.7235772357723578,0.22902327432364436,0.8322725443406823,0.6931818181818181
11,sider,SIDER19,te,1,1366,98,39,0.3979591836734694,4,35,8,90,0.9183673469387755,0.10256410256410256,0.6861313868613139,0.033411734068839176,0.7818276612657306,0.6101517530088958
12,sider,SIDER19,tr,1,1366,788,318,0.4035532994923858,256,62,12,776,0.9847715736040609,0.8050314465408805,0.9330922242314648,0.8342688967879711,0.9936588355384639,0.9840572422820291
12,sider,SIDER19,va,1,1366,82,41,0.5,6,35,2,80,0.975609756097561,0.14634146341463414,0.6991869918699187,0.23312620206007809,0.8341886502265481,0.7317073170731706
12,sider,SIDER19,te,1,1366,93,44,0.4731182795698925,8,36,2,91,0.978494623655914,0.18181818181818182,0.7226277372262774,0.2877624791427253,0.8511885472621531,0.742913000977517
13,sider,SIDER19,tr,1,1366,781,325,0.41613316261203587,264,61,10,771,0.9871959026888605,0.8123076923076923,0.9358047016274864,0.8436273944106144,0.9939295894927676,0.9863961390721954
13,sider,SIDER19,va,1,1366,83,40,0.4819277108433735,7,33,3,80,0.963855421686747,0.175,0.7073170731707317,0.23800860659233886,0.8617651487160621,0.7590361445783133
13,sider,SIDER19,te,1,1366,99,38,0.3838383838383838,7,31,8,91,0.9191919191919192,0.18421052631578946,0.7153284671532847,0.1482568132632055,0.8035078185899918,0.5890483785220628
14,sider,SIDER19,tr,1,1366,796,310,0.38944723618090454,255,55,8,788,0.9899497487437185,0.8225806451612904,0.9430379746835443,0.8572062613201554,0.9944380766937254,0.9866408656184146
14,sider,SIDER19,va,1,1366,77,46,0.5974025974025974,7,39,5,72,0.935064935064935,0.15217391304347827,0.6422764227642277,0.1422597655347947,0.8032650496933302,0.7094861660079052
14,sider,SIDER19,te,1,1366,90,47,0.5222222222222223,5,42,4,86,0.9555555555555556,0.10638297872340426,0.6642335766423357,0.11868746884722339,0.7664682325714851,0.6229314420803782
15,sider,SIDER19,tr,1,1366,782,324,0.4143222506393862,227,97,5,777,0.9936061381074168,0.7006172839506173,0.9077757685352622,0.776024504001617,0.9925269099018383,0.9849112752991697
15,sider,SIDER19,va,1,1366,80,43,0.5375,2,41,2,78,0.975,0.046511627906976744,0.6504065040650406,0.05782944470262542,0.8175115081731379,0.7174418604651163
15,sider,SIDER19,te,1,1366,101,36,0.3564356435643564,5,31,2,99,0.9801980198019802,0.1388888888888889,0.7591240875912408,0.23804291667529515,0.9041741293306109,0.7886413641364137
1,sider,SIDER20,tr,1,1366,818,288,0.35207823960880197,206,82,6,812,0.9926650366748166,0.7152777777777778,0.9204339963833634,0.7892859715931858,0.9927727462667584,0.981274195191524
1,sider,SIDER20,va,1,1366,95,28,0.29473684210526313,3,25,4,91,0.9578947368421052,0.10714285714285714,0.7642276422764228,0.11771377032190032,0.7988243079904875,0.5631578947368421
1,sider,SIDER20,te,1,1366,108,29,0.26851851851851855,2,27,10,98,0.9074074074074074,0.06896551724137931,0.7299270072992701,-0.03414091949542639,0.8242711160099361,0.5459770114942528
2,sider,SIDER20,tr,1,1366,829,277,0.3341375150784077,0,277,0,829,1.0,0.0,0.7495479204339964,0.0,0.9915561989406902,0.9752496374649985
2,sider,SIDER20,va,1,1366,91,32,0.3516483516483517,0,32,0,91,1.0,0.0,0.7398373983739838,0.0,0.7997268738617118,0.601304945054945
2,sider,SIDER20,te,1,1366,101,36,0.3564356435643564,0,36,0,101,1.0,0.0,0.7372262773722628,0.0,0.8448195381794131,0.7004950495049506
3,sider,SIDER20,tr,1,1366,833,273,0.3277310924369748,3,270,0,833,1.0,0.01098901098901099,0.755877034358047,0.09109909200303322,0.9933253578861286,0.981102331042307
3,sider,SIDER20,va,1,1366,85,38,0.4470588235294118,1,37,0,85,1.0,0.02631578947368421,0.6991869918699187,0.13540595021865023,0.7948054134259368,0.6527863777089783
3,sider,SIDER20,te,1,1366,103,34,0.3300970873786408,1,33,0,103,1.0,0.029411764705882353,0.7591240875912408,0.14924840536900166,0.82224123772845,0.6324957167332953
4,sider,SIDER20,tr,1,1366,836,270,0.3229665071770335,3,267,0,836,1.0,0.011111111111111112,0.7585895117540687,0.09176860454696711,0.9926077457381357,0.9787037037037036
4,sider,SIDER20,va,1,1366,86,37,0.43023255813953487,1,36,2,84,0.9767441860465116,0.02702702702702703,0.6910569105691057,0.01121191787569314,0.8232686338124987,0.6522627278441232
4,sider,SIDER20,te,1,1366,99,38,0.3838383838383838,0,38,0,99,1.0,0.0,0.7226277372262774,0.0,0.7871286591834725,0.6283891547049442
5,sider,SIDER20,tr,1,1366,825,281,0.3406060606060606,7,274,0,825,1.0,0.02491103202846975,0.7522603978300181,0.1367489461410555,0.9929262351537975,0.9782573061576622
5,sider,SIDER20,va,1,1366,100,23,0.23,0,23,1,99,0.99,0.0,0.8048780487804879,-0.04341941848573374,0.8388593967735587,0.5817391304347825
5,sider,SIDER20,te,1,1366,96,41,0.4270833333333333,0,41,0,96,1.0,0.0,0.7007299270072993,0.0,0.7769555504702885,0.6272865853658537
6,sider,SIDER20,tr,1,1366,834,272,0.3261390887290168,0,272,0,834,1.0,0.0,0.7540687160940326,0.0,0.9934062848152314,0.9804450557201299
6,sider,SIDER20,va,1,1366,88,35,0.3977272727272727,0,35,0,88,1.0,0.0,0.7154471544715447,0.0,0.86854722927218,0.7146103896103896
6,sider,SIDER20,te,1,1366,99,38,0.3838383838383838,0,38,0,99,1.0,0.0,0.7226277372262774,0.0,0.7739406363164867,0.626528442317916
7,sider,SIDER20,tr,1,1366,821,285,0.3471376370280146,0,285,0,821,1.0,0.0,0.7423146473779385,0.0,0.9915204342397361,0.9755262089450178
7,sider,SIDER20,va,1,1366,90,33,0.36666666666666664,0,33,0,90,1.0,0.0,0.7317073170731707,0.0,0.8491835802823111,0.6666666666666666
7,sider,SIDER20,te,1,1366,110,27,0.24545454545454545,0,27,0,110,1.0,0.0,0.8029197080291971,0.0,0.87658884118807,0.6572390572390573
8,sider,SIDER20,tr,1,1366,822,284,0.34549878345498786,190,94,6,816,0.9927007299270073,0.6690140845070423,0.9095840867992767,0.7570371718934016,0.9917064321664852,0.9792673314828141
8,sider,SIDER20,va,1,1366,96,27,0.28125,0,27,1,95,0.9895833333333334,0.0,0.7723577235772358,-0.04801382997483523,0.8417315150893648,0.6215277777777779
8,sider,SIDER20,te,1,1366,103,34,0.3300970873786408,1,33,3,100,0.970873786407767,0.029411764705882353,0.7372262773722628,0.0007326323864166682,0.7884788256345466,0.6089377498572245
9,sider,SIDER20,tr,1,1366,835,271,0.32455089820359284,5,266,0,835,1.0,0.01845018450184502,0.759493670886076,0.11829051837935485,0.9937421188246038,0.9824292374660274
9,sider,SIDER20,va,1,1366,87,36,0.41379310344827586,2,34,0,87,1.0,0.05555555555555555,0.7235772357723578,0.1998622114889823,0.8161112288588735,0.6829501915708812
9,sider,SIDER20,te,1,1366,99,38,0.3838383838383838,0,38,1,98,0.98989898989899,0.0,0.7153284671532847,-0.0531257099494691,0.6710322435836621,0.4633173843700159
10,sider,SIDER20,tr,1,1366,821,285,0.3471376370280146,1,284,0,821,1.0,0.0035087719298245615,0.7432188065099458,0.05105849501768987,0.9899663545732764,0.9728636451054554
10,sider,SIDER20,va,1,1366,97,26,0.26804123711340205,0,26,0,97,1.0,0.0,0.7886178861788617,0.0,0.8977227894439199,0.7164948453608248
10,sider,SIDER20,te,1,1366,103,34,0.3300970873786408,0,34,0,103,1.0,0.0,0.7518248175182481,0.0,0.8767334463657165,0.7367218732153055
11,sider,SIDER20,tr,1,1366,821,285,0.3471376370280146,1,284,0,821,1.0,0.0035087719298245615,0.7432188065099458,0.05105849501768987,0.992466065674864,0.9790072013163236
11,sider,SIDER20,va,1,1366,95,28,0.29473684210526313,0,28,2,93,0.9789473684210527,0.0,0.7560975609756098,-0.06979744508635531,0.8521168655061668,0.630827067669173
11,sider,SIDER20,te,1,1366,105,32,0.3047619047619048,0,32,1,104,0.9904761904761905,0.0,0.7591240875912408,-0.04733810683311457,0.8177478775928572,0.5857142857142856
12,sider,SIDER20,tr,1,1366,829,277,0.3341375150784077,5,272,0,829,1.0,0.018050541516245487,0.7540687160940326,0.11658125425534274,0.9935631157996919,0.9801509364943192
12,sider,SIDER20,va,1,1366,93,30,0.3225806451612903,1,29,1,92,0.989247311827957,0.03333333333333333,0.7560975609756098,0.0766709359406925,0.8545477075126402,0.6688172043010754
12,sider,SIDER20,te,1,1366,99,38,0.3838383838383838,0,38,0,99,1.0,0.0,0.7226277372262774,0.0,0.7432959090060511,0.5576820839978736
13,sider,SIDER20,tr,1,1366,819,287,0.3504273504273504,0,287,0,819,1.0,0.0,0.740506329113924,0.0,0.9910696834625449,0.9750481806230937
13,sider,SIDER20,va,1,1366,96,27,0.28125,0,27,0,96,1.0,0.0,0.7804878048780488,0.0,0.9471982222697183,0.8167438271604938
13,sider,SIDER20,te,1,1366,106,31,0.29245283018867924,0,31,0,106,1.0,0.0,0.7737226277372263,0.0,0.8665437098999014,0.683505782105904
14,sider,SIDER20,tr,1,1366,831,275,0.3309265944645006,4,271,0,831,1.0,0.014545454545454545,0.7549728752260397,0.10473054496345303,0.9942531585407146,0.9821616890930971
14,sider,SIDER20,va,1,1366,96,27,0.28125,0,27,0,96,1.0,0.0,0.7804878048780488,0.0,0.8583730167579312,0.6535493827160495
14,sider,SIDER20,te,1,1366,94,43,0.4574468085106383,0,43,1,93,0.9893617021276596,0.0,0.6788321167883211,-0.05799637466551567,0.6854870462653146,0.5383473527956457
15,sider,SIDER20,tr,1,1366,839,267,0.3182359952324195,0,267,0,839,1.0,0.0,0.7585895117540687,0.0,0.9941176109068361,0.9814943775584452
15,sider,SIDER20,va,1,1366,87,36,0.41379310344827586,0,36,0,87,1.0,0.0,0.7073170731707317,0.0,0.761448977701033,0.6044061302681992
15,sider,SIDER20,te,1,1366,95,42,0.4421052631578947,0,42,0,95,1.0,0.0,0.6934306569343066,0.0,0.817331777821589,0.7087719298245614
1,sider,SIDER21,tr,1,1366,776,330,0.4252577319587629,162,168,26,750,0.9664948453608248,0.4909090909090909,0.8245931283905967,0.55716966462474,0.9564724180496291,0.8980416276163699
1,sider,SIDER21,va,1,1366,90,33,0.36666666666666664,7,26,5,85,0.9444444444444444,0.21212121212121213,0.7479674796747967,0.23378821539361114,0.8421430811658261,0.69006734006734
1,sider,SIDER21,te,1,1366,116,21,0.1810344827586207,8,13,14,102,0.8793103448275862,0.38095238095238093,0.8029197080291971,0.25538204206422355,0.8946141377241752,0.6884236453201971
2,sider,SIDER21,tr,1,1366,798,308,0.38596491228070173,127,181,17,781,0.9786967418546366,0.41233766233766234,0.8209764918625678,0.520862380249775,0.9630283150667507,0.9041373726524102
2,sider,SIDER21,va,1,1366,92,31,0.33695652173913043,2,29,5,87,0.9456521739130435,0.06451612903225806,0.7235772357723578,0.01905659142181284,0.7994754780717399,0.6064165497896212
2,sider,SIDER21,te,1,1366,92,45,0.4891304347826087,5,40,2,90,0.9782608695652174,0.1111111111111111,0.6934306569343066,0.19062543921834887,0.8352786223458961,0.7326086956521738
3,sider,SIDER21,tr,1,1366,800,306,0.3825,12,294,3,797,0.99625,0.0392156862745098,0.7314647377938517,0.13716903077029527,0.9598474550865279,0.902156862745098
3,sider,SIDER21,va,1,1366,85,38,0.4470588235294118,2,36,3,82,0.9647058823529412,0.05263157894736842,0.6829268292682927,0.040565866774272444,0.8416748488183968,0.6888544891640868
3,sider,SIDER21,te,1,1366,97,40,0.41237113402061853,1,39,0,97,1.0,0.025,0.7153284671532847,0.13353232699590328,0.8814397833507007,0.7481958762886598
4,sider,SIDER21,tr,1,1366,796,310,0.38944723618090454,14,296,1,795,0.9987437185929648,0.04516129032258064,0.7314647377938517,0.17048785458326496,0.9555757214649407,0.8933275247203761
4,sider,SIDER21,va,1,1366,88,35,0.3977272727272727,3,32,1,87,0.9886363636363636,0.08571428571428572,0.7317073170731707,0.18912835611499862,0.8523951393107154,0.7373376623376623
4,sider,SIDER21,te,1,1366,98,39,0.3979591836734694,1,38,2,96,0.9795918367346939,0.02564102564102564,0.708029197080292,0.016135098751707024,0.8855692332522757,0.7433281004709575
5,sider,SIDER21,tr,1,1366,785,321,0.4089171974522293,153,168,18,767,0.9770700636942675,0.4766355140186916,0.8318264014466547,0.5695837654307383,0.956770842892297,0.8979998809452943
5,sider,SIDER21,va,1,1366,87,36,0.41379310344827586,9,27,7,80,0.9195402298850575,0.25,0.7235772357723578,0.22931463059874446,0.836858542838826,0.6995530012771392
5,sider,SIDER21,te,1,1366,110,27,0.24545454545454545,3,24,5,105,0.9545454545454546,0.1111111111111111,0.7883211678832117,0.11138239140608987,0.8791453265150156,0.6835016835016835
6,sider,SIDER21,tr,1,1366,807,299,0.3705080545229244,9,290,1,806,0.9987608426270136,0.030100334448160536,0.7368896925858951,0.1354194743996257,0.9639231765148776,0.9041041389513992
6,sider,SIDER21,va,1,1366,84,39,0.4642857142857143,3,36,0,84,1.0,0.07692307692307693,0.7073170731707317,0.23204774044612755,0.8395890049667398,0.724969474969475
6,sider,SIDER21,te,1,1366,91,46,0.5054945054945055,2,44,0,91,1.0,0.043478260869565216,0.6788321167883211,0.17119453390223346,0.812690366882103,0.7102245580506449
7,sider,SIDER21,tr,1,1366,795,311,0.39119496855345914,145,166,21,774,0.9735849056603774,0.4662379421221865,0.8309222423146474,0.553635046462042,0.9589188975249177,0.8981496086877389
7,sider,SIDER21,va,1,1366,83,40,0.4819277108433735,6,34,2,81,0.9759036144578314,0.15,0.7073170731707317,0.239173647221858,0.8068150889017796,0.6804216867469879
7,sider,SIDER21,te,1,1366,104,33,0.3173076923076923,4,29,9,95,0.9134615384615384,0.12121212121212122,0.7226277372262774,0.05059304317880808,0.8872805442079571,0.7226107226107227
8,sider,SIDER21,tr,1,1366,793,313,0.39470365699873894,60,253,2,791,0.9974779319041615,0.19169329073482427,0.7694394213381555,0.370439883635251,0.9554189435725389,0.8914704946234827
8,sider,SIDER21,va,1,1366,83,40,0.4819277108433735,2,38,1,82,0.9879518072289156,0.05,0.6829268292682927,0.11525247298917439,0.8299240860832433,0.7606927710843373
8,sider,SIDER21,te,1,1366,106,31,0.29245283018867924,2,29,1,105,0.9905660377358491,0.06451612903225806,0.781021897810219,0.1574823071877675,0.881996274682469,0.6894400486914182
9,sider,SIDER21,tr,1,1366,801,305,0.3807740324594257,128,177,15,786,0.9812734082397003,0.419672131147541,0.8264014466546112,0.5340358368371101,0.962455686045894,0.9026503755551462
9,sider,SIDER21,va,1,1366,84,39,0.4642857142857143,7,32,5,79,0.9404761904761905,0.1794871794871795,0.6991869918699187,0.1881345207414041,0.8938563367872943,0.7768620268620269
9,sider,SIDER21,te,1,1366,97,40,0.41237113402061853,3,37,4,93,0.9587628865979382,0.075,0.7007299270072993,0.06971636527513247,0.7961445196623207,0.6123711340206186
10,sider,SIDER21,tr,1,1366,788,318,0.4035532994923858,125,193,7,781,0.9911167512690355,0.39308176100628933,0.8191681735985533,0.5363717592071755,0.9546110308830535,0.8918745809788333
10,sider,SIDER21,va,1,1366,91,32,0.3516483516483517,5,27,1,90,0.989010989010989,0.15625,0.7723577235772358,0.2958531011853351,0.8695858727708892,0.71875
10,sider,SIDER21,te,1,1366,103,34,0.3300970873786408,4,30,3,100,0.970873786407767,0.11764705882352941,0.7591240875912408,0.17365325442127735,0.8868230499757651,0.7732724157624215
11,sider,SIDER21,tr,1,1366,797,309,0.3877038895859473,125,184,17,780,0.9786700125470514,0.4045307443365696,0.8182640144665461,0.5139869227438173,0.9625660463546641,0.9051783995809528
11,sider,SIDER21,va,1,1366,87,36,0.41379310344827586,3,33,4,83,0.9540229885057471,0.08333333333333333,0.6991869918699187,0.07336635964830764,0.8027842169687648,0.661558109833972
11,sider,SIDER21,te,1,1366,98,39,0.3979591836734694,8,31,3,95,0.9693877551020408,0.20512820512820512,0.7518248175182481,0.2898003311651239,0.8174667591411665,0.6993720565149137
12,sider,SIDER21,tr,1,1366,803,303,0.37733499377334995,143,160,18,785,0.9775840597758406,0.47194719471947194,0.8390596745027125,0.5684733854338264,0.9614102344570301,0.9019723890197239
12,sider,SIDER21,va,1,1366,89,34,0.38202247191011235,5,29,9,80,0.898876404494382,0.14705882352941177,0.6910569105691057,0.06468492390762577,0.8654250416651106,0.6850627891606081
12,sider,SIDER21,te,1,1366,90,47,0.5222222222222223,10,37,2,88,0.9777777777777777,0.2127659574468085,0.7153284671532847,0.3199773435635887,0.790897642794764,0.6957446808510638
13,sider,SIDER21,tr,1,1366,785,321,0.4089171974522293,134,187,9,776,0.9885350318471338,0.4174454828660436,0.8227848101265823,0.5491757756880847,0.9543407291835878,0.8937992340813938
13,sider,SIDER21,va,1,1366,100,23,0.23,2,21,6,94,0.94,0.08695652173913043,0.7804878048780488,0.04262200324574762,0.9155213351185966,0.7326086956521739
13,sider,SIDER21,te,1,1366,97,40,0.41237113402061853,6,34,4,93,0.9587628865979382,0.15,0.7226277372262774,0.1901055201067629,0.871093980390387,0.7114690721649484
14,sider,SIDER21,tr,1,1366,804,302,0.3756218905472637,143,159,20,784,0.9751243781094527,0.4735099337748344,0.8381555153707052,0.5638639546875345,0.9629365749270027,0.9043874172185429
14,sider,SIDER21,va,1,1366,85,38,0.4470588235294118,10,28,6,79,0.9294117647058824,0.2631578947368421,0.7235772357723578,0.264507044777231,0.8124513620018671,0.7054179566563467
14,sider,SIDER21,te,1,1366,93,44,0.4731182795698925,8,36,6,87,0.9354838709677419,0.18181818181818182,0.6934306569343066,0.1808243244606039,0.7831580326164604,0.6148582600195505
15,sider,SIDER21,tr,1,1366,793,313,0.39470365699873894,125,188,9,784,0.9886506935687264,0.3993610223642173,0.8218806509945751,0.5356339179094546,0.9594776798461989,0.8984384127892218
15,sider,SIDER21,va,1,1366,88,35,0.3977272727272727,3,32,1,87,0.9886363636363636,0.08571428571428572,0.7317073170731707,0.18912835611499862,0.8336478898883337,0.6616883116883118
15,sider,SIDER21,te,1,1366,101,36,0.3564356435643564,6,30,5,96,0.9504950495049505,0.16666666666666666,0.7445255474452555,0.18976497024355138,0.830039363133583,0.7033828382838283
1,sider,SIDER22,tr,1,1366,705,401,0.5687943262411348,394,7,15,690,0.9787234042553191,0.9825436408977556,0.9801084990958409,0.9572662678762619,0.9975733198066826,0.9942165861940893
1,sider,SIDER22,va,1,1366,72,51,0.7083333333333334,15,36,4,68,0.9444444444444444,0.29411764705882354,0.6747967479674797,0.32520656169839424,0.7608193279675761,0.6938997821350763
1,sider,SIDER22,te,1,1366,104,33,0.3173076923076923,7,26,12,92,0.8846153846153846,0.21212121212121213,0.7226277372262774,0.11968690592103992,0.764843700043328,0.5681818181818182
2,sider,SIDER22,tr,1,1366,715,391,0.5468531468531469,384,7,14,701,0.9804195804195804,0.9820971867007673,0.9810126582278481,0.9587194504588293,0.9985847912167556,0.9965714592313057
2,sider,SIDER22,va,1,1366,75,48,0.64,13,35,6,69,0.92,0.2708333333333333,0.6666666666666666,0.25757992745619757,0.8236506241890204,0.7100000000000001
2,sider,SIDER22,te,1,1366,91,46,0.5054945054945055,13,33,8,83,0.9120879120879121,0.2826086956521739,0.7007299270072993,0.255222732910214,0.7211304820088513,0.6411849020544671
3,sider,SIDER22,tr,1,1366,719,387,0.5382475660639777,386,1,14,705,0.980528511821975,0.9974160206718347,0.9864376130198915,0.9707374945373163,0.998348006933943,0.9957269104016849
3,sider,SIDER22,va,1,1366,72,51,0.7083333333333334,8,43,9,63,0.875,0.1568627450980392,0.5772357723577236,0.04548384094559941,0.7219961168800669,0.6053921568627451
3,sider,SIDER22,te,1,1366,90,47,0.5222222222222223,14,33,14,76,0.8444444444444444,0.2978723404255319,0.656934306569343,0.1675459918976238,0.7667781538344411,0.6362884160756501
4,sider,SIDER22,tr,1,1366,725,381,0.5255172413793103,365,16,7,718,0.9903448275862069,0.958005249343832,0.9792043399638336,0.9538512979194002,0.9977657526555654,0.9941442664494525
4,sider,SIDER22,va,1,1366,79,44,0.5569620253164557,9,35,3,76,0.9620253164556962,0.20454545454545456,0.6910569105691057,0.26908318986945257,0.8404414544017402,0.7387802071346374
4,sider,SIDER22,te,1,1366,77,60,0.7792207792207793,8,52,4,73,0.948051948051948,0.13333333333333333,0.5912408759124088,0.14283058916274613,0.6898999292718765,0.6585497835497837
5,sider,SIDER22,tr,1,1366,711,395,0.5555555555555556,384,11,13,698,0.9817158931082982,0.9721518987341772,0.9783001808318263,0.9528031009611205,0.9971367836532286,0.9929783332443164
5,sider,SIDER22,va,1,1366,76,47,0.618421052631579,11,36,5,71,0.9342105263157895,0.23404255319148937,0.6666666666666666,0.24303390592638136,0.8190523455367562,0.7213045912653975
5,sider,SIDER22,te,1,1366,94,43,0.4574468085106383,11,32,2,92,0.9787234042553191,0.2558139534883721,0.7518248175182481,0.37138782637732926,0.8318657379684284,0.7221672439386442
6,sider,SIDER22,tr,1,1366,720,386,0.5361111111111111,379,7,15,705,0.9791666666666666,0.9818652849740933,0.9801084990958409,0.9565542812367355,0.9984532150958821,0.996225532527346
6,sider,SIDER22,va,1,1366,79,44,0.5569620253164557,13,31,9,70,0.8860759493670886,0.29545454545454547,0.6747967479674797,0.22704787838363688,0.7607007645769922,0.6494533947065593
6,sider,SIDER22,te,1,1366,82,55,0.6707317073170732,15,40,8,74,0.9024390243902439,0.2727272727272727,0.6496350364963503,0.22973252008965164,0.808187098443337,0.7277161862527716
7,sider,SIDER22,tr,1,1366,701,405,0.5777460770328102,397,8,11,690,0.9843081312410842,0.980246913580247,0.9828209764918626,0.963065320812788,0.9982320811971026,0.9959986615241015
7,sider,SIDER22,va,1,1366,86,37,0.43023255813953487,10,27,8,78,0.9069767441860465,0.2702702702702703,0.7154471544715447,0.2299842600472997,0.847708276844392,0.7086737900691389
7,sider,SIDER22,te,1,1366,94,43,0.4574468085106383,14,29,11,83,0.8829787234042553,0.32558139534883723,0.708029197080292,0.25058230762769407,0.7839083779008813,0.6658832261256803
8,sider,SIDER22,tr,1,1366,699,407,0.5822603719599427,399,8,12,687,0.9828326180257511,0.9803439803439803,0.9819168173598554,0.961232401148891,0.998561568909999,0.9968979904602222
8,sider,SIDER22,va,1,1366,83,40,0.4819277108433735,15,25,13,70,0.8433734939759037,0.375,0.6910569105691057,0.24396534877561354,0.8489160755386859,0.727710843373494
8,sider,SIDER22,te,1,1366,99,38,0.3838383838383838,13,25,11,88,0.8888888888888888,0.34210526315789475,0.7372262773722628,0.27206052904338823,0.7859001935756635,0.6390217969165337
9,sider,SIDER22,tr,1,1366,718,388,0.5403899721448467,379,9,15,703,0.979108635097493,0.9768041237113402,0.9783001808318263,0.9525948636186473,0.9976358846882203,0.9941651351118513
9,sider,SIDER22,va,1,1366,76,47,0.618421052631579,12,35,7,69,0.9078947368421053,0.2553191489361702,0.6585365853658537,0.2194418012918638,0.7683986987292406,0.6825307950727884
9,sider,SIDER22,te,1,1366,87,50,0.5747126436781609,9,41,7,80,0.9195402298850575,0.18,0.6496350364963503,0.14920747857712044,0.762527633546272,0.6580459770114941
10,sider,SIDER22,tr,1,1366,715,391,0.5468531468531469,380,11,14,701,0.9804195804195804,0.9718670076726342,0.9773960216998192,0.9506506723281252,0.9978295542463886,0.9946237905317189
10,sider,SIDER22,va,1,1366,80,43,0.5375,12,31,11,69,0.8625,0.27906976744186046,0.6585365853658537,0.17313537897839915,0.8392193167477728,0.7129360465116279
10,sider,SIDER22,te,1,1366,86,51,0.5930232558139535,15,36,8,78,0.9069767441860465,0.29411764705882354,0.6788321167883211,0.2600865703130379,0.7443835105584768,0.6545827633378932
11,sider,SIDER22,tr,1,1366,717,389,0.5425383542538355,382,7,16,701,0.9776847977684798,0.9820051413881749,0.9792043399638336,0.9547884473744099,0.9984267550458409,0.9963142628705008
11,sider,SIDER22,va,1,1366,72,51,0.7083333333333334,11,40,10,62,0.8611111111111112,0.21568627450980393,0.5934959349593496,0.10055138079501603,0.6900649490950916,0.6410675381263616
11,sider,SIDER22,te,1,1366,92,45,0.4891304347826087,8,37,15,77,0.8369565217391305,0.17777777777777778,0.6204379562043796,0.01851455681579233,0.7661969967778047,0.5971014492753624
12,sider,SIDER22,tr,1,1366,722,384,0.5318559556786704,380,4,11,711,0.9847645429362881,0.9895833333333334,0.9864376130198915,0.9703018384670015,0.9990716836983378,0.997752914358264
12,sider,SIDER22,va,1,1366,75,48,0.64,14,34,12,63,0.84,0.2916666666666667,0.6260162601626016,0.1573093549293715,0.7447951349869721,0.6543055555555556
12,sider,SIDER22,te,1,1366,84,53,0.6309523809523809,10,43,6,78,0.9285714285714286,0.18867924528301888,0.6423357664233577,0.17780347667633759,0.7363799174695893,0.6099505840071877
13,sider,SIDER22,tr,1,1366,705,401,0.5687943262411348,392,9,17,688,0.975886524822695,0.9775561097256857,0.976491862567812,0.9494744223369258,0.9969339675083086,0.992612440529881
13,sider,SIDER22,va,1,1366,84,39,0.4642857142857143,13,26,12,72,0.8571428571428571,0.3333333333333333,0.6910569105691057,0.22025693980786992,0.8285602192068228,0.6732295482295483
13,sider,SIDER22,te,1,1366,92,45,0.4891304347826087,16,29,6,86,0.9347826086956522,0.35555555555555557,0.7445255474452555,0.37140182762238205,0.8745822367398127,0.7507246376811595
14,sider,SIDER22,tr,1,1366,720,386,0.5361111111111111,382,4,9,711,0.9875,0.9896373056994818,0.9882459312839059,0.9742582572152697,0.9981179537798658,0.9953763672999424
14,sider,SIDER22,va,1,1366,71,52,0.7323943661971831,15,37,9,62,0.8732394366197183,0.28846153846153844,0.6260162601626016,0.20156738741211094,0.7068042095724673,0.6359696641386782
14,sider,SIDER22,te,1,1366,90,47,0.5222222222222223,13,34,12,78,0.8666666666666667,0.2765957446808511,0.6642335766423357,0.1760854310479876,0.7838877469558847,0.6794326241134752
15,sider,SIDER22,tr,1,1366,706,400,0.56657223796034,392,8,14,692,0.9801699716713881,0.98,0.9801084990958409,0.9571244909616476,0.9976547724468987,0.9941625354107648
15,sider,SIDER22,va,1,1366,80,43,0.5375,10,33,12,68,0.85,0.23255813953488372,0.6341463414634146,0.10272285739357738,0.6796642994478044,0.5392441860465116
15,sider,SIDER22,te,1,1366,95,42,0.4421052631578947,20,22,12,83,0.8736842105263158,0.47619047619047616,0.7518248175182481,0.381267100575362,0.8862513604484203,0.7709273182957393
1,sider,SIDER23,tr,1,1366,96,1010,10.520833333333334,1010,0,96,0,0.0,1.0,0.9132007233273056,0.0,0.9799817341801734,0.9988345709570957
1,sider,SIDER23,va,1,1366,12,111,9.25,111,0,12,0,0.0,1.0,0.9024390243902439,0.0,0.24153381404839336,0.6951951951951952
1,sider,SIDER23,te,1,1366,12,125,10.416666666666666,125,0,12,0,0.0,1.0,0.9124087591240876,0.0,0.11143626710409517,0.5346666666666666
2,sider,SIDER23,tr,1,1366,99,1007,10.171717171717171,1007,0,99,0,0.0,1.0,0.9104882459312839,0.0,0.9988234991771939,0.9998896612600684
2,sider,SIDER23,va,1,1366,12,111,9.25,111,0,12,0,0.0,1.0,0.9024390243902439,0.0,0.11473729418932208,0.49699699699699695
2,sider,SIDER23,te,1,1366,9,128,14.222222222222221,128,0,9,0,0.0,1.0,0.9343065693430657,0.0,0.08863812893084527,0.5755208333333333
3,sider,SIDER23,tr,1,1366,100,1006,10.06,1006,0,100,0,0.0,1.0,0.9095840867992767,0.0,0.9815172158109364,0.9987475149105367
3,sider,SIDER23,va,1,1366,12,111,9.25,111,0,12,0,0.0,1.0,0.9024390243902439,0.0,0.2053938460442901,0.71996996996997
3,sider,SIDER23,te,1,1366,8,129,16.125,129,0,8,0,0.0,1.0,0.9416058394160584,0.0,0.09301843664507144,0.563953488372093
4,sider,SIDER23,tr,1,1366,97,1009,10.402061855670103,1009,0,97,0,0.0,1.0,0.9122965641952984,0.0,0.972740858339922,0.9985746835184371
4,sider,SIDER23,va,1,1366,11,112,10.181818181818182,112,0,11,0,0.0,1.0,0.9105691056910569,0.0,0.2123234033772235,0.5811688311688311
4,sider,SIDER23,te,1,1366,12,125,10.416666666666666,125,0,12,0,0.0,1.0,0.9124087591240876,0.0,0.2993343411462752,0.6673333333333333
5,sider,SIDER23,tr,1,1366,97,1009,10.402061855670103,1009,0,97,0,0.0,1.0,0.9122965641952984,0.0,0.948901505085082,0.998125121330704
5,sider,SIDER23,va,1,1366,12,111,9.25,111,0,12,0,0.0,1.0,0.9024390243902439,0.0,0.16359632323281365,0.6021021021021021
5,sider,SIDER23,te,1,1366,11,126,11.454545454545455,126,0,11,0,0.0,1.0,0.9197080291970803,0.0,0.06789322379881546,0.43506493506493504
6,sider,SIDER23,tr,1,1366,102,1004,9.843137254901961,1004,0,102,0,0.0,1.0,0.9077757685352622,0.0,0.9926296325083095,0.9993311069447699
6,sider,SIDER23,va,1,1366,7,116,16.571428571428573,116,0,7,0,0.0,1.0,0.943089430894309,0.0,0.2397554968417156,0.7241379310344828
6,sider,SIDER23,te,1,1366,11,126,11.454545454545455,126,0,11,0,0.0,1.0,0.9197080291970803,0.0,0.0951955771982509,0.5764790764790766
7,sider,SIDER23,tr,1,1366,98,1008,10.285714285714286,1008,0,98,0,0.0,1.0,0.9113924050632911,0.0,0.9813994486544273,0.9991597829608033
7,sider,SIDER23,va,1,1366,12,111,9.25,111,0,12,0,0.0,1.0,0.9024390243902439,0.0,0.2618537589526943,0.6531531531531531
7,sider,SIDER23,te,1,1366,10,127,12.7,127,0,10,0,0.0,1.0,0.927007299270073,0.0,0.07260252826385366,0.5165354330708661
8,sider,SIDER23,tr,1,1366,97,1009,10.402061855670103,1009,0,97,0,0.0,1.0,0.9122965641952984,0.0,0.9888598714026554,0.999167288220449
8,sider,SIDER23,va,1,1366,11,112,10.181818181818182,112,0,11,0,0.0,1.0,0.9105691056910569,0.0,0.2432624999989948,0.7021103896103895
8,sider,SIDER23,te,1,1366,12,125,10.416666666666666,125,0,12,0,0.0,1.0,0.9124087591240876,0.0,0.1669660732876932,0.46066666666666667
9,sider,SIDER23,tr,1,1366,92,1014,11.021739130434783,1014,0,92,0,0.0,1.0,0.9168173598553345,0.0,0.9602661178512826,0.9980812108738529
9,sider,SIDER23,va,1,1366,13,110,8.461538461538462,110,0,13,0,0.0,1.0,0.8943089430894309,0.0,0.19514207368942538,0.4167832167832167
9,sider,SIDER23,te,1,1366,15,122,8.133333333333333,122,0,15,0,0.0,1.0,0.8905109489051095,0.0,0.17189221438218877,0.46448087431693985
10,sider,SIDER23,tr,1,1366,99,1007,10.171717171717171,1007,0,99,0,0.0,1.0,0.9104882459312839,0.0,0.9800450871401271,0.9986508581344729
10,sider,SIDER23,va,1,1366,10,113,11.3,113,0,10,0,0.0,1.0,0.9186991869918699,0.0,0.1811007502947676,0.6601769911504425
10,sider,SIDER23,te,1,1366,11,126,11.454545454545455,126,0,11,0,0.0,1.0,0.9197080291970803,0.0,0.1172205392509382,0.6457431457431457
11,sider,SIDER23,tr,1,1366,100,1006,10.06,1006,0,100,0,0.0,1.0,0.9095840867992767,0.0,0.9930659340844255,0.9994831013916501
11,sider,SIDER23,va,1,1366,9,114,12.666666666666666,114,0,9,0,0.0,1.0,0.926829268292683,0.0,0.06682293916192454,0.47173489278752434
11,sider,SIDER23,te,1,1366,11,126,11.454545454545455,126,0,11,0,0.0,1.0,0.9197080291970803,0.0,0.12441826745079604,0.577922077922078
12,sider,SIDER23,tr,1,1366,94,1012,10.76595744680851,1012,0,94,0,0.0,1.0,0.9150090415913201,0.0,0.988784584633676,0.9992694054326802
12,sider,SIDER23,va,1,1366,10,113,11.3,113,0,10,0,0.0,1.0,0.9186991869918699,0.0,0.14638544973601203,0.661061946902655
12,sider,SIDER23,te,1,1366,16,121,7.5625,121,0,16,0,0.0,1.0,0.8832116788321168,0.0,0.18336052109926587,0.6146694214876033
13,sider,SIDER23,tr,1,1366,96,1010,10.520833333333334,1010,0,96,0,0.0,1.0,0.9132007233273056,0.0,0.9601174789725936,0.9983188943894389
13,sider,SIDER23,va,1,1366,10,113,11.3,113,0,10,0,0.0,1.0,0.9186991869918699,0.0,0.29131531125548965,0.6522123893805309
13,sider,SIDER23,te,1,1366,14,123,8.785714285714286,123,0,14,0,0.0,1.0,0.8978102189781022,0.0,0.18554414185837068,0.653890824622532
14,sider,SIDER23,tr,1,1366,103,1003,9.737864077669903,1003,0,103,0,0.0,1.0,0.906871609403255,0.0,0.9753517794069446,0.9985480451848339
14,sider,SIDER23,va,1,1366,7,116,16.571428571428573,116,0,7,0,0.0,1.0,0.943089430894309,0.0,0.06645773304197487,0.5160098522167487
14,sider,SIDER23,te,1,1366,10,127,12.7,127,0,10,0,0.0,1.0,0.927007299270073,0.0,0.19018021909909122,0.5779527559055118
15,sider,SIDER23,tr,1,1366,92,1014,11.021739130434783,1014,0,92,0,0.0,1.0,0.9168173598553345,0.0,0.9958573711981116,0.9996355372609553
15,sider,SIDER23,va,1,1366,14,109,7.785714285714286,109,0,14,0,0.0,1.0,0.8861788617886179,0.0,0.22356341892644319,0.5498034076015728
15,sider,SIDER23,te,1,1366,14,123,8.785714285714286,123,0,14,0,0.0,1.0,0.8978102189781022,0.0,0.23297051639186567,0.6254355400696865
1,sider,SIDER24,tr,1,1366,503,603,1.1988071570576542,600,3,9,494,0.9821073558648111,0.9950248756218906,0.9891500904159132,0.9781583057959772,0.9973961004403622,0.9961985961511197
1,sider,SIDER24,va,1,1366,60,63,1.05,46,17,29,31,0.5166666666666667,0.7301587301587301,0.6260162601626016,0.2529207689058281,0.6279984596270825,0.6964285714285714
1,sider,SIDER24,te,1,1366,78,59,0.7564102564102564,34,25,46,32,0.41025641025641024,0.576271186440678,0.48175182481751827,-0.01353430505526839,0.6367015707815443,0.5806171229900043
2,sider,SIDER24,tr,1,1366,528,578,1.0946969696969697,577,1,9,519,0.9829545454545454,0.9982698961937716,0.9909584086799277,0.9819712173028128,0.9987119678005899,0.9981289975883403
2,sider,SIDER24,va,1,1366,55,68,1.2363636363636363,44,24,27,28,0.509090909090909,0.6470588235294118,0.5853658536585366,0.15716151253153288,0.5423546659740669,0.6093582887700535
2,sider,SIDER24,te,1,1366,58,79,1.3620689655172413,51,28,25,33,0.5689655172413793,0.6455696202531646,0.6131386861313869,0.2132820280811353,0.5002369963728166,0.6073766914011349
3,sider,SIDER24,tr,1,1366,527,579,1.0986717267552182,578,1,11,516,0.9791271347248577,0.998272884283247,0.9891500904159132,0.9783945247792252,0.9982414736882753,0.9975158373561693
3,sider,SIDER24,va,1,1366,47,76,1.6170212765957446,49,27,23,24,0.5106382978723404,0.6447368421052632,0.5934959349593496,0.1532448617736125,0.4866459964380226,0.60008398656215
3,sider,SIDER24,te,1,1366,67,70,1.044776119402985,51,19,33,34,0.5074626865671642,0.7285714285714285,0.6204379562043796,0.2422610647796733,0.6639580511614026,0.6648187633262261
4,sider,SIDER24,tr,1,1366,525,581,1.1066666666666667,577,4,15,510,0.9714285714285714,0.9931153184165232,0.9828209764918626,0.9657112689855245,0.9982280228266396,0.9976034751249898
4,sider,SIDER24,va,1,1366,59,64,1.0847457627118644,44,20,31,28,0.4745762711864407,0.6875,0.5853658536585366,0.1659908615005504,0.5798230778354765,0.6422139830508474
4,sider,SIDER24,te,1,1366,57,80,1.4035087719298245,53,27,25,32,0.5614035087719298,0.6625,0.6204379562043796,0.22287944292627462,0.6010965716345558,0.6684210526315788
5,sider,SIDER24,tr,1,1366,517,589,1.1392649903288201,585,4,12,505,0.97678916827853,0.9932088285229203,0.9855334538878843,0.971018936781307,0.9987183319820457,0.9985287984421026
5,sider,SIDER24,va,1,1366,53,70,1.320754716981132,45,25,24,29,0.5471698113207547,0.6428571428571429,0.6016260162601627,0.1896185131808245,0.5453388412698531,0.6409703504043127
5,sider,SIDER24,te,1,1366,71,66,0.9295774647887324,39,27,31,40,0.5633802816901409,0.5909090909090909,0.5766423357664233,0.15422356352283245,0.5717578054466197,0.5799189073836961
6,sider,SIDER24,tr,1,1366,527,579,1.0986717267552182,574,5,9,518,0.9829222011385199,0.9913644214162349,0.9873417721518988,0.9746444344525296,0.9976040570247523,0.9961983790674886
6,sider,SIDER24,va,1,1366,55,68,1.2363636363636363,47,21,30,25,0.45454545454545453,0.6911764705882353,0.5853658536585366,0.1497395152126178,0.5546029853642118,0.6211229946524063
6,sider,SIDER24,te,1,1366,59,78,1.3220338983050848,54,24,28,31,0.5254237288135594,0.6923076923076923,0.6204379562043796,0.21994097372011454,0.5306283780398982,0.6351586266840504
7,sider,SIDER24,tr,1,1366,505,601,1.19009900990099,599,2,12,493,0.9762376237623762,0.9966722129783694,0.9873417721518988,0.9746132578642632,0.9990978688938835,0.9991944119536745
7,sider,SIDER24,va,1,1366,65,58,0.8923076923076924,49,9,38,27,0.4153846153846154,0.8448275862068966,0.6178861788617886,0.28548773537617145,0.6578892735591177,0.660212201591512
7,sider,SIDER24,te,1,1366,71,66,0.9295774647887324,48,18,36,35,0.49295774647887325,0.7272727272727273,0.6058394160583942,0.225944085482497,0.606098485196138,0.6487409304310712
8,sider,SIDER24,tr,1,1366,515,591,1.1475728155339806,586,5,8,507,0.9844660194174757,0.9915397631133672,0.9882459312839059,0.976385997972539,0.9983847679518798,0.9977937673516994
8,sider,SIDER24,va,1,1366,54,69,1.2777777777777777,56,13,23,31,0.5740740740740741,0.8115942028985508,0.7073170731707317,0.39929645911057804,0.6957115814249335,0.7116210413311862
8,sider,SIDER24,te,1,1366,72,65,0.9027777777777778,46,19,40,32,0.4444444444444444,0.7076923076923077,0.5693430656934306,0.15715302802770947,0.6192716214499379,0.6229700854700855
9,sider,SIDER24,tr,1,1366,523,583,1.1147227533460804,580,3,14,509,0.9732313575525813,0.9948542024013722,0.984629294755877,0.9693277836968835,0.9975155633463171,0.996413684082792
9,sider,SIDER24,va,1,1366,49,74,1.510204081632653,53,21,21,28,0.5714285714285714,0.7162162162162162,0.6585365853658537,0.2876447876447875,0.6606781502168255,0.7198014340871484
9,sider,SIDER24,te,1,1366,69,68,0.9855072463768116,48,20,34,35,0.5072463768115942,0.7058823529411765,0.6058394160583942,0.2173865786040052,0.5821259367020325,0.5980392156862745
10,sider,SIDER24,tr,1,1366,525,581,1.1066666666666667,577,4,9,516,0.9828571428571429,0.9931153184165232,0.9882459312839059,0.9764607737435753,0.998858036079716,0.9987607573149742
10,sider,SIDER24,va,1,1366,48,75,1.5625,56,19,24,24,0.5,0.7466666666666667,0.6504065040650406,0.2523379056040751,0.5872489714856133,0.6484722222222223
10,sider,SIDER24,te,1,1366,68,69,1.0147058823529411,42,27,28,40,0.5882352941176471,0.6086956521739131,0.5985401459854015,0.19697293135680452,0.6157449357652686,0.6235080988917305
11,sider,SIDER24,tr,1,1366,533,573,1.075046904315197,568,5,7,526,0.9868667917448405,0.9912739965095986,0.9891500904159132,0.9782753304239812,0.9987297084032942,0.9982613478974097
11,sider,SIDER24,va,1,1366,50,73,1.46,52,21,29,21,0.42,0.7123287671232876,0.5934959349593496,0.13706720087074378,0.49287676618703147,0.6073972602739726
11,sider,SIDER24,te,1,1366,58,79,1.3620689655172413,50,29,23,35,0.603448275862069,0.6329113924050633,0.6204379562043796,0.23407201682616144,0.5638526107755539,0.6458969882147534
12,sider,SIDER24,tr,1,1366,522,584,1.1187739463601531,584,0,12,510,0.9770114942528736,1.0,0.9891500904159132,0.9784375922282248,0.9993818229828568,0.9994128221277488
12,sider,SIDER24,va,1,1366,55,68,1.2363636363636363,50,18,24,31,0.5636363636363636,0.7352941176470589,0.6585365853658537,0.30359324385611114,0.611636043384553,0.6617647058823529
12,sider,SIDER24,te,1,1366,64,73,1.140625,54,19,34,30,0.46875,0.7397260273972602,0.6131386861313869,0.21700421212714055,0.6193323181244045,0.6665239726027398
13,sider,SIDER24,tr,1,1366,517,589,1.1392649903288201,585,4,12,505,0.97678916827853,0.9932088285229203,0.9855334538878843,0.971018936781307,0.9986541887890623,0.9986913530785221
13,sider,SIDER24,va,1,1366,63,60,0.9523809523809523,42,18,27,36,0.5714285714285714,0.7,0.6341463414634146,0.2733883699577531,0.7279818700897307,0.6753968253968254
13,sider,SIDER24,te,1,1366,61,76,1.2459016393442623,58,18,29,32,0.5245901639344263,0.7631578947368421,0.656934306569343,0.2970567925372558,0.6365487552591156,0.696074201898188
14,sider,SIDER24,tr,1,1366,518,588,1.135135135135135,585,3,10,508,0.9806949806949807,0.9948979591836735,0.9882459312839059,0.9764573049419808,0.9995650736527539,0.9996076615974576
14,sider,SIDER24,va,1,1366,63,60,0.9523809523809523,43,17,38,25,0.3968253968253968,0.7166666666666667,0.5528455284552846,0.11963113899578785,0.6325041497064987,0.6095238095238095
14,sider,SIDER24,te,1,1366,60,77,1.2833333333333334,60,17,34,26,0.43333333333333335,0.7792207792207793,0.6277372262773723,0.22724395824350047,0.5824262862108668,0.6738095238095237
15,sider,SIDER24,tr,1,1366,521,585,1.1228406909788868,583,2,12,509,0.9769673704414588,0.9965811965811966,0.9873417721518988,0.9747325827440366,0.9982613850247327,0.9975015174631298
15,sider,SIDER24,va,1,1366,57,66,1.1578947368421053,46,20,34,23,0.40350877192982454,0.696969696969697,0.5609756097560976,0.10507591558512383,0.5319894182427953,0.6057947900053162
15,sider,SIDER24,te,1,1366,63,74,1.1746031746031746,61,13,27,36,0.5714285714285714,0.8243243243243243,0.708029197080292,0.4115009667164291,0.6719408745242536,0.7014157014157014
1,sider,SIDER25,tr,1,1366,751,355,0.47270306258322237,247,108,38,713,0.9494007989347537,0.6957746478873239,0.8679927667269439,0.688680788012508,0.9777155350625957,0.9524596312897358
1,sider,SIDER25,va,1,1366,89,34,0.38202247191011235,11,23,16,73,0.8202247191011236,0.3235294117647059,0.6829268292682927,0.1553235458869037,0.8061892027202188,0.64738929279577
1,sider,SIDER25,te,1,1366,107,30,0.2803738317757009,7,23,17,90,0.8411214953271028,0.23333333333333334,0.708029197080292,0.08100289528731557,0.8073360710252582,0.5571651090342679
2,sider,SIDER25,tr,1,1366,771,335,0.4345006485084306,218,117,20,751,0.9740596627756161,0.6507462686567164,0.8761301989150091,0.6986286557384407,0.9794299207934787,0.952809880558298
2,sider,SIDER25,va,1,1366,91,32,0.3516483516483517,8,24,5,86,0.945054945054945,0.25,0.7642276422764228,0.2783457737851644,0.8510091299980896,0.685782967032967
2,sider,SIDER25,te,1,1366,85,52,0.611764705882353,17,35,3,82,0.9647058823529412,0.3269230769230769,0.7226277372262774,0.40080566752799107,0.799110565311919,0.717420814479638
3,sider,SIDER25,tr,1,1366,780,326,0.41794871794871796,212,114,29,751,0.9628205128205128,0.6503067484662577,0.8707052441229657,0.6771582170340064,0.9824340541660176,0.9571830265848671
3,sider,SIDER25,va,1,1366,75,48,0.64,8,40,7,68,0.9066666666666666,0.16666666666666666,0.6178861788617886,0.10931887889998962,0.7530421816822336,0.6454166666666666
3,sider,SIDER25,te,1,1366,92,45,0.4891304347826087,15,30,7,85,0.9239130434782609,0.3333333333333333,0.7299270072992701,0.3290706708967029,0.8456405568394387,0.7393719806763286
4,sider,SIDER25,tr,1,1366,779,327,0.4197689345314506,221,106,15,764,0.9807445442875481,0.6758409785932722,0.8905967450271248,0.7313382362752862,0.9801945740090161,0.9537280211044505
4,sider,SIDER25,va,1,1366,77,46,0.5974025974025974,14,32,2,75,0.974025974025974,0.30434782608695654,0.7235772357723578,0.4004061656555089,0.8107838660836998,0.7419536984754376
4,sider,SIDER25,te,1,1366,91,46,0.5054945054945055,7,39,2,89,0.978021978021978,0.15217391304347827,0.7007299270072993,0.24818221183171427,0.7716007114090939,0.6359292881032013
5,sider,SIDER25,tr,1,1366,764,342,0.4476439790575916,236,106,31,733,0.9594240837696335,0.6900584795321637,0.8761301989150091,0.7014401439432218,0.9788363372414148,0.9524203178102325
5,sider,SIDER25,va,1,1366,85,38,0.4470588235294118,14,24,10,75,0.8823529411764706,0.3684210526315789,0.7235772357723578,0.2923886698433167,0.810578083947032,0.6808049535603715
5,sider,SIDER25,te,1,1366,98,39,0.3979591836734694,8,31,2,96,0.9795918367346939,0.20512820512820512,0.7591240875912408,0.32044795117701774,0.8198085091722186,0.7053898482469911
6,sider,SIDER25,tr,1,1366,776,330,0.4252577319587629,208,122,26,750,0.9664948453608248,0.6303030303030303,0.8661844484629295,0.6685731449107408,0.9800672674921274,0.9524465010934082
6,sider,SIDER25,va,1,1366,75,48,0.64,9,39,7,68,0.9066666666666666,0.1875,0.6260162601626016,0.13655152907769985,0.7397722265407773,0.6355555555555555
6,sider,SIDER25,te,1,1366,96,41,0.4270833333333333,12,29,6,90,0.9375,0.2926829268292683,0.7445255474452555,0.3120260975906432,0.853056172187585,0.7403455284552846
7,sider,SIDER25,tr,1,1366,763,343,0.44954128440366975,223,120,20,743,0.9737876802096985,0.6501457725947521,0.8734177215189873,0.6970100910914904,0.9771240726046979,0.9487503295645163
7,sider,SIDER25,va,1,1366,79,44,0.5569620253164557,11,33,4,75,0.9493670886075949,0.25,0.6991869918699187,0.2920356316044022,0.8305880028394852,0.7317318757192174
7,sider,SIDER25,te,1,1366,105,32,0.3047619047619048,8,24,7,98,0.9333333333333333,0.25,0.7737226277372263,0.24841941149452446,0.8399347392381868,0.6452380952380952
8,sider,SIDER25,tr,1,1366,767,339,0.44198174706649285,201,138,18,749,0.9765319426336375,0.5929203539823009,0.8589511754068716,0.6588264287940131,0.9795787412247072,0.9531196517097222
8,sider,SIDER25,va,1,1366,83,40,0.4819277108433735,7,33,7,76,0.9156626506024096,0.175,0.6747967479674797,0.13372733411485507,0.8613680785941674,0.7391566265060241
8,sider,SIDER25,te,1,1366,97,40,0.41237113402061853,11,29,6,91,0.9381443298969072,0.275,0.7445255474452555,0.29395074352682216,0.8632997634990388,0.7497422680412371
9,sider,SIDER25,tr,1,1366,765,341,0.44575163398692813,216,125,13,752,0.9830065359477124,0.6334310850439883,0.8752260397830018,0.7025536669899197,0.980053727340819,0.9551894658156519
9,sider,SIDER25,va,1,1366,85,38,0.4470588235294118,10,28,3,82,0.9647058823529412,0.2631578947368421,0.7479674796747967,0.3424589607775496,0.8549146395853506,0.74984520123839
9,sider,SIDER25,te,1,1366,97,40,0.41237113402061853,6,34,10,87,0.8969072164948454,0.15,0.6788321167883211,0.06640531615361601,0.7989425454956929,0.6471649484536083
10,sider,SIDER25,tr,1,1366,760,346,0.45526315789473687,211,135,21,739,0.9723684210526315,0.6098265895953757,0.8589511754068716,0.6630001337750332,0.9791225841092468,0.9530955278369335
10,sider,SIDER25,va,1,1366,92,31,0.33695652173913043,10,21,14,78,0.8478260869565217,0.3225806451612903,0.7154471544715447,0.1866974088696555,0.8470786758159169,0.6938990182328191
10,sider,SIDER25,te,1,1366,95,42,0.4421052631578947,14,28,7,88,0.9263157894736842,0.3333333333333333,0.7445255474452555,0.33230330875554176,0.8230576915928632,0.7604010025062656
11,sider,SIDER25,tr,1,1366,780,326,0.41794871794871796,205,121,18,762,0.9769230769230769,0.6288343558282209,0.8743218806509946,0.6883702136489115,0.981467197312071,0.9550220229668083
11,sider,SIDER25,va,1,1366,74,49,0.6621621621621622,13,36,4,70,0.9459459459459459,0.2653061224489796,0.6747967479674797,0.2996660038579769,0.7463084699312597,0.6669884169884169
11,sider,SIDER25,te,1,1366,93,44,0.4731182795698925,12,32,4,89,0.956989247311828,0.2727272727272727,0.7372262773722628,0.33396992926811286,0.8285893687319428,0.7551319648093842
12,sider,SIDER25,tr,1,1366,773,333,0.4307891332470893,218,115,26,747,0.9663648124191462,0.6546546546546547,0.8725135623869801,0.6870186581223943,0.9767613671727531,0.9492189472784556
12,sider,SIDER25,va,1,1366,81,42,0.5185185185185185,18,24,9,72,0.8888888888888888,0.42857142857142855,0.7317073170731707,0.36369648372665375,0.871463558236794,0.770135214579659
12,sider,SIDER25,te,1,1366,93,44,0.4731182795698925,8,36,9,84,0.9032258064516129,0.18181818181818182,0.6715328467153284,0.1204470999290473,0.7666680303361377,0.6473607038123167
13,sider,SIDER25,tr,1,1366,759,347,0.45718050065876153,232,115,27,732,0.9644268774703557,0.6685878962536023,0.8716094032549728,0.693598082973609,0.9761914634000268,0.9478344401286388
13,sider,SIDER25,va,1,1366,87,36,0.41379310344827586,14,22,11,76,0.8735632183908046,0.3888888888888889,0.7317073170731707,0.29674123420088483,0.8759739441740539,0.7276500638569604
13,sider,SIDER25,te,1,1366,101,36,0.3564356435643564,11,25,15,86,0.8514851485148515,0.3055555555555556,0.708029197080292,0.1762690271492869,0.8737613923506908,0.7002200220022002
14,sider,SIDER25,tr,1,1366,776,330,0.4252577319587629,210,120,20,756,0.9742268041237113,0.6363636363636364,0.8734177215189873,0.6883698813001969,0.9800110288453101,0.953530146829116
14,sider,SIDER25,va,1,1366,77,46,0.5974025974025974,12,34,11,66,0.8571428571428571,0.2608695652173913,0.6341463414634146,0.14644956476635163,0.7419116245709201,0.6075663466967814
14,sider,SIDER25,te,1,1366,94,43,0.4574468085106383,7,36,4,90,0.9574468085106383,0.16279069767441862,0.708029197080292,0.205331934845721,0.8396104191562039,0.7144977733795151
15,sider,SIDER25,tr,1,1366,774,332,0.4289405684754522,211,121,12,762,0.9844961240310077,0.6355421686746988,0.879746835443038,0.7083130618962965,0.9797991486886242,0.9536654369415647
15,sider,SIDER25,va,1,1366,81,42,0.5185185185185185,8,34,4,77,0.9506172839506173,0.19047619047619047,0.6910569105691057,0.22548723974748464,0.7944484714518203,0.6954732510288065
15,sider,SIDER25,te,1,1366,92,45,0.4891304347826087,15,30,8,84,0.9130434782608695,0.3333333333333333,0.7226277372262774,0.30958767134603565,0.830756686842641,0.7312801932367149
1,sider,SIDER26,tr,1,1366,1012,94,0.09288537549407115,0,94,0,1012,1.0,0.0,0.9150090415913201,0.0,0.9622190728255036,0.7070946514170381
1,sider,SIDER26,va,1,1366,111,12,0.10810810810810811,0,12,0,111,1.0,0.0,0.9024390243902439,0.0,0.9747807146729057,0.8243243243243243
1,sider,SIDER26,te,1,1366,134,3,0.022388059701492536,0,3,0,134,1.0,0.0,0.9781021897810219,0.0,0.9920928432982148,0.718905472636816
2,sider,SIDER26,tr,1,1366,1023,83,0.08113391984359726,0,83,0,1023,1.0,0.0,0.9249547920433996,0.0,0.9720392385872891,0.7481833492327079
2,sider,SIDER26,va,1,1366,116,7,0.0603448275862069,0,7,0,116,1.0,0.0,0.943089430894309,0.0,0.9677259494529944,0.6564039408866995
2,sider,SIDER26,te,1,1366,118,19,0.16101694915254236,0,19,0,118,1.0,0.0,0.8613138686131386,0.0,0.9064794527246165,0.5691347011596788
3,sider,SIDER26,tr,1,1366,1020,86,0.08431372549019608,0,86,0,1020,1.0,0.0,0.9222423146473779,0.0,0.9671118293540761,0.7207592339261286
3,sider,SIDER26,va,1,1366,109,14,0.12844036697247707,0,14,0,109,1.0,0.0,0.8861788617886179,0.0,0.9550678840527136,0.7382044560943645
3,sider,SIDER26,te,1,1366,128,9,0.0703125,0,9,0,128,1.0,0.0,0.9343065693430657,0.0,0.960982074218335,0.5798611111111112
4,sider,SIDER26,tr,1,1366,1022,84,0.0821917808219178,0,84,0,1022,1.0,0.0,0.9240506329113924,0.0,0.9696091645486252,0.7271689497716896
4,sider,SIDER26,va,1,1366,109,14,0.12844036697247707,0,14,0,109,1.0,0.0,0.8861788617886179,0.0,0.9434358398275964,0.6730013106159897
4,sider,SIDER26,te,1,1366,126,11,0.0873015873015873,0,11,0,126,1.0,0.0,0.9197080291970803,0.0,0.9482189096426776,0.6493506493506493
5,sider,SIDER26,tr,1,1366,1018,88,0.08644400785854617,0,88,0,1018,1.0,0.0,0.9204339963833634,0.0,0.9670417450567989,0.7251239060546526
5,sider,SIDER26,va,1,1366,114,9,0.07894736842105263,0,9,0,114,1.0,0.0,0.926829268292683,0.0,0.9654375062224588,0.6900584795321638
5,sider,SIDER26,te,1,1366,125,12,0.096,0,12,0,125,1.0,0.0,0.9124087591240876,0.0,0.9552175352816145,0.6553333333333333
6,sider,SIDER26,tr,1,1366,1025,81,0.07902439024390244,0,81,0,1025,1.0,0.0,0.9267631103074141,0.0,0.9699197099953012,0.7117916290274013
6,sider,SIDER26,va,1,1366,103,20,0.1941747572815534,0,20,0,103,1.0,0.0,0.8373983739837398,0.0,0.9408489821621473,0.7936893203883495
6,sider,SIDER26,te,1,1366,129,8,0.06201550387596899,0,8,0,129,1.0,0.0,0.9416058394160584,0.0,0.9568400246933546,0.6395348837209303
7,sider,SIDER26,tr,1,1366,1015,91,0.0896551724137931,0,91,0,1015,1.0,0.0,0.9177215189873418,0.0,0.9631734381634445,0.7051697071401505
7,sider,SIDER26,va,1,1366,112,11,0.09821428571428571,0,11,0,112,1.0,0.0,0.9105691056910569,0.0,0.9804470187486325,0.8206168831168832
7,sider,SIDER26,te,1,1366,130,7,0.05384615384615385,0,7,0,130,1.0,0.0,0.948905109489051,0.0,0.971689144724413,0.6417582417582417
8,sider,SIDER26,tr,1,1366,1013,93,0.09180651530108588,0,93,0,1013,1.0,0.0,0.9159132007233273,0.0,0.9639474405595734,0.7139869863813436
8,sider,SIDER26,va,1,1366,114,9,0.07894736842105263,0,9,0,114,1.0,0.0,0.926829268292683,0.0,0.9723601434777884,0.7446393762183235
8,sider,SIDER26,te,1,1366,130,7,0.05384615384615385,0,7,0,130,1.0,0.0,0.948905109489051,0.0,0.9674166521700552,0.6532967032967032
9,sider,SIDER26,tr,1,1366,1021,85,0.0832517140058766,0,85,0,1021,1.0,0.0,0.9231464737793852,0.0,0.9700605817000038,0.7321945036584663
9,sider,SIDER26,va,1,1366,109,14,0.12844036697247707,0,14,0,109,1.0,0.0,0.8861788617886179,0.0,0.9671813122855621,0.7903014416775884
9,sider,SIDER26,te,1,1366,127,10,0.07874015748031496,0,10,0,127,1.0,0.0,0.927007299270073,0.0,0.9271433080068336,0.5078740157480315
10,sider,SIDER26,tr,1,1366,1020,86,0.08431372549019608,0,86,0,1020,1.0,0.0,0.9222423146473779,0.0,0.9652877574663852,0.7048278613771091
10,sider,SIDER26,va,1,1366,116,7,0.0603448275862069,0,7,0,116,1.0,0.0,0.943089430894309,0.0,0.9865587936392309,0.8497536945812807
10,sider,SIDER26,te,1,1366,121,16,0.1322314049586777,0,16,0,121,1.0,0.0,0.8832116788321168,0.0,0.9501899650126975,0.7071280991735537
11,sider,SIDER26,tr,1,1366,1011,95,0.09396636993076163,0,95,0,1011,1.0,0.0,0.9141048824593129,0.0,0.9651278228547351,0.7296215315737414
11,sider,SIDER26,va,1,1366,118,5,0.0423728813559322,0,5,0,118,1.0,0.0,0.959349593495935,0.0,0.9683762579935552,0.5067796610169492
11,sider,SIDER26,te,1,1366,128,9,0.0703125,0,9,0,128,1.0,0.0,0.9343065693430657,0.0,0.9715678407744958,0.7109375
12,sider,SIDER26,tr,1,1366,1018,88,0.08644400785854617,0,88,0,1018,1.0,0.0,0.9204339963833634,0.0,0.9677232396485598,0.7283834166815504
12,sider,SIDER26,va,1,1366,114,9,0.07894736842105263,0,9,0,114,1.0,0.0,0.926829268292683,0.0,0.9700709978019213,0.7085769980506823
12,sider,SIDER26,te,1,1366,125,12,0.096,0,12,0,125,1.0,0.0,0.9124087591240876,0.0,0.9521476624175637,0.6219999999999999
13,sider,SIDER26,tr,1,1366,1016,90,0.08858267716535433,0,90,0,1016,1.0,0.0,0.918625678119349,0.0,0.9649728763570653,0.715009842519685
13,sider,SIDER26,va,1,1366,113,10,0.08849557522123894,0,10,0,113,1.0,0.0,0.9186991869918699,0.0,0.976896016208294,0.7982300884955752
13,sider,SIDER26,te,1,1366,128,9,0.0703125,0,9,0,128,1.0,0.0,0.9343065693430657,0.0,0.9639428914372894,0.6501736111111112
14,sider,SIDER26,tr,1,1366,1020,86,0.08431372549019608,0,86,0,1020,1.0,0.0,0.9222423146473779,0.0,0.9669848197976422,0.7157432740538076
14,sider,SIDER26,va,1,1366,111,12,0.10810810810810811,0,12,0,111,1.0,0.0,0.9024390243902439,0.0,0.9424801887174373,0.6666666666666666
14,sider,SIDER26,te,1,1366,126,11,0.0873015873015873,0,11,0,126,1.0,0.0,0.9197080291970803,0.0,0.9676875983968065,0.740981240981241
15,sider,SIDER26,tr,1,1366,1020,86,0.08431372549019608,0,86,0,1020,1.0,0.0,0.9222423146473779,0.0,0.9695679447543379,0.7382181942544459
15,sider,SIDER26,va,1,1366,112,11,0.09821428571428571,0,11,0,112,1.0,0.0,0.9105691056910569,0.0,0.9327342587110259,0.5332792207792207
15,sider,SIDER26,te,1,1366,125,12,0.096,0,12,0,125,1.0,0.0,0.9124087591240876,0.0,0.9517707497307595,0.6633333333333333
1,sider,SIDER27,tr,1,1366,721,385,0.5339805825242718,0,385,0,721,1.0,0.0,0.6518987341772152,0.0,0.9914097858464932,0.9825927193472269
1,sider,SIDER27,va,1,1366,79,44,0.5569620253164557,0,44,0,79,1.0,0.0,0.6422764227642277,0.0,0.7296190082363703,0.6329113924050633
1,sider,SIDER27,te,1,1366,108,29,0.26851851851851855,0,29,0,108,1.0,0.0,0.7883211678832117,0.0,0.8187419964225244,0.5191570881226053
2,sider,SIDER27,tr,1,1366,738,368,0.4986449864498645,1,367,0,738,1.0,0.002717391304347826,0.6681735985533453,0.04260132751961151,0.9927744753560447,0.9854428095911394
2,sider,SIDER27,va,1,1366,85,38,0.4470588235294118,0,38,1,84,0.9882352941176471,0.0,0.6829268292682927,-0.060534424803631866,0.7231067195314601,0.5362229102167183
2,sider,SIDER27,te,1,1366,85,52,0.611764705882353,0,52,1,84,0.9882352941176471,0.0,0.6131386861313869,-0.06706914265288991,0.6912648242663109,0.6239819004524887
3,sider,SIDER27,tr,1,1366,735,371,0.5047619047619047,4,367,0,735,1.0,0.01078167115902965,0.6681735985533453,0.08480001188815488,0.9924098984831959,0.9845114326053872
3,sider,SIDER27,va,1,1366,76,47,0.618421052631579,0,47,1,75,0.9868421052631579,0.0,0.6097560975609756,-0.07119708576599329,0.6589853450430256,0.5550111982082867
3,sider,SIDER27,te,1,1366,97,40,0.41237113402061853,1,39,2,95,0.979381443298969,0.025,0.7007299270072993,0.013611940186029476,0.7914186836663686,0.5966494845360825
4,sider,SIDER27,tr,1,1366,734,372,0.5068119891008175,0,372,0,734,1.0,0.0,0.6636528028933092,0.0,0.9927980738844697,0.9848176877325598
4,sider,SIDER27,va,1,1366,86,37,0.43023255813953487,0,37,0,86,1.0,0.0,0.6991869918699187,0.0,0.8005118529896813,0.5839094908862351
4,sider,SIDER27,te,1,1366,88,49,0.5568181818181818,0,49,0,88,1.0,0.0,0.6423357664233577,0.0,0.7290771791185802,0.6229128014842301
5,sider,SIDER27,tr,1,1366,731,375,0.5129958960328317,217,158,4,727,0.9945280437756497,0.5786666666666667,0.8535262206148282,0.6785919824153607,0.9908270304873188,0.9801440948472412
5,sider,SIDER27,va,1,1366,81,42,0.5185185185185185,2,40,2,79,0.9753086419753086,0.047619047619047616,0.6585365853658537,0.06129484789855583,0.7993519086727066,0.6472663139329806
5,sider,SIDER27,te,1,1366,96,41,0.4270833333333333,0,41,0,96,1.0,0.0,0.7007299270072993,0.0,0.6993088978995403,0.5114329268292682
6,sider,SIDER27,tr,1,1366,736,370,0.5027173913043478,245,125,6,730,0.9918478260869565,0.6621621621621622,0.8815551537070524,0.7367230062870814,0.9919639841418717,0.9827317126909517
6,sider,SIDER27,va,1,1366,79,44,0.5569620253164557,4,40,4,75,0.9493670886075949,0.09090909090909091,0.6422764227642277,0.0782878268921526,0.7598157332923395,0.6375143843498274
6,sider,SIDER27,te,1,1366,93,44,0.4731182795698925,1,43,4,89,0.956989247311828,0.022727272727272728,0.656934306569343,-0.05050545780220249,0.7548304287429448,0.570869990224829
7,sider,SIDER27,tr,1,1366,731,375,0.5129958960328317,0,375,0,731,1.0,0.0,0.6609403254972875,0.0,0.9933498293718241,0.9866356589147287
7,sider,SIDER27,va,1,1366,74,49,0.6621621621621622,0,49,0,74,1.0,0.0,0.6016260162601627,0.0,0.7095028013818261,0.6676778819635961
7,sider,SIDER27,te,1,1366,103,34,0.3300970873786408,0,34,0,103,1.0,0.0,0.7518248175182481,0.0,0.7717380724436169,0.5688178183894917
8,sider,SIDER27,tr,1,1366,731,375,0.5129958960328317,2,373,0,731,1.0,0.005333333333333333,0.6627486437613019,0.05942559184546314,0.9928439889954283,0.985063383492932
8,sider,SIDER27,va,1,1366,80,43,0.5375,1,42,1,79,0.9875,0.023255813953488372,0.6504065040650406,0.04055223731887532,0.7337141568795347,0.6124999999999999
8,sider,SIDER27,te,1,1366,97,40,0.41237113402061853,2,38,1,96,0.9896907216494846,0.05,0.7153284671532847,0.12330816403814937,0.7926717167279459,0.6046391752577319
9,sider,SIDER27,tr,1,1366,751,355,0.47270306258322237,0,355,0,751,1.0,0.0,0.6790235081374322,0.0,0.9934716587092548,0.9847639766696048
9,sider,SIDER27,va,1,1366,76,47,0.618421052631579,0,47,0,76,1.0,0.0,0.6178861788617886,0.0,0.7315749847546253,0.6357782754759239
9,sider,SIDER27,te,1,1366,81,56,0.691358024691358,0,56,0,81,1.0,0.0,0.5912408759124088,0.0,0.6676719251075185,0.5707671957671958
10,sider,SIDER27,tr,1,1366,737,369,0.5006784260515604,0,369,0,737,1.0,0.0,0.666365280289331,0.0,0.9926944766886113,0.984771265623104
10,sider,SIDER27,va,1,1366,84,39,0.4642857142857143,0,39,0,84,1.0,0.0,0.6829268292682927,0.0,0.8046394609595448,0.6544566544566545
10,sider,SIDER27,te,1,1366,87,50,0.5747126436781609,0,50,0,87,1.0,0.0,0.635036496350365,0.0,0.6393853234905134,0.5641379310344826
11,sider,SIDER27,tr,1,1366,740,366,0.4945945945945946,233,133,2,738,0.9972972972972973,0.6366120218579235,0.8779385171790235,0.7291897081298476,0.9931911609857764,0.9857332742578645
11,sider,SIDER27,va,1,1366,82,41,0.5,1,40,2,80,0.975609756097561,0.024390243902439025,0.6585365853658537,0.0,0.7042907478438936,0.5722784057108864
11,sider,SIDER27,te,1,1366,86,51,0.5930232558139535,2,49,4,82,0.9534883720930233,0.0392156862745098,0.6131386861313869,-0.017234726329495263,0.6644243570372079,0.5487916096671227
12,sider,SIDER27,tr,1,1366,745,361,0.48456375838926175,0,361,0,745,1.0,0.0,0.6735985533453888,0.0,0.9941812849188202,0.9867166149212664
12,sider,SIDER27,va,1,1366,79,44,0.5569620253164557,0,44,1,78,0.9873417721518988,0.0,0.6341463414634146,-0.0675667262977406,0.7486135236308499,0.6081703107019563
12,sider,SIDER27,te,1,1366,84,53,0.6309523809523809,1,52,0,84,1.0,0.018867924528301886,0.6204379562043796,0.1079523880746035,0.6707402158104074,0.5880503144654088
13,sider,SIDER27,tr,1,1366,730,376,0.5150684931506849,0,376,0,730,1.0,0.0,0.6600361663652803,0.0,0.9925528891733417,0.9839769746429612
13,sider,SIDER27,va,1,1366,87,36,0.41379310344827586,0,36,0,87,1.0,0.0,0.7073170731707317,0.0,0.7980078554776426,0.6111111111111112
13,sider,SIDER27,te,1,1366,91,46,0.5054945054945055,0,46,1,90,0.989010989010989,0.0,0.656934306569343,-0.0609661493283783,0.7282903800519069,0.5707118967988533
14,sider,SIDER27,tr,1,1366,743,363,0.48855989232839836,227,136,3,740,0.9959623149394348,0.6253443526170799,0.8743218806509946,0.7188491483980296,0.9943052447611636,0.9879573911141266
14,sider,SIDER27,va,1,1366,80,43,0.5375,0,43,4,76,0.95,0.0,0.6178861788617886,-0.13441438498448072,0.760599357527309,0.6383720930232558
14,sider,SIDER27,te,1,1366,85,52,0.611764705882353,2,50,4,81,0.9529411764705882,0.038461538461538464,0.6058394160583942,-0.02038736925560424,0.6204984582153442,0.49524886877828056
15,sider,SIDER27,tr,1,1366,741,365,0.4925775978407557,1,364,0,741,1.0,0.0027397260273972603,0.6708860759493671,0.042862898197645154,0.9929126094275897,0.9841883422993731
15,sider,SIDER27,va,1,1366,78,45,0.5769230769230769,1,44,0,78,1.0,0.022222222222222223,0.6422764227642277,0.11919584838921074,0.6863176035292974,0.5703703703703704
15,sider,SIDER27,te,1,1366,89,48,0.5393258426966292,1,47,3,86,0.9662921348314607,0.020833333333333332,0.635036496350365,-0.03648305948765209,0.7247257395866521,0.6067415730337079
