split,dataset,subtask,set,num_of_retained_feature,num_of_compounds,postives,negtives,negtives/postives,tn,fp,fn,tp,se,sp,acc,mcc,auc_prc,auc_roc
1,sider,SIDER1,tr,509,1366,595,511,0.8588235294117647,511,0,0,595,1.0,1.0,1.0,1.0,1.0,1.0
1,sider,SIDER1,va,509,1366,62,61,0.9838709677419355,40,21,17,45,0.7258064516129032,0.6557377049180327,0.6910569105691057,0.3825570177675556,0.6882382560907062,0.7326811210999472
1,sider,SIDER1,te,509,1366,77,60,0.7792207792207793,39,21,17,60,0.7792207792207793,0.65,0.7226277372262774,0.4331768147312644,0.8017160447594187,0.7722943722943723
2,sider,SIDER1,tr,509,1366,597,509,0.8525963149078727,509,0,0,597,1.0,1.0,1.0,1.0,1.0,1.0
2,sider,SIDER1,va,509,1366,64,59,0.921875,38,21,13,51,0.796875,0.6440677966101694,0.7235772357723578,0.4471434864588237,0.7466838761510504,0.7754237288135594
2,sider,SIDER1,te,509,1366,73,64,0.8767123287671232,31,33,17,56,0.7671232876712328,0.484375,0.635036496350365,0.2630091317311874,0.6916267932387593,0.6637414383561643
3,sider,SIDER1,tr,509,1366,599,507,0.8464106844741235,507,0,5,594,0.991652754590985,1.0,0.9954792043399638,0.9909433110220949,0.9999586848283271,0.9999506080153313
3,sider,SIDER1,va,509,1366,63,60,0.9523809523809523,37,23,10,53,0.8412698412698413,0.6166666666666667,0.7317073170731707,0.4710808422352571,0.8516302647105942,0.8283068783068783
3,sider,SIDER1,te,509,1366,72,65,0.9027777777777778,45,20,18,54,0.75,0.6923076923076923,0.7226277372262774,0.443160745544375,0.7317523624636733,0.7579059829059829
4,sider,SIDER1,tr,509,1366,601,505,0.8402662229617305,499,6,15,586,0.9750415973377704,0.9881188118811881,0.9810126582278481,0.9619203991346464,0.9988500205661753,0.9985436813232073
4,sider,SIDER1,va,509,1366,65,58,0.8923076923076924,37,21,14,51,0.7846153846153846,0.6379310344827587,0.7154471544715447,0.42814784697982433,0.8361821022582312,0.8098143236074271
4,sider,SIDER1,te,509,1366,68,69,1.0147058823529411,38,31,18,50,0.7352941176470589,0.5507246376811594,0.6423357664233577,0.2908954920804266,0.6433062120253894,0.6828644501278773
5,sider,SIDER1,tr,509,1366,596,510,0.8557046979865772,502,8,14,582,0.9765100671140939,0.984313725490196,0.9801084990958409,0.9600660450159135,0.9984670966863053,0.9980918541913408
5,sider,SIDER1,va,509,1366,62,61,0.9838709677419355,37,24,14,48,0.7741935483870968,0.6065573770491803,0.6910569105691057,0.3864118119395201,0.7100296908631216,0.7472236911686938
5,sider,SIDER1,te,509,1366,76,61,0.8026315789473685,31,30,24,52,0.6842105263157895,0.5081967213114754,0.6058394160583942,0.1950764617182794,0.7006430095002257,0.6386971527178602
6,sider,SIDER1,tr,509,1366,609,497,0.8160919540229885,496,1,4,605,0.993431855500821,0.9979879275653923,0.9954792043399638,0.9908846646098627,0.9997911817453403,0.999729080558887
6,sider,SIDER1,va,509,1366,61,62,1.0163934426229508,41,21,10,51,0.8360655737704918,0.6612903225806451,0.7479674796747967,0.5047504293459981,0.8276726142957759,0.8289264939185617
6,sider,SIDER1,te,509,1366,64,73,1.140625,43,30,20,44,0.6875,0.589041095890411,0.635036496350365,0.27683752763581354,0.6470156791800584,0.6523972602739725
7,sider,SIDER1,tr,509,1366,582,524,0.9003436426116839,439,85,149,433,0.7439862542955327,0.8377862595419847,0.7884267631103075,0.5821391290854586,0.8799323757620214,0.8818761312662313
7,sider,SIDER1,va,509,1366,73,50,0.684931506849315,37,13,21,52,0.7123287671232876,0.74,0.7235772357723578,0.4450716851391605,0.8136874190440772,0.7949315068493151
7,sider,SIDER1,te,509,1366,79,58,0.7341772151898734,33,25,33,46,0.5822784810126582,0.5689655172413793,0.5766423357664233,0.149556244150251,0.6144242009557142,0.5520515058926233
8,sider,SIDER1,tr,509,1366,598,508,0.8494983277591973,508,0,0,598,1.0,1.0,1.0,1.0,1.0,1.0
8,sider,SIDER1,va,509,1366,60,63,1.05,39,24,11,49,0.8166666666666667,0.6190476190476191,0.7154471544715447,0.4434056952357677,0.779212334849237,0.807936507936508
8,sider,SIDER1,te,509,1366,76,61,0.8026315789473685,40,21,17,59,0.7763157894736842,0.6557377049180327,0.7226277372262774,0.4356390620491099,0.8152451457439178,0.7711389128559102
9,sider,SIDER1,tr,509,1366,594,512,0.8619528619528619,512,0,1,593,0.9983164983164983,1.0,0.9990958408679927,0.9981835814405093,1.0,1.0
9,sider,SIDER1,va,509,1366,67,56,0.835820895522388,37,19,21,46,0.6865671641791045,0.6607142857142857,0.6747967479674797,0.3464514040779114,0.7608533630992018,0.742004264392324
9,sider,SIDER1,te,509,1366,73,64,0.8767123287671232,36,28,22,51,0.6986301369863014,0.5625,0.635036496350365,0.2636822350211606,0.6913656923253909,0.6641695205479452
10,sider,SIDER1,tr,509,1366,598,508,0.8494983277591973,508,0,0,598,1.0,1.0,1.0,1.0,1.0,1.0
10,sider,SIDER1,va,509,1366,70,53,0.7571428571428571,35,18,19,51,0.7285714285714285,0.660377358490566,0.6991869918699187,0.3881127865530919,0.8057035496391252,0.7819407008086254
10,sider,SIDER1,te,509,1366,66,71,1.0757575757575757,46,25,14,52,0.7878787878787878,0.647887323943662,0.7153284671532847,0.4388676891259526,0.6963997059383288,0.7639778062313274
11,sider,SIDER1,tr,509,1366,602,504,0.8372093023255814,416,88,67,535,0.8887043189368771,0.8253968253968254,0.8598553345388789,0.7170602598631983,0.9325437138926571,0.9242472182671517
11,sider,SIDER1,va,509,1366,64,59,0.921875,37,22,15,49,0.765625,0.6271186440677966,0.6991869918699187,0.3971863474796167,0.7191543652534745,0.734375
11,sider,SIDER1,te,509,1366,68,69,1.0147058823529411,33,36,21,47,0.6911764705882353,0.4782608695652174,0.583941605839416,0.17336131829361076,0.6488493123472757,0.652387041773231
12,sider,SIDER1,tr,509,1366,590,516,0.8745762711864407,514,2,9,581,0.9847457627118644,0.9961240310077519,0.9900542495479204,0.9801151341834606,0.9995747286297278,0.9994810143213769
12,sider,SIDER1,va,509,1366,65,58,0.8923076923076924,45,13,17,48,0.7384615384615385,0.7758620689655172,0.7560975609756098,0.513507004201092,0.8001867814458439,0.7970822281167109
12,sider,SIDER1,te,509,1366,79,58,0.7341772151898734,40,18,25,54,0.6835443037974683,0.6896551724137931,0.6861313868613139,0.3692713732164891,0.7964633162716042,0.7470536883457005
13,sider,SIDER1,tr,509,1366,592,514,0.8682432432432432,514,0,0,592,1.0,1.0,1.0,1.0,1.0,1.0
13,sider,SIDER1,va,509,1366,72,51,0.7083333333333334,36,15,20,52,0.7222222222222222,0.7058823529411765,0.7154471544715447,0.42351596919267476,0.8551557668676507,0.8129084967320261
13,sider,SIDER1,te,509,1366,70,67,0.9571428571428572,42,25,16,54,0.7714285714285715,0.6268656716417911,0.7007299270072993,0.40296090025662,0.7079316541345217,0.7505330490405118
14,sider,SIDER1,tr,509,1366,610,496,0.8131147540983606,496,0,0,610,1.0,1.0,1.0,1.0,1.0,1.0
14,sider,SIDER1,va,509,1366,61,62,1.0163934426229508,41,21,12,49,0.8032786885245902,0.6612903225806451,0.7317073170731707,0.4690552966303733,0.7930650406888918,0.7876784769962983
14,sider,SIDER1,te,509,1366,63,74,1.1746031746031746,46,28,19,44,0.6984126984126984,0.6216216216216216,0.656934306569343,0.31941827649865095,0.6577276528680582,0.6977691977691978
15,sider,SIDER1,tr,509,1366,593,513,0.8650927487352446,513,0,0,593,1.0,1.0,1.0,1.0,1.0,1.0
15,sider,SIDER1,va,509,1366,65,58,0.8923076923076924,39,19,15,50,0.7692307692307693,0.6724137931034483,0.7235772357723578,0.44424457954340435,0.7787107373001836,0.7824933687002653
15,sider,SIDER1,te,509,1366,76,61,0.8026315789473685,42,19,26,50,0.6578947368421053,0.6885245901639344,0.6715328467153284,0.3443458280120883,0.7512697523406977,0.7359792924935289
1,sider,SIDER2,tr,509,1366,762,344,0.45144356955380577,342,2,38,724,0.9501312335958005,0.9941860465116279,0.9638336347197106,0.9204803784343345,0.9992159416095966,0.9982909113105047
1,sider,SIDER2,va,509,1366,82,41,0.5,19,22,17,65,0.7926829268292683,0.4634146341463415,0.6829268292682927,0.2653343152526161,0.7918442925988228,0.6787626412849495
1,sider,SIDER2,te,509,1366,112,25,0.22321428571428573,10,15,35,77,0.6875,0.4,0.635036496350365,0.07195929472012878,0.8199528764694873,0.5228571428571429
2,sider,SIDER2,tr,509,1366,784,322,0.4107142857142857,322,0,1,783,0.9987244897959183,1.0,0.9990958408679927,0.9978138421127062,1.0,1.0
2,sider,SIDER2,va,509,1366,78,45,0.5769230769230769,14,31,15,63,0.8076923076923077,0.3111111111111111,0.6260162601626016,0.13480921226969375,0.7527978300086537,0.6313390313390314
2,sider,SIDER2,te,509,1366,94,43,0.4574468085106383,15,28,15,79,0.8404255319148937,0.3488372093023256,0.6861313868613139,0.2123786052603414,0.8091744738296139,0.6538842157347848
3,sider,SIDER2,tr,509,1366,768,338,0.4401041666666667,305,33,135,633,0.82421875,0.9023668639053254,0.8481012658227848,0.6838522845128576,0.9765658940868043,0.947267551158777
3,sider,SIDER2,va,509,1366,86,37,0.43023255813953487,20,17,32,54,0.627906976744186,0.5405405405405406,0.6016260162601627,0.15638095315406936,0.745675120083231,0.5722815839094908
3,sider,SIDER2,te,509,1366,102,35,0.3431372549019608,18,17,42,60,0.5882352941176471,0.5142857142857142,0.5693430656934306,0.09012099739913187,0.787550217897077,0.5485994397759104
4,sider,SIDER2,tr,509,1366,782,324,0.4143222506393862,324,0,3,779,0.9961636828644501,1.0,0.9972875226039783,0.9934911003667297,1.0,1.0
4,sider,SIDER2,va,509,1366,87,36,0.41379310344827586,13,23,12,75,0.8620689655172413,0.3611111111111111,0.7154471544715447,0.2523383487912634,0.87878190928477,0.7640485312899107
4,sider,SIDER2,te,509,1366,87,50,0.5747126436781609,21,29,12,75,0.8620689655172413,0.42,0.7007299270072993,0.3175603666203241,0.8175936021715309,0.7062068965517241
5,sider,SIDER2,tr,509,1366,770,336,0.43636363636363634,335,1,17,753,0.977922077922078,0.9970238095238095,0.9837251356238698,0.9625837111511414,0.9997773966187907,0.9994704700061843
5,sider,SIDER2,va,509,1366,90,33,0.36666666666666664,15,18,25,65,0.7222222222222222,0.45454545454545453,0.6504065040650406,0.16719066950877443,0.8109704850119379,0.6208754208754209
5,sider,SIDER2,te,509,1366,96,41,0.4270833333333333,11,30,16,80,0.8333333333333334,0.2682926829268293,0.6642335766423357,0.11699147642851698,0.7812465385970317,0.6351626016260162
6,sider,SIDER2,tr,509,1366,793,313,0.39470365699873894,310,3,20,773,0.9747793190416141,0.9904153354632588,0.9792043399638336,0.9502455399231873,0.9994481181674959,0.9985657248528459
6,sider,SIDER2,va,509,1366,79,44,0.5569620253164557,14,30,11,68,0.8607594936708861,0.3181818181818182,0.6666666666666666,0.2131412255513786,0.7854356935243614,0.6757767548906788
6,sider,SIDER2,te,509,1366,84,53,0.6309523809523809,17,36,12,72,0.8571428571428571,0.32075471698113206,0.6496350364963503,0.21209807508942866,0.7202489583486784,0.6725067385444744
7,sider,SIDER2,tr,509,1366,766,340,0.44386422976501305,336,4,31,735,0.9595300261096605,0.9882352941176471,0.9683544303797469,0.9287512373261981,0.9987956851654696,0.9971394563047151
7,sider,SIDER2,va,509,1366,91,32,0.3516483516483517,11,21,23,68,0.7472527472527473,0.34375,0.6422764227642277,0.0892720950080015,0.8133692756609444,0.6456043956043955
7,sider,SIDER2,te,509,1366,99,38,0.3838383838383838,15,23,20,79,0.797979797979798,0.39473684210526316,0.6861313868613139,0.19783107134720657,0.807083607220537,0.646996278575226
8,sider,SIDER2,tr,509,1366,784,322,0.4107142857142857,311,11,24,760,0.9693877551020408,0.9658385093167702,0.9683544303797469,0.9245982550435964,0.9981880854260006,0.9953178476359488
8,sider,SIDER2,va,509,1366,74,49,0.6621621621621622,20,29,6,68,0.918918918918919,0.40816326530612246,0.7154471544715447,0.39219156420512574,0.8070595488912747,0.7562051847766134
8,sider,SIDER2,te,509,1366,98,39,0.3979591836734694,13,26,9,89,0.9081632653061225,0.3333333333333333,0.7445255474452555,0.29682200821861543,0.7454927891358768,0.5996860282574569
9,sider,SIDER2,tr,509,1366,785,321,0.4089171974522293,321,0,1,784,0.9987261146496815,1.0,0.9990958408679927,0.9978098419805519,1.0,1.0
9,sider,SIDER2,va,509,1366,77,46,0.5974025974025974,20,26,7,70,0.9090909090909091,0.43478260869565216,0.7317073170731707,0.40198098614131966,0.8318760408332203,0.7727272727272727
9,sider,SIDER2,te,509,1366,94,43,0.4574468085106383,8,35,12,82,0.8723404255319149,0.18604651162790697,0.656934306569343,0.07673719489970979,0.7770004302284117,0.6001979218208807
10,sider,SIDER2,tr,509,1366,764,342,0.4476439790575916,342,0,10,754,0.9869109947643979,1.0,0.9909584086799277,0.9792209917046074,1.0,1.0
10,sider,SIDER2,va,509,1366,95,28,0.29473684210526313,11,17,19,76,0.8,0.39285714285714285,0.7073170731707317,0.18831046039210758,0.8969996900870564,0.7240601503759398
10,sider,SIDER2,te,509,1366,97,40,0.41237113402061853,14,26,15,82,0.845360824742268,0.35,0.7007299270072993,0.21744151542241213,0.8198284491641519,0.6603092783505154
11,sider,SIDER2,tr,509,1366,784,322,0.4107142857142857,322,0,1,783,0.9987244897959183,1.0,0.9990958408679927,0.9978138421127062,1.0,1.0
11,sider,SIDER2,va,509,1366,85,38,0.4470588235294118,12,26,14,71,0.8352941176470589,0.3157894736842105,0.6747967479674797,0.17098027833282575,0.8286972531378585,0.6857585139318886
11,sider,SIDER2,te,509,1366,87,50,0.5747126436781609,12,38,19,68,0.7816091954022989,0.24,0.583941605839416,0.024862766172688584,0.6924055050331219,0.5712643678160919
12,sider,SIDER2,tr,509,1366,773,333,0.4307891332470893,333,0,1,772,0.9987063389391979,1.0,0.9990958408679927,0.9978558013059097,1.0,1.0
12,sider,SIDER2,va,509,1366,87,36,0.41379310344827586,15,21,15,72,0.8275862068965517,0.4166666666666667,0.7073170731707317,0.2587905757674411,0.8051550911294194,0.6778416347381864
12,sider,SIDER2,te,509,1366,96,41,0.4270833333333333,10,31,13,83,0.8645833333333334,0.24390243902439024,0.6788321167883211,0.13291805771756365,0.7863350428255742,0.6234756097560975
13,sider,SIDER2,tr,509,1366,769,337,0.43823146944083224,325,12,58,711,0.9245773732119635,0.9643916913946587,0.9367088607594937,0.8599956070902677,0.9948271454071995,0.9879858616338612
13,sider,SIDER2,va,509,1366,92,31,0.33695652173913043,14,17,23,69,0.75,0.45161290322580644,0.6747967479674797,0.1908723394166385,0.8362329417496026,0.6406030855539973
13,sider,SIDER2,te,509,1366,95,42,0.4421052631578947,15,27,21,74,0.7789473684210526,0.35714285714285715,0.6496350364963503,0.1425612335204108,0.7307155970536987,0.5909774436090225
14,sider,SIDER2,tr,509,1366,773,333,0.4307891332470893,333,0,15,758,0.9805950840879689,1.0,0.9864376130198915,0.9686733477294699,0.9999036393512701,0.9997746776530735
14,sider,SIDER2,va,509,1366,83,40,0.4819277108433735,18,22,15,68,0.8192771084337349,0.45,0.6991869918699187,0.2847018257920844,0.8166582628550733,0.6939759036144578
14,sider,SIDER2,te,509,1366,100,37,0.37,16,21,26,74,0.74,0.43243243243243246,0.656934306569343,0.1660478928797275,0.7603874460726776,0.5891891891891892
15,sider,SIDER2,tr,509,1366,782,324,0.4143222506393862,324,0,14,768,0.9820971867007673,1.0,0.9873417721518988,0.9702672853410561,0.9998100055620209,0.9995026996305769
15,sider,SIDER2,va,509,1366,81,42,0.5185185185185185,19,23,15,66,0.8148148148148148,0.4523809523809524,0.6910569105691057,0.2833102365706561,0.8042008776785139,0.7028218694885362
15,sider,SIDER2,te,509,1366,93,44,0.4731182795698925,20,24,32,61,0.6559139784946236,0.45454545454545453,0.5912408759124088,0.10628194354430813,0.7567056738144327,0.5960410557184751
1,sider,SIDER3,tr,509,1366,16,1090,68.125,1015,75,0,16,1.0,0.9311926605504587,0.9321880650994575,0.4046309208090824,0.5879120879120879,0.9655963302752294
1,sider,SIDER3,va,509,1366,3,120,40.0,111,9,2,1,0.3333333333333333,0.925,0.9105691056910569,0.1458117345994558,0.2170677256203572,0.7833333333333333
1,sider,SIDER3,te,509,1366,2,135,67.5,123,12,1,1,0.5,0.9111111111111111,0.9051094890510949,0.16825135790700485,0.2761698779514761,0.5888888888888888
2,sider,SIDER3,tr,509,1366,16,1090,68.125,1048,42,1,15,0.9375,0.9614678899082569,0.961121157323689,0.4855033689702354,0.5879558809246309,0.9769782110091743
2,sider,SIDER3,va,509,1366,2,121,60.5,117,4,2,0,0.0,0.9669421487603306,0.9512195121951219,-0.023571044492804952,0.019237375472346274,0.6466942148760331
2,sider,SIDER3,te,509,1366,3,134,44.666666666666664,131,3,3,0,0.0,0.9776119402985075,0.9562043795620438,-0.022388059701491846,0.02150677789363921,0.5572139303482586
3,sider,SIDER3,tr,509,1366,16,1090,68.125,1088,2,0,16,1.0,0.998165137614679,0.9981916817359855,0.9419436820224109,1.0,1.0
3,sider,SIDER3,va,509,1366,3,120,40.0,120,0,3,0,0.0,1.0,0.975609756097561,0.0,0.02919909420064075,0.6222222222222221
3,sider,SIDER3,te,509,1366,2,135,67.5,135,0,2,0,0.0,1.0,0.9854014598540146,0.0,0.024380129958960328,0.6333333333333333
4,sider,SIDER3,tr,509,1366,18,1088,60.44444444444444,1005,83,0,18,1.0,0.9237132352941176,0.9249547920433996,0.40573656569932953,0.7778035189704113,0.9946640114379085
4,sider,SIDER3,va,509,1366,1,122,122.0,112,10,0,1,1.0,0.9180327868852459,0.9186991869918699,0.2888901626578367,0.045454545454545456,0.9262295081967212
4,sider,SIDER3,te,509,1366,2,135,67.5,118,17,1,1,0.5,0.8740740740740741,0.8686131386861314,0.1328096886151273,0.02838921836982968,0.5925925925925926
5,sider,SIDER3,tr,509,1366,17,1089,64.05882352941177,1088,1,0,17,1.0,0.9990817263544536,0.9990958408679927,0.9713790125390956,1.0,1.0
5,sider,SIDER3,va,509,1366,1,122,122.0,122,0,1,0,0.0,1.0,0.991869918699187,0.0,0.05,0.9262295081967213
5,sider,SIDER3,te,509,1366,3,134,44.666666666666664,134,0,3,0,0.0,1.0,0.9781021897810219,0.0,0.12236406876237384,0.6766169154228856
6,sider,SIDER3,tr,509,1366,18,1088,60.44444444444444,1023,65,2,16,0.8888888888888888,0.9402573529411765,0.9394213381555153,0.40269607319826906,0.5781401353929526,0.9359170751633987
6,sider,SIDER3,va,509,1366,2,121,60.5,110,11,2,0,0.0,0.9090909090909091,0.8943089430894309,-0.040291148201268334,0.023809523809523808,0.6983471074380165
6,sider,SIDER3,te,509,1366,1,136,136.0,124,12,1,0,0.0,0.9117647058823529,0.9051094890510949,-0.026568446566202206,0.0036496350364963502,0.1875
7,sider,SIDER3,tr,509,1366,18,1088,60.44444444444444,1011,77,0,18,1.0,0.9292279411764706,0.930379746835443,0.4196000970996886,0.7611660079051383,0.9943321078431372
7,sider,SIDER3,va,509,1366,2,121,60.5,114,7,2,0,0.0,0.9421487603305785,0.926829268292683,-0.03158219698998334,0.015316315205327412,0.5495867768595042
7,sider,SIDER3,te,509,1366,1,136,136.0,124,12,1,0,0.0,0.9117647058823529,0.9051094890510949,-0.026568446566202206,0.018518518518518517,0.8382352941176471
8,sider,SIDER3,tr,509,1366,17,1089,64.05882352941177,1054,35,0,17,1.0,0.967860422405877,0.9683544303797469,0.5625085842233861,0.8832166975819135,0.9970291146761735
8,sider,SIDER3,va,509,1366,1,122,122.0,119,3,1,0,0.0,0.9754098360655737,0.967479674796748,-0.014314958357845076,0.01,0.6270491803278688
8,sider,SIDER3,te,509,1366,3,134,44.666666666666664,127,7,3,0,0.0,0.9477611940298507,0.927007299270073,-0.03472046812765363,0.027475062884898954,0.6305970149253731
9,sider,SIDER3,tr,509,1366,18,1088,60.44444444444444,995,93,0,18,1.0,0.9145220588235294,0.9159132007233273,0.3850985255799035,0.8784769578247839,0.9976511437908497
9,sider,SIDER3,va,509,1366,1,122,122.0,112,10,1,0,0.0,0.9180327868852459,0.9105691056910569,-0.026932760114536193,0.018518518518518517,0.7909836065573771
9,sider,SIDER3,te,509,1366,2,135,67.5,117,18,0,2,1.0,0.8666666666666667,0.8686131386861314,0.2943920288775926,0.172008547008547,0.9444444444444444
10,sider,SIDER3,tr,509,1366,18,1088,60.44444444444444,1086,2,0,18,1.0,0.9981617647058824,0.9981916817359855,0.947810945408046,1.0,1.0
10,sider,SIDER3,va,509,1366,2,121,60.5,119,2,2,0,0.0,0.9834710743801653,0.967479674796748,-0.0165289256198333,0.04941643323996265,0.8305785123966942
10,sider,SIDER3,te,509,1366,1,136,136.0,136,0,1,0,0.0,1.0,0.9927007299270073,0.0,0.00641025641025641,0.4338235294117647
11,sider,SIDER3,tr,509,1366,18,1088,60.44444444444444,1046,42,0,18,1.0,0.9613970588235294,0.9620253164556962,0.5370466624484866,0.7775790368532305,0.9944087009803921
11,sider,SIDER3,va,509,1366,1,122,122.0,117,5,0,1,1.0,0.9590163934426229,0.959349593495935,0.3997950294510324,1.0,1.0
11,sider,SIDER3,te,509,1366,2,135,67.5,130,5,2,0,0.0,0.9629629629629629,0.948905109489051,-0.02368896848395605,0.02819795923244199,0.7611111111111112
12,sider,SIDER3,tr,509,1366,17,1089,64.05882352941177,1061,28,0,17,1.0,0.9742883379247016,0.9746835443037974,0.6066831819129309,0.8145578473717107,0.9955706800626586
12,sider,SIDER3,va,509,1366,2,121,60.5,115,6,2,0,0.0,0.9504132231404959,0.9349593495934959,-0.02911420978274226,0.033091787439613524,0.7603305785123967
12,sider,SIDER3,te,509,1366,2,135,67.5,131,4,1,1,0.5,0.9703703703703703,0.9635036496350365,0.3008498997462418,0.14126984126984127,0.9611111111111111
13,sider,SIDER3,tr,509,1366,17,1089,64.05882352941177,1083,6,0,17,1.0,0.9944903581267218,0.9945750452079566,0.8573552885410552,0.9949058054594387,0.9999189758548048
13,sider,SIDER3,va,509,1366,2,121,60.5,120,1,2,0,0.0,0.9917355371900827,0.975609756097561,-0.011639716357534026,0.19545454545454546,0.9586776859504132
13,sider,SIDER3,te,509,1366,2,135,67.5,134,1,2,0,0.0,0.9925925925925926,0.9781021897810219,-0.010437071518084404,0.008317190403835559,0.1833333333333333
14,sider,SIDER3,tr,509,1366,15,1091,72.73333333333333,1079,12,1,14,0.9333333333333333,0.9890009165902841,0.9882459312839059,0.7041217976992804,0.8015894856671555,0.9929117018026276
14,sider,SIDER3,va,509,1366,3,120,40.0,119,1,3,0,0.0,0.9916666666666667,0.967479674796748,-0.014314958357845076,0.07925771088814566,0.8680555555555555
14,sider,SIDER3,te,509,1366,3,134,44.666666666666664,133,1,3,0,0.0,0.9925373134328358,0.9708029197080292,-0.012830357985666504,0.06201133407655146,0.822139303482587
15,sider,SIDER3,tr,509,1366,13,1093,84.07692307692308,1092,1,2,11,0.8461538461538461,0.9990850869167429,0.9972875226039783,0.8793504015726734,0.9453463203463204,0.9990850869167429
15,sider,SIDER3,va,509,1366,2,121,60.5,121,0,2,0,0.0,1.0,0.983739837398374,0.0,0.04769009725906277,0.8471074380165289
15,sider,SIDER3,te,509,1366,6,131,21.833333333333332,129,2,6,0,0.0,0.9847328244274809,0.9416058394160584,-0.026048822172151504,0.03966544513113933,0.4243002544529262
1,sider,SIDER4,tr,509,1366,670,436,0.6507462686567164,436,0,0,670,1.0,1.0,1.0,1.0,1.0,1.0
1,sider,SIDER4,va,509,1366,84,39,0.4642857142857143,23,16,21,63,0.75,0.5897435897435898,0.6991869918699187,0.3298248198525102,0.8164434751993523,0.6999389499389499
1,sider,SIDER4,te,509,1366,99,38,0.3838383838383838,17,21,16,83,0.8383838383838383,0.4473684210526316,0.7299270072992701,0.2991750891092588,0.8099330288565268,0.6549707602339181
2,sider,SIDER4,tr,509,1366,704,402,0.5710227272727273,402,0,7,697,0.9900568181818182,1.0,0.9936708860759493,0.9864644344639724,0.9997066945456557,0.9994452453640885
2,sider,SIDER4,va,509,1366,71,52,0.7323943661971831,26,26,16,55,0.7746478873239436,0.5,0.6585365853658537,0.28611455679153835,0.6431090443062351,0.6432827735644637
2,sider,SIDER4,te,509,1366,78,59,0.7564102564102564,22,37,18,60,0.7692307692307693,0.3728813559322034,0.5985401459854015,0.15477063996108872,0.6657570773135211,0.6090830073880922
3,sider,SIDER4,tr,509,1366,695,411,0.5913669064748202,408,3,13,682,0.981294964028777,0.9927007299270073,0.9855334538878843,0.9693575928666693,0.9994549689883541,0.9990267639902677
3,sider,SIDER4,va,509,1366,68,55,0.8088235294117647,35,20,16,52,0.7647058823529411,0.6363636363636364,0.7073170731707317,0.4047660901199854,0.8054248229763541,0.7778074866310162
3,sider,SIDER4,te,509,1366,90,47,0.5222222222222223,19,28,28,62,0.6888888888888889,0.40425531914893614,0.5912408759124088,0.09314420803782504,0.7443371409808324,0.5964539007092198
4,sider,SIDER4,tr,509,1366,690,416,0.6028985507246377,391,25,47,643,0.9318840579710145,0.9399038461538461,0.9349005424954792,0.8634889079753878,0.9917062498287568,0.9853156354515051
4,sider,SIDER4,va,509,1366,77,46,0.5974025974025974,20,26,22,55,0.7142857142857143,0.43478260869565216,0.6097560975609756,0.1521046494294648,0.7257244707487013,0.6132128740824392
4,sider,SIDER4,te,509,1366,86,51,0.5930232558139535,21,30,22,64,0.7441860465116279,0.4117647058823529,0.6204379562043796,0.16245146547112674,0.7355965576550889,0.6290469676242589
5,sider,SIDER4,tr,509,1366,685,421,0.6145985401459854,421,0,0,685,1.0,1.0,1.0,1.0,1.0,1.0
5,sider,SIDER4,va,509,1366,72,51,0.7083333333333334,20,31,19,53,0.7361111111111112,0.39215686274509803,0.5934959349593496,0.13579932908410505,0.6993187247646184,0.627723311546841
5,sider,SIDER4,te,509,1366,96,41,0.4270833333333333,13,28,21,75,0.78125,0.3170731707317073,0.6423357664233577,0.10423782700291555,0.7639036679757564,0.5840955284552846
6,sider,SIDER4,tr,509,1366,694,412,0.5936599423631124,412,0,2,692,0.9971181556195965,1.0,0.9981916817359855,0.9961431421732164,1.0,1.0
6,sider,SIDER4,va,509,1366,74,49,0.6621621621621622,24,25,19,55,0.7432432432432432,0.4897959183673469,0.6422764227642277,0.2392564132217099,0.7523307671312078,0.6458907887479317
6,sider,SIDER4,te,509,1366,85,52,0.611764705882353,25,27,17,68,0.8,0.4807692307692308,0.6788321167883211,0.29551137249577997,0.83456277239775,0.7382352941176471
7,sider,SIDER4,tr,509,1366,697,409,0.5868005738880918,409,0,1,696,0.9985652797704447,1.0,0.9990958408679927,0.9980630013670649,1.0,1.0
7,sider,SIDER4,va,509,1366,75,48,0.64,19,29,13,62,0.8266666666666667,0.3958333333333333,0.6585365853658537,0.2473919594356424,0.7371268995004513,0.6544444444444444
7,sider,SIDER4,te,509,1366,81,56,0.691358024691358,21,35,19,62,0.7654320987654321,0.375,0.6058394160583942,0.15184029770997778,0.7317248729382568,0.6448412698412698
8,sider,SIDER4,tr,509,1366,688,418,0.6075581395348837,409,9,21,667,0.9694767441860465,0.9784688995215312,0.972875226039783,0.9428838983681418,0.9978643178158255,0.9962758707021252
8,sider,SIDER4,va,509,1366,74,49,0.6621621621621622,26,23,16,58,0.7837837837837838,0.5306122448979592,0.6829268292682927,0.32458152531784107,0.7319111484682438,0.6740209597352455
8,sider,SIDER4,te,509,1366,91,46,0.5054945054945055,25,21,18,73,0.8021978021978022,0.5434782608695652,0.7153284671532847,0.3517796921661408,0.853315569278692,0.7527472527472527
9,sider,SIDER4,tr,509,1366,701,405,0.5777460770328102,405,0,1,700,0.9985734664764622,1.0,0.9990958408679927,0.9980550715860516,1.0,1.0
9,sider,SIDER4,va,509,1366,73,50,0.684931506849315,21,29,17,56,0.7671232876712328,0.42,0.6260162601626016,0.1989175082063863,0.7437043650380255,0.6736986301369864
9,sider,SIDER4,te,509,1366,79,58,0.7341772151898734,19,39,13,66,0.8354430379746836,0.3275862068965517,0.6204379562043796,0.19038091978634375,0.7379924534023873,0.6695766041030118
10,sider,SIDER4,tr,509,1366,690,416,0.6028985507246377,416,0,0,690,1.0,1.0,1.0,1.0,1.0,1.0
10,sider,SIDER4,va,509,1366,79,44,0.5569620253164557,21,23,23,56,0.7088607594936709,0.4772727272727273,0.6260162601626016,0.1861334867663981,0.8025999365251012,0.6668584579976985
10,sider,SIDER4,te,509,1366,84,53,0.6309523809523809,19,34,18,66,0.7857142857142857,0.3584905660377358,0.6204379562043796,0.15818182731650496,0.6706833269449861,0.573674752920036
11,sider,SIDER4,tr,509,1366,688,418,0.6075581395348837,418,0,1,687,0.998546511627907,1.0,0.9990958408679927,0.998079829336829,0.9999978889046643,0.9999965227550908
11,sider,SIDER4,va,509,1366,70,53,0.7571428571428571,28,25,18,52,0.7428571428571429,0.5283018867924528,0.6504065040650406,0.2775151822968926,0.7017861200478752,0.6520215633423181
11,sider,SIDER4,te,509,1366,95,42,0.4421052631578947,15,27,21,74,0.7789473684210526,0.35714285714285715,0.6496350364963503,0.1425612335204108,0.7617674635658549,0.605764411027569
12,sider,SIDER4,tr,509,1366,704,402,0.5710227272727273,389,13,15,689,0.9786931818181818,0.9676616915422885,0.9746835443037974,0.9453532909688895,0.9978372402581926,0.9962474559023067
12,sider,SIDER4,va,509,1366,70,53,0.7571428571428571,22,31,17,53,0.7571428571428571,0.41509433962264153,0.6097560975609756,0.18329134445333764,0.750120827252784,0.6679245283018869
12,sider,SIDER4,te,509,1366,79,58,0.7341772151898734,25,33,14,65,0.8227848101265823,0.43103448275862066,0.656934306569343,0.2779117000712579,0.7003688679059658,0.6466608467917939
13,sider,SIDER4,tr,509,1366,685,421,0.6145985401459854,421,0,0,685,1.0,1.0,1.0,1.0,1.0,1.0
13,sider,SIDER4,va,509,1366,82,41,0.5,18,23,18,64,0.7804878048780488,0.43902439024390244,0.6666666666666666,0.22742941307367093,0.7960847607062292,0.6823319452706722
13,sider,SIDER4,te,509,1366,86,51,0.5930232558139535,24,27,16,70,0.813953488372093,0.47058823529411764,0.6861313868613139,0.30252718678863394,0.7990336913533646,0.6958504331965345
14,sider,SIDER4,tr,509,1366,677,429,0.6336779911373708,429,0,1,676,0.9985228951255539,1.0,0.9990958408679927,0.9980985667046217,1.0,1.0
14,sider,SIDER4,va,509,1366,84,39,0.4642857142857143,30,9,21,63,0.75,0.7692307692307693,0.7560975609756098,0.49043451968590807,0.8576166636223589,0.7551892551892552
14,sider,SIDER4,te,509,1366,92,45,0.4891304347826087,18,27,18,74,0.8043478260869565,0.4,0.6715328467153284,0.21805108659845537,0.8352474400063055,0.6954106280193236
15,sider,SIDER4,tr,509,1366,693,413,0.5959595959595959,391,22,44,649,0.9365079365079365,0.9467312348668281,0.9403254972875226,0.8746092701557516,0.9922993468781635,0.9866863026669322
15,sider,SIDER4,va,509,1366,71,52,0.7323943661971831,28,24,31,40,0.5633802816901409,0.5384615384615384,0.5528455284552846,0.10070267474870928,0.6654279092980411,0.5998104008667389
15,sider,SIDER4,te,509,1366,89,48,0.5393258426966292,24,24,24,65,0.7303370786516854,0.5,0.6496350364963503,0.23033707865168535,0.7841640790119813,0.6448970037453183
1,sider,SIDER5,tr,509,1366,893,213,0.23852183650615902,186,27,140,753,0.8432250839865622,0.8732394366197183,0.849005424954792,0.619660936084081,0.9837147785765255,0.9329132690882135
1,sider,SIDER5,va,509,1366,93,30,0.3225806451612903,15,15,14,79,0.8494623655913979,0.5,0.7642276422764228,0.35354083907031186,0.8747261703066884,0.7215053763440861
1,sider,SIDER5,te,509,1366,121,16,0.1322314049586777,9,7,26,95,0.7851239669421488,0.5625,0.7591240875912408,0.25599311186027324,0.944095282930868,0.7133264462809917
2,sider,SIDER5,tr,509,1366,899,207,0.23025583982202447,207,0,29,870,0.967741935483871,1.0,0.9737793851717902,0.9213167176705077,0.9997536092439729,0.998876905633205
2,sider,SIDER5,va,509,1366,101,22,0.21782178217821782,8,14,13,88,0.8712871287128713,0.36363636363636365,0.7804878048780488,0.2392702715370425,0.9328028803556332,0.7511251125112511
2,sider,SIDER5,te,509,1366,107,30,0.2803738317757009,10,20,11,96,0.897196261682243,0.3333333333333333,0.7737226277372263,0.2646309047092337,0.8852984149614358,0.7180685358255451
3,sider,SIDER5,tr,509,1366,898,208,0.23162583518930957,204,4,58,840,0.9354120267260579,0.9807692307692307,0.9439421338155516,0.84203349967105,0.9965801437210425,0.9840885728970361
3,sider,SIDER5,va,509,1366,98,25,0.25510204081632654,9,16,16,82,0.8367346938775511,0.36,0.7398373983739838,0.19673469387755083,0.9184613545642915,0.7428571428571429
3,sider,SIDER5,te,509,1366,111,26,0.23423423423423423,10,16,26,85,0.7657657657657657,0.38461538461538464,0.6934306569343066,0.13397680872642823,0.9031280697558002,0.6957726957726956
4,sider,SIDER5,tr,509,1366,909,197,0.21672167216721672,194,3,45,864,0.9504950495049505,0.9847715736040609,0.9566003616636528,0.8694447540307905,0.9983430643686219,0.9919865082954996
4,sider,SIDER5,va,509,1366,92,31,0.33695652173913043,12,19,8,84,0.9130434782608695,0.3870967741935484,0.7804878048780488,0.3531550280477793,0.9400157972158856,0.8345021037868162
4,sider,SIDER5,te,509,1366,106,31,0.29245283018867924,6,25,10,96,0.9056603773584906,0.1935483870967742,0.7445255474452555,0.1292501762639595,0.8747235934723788,0.6774193548387097
5,sider,SIDER5,tr,509,1366,889,217,0.2440944881889764,194,23,137,752,0.8458942632170978,0.8940092165898618,0.8553345388788427,0.6416393188425052,0.9847083610844257,0.939115041495389
5,sider,SIDER5,va,509,1366,105,18,0.17142857142857143,13,5,18,87,0.8285714285714286,0.7222222222222222,0.8130081300813008,0.4483787963851014,0.9549203380760793,0.7915343915343916
5,sider,SIDER5,te,509,1366,113,24,0.21238938053097345,12,12,21,92,0.8141592920353983,0.5,0.7591240875912408,0.27926795999061377,0.916094529844659,0.7249262536873156
6,sider,SIDER5,tr,509,1366,906,200,0.22075055187637968,200,0,24,882,0.9735099337748344,1.0,0.9783001808318263,0.932311803000072,0.9998635609552202,0.9993653421633555
6,sider,SIDER5,va,509,1366,94,29,0.30851063829787234,13,16,5,89,0.9468085106382979,0.4482758620689655,0.8292682926829268,0.4744843312881344,0.9251572505928382,0.8253851797505503
6,sider,SIDER5,te,509,1366,107,30,0.2803738317757009,3,27,13,94,0.8785046728971962,0.1,0.708029197080292,-0.027678585888441076,0.8703334140958172,0.640809968847352
7,sider,SIDER5,tr,509,1366,898,208,0.23162583518930957,189,19,89,809,0.9008908685968819,0.9086538461538461,0.9023508137432188,0.7292444141861261,0.9912173084961485,0.9616535677574096
7,sider,SIDER5,va,509,1366,100,23,0.23,12,11,15,85,0.85,0.5217391304347826,0.7886178861788617,0.3501746458678804,0.9312064084170061,0.7704347826086957
7,sider,SIDER5,te,509,1366,109,28,0.25688073394495414,7,21,20,89,0.8165137614678899,0.25,0.7007299270072993,0.06742571315109104,0.8600099127953875,0.6032110091743119
8,sider,SIDER5,tr,509,1366,898,208,0.23162583518930957,172,36,132,766,0.8530066815144766,0.8269230769230769,0.8481012658227848,0.5951273497188555,0.9795571317905921,0.9185529809833819
8,sider,SIDER5,va,509,1366,92,31,0.33695652173913043,14,17,17,75,0.8152173913043478,0.45161290322580644,0.7235772357723578,0.2668302945301541,0.8658421811182909,0.6960028050490884
8,sider,SIDER5,te,509,1366,117,20,0.17094017094017094,8,12,24,93,0.7948717948717948,0.4,0.7372262773722628,0.1626249871541468,0.891465855831697,0.6527777777777778
9,sider,SIDER5,tr,509,1366,902,204,0.2261640798226164,204,0,20,882,0.9778270509977827,1.0,0.9819168173598554,0.9436742363239298,0.9999178225230188,0.999619581757315
9,sider,SIDER5,va,509,1366,92,31,0.33695652173913043,13,18,13,79,0.8586956521739131,0.41935483870967744,0.7479674796747967,0.29568267979964596,0.8850315358130574,0.7272089761570828
9,sider,SIDER5,te,509,1366,113,24,0.21238938053097345,6,18,7,106,0.9380530973451328,0.25,0.8175182481751825,0.24391741835391262,0.8881689094450167,0.6596607669616519
10,sider,SIDER5,tr,509,1366,902,204,0.2261640798226164,204,0,5,897,0.9944567627494457,1.0,0.9954792043399638,0.9852237974717837,1.0,1.0
10,sider,SIDER5,va,509,1366,99,24,0.24242424242424243,6,18,7,92,0.9292929292929293,0.25,0.7967479674796748,0.2311098002581803,0.9358438858729409,0.7651515151515151
10,sider,SIDER5,te,509,1366,106,31,0.29245283018867924,10,21,10,96,0.9056603773584906,0.3225806451612903,0.7737226277372263,0.2704702828122621,0.9282192430823117,0.7678027997565429
11,sider,SIDER5,tr,509,1366,893,213,0.23852183650615902,213,0,34,859,0.961926091825308,1.0,0.969258589511754,0.910777257505163,0.999642097167064,0.9984595891887345
11,sider,SIDER5,va,509,1366,100,23,0.23,10,13,18,82,0.82,0.43478260869565216,0.7479674796747967,0.2369151752453255,0.8792079147006182,0.6478260869565218
11,sider,SIDER5,te,509,1366,114,23,0.20175438596491227,10,13,13,101,0.8859649122807017,0.43478260869565216,0.8102189781021898,0.32074752097635373,0.933481910659128,0.7646834477498095
12,sider,SIDER5,tr,509,1366,901,205,0.22752497225305215,205,0,23,878,0.974472807991121,1.0,0.9792043399638336,0.9360399171420227,0.9999158319052395,0.9996156032592513
12,sider,SIDER5,va,509,1366,98,25,0.25510204081632654,10,15,15,83,0.8469387755102041,0.4,0.7560975609756098,0.24693877551020385,0.9171947016431691,0.7542857142857142
12,sider,SIDER5,te,509,1366,108,29,0.26851851851851855,9,20,16,92,0.8518518518518519,0.3103448275862069,0.7372262773722628,0.17154332351014104,0.8547719800035405,0.6334610472541506
13,sider,SIDER5,tr,509,1366,893,213,0.23852183650615902,213,0,29,864,0.9675251959686451,1.0,0.9737793851717902,0.9228120577736305,0.9996607592026183,0.9984858760626468
13,sider,SIDER5,va,509,1366,104,19,0.18269230769230768,6,13,18,86,0.8269230769230769,0.3157894736842105,0.7479674796747967,0.13014647806950133,0.9317575097983972,0.6852226720647773
13,sider,SIDER5,te,509,1366,110,27,0.24545454545454545,8,19,13,97,0.8818181818181818,0.2962962962962963,0.7664233576642335,0.19667031138522345,0.8744424011006756,0.6353535353535354
14,sider,SIDER5,tr,509,1366,896,210,0.234375,209,1,58,838,0.9352678571428571,0.9952380952380953,0.9466546112115732,0.8527980462656924,0.998524610776062,0.9933460884353742
14,sider,SIDER5,va,509,1366,100,23,0.23,10,13,17,83,0.83,0.43478260869565216,0.7560975609756098,0.24942264249536744,0.9067043623724846,0.7256521739130434
14,sider,SIDER5,te,509,1366,111,26,0.23423423423423423,9,17,26,85,0.7657657657657657,0.34615384615384615,0.6861313868613139,0.1006283266583526,0.8863653746720366,0.6403326403326403
15,sider,SIDER5,tr,509,1366,894,212,0.2371364653243848,184,28,129,765,0.8557046979865772,0.8679245283018868,0.8580470162748643,0.632330348974011,0.9822148389289764,0.9288733063188552
15,sider,SIDER5,va,509,1366,99,24,0.24242424242424243,9,15,24,75,0.7575757575757576,0.375,0.6829268292682927,0.11857936244317058,0.9015317446948412,0.6731902356902357
15,sider,SIDER5,te,509,1366,114,23,0.20175438596491227,16,7,34,80,0.7017543859649122,0.6956521739130435,0.7007299270072993,0.3085366407916494,0.9328773872051996,0.7475209763539283
1,sider,SIDER6,tr,509,1366,777,329,0.42342342342342343,220,109,218,559,0.7194337194337195,0.668693009118541,0.7043399638336347,0.362791182849447,0.870474472133909,0.7455747106203033
1,sider,SIDER6,va,509,1366,80,43,0.5375,26,17,27,53,0.6625,0.6046511627906976,0.6422764227642277,0.2572464174686307,0.8087471705837418,0.6806686046511627
1,sider,SIDER6,te,509,1366,105,32,0.3047619047619048,19,13,31,74,0.7047619047619048,0.59375,0.6788321167883211,0.26235338126502805,0.8623712377515061,0.647172619047619
2,sider,SIDER6,tr,509,1366,784,322,0.4107142857142857,238,84,219,565,0.7206632653061225,0.7391304347826086,0.7260397830018083,0.42419792050733046,0.8873310515353419,0.7844130276334137
2,sider,SIDER6,va,509,1366,84,39,0.4642857142857143,23,16,24,60,0.7142857142857143,0.5897435897435898,0.6747967479674797,0.29115997054392745,0.8099519492609278,0.7095543345543346
2,sider,SIDER6,te,509,1366,94,43,0.4574468085106383,18,25,34,60,0.6382978723404256,0.4186046511627907,0.5693430656934306,0.054414989130041745,0.7235418562502854,0.5592528451261751
3,sider,SIDER6,tr,509,1366,777,329,0.42342342342342343,250,79,299,478,0.6151866151866152,0.7598784194528876,0.6582278481012658,0.3429266742060768,0.8596125106583642,0.7436187816127027
3,sider,SIDER6,va,509,1366,87,36,0.41379310344827586,27,9,40,47,0.5402298850574713,0.75,0.6016260162601627,0.26516829225773,0.8169404606237898,0.64272030651341
3,sider,SIDER6,te,509,1366,98,39,0.3979591836734694,25,14,57,41,0.41836734693877553,0.6410256410256411,0.48175182481751827,0.05467543473644439,0.7501228193578754,0.5574306645735216
4,sider,SIDER6,tr,509,1366,790,316,0.4,305,11,53,737,0.9329113924050633,0.9651898734177216,0.9421338155515371,0.8671417233190525,0.9960806111767642,0.9901658388078833
4,sider,SIDER6,va,509,1366,80,43,0.5375,27,16,17,63,0.7875,0.627906976744186,0.7317073170731707,0.4132502487081849,0.8354516862672882,0.7305232558139535
4,sider,SIDER6,te,509,1366,92,45,0.4891304347826087,24,21,19,73,0.7934782608695652,0.5333333333333333,0.708029197080292,0.3307497095243632,0.7483052245620622,0.6644927536231884
5,sider,SIDER6,tr,509,1366,769,337,0.43823146944083224,337,0,3,766,0.9960988296488946,1.0,0.9972875226039783,0.9936346020185002,1.0,1.0
5,sider,SIDER6,va,509,1366,95,28,0.29473684210526313,10,18,16,79,0.8315789473684211,0.35714285714285715,0.7235772357723578,0.1938163264126236,0.8723627665576047,0.6984962406015037
5,sider,SIDER6,te,509,1366,98,39,0.3979591836734694,14,25,16,82,0.8367346938775511,0.358974358974359,0.7007299270072993,0.2135520477849728,0.8367810332029323,0.7153322867608581
6,sider,SIDER6,tr,509,1366,785,321,0.4089171974522293,316,5,50,735,0.9363057324840764,0.9844236760124611,0.9502712477396021,0.8881022225880149,0.9979611062462832,0.994904458598726
6,sider,SIDER6,va,509,1366,82,41,0.5,24,17,25,57,0.6951219512195121,0.5853658536585366,0.6585365853658537,0.2700840505730869,0.7774325693267661,0.6734086853063653
6,sider,SIDER6,te,509,1366,95,42,0.4421052631578947,17,25,21,74,0.7789473684210526,0.40476190476190477,0.6642335766423357,0.1891943362651992,0.7361217624831151,0.6032581453634085
7,sider,SIDER6,tr,509,1366,777,329,0.42342342342342343,239,90,227,550,0.7078507078507078,0.7264437689969605,0.713381555153707,0.4020775447561623,0.8919702039914006,0.7940172043515509
7,sider,SIDER6,va,509,1366,88,35,0.3977272727272727,22,13,31,57,0.6477272727272727,0.6285714285714286,0.6422764227642277,0.251748706051699,0.8470759958107352,0.6938311688311689
7,sider,SIDER6,te,509,1366,97,40,0.41237113402061853,22,18,42,55,0.5670103092783505,0.55,0.5620437956204379,0.10663224996266364,0.8158536756838279,0.6189432989690722
8,sider,SIDER6,tr,509,1366,775,331,0.4270967741935484,276,55,149,626,0.807741935483871,0.8338368580060423,0.8155515370705244,0.6040137534533147,0.9444917042376695,0.8865256797583081
8,sider,SIDER6,va,509,1366,88,35,0.3977272727272727,18,17,26,62,0.7045454545454546,0.5142857142857142,0.6504065040650406,0.2059892965033323,0.8508037909462984,0.7116883116883117
8,sider,SIDER6,te,509,1366,99,38,0.3838383838383838,20,18,33,66,0.6666666666666666,0.5263157894736842,0.6277372262773723,0.17739837906870162,0.8567639558821494,0.6634768740031898
9,sider,SIDER6,tr,509,1366,787,319,0.40533672172808133,319,0,9,778,0.98856416772554,1.0,0.9918625678119349,0.9805299237738733,1.0,1.0
9,sider,SIDER6,va,509,1366,80,43,0.5375,19,24,12,68,0.85,0.4418604651162791,0.7073170731707317,0.32053815360438664,0.8053049117754805,0.7130813953488372
9,sider,SIDER6,te,509,1366,95,42,0.4421052631578947,15,27,19,76,0.8,0.35714285714285715,0.6642335766423357,0.16773474087888715,0.7678805232830824,0.6363408521303259
10,sider,SIDER6,tr,509,1366,779,327,0.4197689345314506,309,18,80,699,0.8973042362002568,0.944954128440367,0.9113924050632911,0.8049215585020572,0.9907852348045061,0.9777256971024563
10,sider,SIDER6,va,509,1366,85,38,0.4470588235294118,23,15,23,62,0.7294117647058823,0.6052631578947368,0.6910569105691057,0.3195951310747434,0.8437831854579093,0.7284829721362229
10,sider,SIDER6,te,509,1366,98,39,0.3979591836734694,20,19,22,76,0.7755102040816326,0.5128205128205128,0.7007299270072993,0.2821953188866621,0.8199254702213177,0.7001569858712715
11,sider,SIDER6,tr,509,1366,790,316,0.4,262,54,122,668,0.8455696202531645,0.8291139240506329,0.840867992766727,0.640210796382135,0.9707662440611808,0.9285551193718956
11,sider,SIDER6,va,509,1366,78,45,0.5769230769230769,20,25,19,59,0.7564102564102564,0.4444444444444444,0.6422764227642277,0.20790436723776048,0.7609018533332663,0.6868945868945868
11,sider,SIDER6,te,509,1366,94,43,0.4574468085106383,16,27,20,74,0.7872340425531915,0.37209302325581395,0.656934306569343,0.16798703914084198,0.8103577628303199,0.6687283523008412
12,sider,SIDER6,tr,509,1366,779,327,0.4197689345314506,311,16,71,708,0.9088575096277278,0.9510703363914373,0.9213381555153707,0.8252844325453218,0.9927620145610384,0.9826484986240495
12,sider,SIDER6,va,509,1366,89,34,0.38202247191011235,15,19,27,62,0.6966292134831461,0.4411764705882353,0.6260162601626016,0.1299674022551855,0.8271065788565315,0.6549900859220092
12,sider,SIDER6,te,509,1366,94,43,0.4574468085106383,15,28,25,69,0.7340425531914894,0.3488372093023256,0.6131386861313869,0.08459229150653623,0.7848253068949261,0.6105888174171201
13,sider,SIDER6,tr,509,1366,770,336,0.43636363636363634,294,42,135,635,0.8246753246753247,0.875,0.8399638336347197,0.6603718906667685,0.9708898774254578,0.9352620593692023
13,sider,SIDER6,va,509,1366,92,31,0.33695652173913043,15,16,30,62,0.6739130434782609,0.4838709677419355,0.6260162601626016,0.1422277026011622,0.8451011476399646,0.6216690042075736
13,sider,SIDER6,te,509,1366,100,37,0.37,20,17,28,72,0.72,0.5405405405405406,0.6715328467153284,0.24247141665258495,0.8444676979910243,0.6927027027027027
14,sider,SIDER6,tr,509,1366,783,323,0.4125159642401022,255,68,142,641,0.8186462324393359,0.7894736842105263,0.810126582278481,0.5764385253977783,0.9538637151472632,0.8906642310079911
14,sider,SIDER6,va,509,1366,78,45,0.5769230769230769,24,21,25,53,0.6794871794871795,0.5333333333333333,0.6260162601626016,0.2093886532965012,0.7548060953507476,0.6715099715099715
14,sider,SIDER6,te,509,1366,101,36,0.3564356435643564,16,20,29,72,0.7128712871287128,0.4444444444444444,0.6423357664233577,0.14742933987507856,0.8189997137680924,0.6421892189218922
15,sider,SIDER6,tr,509,1366,779,327,0.4197689345314506,310,17,86,693,0.889602053915276,0.9480122324159022,0.906871609403255,0.7972782450978978,0.9893446234295136,0.9728303753341734
15,sider,SIDER6,va,509,1366,84,39,0.4642857142857143,21,18,21,63,0.75,0.5384615384615384,0.6829268292682927,0.28306925853614884,0.8199891023612138,0.6935286935286936
15,sider,SIDER6,te,509,1366,99,38,0.3838383838383838,21,17,29,70,0.7070707070707071,0.5526315789473685,0.6642335766423357,0.24151301501763886,0.834871170011205,0.6913875598086124
1,sider,SIDER7,tr,509,1366,1012,94,0.09288537549407115,93,1,70,942,0.9308300395256917,0.9893617021276596,0.9358047016274864,0.7239071494221535,0.9989235573114585,0.9881528046421665
1,sider,SIDER7,va,509,1366,106,17,0.16037735849056603,7,10,9,97,0.9150943396226415,0.4117647058823529,0.8455284552845529,0.3353405106189432,0.9078603151074726,0.6409544950055494
1,sider,SIDER7,te,509,1366,129,8,0.06201550387596899,3,5,17,112,0.8682170542635659,0.375,0.8394160583941606,0.16151986543979685,0.9514777633467976,0.5939922480620154
2,sider,SIDER7,tr,509,1366,1012,94,0.09288537549407115,93,1,101,911,0.900197628458498,0.9893617021276596,0.9077757685352622,0.6522751273761872,0.9974787977123579,0.9725843074594231
2,sider,SIDER7,va,509,1366,113,10,0.08849557522123894,3,7,14,99,0.8761061946902655,0.3,0.8292682926829268,0.13945576145334404,0.9600196032494797,0.6973451327433628
2,sider,SIDER7,te,509,1366,122,15,0.12295081967213115,6,9,13,109,0.8934426229508197,0.4,0.8394160583941606,0.2651129465971624,0.9451247013576027,0.6748633879781422
3,sider,SIDER7,tr,509,1366,1011,95,0.09396636993076163,88,7,120,891,0.8813056379821959,0.9263157894736842,0.8851717902350814,0.5791290862752394,0.9958391173096847,0.9564891457129472
3,sider,SIDER7,va,509,1366,115,8,0.06956521739130435,7,1,19,96,0.8347826086956521,0.875,0.8373983739837398,0.4286933300674892,0.9902431632262654,0.8717391304347826
3,sider,SIDER7,te,509,1366,121,16,0.1322314049586777,7,9,24,97,0.8016528925619835,0.4375,0.7591240875912408,0.18356696812948847,0.9286176491347038,0.6590909090909091
4,sider,SIDER7,tr,509,1366,1015,91,0.0896551724137931,90,1,72,943,0.929064039408867,0.989010989010989,0.933996383363472,0.7134908165835763,0.9990259857959295,0.9889135495046826
4,sider,SIDER7,va,509,1366,111,12,0.10810810810810811,7,5,13,98,0.8828828828828829,0.5833333333333334,0.8536585365853658,0.3748917450672236,0.9614057156786948,0.7702702702702703
4,sider,SIDER7,te,509,1366,121,16,0.1322314049586777,7,9,9,112,0.9256198347107438,0.4375,0.8686131386861314,0.3631198347107433,0.9259413981444654,0.6823347107438016
5,sider,SIDER7,tr,509,1366,1007,99,0.09831181727904667,85,14,241,766,0.7606752730883813,0.8585858585858586,0.7694394213381555,0.3877484346995192,0.9865628923682336,0.8843298927708063
5,sider,SIDER7,va,509,1366,112,11,0.09821428571428571,9,2,30,82,0.7321428571428571,0.8181818181818182,0.7398373983739838,0.33748338261000405,0.9814890553442122,0.8717532467532467
5,sider,SIDER7,te,509,1366,128,9,0.0703125,4,5,40,88,0.6875,0.4444444444444444,0.6715328467153284,0.07000830064518539,0.9462160471479698,0.5394965277777778
6,sider,SIDER7,tr,509,1366,1019,87,0.08537782139352307,86,1,86,933,0.915603532875368,0.9885057471264368,0.9213381555153707,0.6716298406958301,0.9981644271967737,0.9781958873360179
6,sider,SIDER7,va,509,1366,107,16,0.14953271028037382,7,9,10,97,0.9065420560747663,0.4375,0.8455284552845529,0.3353405106189432,0.9617732335167838,0.7996495327102803
6,sider,SIDER7,te,509,1366,121,16,0.1322314049586777,6,10,13,108,0.8925619834710744,0.375,0.8321167883211679,0.248633291367585,0.90416477593833,0.6730371900826446
7,sider,SIDER7,tr,509,1366,1005,101,0.10049751243781095,101,0,35,970,0.9651741293532339,1.0,0.9683544303797469,0.8466308099855212,0.9999489780407103,0.9994877099650263
7,sider,SIDER7,va,509,1366,111,12,0.10810810810810811,7,5,6,105,0.9459459459459459,0.5833333333333334,0.9105691056910569,0.5108212857138831,0.9725306440185902,0.8220720720720721
7,sider,SIDER7,te,509,1366,131,6,0.04580152671755725,3,3,10,121,0.9236641221374046,0.5,0.9051094890510949,0.29583560490813376,0.9830920508275459,0.7404580152671756
8,sider,SIDER7,tr,509,1366,1004,102,0.10159362549800798,92,10,168,836,0.8326693227091634,0.9019607843137255,0.8390596745027125,0.5012608770536944,0.9930821860710246,0.9359473869228967
8,sider,SIDER7,va,509,1366,112,11,0.09821428571428571,5,6,22,90,0.8035714285714286,0.45454545454545453,0.7723577235772358,0.1779525712222712,0.9650475864324923,0.7224025974025974
8,sider,SIDER7,te,509,1366,131,6,0.04580152671755725,4,2,23,108,0.8244274809160306,0.6666666666666666,0.8175182481751825,0.25263749529566293,0.9804755580571395,0.7862595419847328
9,sider,SIDER7,tr,509,1366,1014,92,0.09072978303747535,91,1,61,953,0.9398422090729783,0.9891304347826086,0.9439421338155516,0.7451090443775085,0.9988839382413238,0.9873617185490096
9,sider,SIDER7,va,509,1366,112,11,0.09821428571428571,6,5,14,98,0.875,0.5454545454545454,0.8455284552845529,0.3251552687693568,0.9844914707932573,0.862012987012987
9,sider,SIDER7,te,509,1366,121,16,0.1322314049586777,2,14,11,110,0.9090909090909091,0.125,0.8175182481751825,0.03736016110400379,0.8837143657264415,0.553202479338843
10,sider,SIDER7,tr,509,1366,1016,90,0.08858267716535433,72,18,130,886,0.8720472440944882,0.8,0.8661844484629295,0.4755629509118885,0.993259245201398,0.9273840769903763
10,sider,SIDER7,va,509,1366,113,10,0.08849557522123894,5,5,23,90,0.7964601769911505,0.5,0.7723577235772358,0.19322564557994784,0.9833360846524178,0.8300884955752212
10,sider,SIDER7,te,509,1366,118,19,0.16101694915254236,10,9,20,98,0.8305084745762712,0.5263157894736842,0.7883211678832117,0.2982082585967663,0.9217143501896016,0.7105263157894737
11,sider,SIDER7,tr,509,1366,1012,94,0.09288537549407115,94,0,19,993,0.9812252964426877,1.0,0.9828209764918626,0.903460299119484,0.9999960952564627,0.9999579513918089
11,sider,SIDER7,va,509,1366,112,11,0.09821428571428571,4,7,10,102,0.9107142857142857,0.36363636363636365,0.8617886178861789,0.2465097376851542,0.9488306814018344,0.6810064935064936
11,sider,SIDER7,te,509,1366,123,14,0.11382113821138211,4,10,4,119,0.967479674796748,0.2857142857142857,0.8978102189781022,0.3270619841195416,0.9180369731499276,0.5778164924506387
12,sider,SIDER7,tr,509,1366,1015,91,0.0896551724137931,86,5,92,923,0.90935960591133,0.945054945054945,0.9122965641952984,0.6389080556438994,0.9976600679691016,0.9740053050397878
12,sider,SIDER7,va,509,1366,107,16,0.14953271028037382,8,8,15,92,0.8598130841121495,0.5,0.8130081300813008,0.3104308785438629,0.966345902268536,0.830607476635514
12,sider,SIDER7,te,509,1366,125,12,0.096,6,6,20,105,0.84,0.5,0.8102189781021898,0.24511866530960047,0.9385692891570108,0.6693333333333333
13,sider,SIDER7,tr,509,1366,1005,101,0.10049751243781095,95,6,210,795,0.7910447761194029,0.9405940594059405,0.8047016274864376,0.47160053586875045,0.9927219125877915,0.9310477316388356
13,sider,SIDER7,va,509,1366,115,8,0.06956521739130435,5,3,30,85,0.7391304347826086,0.625,0.7317073170731707,0.1990102911684856,0.9788175670098924,0.7902173913043479
13,sider,SIDER7,te,509,1366,127,10,0.07874015748031496,5,5,18,109,0.8582677165354331,0.5,0.8321167883211679,0.2493407104026165,0.9666664401755067,0.7669291338582677
14,sider,SIDER7,tr,509,1366,1010,96,0.09504950495049505,75,21,176,834,0.8257425742574257,0.78125,0.8218806509945751,0.40799962451145017,0.9868201590800326,0.8844368811881188
14,sider,SIDER7,va,509,1366,114,9,0.07894736842105263,4,5,29,85,0.7456140350877193,0.4444444444444444,0.7235772357723578,0.11170759616064839,0.9699848880027463,0.7041910331384016
14,sider,SIDER7,te,509,1366,123,14,0.11382113821138211,8,6,26,97,0.7886178861788617,0.5714285714285714,0.7664233576642335,0.2524742234365483,0.9271548838043124,0.6544715447154471
15,sider,SIDER7,tr,509,1366,1015,91,0.0896551724137931,90,1,88,927,0.9133004926108375,0.989010989010989,0.9195298372513563,0.6747240828895039,0.998402188407148,0.9818600119092729
15,sider,SIDER7,va,509,1366,110,13,0.11818181818181818,7,6,14,96,0.8727272727272727,0.5384615384615384,0.8373983739837398,0.33596928421238614,0.9706031287536041,0.797902097902098
15,sider,SIDER7,te,509,1366,122,15,0.12295081967213115,7,8,18,104,0.8524590163934426,0.4666666666666667,0.8102189781021898,0.25799321620864335,0.9218841824738355,0.6994535519125683
1,sider,SIDER8,tr,509,1366,190,916,4.821052631578947,879,37,0,190,1.0,0.9596069868995634,0.9665461121157324,0.8962116242152235,0.9965726943117064,0.9992817743047575
1,sider,SIDER8,va,509,1366,24,99,4.125,86,13,18,6,0.25,0.8686868686868687,0.7479674796747967,0.13014647806950133,0.27664278164166867,0.6813973063973064
1,sider,SIDER8,te,509,1366,31,106,3.4193548387096775,83,23,26,5,0.16129032258064516,0.7830188679245284,0.6423357664233577,-0.057786320974152705,0.2220934460881325,0.49573950091296404
2,sider,SIDER8,tr,509,1366,201,905,4.502487562189055,723,182,15,186,0.9253731343283582,0.7988950276243094,0.8218806509945751,0.5927473520702409,0.8035828707924968,0.9427091064016931
2,sider,SIDER8,va,509,1366,17,106,6.235294117647059,73,33,9,8,0.47058823529411764,0.6886792452830188,0.6585365853658537,0.11660190581423457,0.31128986055662206,0.6773029966703662
2,sider,SIDER8,te,509,1366,27,110,4.074074074074074,79,31,15,12,0.4444444444444444,0.7181818181818181,0.6642335766423357,0.13940256072180077,0.26737677063131715,0.6102693602693602
3,sider,SIDER8,tr,509,1366,194,912,4.701030927835052,855,57,0,194,1.0,0.9375,0.9484629294755877,0.8512353338680778,0.9752191619528544,0.9957129453789112
3,sider,SIDER8,va,509,1366,27,96,3.5555555555555554,76,20,19,8,0.2962962962962963,0.7916666666666666,0.6829268292682927,0.08683134537528787,0.3722023461765227,0.6547067901234568
3,sider,SIDER8,te,509,1366,24,113,4.708333333333333,91,22,16,8,0.3333333333333333,0.8053097345132744,0.7226277372262774,0.12743551727209476,0.2587248481090266,0.6305309734513274
4,sider,SIDER8,tr,509,1366,205,901,4.3951219512195125,876,25,0,205,1.0,0.9722530521642619,0.9773960216998192,0.9308992279410215,0.9985737615324474,0.9996751576838743
4,sider,SIDER8,va,509,1366,19,104,5.473684210526316,89,15,14,5,0.2631578947368421,0.8557692307692307,0.7642276422764228,0.11647716242244231,0.21861009457003025,0.5931174089068826
4,sider,SIDER8,te,509,1366,21,116,5.523809523809524,96,20,13,8,0.38095238095238093,0.8275862068965517,0.7591240875912408,0.18630855850857858,0.2723416897231099,0.6637931034482758
5,sider,SIDER8,tr,509,1366,200,906,4.53,847,59,1,199,0.995,0.934878587196468,0.945750452079566,0.8462478233930817,0.9788441383408704,0.9956346578366446
5,sider,SIDER8,va,509,1366,28,95,3.392857142857143,82,13,22,6,0.21428571428571427,0.8631578947368421,0.7154471544715447,0.08985307242838804,0.35420507921747546,0.6560150375939849
5,sider,SIDER8,te,509,1366,17,120,7.0588235294117645,101,19,11,6,0.35294117647058826,0.8416666666666667,0.781021897810219,0.1661102406380109,0.3030216911512682,0.6980392156862745
6,sider,SIDER8,tr,509,1366,198,908,4.585858585858586,900,8,0,198,1.0,0.9911894273127754,0.9927667269439421,0.9760617982582227,0.9999999999999999,1.0
6,sider,SIDER8,va,509,1366,19,104,5.473684210526316,95,9,13,6,0.3157894736842105,0.9134615384615384,0.8211382113821138,0.2531903940091988,0.2931085695627972,0.7327935222672065
6,sider,SIDER8,te,509,1366,28,109,3.892857142857143,93,16,22,6,0.21428571428571427,0.8532110091743119,0.7226277372262774,0.07413353252990047,0.27015025934361836,0.6012450851900393
7,sider,SIDER8,tr,509,1366,194,912,4.701030927835052,722,190,14,180,0.9278350515463918,0.7916666666666666,0.8155515370705244,0.5799497296548317,0.6705730894242091,0.921643267317779
7,sider,SIDER8,va,509,1366,22,101,4.590909090909091,69,32,12,10,0.45454545454545453,0.6831683168316832,0.6422764227642277,0.11129668899393357,0.23650972990359337,0.6608910891089109
7,sider,SIDER8,te,509,1366,29,108,3.7241379310344827,80,28,19,10,0.3448275862068966,0.7407407407407407,0.656934306569343,0.07807545461940171,0.27599675074208385,0.5809386973180076
8,sider,SIDER8,tr,509,1366,190,916,4.821052631578947,818,98,6,184,0.968421052631579,0.8930131004366813,0.9059674502712477,0.7455185661251944,0.9020403197391943,0.9799701218110779
8,sider,SIDER8,va,509,1366,24,99,4.125,87,12,19,5,0.20833333333333334,0.8787878787878788,0.7479674796747967,0.10003909033168008,0.28845955719968724,0.6696127946127945
8,sider,SIDER8,te,509,1366,31,106,3.4193548387096775,83,23,18,13,0.41935483870967744,0.7830188679245284,0.7007299270072993,0.19238709125099412,0.32681167800972966,0.6497261107729763
9,sider,SIDER8,tr,509,1366,204,902,4.421568627450981,886,16,0,204,1.0,0.9822616407982262,0.9855334538878843,0.9543712226164174,0.9999287846558349,0.9999836963610278
9,sider,SIDER8,va,509,1366,15,108,7.2,94,14,12,3,0.2,0.8703703703703703,0.7886178861788617,0.06672213748475059,0.1550951735551822,0.6228395061728395
9,sider,SIDER8,te,509,1366,26,111,4.269230769230769,97,14,21,5,0.19230769230769232,0.8738738738738738,0.7445255474452555,0.07508745760332122,0.20648529534606327,0.5443520443520444
10,sider,SIDER8,tr,509,1366,204,902,4.421568627450981,886,16,0,204,1.0,0.9822616407982262,0.9855334538878843,0.9543712226164174,0.9998113131492026,0.9999565236294075
10,sider,SIDER8,va,509,1366,14,109,7.785714285714286,92,17,7,7,0.5,0.8440366972477065,0.8048780487804879,0.27571399967924526,0.3019782493087265,0.7346002621231978
10,sider,SIDER8,te,509,1366,27,110,4.074074074074074,95,15,21,6,0.2222222222222222,0.8636363636363636,0.7372262773722628,0.09480326919325516,0.2885563758107437,0.634006734006734
11,sider,SIDER8,tr,509,1366,202,904,4.475247524752476,541,363,27,175,0.8663366336633663,0.5984513274336283,0.6473779385171791,0.35929358629487584,0.5141798300477125,0.786816568825024
11,sider,SIDER8,va,509,1366,16,107,6.6875,50,57,1,15,0.9375,0.4672897196261682,0.5284552845528455,0.2763948955078252,0.18228530554399805,0.7897196261682243
11,sider,SIDER8,te,509,1366,27,110,4.074074074074074,63,47,15,12,0.4444444444444444,0.5727272727272728,0.5474452554744526,0.01379490278478669,0.32336341983838546,0.5393939393939393
12,sider,SIDER8,tr,509,1366,203,903,4.448275862068965,484,419,23,180,0.8866995073891626,0.5359911406423035,0.6003616636528029,0.3283954585096759,0.3662931805592124,0.7363495518496092
12,sider,SIDER8,va,509,1366,20,103,5.15,61,42,4,16,0.8,0.5922330097087378,0.6260162601626016,0.28993929294379533,0.2920143707815855,0.7512135922330098
12,sider,SIDER8,te,509,1366,22,115,5.2272727272727275,54,61,9,13,0.5909090909090909,0.46956521739130436,0.48905109489051096,0.044549725831194424,0.307570603336349,0.5930830039525691
13,sider,SIDER8,tr,509,1366,201,905,4.502487562189055,613,292,24,177,0.8805970149253731,0.6773480662983425,0.7142857142857143,0.4353691320447393,0.5329499235708249,0.8479453560924658
13,sider,SIDER8,va,509,1366,22,101,4.590909090909091,67,34,7,15,0.6818181818181818,0.6633663366336634,0.6666666666666666,0.2702149895084231,0.32638016152097826,0.7110711071107111
13,sider,SIDER8,te,509,1366,22,115,5.2272727272727275,77,38,8,14,0.6363636363636364,0.6695652173913044,0.6642335766423357,0.23145659796927848,0.31769932762057895,0.6583003952569171
14,sider,SIDER8,tr,509,1366,211,895,4.241706161137441,812,83,1,210,0.995260663507109,0.9072625698324023,0.9240506329113924,0.8035854283250635,0.9687634119040238,0.9936720590960841
14,sider,SIDER8,va,509,1366,17,106,6.235294117647059,83,23,11,6,0.35294117647058826,0.7830188679245284,0.7235772357723578,0.11054160482135056,0.20904371003378894,0.5899001109877913
14,sider,SIDER8,te,509,1366,17,120,7.0588235294117645,92,28,11,6,0.35294117647058826,0.7666666666666667,0.7153284671532847,0.09128862626529949,0.19073934384090765,0.6446078431372548
15,sider,SIDER8,tr,509,1366,191,915,4.790575916230367,691,224,21,170,0.8900523560209425,0.7551912568306011,0.7784810126582279,0.5092872891746371,0.6524644779090553,0.9005063943009184
15,sider,SIDER8,va,509,1366,22,101,4.590909090909091,79,22,13,9,0.4090909090909091,0.7821782178217822,0.7154471544715447,0.16882709286538242,0.21694069024981633,0.5870837083708371
15,sider,SIDER8,te,509,1366,32,105,3.28125,73,32,23,9,0.28125,0.6952380952380952,0.5985401459854015,-0.02172350547423328,0.28799656795419815,0.5502976190476191
1,sider,SIDER9,tr,509,1366,792,314,0.39646464646464646,274,40,147,645,0.8143939393939394,0.8726114649681529,0.8309222423146474,0.6379714363249028,0.9646666649507886,0.92104765810976
1,sider,SIDER9,va,509,1366,91,32,0.3516483516483517,15,17,29,62,0.6813186813186813,0.46875,0.6260162601626016,0.13735544104747463,0.8533164111422776,0.6462912087912088
1,sider,SIDER9,te,509,1366,104,33,0.3173076923076923,17,16,34,70,0.6730769230769231,0.5151515151515151,0.635036496350365,0.16650395917587912,0.8297753512555339,0.5967365967365967
2,sider,SIDER9,tr,509,1366,806,300,0.37220843672456577,293,7,47,759,0.9416873449131513,0.9766666666666667,0.9511754068716094,0.8848801080652882,0.9972367235922618,0.9925020678246483
2,sider,SIDER9,va,509,1366,86,37,0.43023255813953487,17,20,13,73,0.8488372093023255,0.4594594594594595,0.7317073170731707,0.32924320305539473,0.8988641957464982,0.7853551225644249
2,sider,SIDER9,te,509,1366,95,42,0.4421052631578947,12,30,17,78,0.8210526315789474,0.2857142857142857,0.656934306569343,0.12050699990653747,0.768267499419948,0.5827067669172933
3,sider,SIDER9,tr,509,1366,794,312,0.3929471032745592,297,15,67,727,0.9156171284634761,0.9519230769230769,0.9258589511754068,0.8308536166921099,0.993408431849355,0.9822466576244914
3,sider,SIDER9,va,509,1366,87,36,0.41379310344827586,12,24,24,63,0.7241379310344828,0.3333333333333333,0.6097560975609756,0.05747126436781607,0.8144955579333241,0.6104725415070242
3,sider,SIDER9,te,509,1366,106,31,0.29245283018867924,14,17,31,75,0.7075471698113207,0.45161290322580644,0.6496350364963503,0.14179722730404615,0.8726887607179987,0.6722458916615945
4,sider,SIDER9,tr,509,1366,810,296,0.3654320987654321,281,15,65,745,0.9197530864197531,0.9493243243243243,0.9276672694394213,0.8298545532461948,0.9935906711009703,0.9826785118451785
4,sider,SIDER9,va,509,1366,81,42,0.5185185185185185,22,20,15,66,0.8148148148148148,0.5238095238095238,0.7154471544715447,0.3501347671290222,0.8700994031419238,0.7580834803057025
4,sider,SIDER9,te,509,1366,96,41,0.4270833333333333,8,33,21,75,0.78125,0.1951219512195122,0.6058394160583942,-0.026487716957340535,0.7563913123097497,0.5414126016260162
5,sider,SIDER9,tr,509,1366,802,304,0.3790523690773067,304,0,17,785,0.9788029925187033,1.0,0.984629294755877,0.9627907736947804,0.9997064570078997,0.9990689394933719
5,sider,SIDER9,va,509,1366,84,39,0.4642857142857143,14,25,18,66,0.7857142857142857,0.358974358974359,0.6504065040650406,0.15346548273004734,0.8124498069668947,0.6617826617826618
5,sider,SIDER9,te,509,1366,101,36,0.3564356435643564,14,22,14,87,0.8613861386138614,0.3888888888888889,0.7372262773722628,0.2731726340922074,0.8594203238427357,0.7062706270627063
6,sider,SIDER9,tr,509,1366,808,298,0.3688118811881188,292,6,41,767,0.9492574257425742,0.9798657718120806,0.9575045207956601,0.8986182864249965,0.996956208475084,0.990850720978138
6,sider,SIDER9,va,509,1366,85,38,0.4470588235294118,20,18,23,62,0.7294117647058823,0.5263157894736842,0.6666666666666666,0.24779900880594707,0.8156689295577991,0.6944272445820433
6,sider,SIDER9,te,509,1366,94,43,0.4574468085106383,16,27,23,71,0.7553191489361702,0.37209302325581395,0.635036496350365,0.13102788567078902,0.7514796680962521,0.6016823354774864
7,sider,SIDER9,tr,509,1366,797,309,0.3877038895859473,301,8,69,728,0.9134253450439147,0.9741100323624595,0.930379746835443,0.8440230444566909,0.9939925782222928,0.9830472686815038
7,sider,SIDER9,va,509,1366,91,32,0.3516483516483517,13,19,24,67,0.7362637362637363,0.40625,0.6504065040650406,0.13633341823235118,0.8019922889422411,0.630151098901099
7,sider,SIDER9,te,509,1366,99,38,0.3838383838383838,13,25,26,73,0.7373737373737373,0.34210526315789475,0.6277372262773723,0.07885267870877595,0.8571589155085532,0.6427432216905901
8,sider,SIDER9,tr,509,1366,789,317,0.4017743979721166,317,0,2,787,0.9974651457541192,1.0,0.9981916817359855,0.9955960253942053,1.0,1.0
8,sider,SIDER9,va,509,1366,95,28,0.29473684210526313,9,19,19,76,0.8,0.32142857142857145,0.6910569105691057,0.12142857142857134,0.8499358719485718,0.6447368421052632
8,sider,SIDER9,te,509,1366,103,34,0.3300970873786408,9,25,19,84,0.8155339805825242,0.2647058823529412,0.6788321167883211,0.0859519995521933,0.8199651225871645,0.5916619074814391
9,sider,SIDER9,tr,509,1366,798,308,0.38596491228070173,291,17,61,737,0.9235588972431078,0.9448051948051948,0.9294755877034359,0.835644686009994,0.9918735506460784,0.978837109006282
9,sider,SIDER9,va,509,1366,88,35,0.3977272727272727,17,18,19,69,0.7840909090909091,0.4857142857142857,0.6991869918699187,0.26755605808046,0.8353681039436799,0.6701298701298701
9,sider,SIDER9,te,509,1366,101,36,0.3564356435643564,16,20,29,72,0.7128712871287128,0.4444444444444444,0.6423357664233577,0.14742933987507856,0.7905336229469743,0.6047854785478548
10,sider,SIDER9,tr,509,1366,799,307,0.38423028785982477,307,0,16,783,0.9799749687108886,1.0,0.9855334538878843,0.9651068940848156,0.9998303414061623,0.9995515567097307
10,sider,SIDER9,va,509,1366,91,32,0.3516483516483517,9,23,22,69,0.7582417582417582,0.28125,0.6341463414634146,0.03990500728633573,0.8312237514792831,0.6067994505494505
10,sider,SIDER9,te,509,1366,97,40,0.41237113402061853,9,31,23,74,0.7628865979381443,0.225,0.6058394160583942,-0.0130170435083615,0.7904100419694542,0.6177835051546392
11,sider,SIDER9,tr,509,1366,808,298,0.3688118811881188,282,16,51,757,0.9368811881188119,0.9463087248322147,0.9394213381555153,0.85419308037157,0.9949053388819303,0.9856801116353245
11,sider,SIDER9,va,509,1366,78,45,0.5769230769230769,21,24,24,54,0.6923076923076923,0.4666666666666667,0.6097560975609756,0.1589743589743589,0.7954336684860132,0.6752136752136753
11,sider,SIDER9,te,509,1366,101,36,0.3564356435643564,15,21,23,78,0.7722772277227723,0.4166666666666667,0.6788321167883211,0.18575281506767904,0.831630957656045,0.6342134213421342
12,sider,SIDER9,tr,509,1366,800,306,0.3825,304,2,28,772,0.965,0.9934640522875817,0.972875226039783,0.9354961695949764,0.9992146827821882,0.9978104575163399
12,sider,SIDER9,va,509,1366,90,33,0.36666666666666664,11,22,18,72,0.8,0.3333333333333333,0.6747967479674797,0.13917269446559152,0.8396701407470597,0.6531986531986532
12,sider,SIDER9,te,509,1366,97,40,0.41237113402061853,14,26,25,72,0.7422680412371134,0.35,0.6277372262773723,0.09296550279717412,0.7650505269028023,0.5788659793814434
13,sider,SIDER9,tr,509,1366,789,317,0.4017743979721166,301,16,73,716,0.9074778200253485,0.9495268138801262,0.9195298372513563,0.8191434469202389,0.9929803736431018,0.983219584747694
13,sider,SIDER9,va,509,1366,91,32,0.3516483516483517,18,14,26,65,0.7142857142857143,0.5625,0.6747967479674797,0.2533374953873331,0.8396160928212825,0.6586538461538461
13,sider,SIDER9,te,509,1366,107,30,0.2803738317757009,12,18,34,73,0.6822429906542056,0.4,0.6204379562043796,0.07201978137229456,0.8035836134958977,0.5137071651090342
14,sider,SIDER9,tr,509,1366,808,298,0.3688118811881188,275,23,73,735,0.9096534653465347,0.9228187919463087,0.9132007233273056,0.7953519622792984,0.9901080685649599,0.97247533058675
14,sider,SIDER9,va,509,1366,88,35,0.3977272727272727,20,15,22,66,0.75,0.5714285714285714,0.6991869918699187,0.30583887092059814,0.8049072782115677,0.7025974025974027
14,sider,SIDER9,te,509,1366,91,46,0.5054945054945055,20,26,21,70,0.7692307692307693,0.43478260869565216,0.656934306569343,0.21039272266718717,0.7898717631448096,0.6440516005733398
15,sider,SIDER9,tr,509,1366,793,313,0.39470365699873894,313,0,16,777,0.9798234552332913,1.0,0.9855334538878843,0.9654907904941076,0.9997221579773421,0.9992264583476022
15,sider,SIDER9,va,509,1366,90,33,0.36666666666666664,14,19,15,75,0.8333333333333334,0.42424242424242425,0.7235772357723578,0.2688563415812563,0.8660024391755137,0.7215488215488216
15,sider,SIDER9,te,509,1366,104,33,0.3173076923076923,13,20,21,83,0.7980769230769231,0.3939393939393939,0.7007299270072993,0.19008756354459697,0.8345506603039377,0.657051282051282
1,sider,SIDER10,tr,509,1366,559,547,0.9785330948121646,546,1,4,555,0.9928443649373881,0.9981718464351006,0.9954792043399638,0.9909724605085961,0.9999650380519507,0.9999640256006908
1,sider,SIDER10,va,509,1366,64,59,0.921875,38,21,21,43,0.671875,0.6440677966101694,0.6585365853658537,0.3159427966101694,0.757254230524183,0.7402012711864406
1,sider,SIDER10,te,509,1366,85,52,0.611764705882353,28,24,22,63,0.7411764705882353,0.5384615384615384,0.6642335766423357,0.28187899057929916,0.7846406129914967,0.7056561085972851
2,sider,SIDER10,tr,509,1366,574,532,0.926829268292683,532,0,0,574,1.0,1.0,1.0,1.0,1.0,1.0
2,sider,SIDER10,va,509,1366,64,59,0.921875,37,22,11,53,0.828125,0.6271186440677966,0.7317073170731707,0.46623903745007533,0.8285143933484957,0.7944915254237288
2,sider,SIDER10,te,509,1366,70,67,0.9571428571428572,35,32,19,51,0.7285714285714285,0.5223880597014925,0.6277372262773723,0.25671669643025957,0.7734380122227154,0.7328358208955225
3,sider,SIDER10,tr,509,1366,576,530,0.9201388888888888,526,4,4,572,0.9930555555555556,0.9924528301886792,0.9927667269439421,0.9855083857442348,0.9997558306138363,0.9997281184486373
3,sider,SIDER10,va,509,1366,61,62,1.0163934426229508,35,27,18,43,0.7049180327868853,0.5645161290322581,0.6341463414634146,0.2720360542210304,0.7384519091751759,0.7303014278159704
3,sider,SIDER10,te,509,1366,71,66,0.9295774647887324,37,29,25,46,0.647887323943662,0.5606060606060606,0.6058394160583942,0.20929889966013124,0.7401513386242987,0.7020913358941528
4,sider,SIDER10,tr,509,1366,580,526,0.906896551724138,526,0,0,580,1.0,1.0,1.0,1.0,1.0,1.0
4,sider,SIDER10,va,509,1366,61,62,1.0163934426229508,42,20,17,44,0.7213114754098361,0.6774193548387096,0.6991869918699187,0.3990474927711889,0.7794884298500208,0.7686409307244844
4,sider,SIDER10,te,509,1366,67,70,1.044776119402985,37,33,17,50,0.746268656716418,0.5285714285714286,0.635036496350365,0.2811451331339036,0.6635327551471124,0.6948827292110874
5,sider,SIDER10,tr,509,1366,567,539,0.9506172839506173,534,5,9,558,0.9841269841269841,0.9907235621521335,0.9873417721518988,0.9746974709678992,0.9993320321122408,0.9992343257649381
5,sider,SIDER10,va,509,1366,64,59,0.921875,34,25,12,52,0.8125,0.576271186440678,0.6991869918699187,0.4014077788020687,0.7704727468468375,0.7595338983050848
5,sider,SIDER10,te,509,1366,77,60,0.7792207792207793,36,24,22,55,0.7142857142857143,0.6,0.6642335766423357,0.3155862596591491,0.6907982667917582,0.6870129870129871
6,sider,SIDER10,tr,509,1366,578,528,0.9134948096885813,528,0,1,577,0.9982698961937716,1.0,0.9990958408679927,0.9981897652967203,1.0,1.0
6,sider,SIDER10,va,509,1366,60,63,1.05,42,21,22,38,0.6333333333333333,0.6666666666666666,0.6504065040650406,0.3001588562462397,0.7321362885983042,0.7582010582010582
6,sider,SIDER10,te,509,1366,70,67,0.9571428571428572,37,30,23,47,0.6714285714285714,0.5522388059701493,0.6131386861313869,0.2253554570253287,0.7470691257336026,0.7164179104477612
7,sider,SIDER10,tr,509,1366,567,539,0.9506172839506173,539,0,1,566,0.9982363315696648,1.0,0.9990958408679927,0.9981922388851066,1.0,1.0
7,sider,SIDER10,va,509,1366,68,55,0.8088235294117647,31,24,20,48,0.7058823529411765,0.5636363636363636,0.6422764227642277,0.2720028125606302,0.7577690613398875,0.7176470588235294
7,sider,SIDER10,te,509,1366,73,64,0.8767123287671232,41,23,23,50,0.684931506849315,0.640625,0.6642335766423357,0.32555650684931503,0.7803747490486868,0.7388698630136987
8,sider,SIDER10,tr,509,1366,554,552,0.9963898916967509,552,0,3,551,0.9945848375451264,1.0,0.9972875226039783,0.9945897160578957,0.9999485188728887,0.999947679589808
8,sider,SIDER10,va,509,1366,65,58,0.8923076923076924,38,20,21,44,0.676923076923077,0.6551724137931034,0.6666666666666666,0.3318315387676959,0.7275156037347101,0.6960212201591512
8,sider,SIDER10,te,509,1366,89,48,0.5393258426966292,27,21,29,60,0.6741573033707865,0.5625,0.635036496350365,0.22966721847209928,0.7924368535296549,0.6835205992509363
9,sider,SIDER10,tr,509,1366,566,540,0.9540636042402827,441,99,167,399,0.7049469964664311,0.8166666666666667,0.759493670886076,0.5240679409992967,0.8243262236107042,0.8387907341970947
9,sider,SIDER10,va,509,1366,67,56,0.835820895522388,38,18,23,44,0.6567164179104478,0.6785714285714286,0.6666666666666666,0.33395539513894884,0.7376941595710039,0.7138859275053304
9,sider,SIDER10,te,509,1366,75,62,0.8266666666666667,32,30,40,35,0.4666666666666667,0.5161290322580645,0.48905109489051096,-0.017149070431695758,0.558884637927199,0.4995698924731183
10,sider,SIDER10,tr,509,1366,571,535,0.9369527145359019,535,0,0,571,1.0,1.0,1.0,1.0,1.0,1.0
10,sider,SIDER10,va,509,1366,59,64,1.0847457627118644,38,26,11,48,0.8135593220338984,0.59375,0.6991869918699187,0.415648715552264,0.766830744290997,0.7592690677966101
10,sider,SIDER10,te,509,1366,78,59,0.7564102564102564,35,24,25,53,0.6794871794871795,0.5932203389830508,0.6423357664233577,0.2721757515973931,0.7280364269168752,0.675141242937853
11,sider,SIDER10,tr,509,1366,572,534,0.9335664335664335,534,0,1,571,0.9982517482517482,1.0,0.9990958408679927,0.9981912928559941,0.9999969462828266,0.9999967261203216
11,sider,SIDER10,va,509,1366,60,63,1.05,33,30,19,41,0.6833333333333333,0.5238095238095238,0.6016260162601627,0.20959697767527885,0.7155321830674414,0.6857142857142856
11,sider,SIDER10,te,509,1366,76,61,0.8026315789473685,28,33,23,53,0.6973684210526315,0.45901639344262296,0.5912408759124088,0.16077998331397253,0.7030618624383501,0.6389128559102675
12,sider,SIDER10,tr,509,1366,577,529,0.9168110918544194,525,4,6,571,0.9896013864818024,0.9924385633270322,0.9909584086799277,0.9818919853737912,0.9995079075750855,0.9994102865679662
12,sider,SIDER10,va,509,1366,64,59,0.921875,34,25,18,46,0.71875,0.576271186440678,0.6504065040650406,0.2983584565693142,0.708803023976685,0.7134533898305084
12,sider,SIDER10,te,509,1366,67,70,1.044776119402985,39,31,24,43,0.6417910447761194,0.5571428571428572,0.5985401459854015,0.1995304067117969,0.6264985501931135,0.6298507462686568
13,sider,SIDER10,tr,509,1366,573,533,0.9301919720767888,482,51,21,552,0.9633507853403142,0.9043151969981238,0.9349005424954792,0.8706645012563256,0.9891270194609316,0.9883336771345965
13,sider,SIDER10,va,509,1366,64,59,0.921875,35,24,14,50,0.78125,0.5932203389830508,0.6910569105691057,0.3821373756767889,0.7425786749240925,0.7420550847457628
13,sider,SIDER10,te,509,1366,71,66,0.9295774647887324,41,25,21,50,0.704225352112676,0.6212121212121212,0.6642335766423357,0.3266948024377688,0.7252836160121692,0.7067861715749039
14,sider,SIDER10,tr,509,1366,577,529,0.9168110918544194,529,0,0,577,1.0,1.0,1.0,1.0,1.0,1.0
14,sider,SIDER10,va,509,1366,63,60,0.9523809523809523,35,25,16,47,0.746031746031746,0.5833333333333334,0.6666666666666666,0.33417358304967504,0.8119685761859523,0.7674603174603175
14,sider,SIDER10,te,509,1366,68,69,1.0147058823529411,42,27,21,47,0.6911764705882353,0.6086956521739131,0.6496350364963503,0.3008354150690165,0.682791358962697,0.6869138959931798
15,sider,SIDER10,tr,509,1366,575,531,0.9234782608695652,531,0,4,571,0.9930434782608696,1.0,0.9963833634719711,0.9927833873128316,0.9999849476792995,0.9999836240072054
15,sider,SIDER10,va,509,1366,60,63,1.05,36,27,20,40,0.6666666666666666,0.5714285714285714,0.6178861788617886,0.23898200182793056,0.701747016584722,0.6793650793650794
15,sider,SIDER10,te,509,1366,73,64,0.8767123287671232,40,24,19,54,0.7397260273972602,0.625,0.6861313868613139,0.3674894419379725,0.7568980760256434,0.7328767123287669
1,sider,SIDER11,tr,509,1366,283,823,2.908127208480565,813,10,5,278,0.9823321554770318,0.9878493317132442,0.9864376130198915,0.9646576726003594,0.997234755449243,0.9990597186025444
1,sider,SIDER11,va,509,1366,33,90,2.727272727272727,81,9,21,12,0.36363636363636365,0.9,0.7560975609756098,0.3104372332421489,0.6418121607832019,0.7925925925925926
1,sider,SIDER11,te,509,1366,42,95,2.261904761904762,83,12,23,19,0.4523809523809524,0.8736842105263158,0.7445255474452555,0.3592998775270854,0.5727253445660965,0.6944862155388472
2,sider,SIDER11,tr,509,1366,289,817,2.8269896193771626,817,0,0,289,1.0,1.0,1.0,1.0,1.0,1.0
2,sider,SIDER11,va,509,1366,30,93,3.1,85,8,20,10,0.3333333333333333,0.9139784946236559,0.7723577235772358,0.30048035730668754,0.593024667066096,0.821146953405018
2,sider,SIDER11,te,509,1366,39,98,2.5128205128205128,88,10,19,20,0.5128205128205128,0.8979591836734694,0.7883211678832117,0.4482309024363734,0.662994834428176,0.8016745159602302
3,sider,SIDER11,tr,509,1366,292,814,2.787671232876712,805,9,1,291,0.9965753424657534,0.9889434889434889,0.9909584086799277,0.9771031360037147,0.9996430446011797,0.9998695769243715
3,sider,SIDER11,va,509,1366,31,92,2.967741935483871,80,12,21,10,0.3225806451612903,0.8695652173913043,0.7317073170731707,0.21768763974171665,0.4978210569106539,0.7892706872370265
3,sider,SIDER11,te,509,1366,35,102,2.914285714285714,91,11,20,15,0.42857142857142855,0.8921568627450981,0.7737226277372263,0.35671651400561527,0.5855785931646884,0.7487394957983193
4,sider,SIDER11,tr,509,1366,294,812,2.761904761904762,802,10,8,286,0.9727891156462585,0.9876847290640394,0.9837251356238698,0.9584045297166475,0.9962460368072841,0.998508763111156
4,sider,SIDER11,va,509,1366,27,96,3.5555555555555554,85,11,21,6,0.2222222222222222,0.8854166666666666,0.7398373983739838,0.12909496715147395,0.360463767752906,0.6847993827160493
4,sider,SIDER11,te,509,1366,37,100,2.7027027027027026,81,19,22,15,0.40540540540540543,0.81,0.7007299270072993,0.22141109944960433,0.4636920366522954,0.7105405405405405
5,sider,SIDER11,tr,509,1366,286,820,2.867132867132867,820,0,0,286,1.0,1.0,1.0,1.0,1.0,1.0
5,sider,SIDER11,va,509,1366,37,86,2.324324324324324,76,10,23,14,0.3783783783783784,0.8837209302325582,0.7317073170731707,0.30331420143178645,0.563278960958864,0.7372721558768071
5,sider,SIDER11,te,509,1366,35,102,2.914285714285714,92,10,25,10,0.2857142857142857,0.9019607843137255,0.7445255474452555,0.23181031971044677,0.41545079732658796,0.6103641456582632
6,sider,SIDER11,tr,509,1366,292,814,2.787671232876712,807,7,1,291,0.9965753424657534,0.9914004914004914,0.9927667269439421,0.9816035887603424,0.9997925822647469,0.9999242704722157
6,sider,SIDER11,va,509,1366,27,96,3.5555555555555554,84,12,15,12,0.4444444444444444,0.875,0.7804878048780488,0.3336488405817539,0.4878516544314215,0.7384259259259259
6,sider,SIDER11,te,509,1366,39,98,2.5128205128205128,85,13,23,16,0.41025641025641024,0.8673469387755102,0.7372262773722628,0.30666143659274303,0.5430244098170418,0.6763474620617478
7,sider,SIDER11,tr,509,1366,287,819,2.8536585365853657,819,0,0,287,1.0,1.0,1.0,1.0,1.0,1.0
7,sider,SIDER11,va,509,1366,35,88,2.5142857142857142,77,11,21,14,0.4,0.875,0.7398373983739838,0.30833655081976324,0.5019845800029021,0.7542207792207792
7,sider,SIDER11,te,509,1366,36,101,2.8055555555555554,96,5,25,11,0.3055555555555556,0.9504950495049505,0.781021897810219,0.35090137275965877,0.5230268324846793,0.6864686468646866
8,sider,SIDER11,tr,509,1366,292,814,2.787671232876712,813,1,0,292,1.0,0.9987714987714987,0.9990958408679927,0.997678666868837,1.0,1.0
8,sider,SIDER11,va,509,1366,30,93,3.1,83,10,19,11,0.36666666666666664,0.8924731182795699,0.7642276422764228,0.29575116388821965,0.4640915854023391,0.7630824372759857
8,sider,SIDER11,te,509,1366,36,101,2.8055555555555554,91,10,23,13,0.3611111111111111,0.900990099009901,0.7591240875912408,0.3086488191030153,0.5451910925105499,0.7235973597359737
9,sider,SIDER11,tr,509,1366,300,806,2.6866666666666665,806,0,0,300,1.0,1.0,1.0,1.0,1.0,1.0
9,sider,SIDER11,va,509,1366,15,108,7.2,91,17,12,3,0.2,0.8425925925925926,0.7642276422764228,0.03777095566296451,0.18858816775266732,0.7222222222222223
9,sider,SIDER11,te,509,1366,43,94,2.186046511627907,80,14,24,19,0.4418604651162791,0.851063829787234,0.7226277372262774,0.31789222655743066,0.5120659526716624,0.6845620979713013
10,sider,SIDER11,tr,509,1366,284,822,2.8943661971830985,809,13,3,281,0.9894366197183099,0.9841849148418491,0.9855334538878843,0.9627944320152168,0.9970464055767871,0.9989976354477229
10,sider,SIDER11,va,509,1366,33,90,2.727272727272727,83,7,20,13,0.3939393939393939,0.9222222222222223,0.7804878048780488,0.3796240843586255,0.5888417930307798,0.7713804713804714
10,sider,SIDER11,te,509,1366,41,96,2.341463414634146,85,11,21,20,0.4878048780487805,0.8854166666666666,0.7664233576642335,0.40847028780012606,0.6259411168798108,0.7164634146341464
11,sider,SIDER11,tr,509,1366,289,817,2.8269896193771626,817,0,0,289,1.0,1.0,1.0,1.0,1.0,1.0
11,sider,SIDER11,va,509,1366,27,96,3.5555555555555554,90,6,16,11,0.4074074074074074,0.9375,0.8211382113821138,0.4136591420552606,0.5589988983240386,0.7608024691358025
11,sider,SIDER11,te,509,1366,42,95,2.261904761904762,87,8,29,13,0.30952380952380953,0.9157894736842105,0.7299270072992701,0.28835972448960623,0.5482899798999178,0.7233082706766917
12,sider,SIDER11,tr,509,1366,291,815,2.8006872852233675,804,11,2,289,0.993127147766323,0.9865030674846625,0.9882459312839059,0.9701956485602297,0.9979571641825165,0.9993127147766323
12,sider,SIDER11,va,509,1366,32,91,2.84375,81,10,21,11,0.34375,0.8901098901098901,0.7479674796747967,0.27267272185207647,0.49423575755236077,0.7376373626373627
12,sider,SIDER11,te,509,1366,35,102,2.914285714285714,92,10,23,12,0.34285714285714286,0.9019607843137255,0.7591240875912408,0.2908151745523886,0.5633347029243037,0.7207282913165266
13,sider,SIDER11,tr,509,1366,289,817,2.8269896193771626,817,0,0,289,1.0,1.0,1.0,1.0,1.0,1.0
13,sider,SIDER11,va,509,1366,37,86,2.324324324324324,79,7,22,15,0.40540540540540543,0.9186046511627907,0.7642276422764228,0.38773637912218634,0.6430485535922912,0.7941546197360151
13,sider,SIDER11,te,509,1366,32,105,3.28125,93,12,17,15,0.46875,0.8857142857142857,0.7883211678832117,0.37701957378730205,0.4696327704309118,0.7145833333333333
14,sider,SIDER11,tr,509,1366,295,811,2.7491525423728813,810,1,0,295,1.0,0.998766954377312,0.9990958408679927,0.9976937113631642,1.0,1.0
14,sider,SIDER11,va,509,1366,30,93,3.1,86,7,18,12,0.4,0.9247311827956989,0.7967479674796748,0.38586254633275846,0.6200284245247697,0.8068100358422938
14,sider,SIDER11,te,509,1366,33,104,3.1515151515151514,95,9,21,12,0.36363636363636365,0.9134615384615384,0.781021897810219,0.32890330336113316,0.5025112927503622,0.6824009324009324
15,sider,SIDER11,tr,509,1366,286,820,2.867132867132867,820,0,0,286,1.0,1.0,1.0,1.0,1.0,1.0
15,sider,SIDER11,va,509,1366,35,88,2.5142857142857142,80,8,26,9,0.2571428571428571,0.9090909090909091,0.7235772357723578,0.21732876366445414,0.4515563455497947,0.6616883116883118
15,sider,SIDER11,te,509,1366,37,100,2.7027027027027026,95,5,22,15,0.40540540540540543,0.95,0.8029197080291971,0.4469067992609723,0.6414931475814066,0.7929729729729731
1,sider,SIDER12,tr,509,1366,995,111,0.11155778894472362,110,1,141,854,0.8582914572864322,0.990990990990991,0.8716094032549728,0.6092636395321973,0.9980097342363351,0.9818325863551994
1,sider,SIDER12,va,509,1366,114,9,0.07894736842105263,4,5,20,94,0.8245614035087719,0.4444444444444444,0.7967479674796748,0.17677147409910762,0.9680512509484122,0.7007797270955165
1,sider,SIDER12,te,509,1366,129,8,0.06201550387596899,5,3,30,99,0.7674418604651163,0.625,0.7591240875912408,0.21099932526633636,0.9701799792760186,0.7209302325581395
2,sider,SIDER12,tr,509,1366,1006,100,0.09940357852882704,77,23,55,951,0.9453280318091452,0.77,0.9294755877034359,0.6327582125252025,0.9959273720910766,0.9606113320079522
2,sider,SIDER12,va,509,1366,112,11,0.09821428571428571,3,8,11,101,0.9017857142857143,0.2727272727272727,0.8455284552845529,0.15680353136777558,0.9741696661743021,0.7816558441558442
2,sider,SIDER12,te,509,1366,120,17,0.14166666666666666,4,13,12,108,0.9,0.23529411764705882,0.8175182481751825,0.13888051614151478,0.9347962316937901,0.6514705882352941
3,sider,SIDER12,tr,509,1366,1000,106,0.106,105,1,92,908,0.908,0.9905660377358491,0.9159132007233273,0.6913339391138166,0.9983603794376353,0.9843820754716981
3,sider,SIDER12,va,509,1366,112,11,0.09821428571428571,2,9,12,100,0.8928571428571429,0.18181818181818182,0.8292682926829268,0.06709732505039699,0.9424004555873388,0.6323051948051949
3,sider,SIDER12,te,509,1366,126,11,0.0873015873015873,5,6,23,103,0.8174603174603174,0.45454545454545453,0.7883211678832117,0.18330211263767904,0.9731093423367807,0.7431457431457432
4,sider,SIDER12,tr,509,1366,1005,101,0.10049751243781095,68,33,61,944,0.9393034825870646,0.6732673267326733,0.9150090415913201,0.5497406839162915,0.9931011871707294,0.9355154918476922
4,sider,SIDER12,va,509,1366,108,15,0.1388888888888889,3,12,10,98,0.9074074074074074,0.2,0.8211382113821138,0.11432039655788906,0.9346940633373684,0.6524691358024691
4,sider,SIDER12,te,509,1366,125,12,0.096,0,12,8,117,0.936,0.0,0.8540145985401459,-0.07715885154726569,0.9393971822668588,0.5589999999999999
5,sider,SIDER12,tr,509,1366,1000,106,0.106,105,1,35,965,0.965,0.9905660377358491,0.9674502712477396,0.8459818730357399,0.9996480660220266,0.9966037735849057
5,sider,SIDER12,va,509,1366,112,11,0.09821428571428571,2,9,12,100,0.8928571428571429,0.18181818181818182,0.8292682926829268,0.06709732505039699,0.9418274225565633,0.5868506493506493
5,sider,SIDER12,te,509,1366,126,11,0.0873015873015873,3,8,13,113,0.8968253968253969,0.2727272727272727,0.8467153284671532,0.14346090647421517,0.9113992299759253,0.593073593073593
6,sider,SIDER12,tr,509,1366,1011,95,0.09396636993076163,0,95,0,1011,1.0,0.0,0.9141048824593129,0.0,0.9669653870039618,0.7536259045239211
6,sider,SIDER12,va,509,1366,105,18,0.17142857142857143,0,18,0,105,1.0,0.0,0.8536585365853658,0.0,0.9020209181562185,0.6103174603174604
6,sider,SIDER12,te,509,1366,122,15,0.12295081967213115,0,15,0,122,1.0,0.0,0.8905109489051095,0.0,0.8765082706702132,0.3663934426229509
7,sider,SIDER12,tr,509,1366,998,108,0.10821643286573146,102,6,93,905,0.906813627254509,0.9444444444444444,0.9104882459312839,0.6630738445509283,0.9980365857145673,0.9820288725599348
7,sider,SIDER12,va,509,1366,113,10,0.08849557522123894,3,7,12,101,0.8938053097345132,0.3,0.8455284552845529,0.16186292560784946,0.9684537055251523,0.7265486725663717
7,sider,SIDER12,te,509,1366,127,10,0.07874015748031496,2,8,21,106,0.8346456692913385,0.2,0.7883211678832117,0.024112068698275,0.9598273957379175,0.611023622047244
8,sider,SIDER12,tr,509,1366,995,111,0.11155778894472362,111,0,93,902,0.9065326633165829,1.0,0.9159132007233273,0.7023250100528869,0.9990690316693454,0.9914255964507221
8,sider,SIDER12,va,509,1366,115,8,0.06956521739130435,3,5,18,97,0.8434782608695652,0.375,0.8130081300813008,0.14318331416106686,0.9722943165969329,0.7119565217391305
8,sider,SIDER12,te,509,1366,128,9,0.0703125,0,9,30,98,0.765625,0.0,0.7153284671532847,-0.14040578708418297,0.9356521053528805,0.44878472222222227
9,sider,SIDER12,tr,509,1366,1009,97,0.09613478691774034,86,11,36,973,0.9643211100099108,0.8865979381443299,0.9575045207956601,0.7683201644192073,0.9984033507793006,0.9836931533722273
9,sider,SIDER12,va,509,1366,109,14,0.12844036697247707,6,8,7,102,0.9357798165137615,0.42857142857142855,0.8780487804878049,0.37638257232025096,0.9517059762661162,0.7496723460026213
9,sider,SIDER12,te,509,1366,120,17,0.14166666666666666,3,14,11,109,0.9083333333333333,0.17647058823529413,0.8175182481751825,0.09230270868091059,0.9134422303547506,0.6308823529411764
10,sider,SIDER12,tr,509,1366,996,110,0.11044176706827309,109,1,61,935,0.9387550200803213,0.990909090909091,0.9439421338155516,0.7714178651217066,0.9993599879639695,0.9941401971522453
10,sider,SIDER12,va,509,1366,115,8,0.06956521739130435,2,6,13,102,0.8869565217391304,0.25,0.8455284552845529,0.10320936930842764,0.9589841780229693,0.6358695652173914
10,sider,SIDER12,te,509,1366,127,10,0.07874015748031496,3,7,18,109,0.8582677165354331,0.3,0.8175182481751825,0.114276138034074,0.94893645313885,0.6259842519685039
11,sider,SIDER12,tr,509,1366,998,108,0.10821643286573146,108,0,74,924,0.9258517034068137,1.0,0.9330922242314648,0.7412196066742495,0.9994834573699074,0.995249758776813
11,sider,SIDER12,va,509,1366,113,10,0.08849557522123894,2,8,12,101,0.8938053097345132,0.2,0.8373983739837398,0.08072152846974412,0.9425864287939754,0.6088495575221239
11,sider,SIDER12,te,509,1366,127,10,0.07874015748031496,2,8,15,112,0.8818897637795275,0.2,0.8321167883211679,0.06461247767353574,0.9203266360164278,0.5566929133858268
12,sider,SIDER12,tr,509,1366,1003,103,0.10269192422731804,102,1,32,971,0.9680957128614157,0.9902912621359223,0.9701627486437613,0.8535411231009588,0.9996608688410067,0.996612105431279
12,sider,SIDER12,va,509,1366,110,13,0.11818181818181818,2,11,9,101,0.9181818181818182,0.15384615384615385,0.8373983739837398,0.0776003807336077,0.9426454737616309,0.6468531468531469
12,sider,SIDER12,te,509,1366,125,12,0.096,1,11,10,115,0.92,0.08333333333333333,0.8467153284671532,0.0034677099107353207,0.8732589161621447,0.3653333333333333
13,sider,SIDER12,tr,509,1366,999,107,0.10710710710710711,107,0,18,981,0.9819819819819819,1.0,0.9837251356238698,0.9168296333433908,0.9999652460440831,0.9996725697660277
13,sider,SIDER12,va,509,1366,115,8,0.06956521739130435,4,4,4,111,0.9652173913043478,0.5,0.9349593495934959,0.4652173913043451,0.9753069777110106,0.7652173913043477
13,sider,SIDER12,te,509,1366,124,13,0.10483870967741936,0,13,4,120,0.967741935483871,0.0,0.8759124087591241,-0.056151971470935244,0.9215945423770555,0.5794044665012408
14,sider,SIDER12,tr,509,1366,1004,102,0.10159362549800798,100,2,36,968,0.9641434262948207,0.9803921568627451,0.9656419529837251,0.8322042791023998,0.9996225873849187,0.9962209983595032
14,sider,SIDER12,va,509,1366,110,13,0.11818181818181818,2,11,13,97,0.8818181818181818,0.15384615384615385,0.8048780487804879,0.033507702439381275,0.9396029694034592,0.6223776223776224
14,sider,SIDER12,te,509,1366,124,13,0.10483870967741936,2,11,11,113,0.9112903225806451,0.15384615384615385,0.8394160583941606,0.06513647642679889,0.9489061933880003,0.6488833746898264
15,sider,SIDER12,tr,509,1366,1007,99,0.09831181727904667,71,28,27,980,0.9731876861966237,0.7171717171717171,0.9502712477396021,0.6935284371697314,0.9963469979231576,0.9651179119898087
15,sider,SIDER12,va,509,1366,105,18,0.17142857142857143,1,17,5,100,0.9523809523809523,0.05555555555555555,0.8211382113821138,0.013022423081624825,0.8855523790827142,0.5793650793650794
15,sider,SIDER12,te,509,1366,126,11,0.0873015873015873,1,10,9,117,0.9285714285714286,0.09090909090909091,0.8613138686131386,0.02035074387725172,0.9457191618098548,0.5876623376623376
1,sider,SIDER13,tr,509,1366,248,858,3.4596774193548385,850,8,0,248,1.0,0.9906759906759907,0.9927667269439421,0.979651655420112,0.9991614129621743,0.9997603203248364
1,sider,SIDER13,va,509,1366,29,94,3.2413793103448274,87,7,25,4,0.13793103448275862,0.925531914893617,0.7398373983739838,0.09440126705979258,0.35105019773575113,0.6272927366104182
1,sider,SIDER13,te,509,1366,38,99,2.6052631578947367,92,7,23,15,0.39473684210526316,0.9292929292929293,0.781021897810219,0.3951245820118485,0.5577655586920868,0.7198298777246146
2,sider,SIDER13,tr,509,1366,264,842,3.1893939393939394,822,20,2,262,0.9924242424242424,0.9762470308788599,0.9801084990958409,0.9474281181866396,0.9965260432549465,0.998929316922191
2,sider,SIDER13,va,509,1366,22,101,4.590909090909091,86,15,14,8,0.36363636363636365,0.8514851485148515,0.7642276422764228,0.2114423375073138,0.45471765758491434,0.7101710171017102
2,sider,SIDER13,te,509,1366,29,108,3.7241379310344827,87,21,16,13,0.4482758620689655,0.8055555555555556,0.7299270072992701,0.24004804928511586,0.3481128672772005,0.6730523627075351
3,sider,SIDER13,tr,509,1366,262,844,3.2213740458015265,832,12,0,262,1.0,0.985781990521327,0.9891500904159132,0.9708805573446623,0.9992153510502337,0.999760319814768
3,sider,SIDER13,va,509,1366,22,101,4.590909090909091,92,9,15,7,0.3181818181818182,0.9108910891089109,0.8048780487804879,0.2609719765667245,0.43548366962337426,0.694869486948695
3,sider,SIDER13,te,509,1366,31,106,3.4193548387096775,92,14,12,19,0.6129032258064516,0.8679245283018868,0.8102189781021898,0.47048920985325204,0.6261582384861231,0.7480219111381619
4,sider,SIDER13,tr,509,1366,252,854,3.388888888888889,852,2,0,252,1.0,0.9976580796252927,0.9981916817359855,0.99488818678039,0.9999999999999999,1.0
4,sider,SIDER13,va,509,1366,36,87,2.4166666666666665,79,8,24,12,0.3333333333333333,0.9080459770114943,0.7398373983739838,0.2976304141180831,0.532661606391215,0.6807151979565772
4,sider,SIDER13,te,509,1366,27,110,4.074074074074074,104,6,17,10,0.37037037037037035,0.9454545454545454,0.8321167883211679,0.3911757620032293,0.5009048451909233,0.7306397306397306
5,sider,SIDER13,tr,509,1366,246,860,3.4959349593495936,844,16,1,245,0.9959349593495935,0.9813953488372092,0.984629294755877,0.9572150934808438,0.9889632545676618,0.9973955379088675
5,sider,SIDER13,va,509,1366,37,86,2.324324324324324,82,4,25,12,0.32432432432432434,0.9534883720930233,0.7642276422764228,0.37874795551168905,0.5488613172544026,0.7602137020741673
5,sider,SIDER13,te,509,1366,32,105,3.28125,96,9,25,7,0.21875,0.9142857142857143,0.7518248175182481,0.17526096876479097,0.4088723530415311,0.6223214285714286
6,sider,SIDER13,tr,509,1366,253,853,3.3715415019762847,849,4,0,253,1.0,0.9953106682297772,0.9963833634719711,0.9898582987496912,1.0,1.0
6,sider,SIDER13,va,509,1366,29,94,3.2413793103448274,91,3,23,6,0.20689655172413793,0.9680851063829787,0.7886178861788617,0.2852211804048815,0.5072853433341995,0.7567865003668379
6,sider,SIDER13,te,509,1366,33,104,3.1515151515151514,93,11,21,12,0.36363636363636365,0.8942307692307693,0.7664233576642335,0.29502124229419513,0.5092214492432502,0.6943473193473193
7,sider,SIDER13,tr,509,1366,256,850,3.3203125,820,30,7,249,0.97265625,0.9647058823529412,0.9665461121157324,0.9102946576971194,0.9756623061460562,0.992702205882353
7,sider,SIDER13,va,509,1366,29,94,3.2413793103448274,79,15,17,12,0.41379310344827586,0.8404255319148937,0.7398373983739838,0.2607070708972952,0.5136706377187389,0.7468818782098312
7,sider,SIDER13,te,509,1366,30,107,3.566666666666667,95,12,20,10,0.3333333333333333,0.8878504672897196,0.7664233576642335,0.2491412114802622,0.3585677225828124,0.6076323987538941
8,sider,SIDER13,tr,509,1366,258,848,3.2868217054263567,847,1,0,258,1.0,0.9988207547169812,0.9990958408679927,0.9974789741776857,1.0,1.0
8,sider,SIDER13,va,509,1366,24,99,4.125,97,2,16,8,0.3333333333333333,0.9797979797979798,0.8536585365853658,0.4540571257281509,0.49673017267847636,0.7689393939393939
8,sider,SIDER13,te,509,1366,33,104,3.1515151515151514,92,12,24,9,0.2727272727272727,0.8846153846153846,0.7372262773722628,0.18675897351736268,0.4597073938749021,0.692016317016317
9,sider,SIDER13,tr,509,1366,259,847,3.27027027027027,838,9,0,259,1.0,0.9893742621015348,0.9918625678119349,0.9778287207026397,0.9988272635541503,0.9996535580951165
9,sider,SIDER13,va,509,1366,26,97,3.730769230769231,92,5,21,5,0.19230769230769232,0.9484536082474226,0.7886178861788617,0.2102890166613004,0.40354995272336425,0.6439333862014275
9,sider,SIDER13,te,509,1366,30,107,3.566666666666667,93,14,17,13,0.43333333333333335,0.8691588785046729,0.7737226277372263,0.31447671124808063,0.3902448360008771,0.6753894080996885
10,sider,SIDER13,tr,509,1366,262,844,3.2213740458015265,832,12,1,261,0.9961832061068703,0.985781990521327,0.9882459312839059,0.9683093831591439,0.9893170317930728,0.9974901414565319
10,sider,SIDER13,va,509,1366,25,98,3.92,87,11,12,13,0.52,0.8877551020408163,0.8130081300813008,0.41405613880890946,0.5318140932002114,0.7510204081632653
10,sider,SIDER13,te,509,1366,28,109,3.892857142857143,100,9,23,5,0.17857142857142858,0.9174311926605505,0.7664233576642335,0.12780821874483703,0.29863766100546985,0.6346657929226737
11,sider,SIDER13,tr,509,1366,264,842,3.1893939393939394,838,4,0,264,1.0,0.995249406175772,0.9963833634719711,0.9901489470917393,0.9999713037427078,0.9999910026632117
11,sider,SIDER13,va,509,1366,25,98,3.92,94,4,14,11,0.44,0.9591836734693877,0.8536585365853658,0.49090596057851926,0.5881260838695797,0.816734693877551
11,sider,SIDER13,te,509,1366,26,111,4.269230769230769,102,9,19,7,0.2692307692307692,0.918918918918919,0.7956204379562044,0.22972009632961196,0.33467530453762095,0.6448371448371448
12,sider,SIDER13,tr,509,1366,245,861,3.5142857142857142,850,11,1,244,0.9959183673469387,0.9872241579558653,0.9891500904159132,0.969317892371071,0.9974489893789369,0.9992936547441276
12,sider,SIDER13,va,509,1366,32,91,2.84375,82,9,24,8,0.25,0.9010989010989011,0.7317073170731707,0.192078872539619,0.49442950154123866,0.7039835164835165
12,sider,SIDER13,te,509,1366,38,99,2.6052631578947367,95,4,29,9,0.23684210526315788,0.9595959595959596,0.7591240875912408,0.3000906913485478,0.5341184098088296,0.7222222222222223
13,sider,SIDER13,tr,509,1366,247,859,3.477732793522267,849,10,0,247,1.0,0.9883585564610011,0.9909584086799277,0.9746286600963444,0.9997703002363199,0.9999340161094955
13,sider,SIDER13,va,509,1366,30,93,3.1,88,5,21,9,0.3,0.946236559139785,0.7886178861788617,0.3329487345653152,0.6130226930730441,0.782437275985663
13,sider,SIDER13,te,509,1366,38,99,2.6052631578947367,90,9,24,14,0.3684210526315789,0.9090909090909091,0.7591240875912408,0.33241051974597147,0.5693552871642105,0.7278043593833068
14,sider,SIDER13,tr,509,1366,250,856,3.424,856,0,0,250,1.0,1.0,1.0,1.0,1.0,1.0
14,sider,SIDER13,va,509,1366,28,95,3.392857142857143,88,7,21,7,0.25,0.9263157894736842,0.7723577235772358,0.23278487425577926,0.4237854083701618,0.6402255639097745
14,sider,SIDER13,te,509,1366,37,100,2.7027027027027026,94,6,26,11,0.2972972972972973,0.94,0.7664233576642335,0.31957924776412455,0.5901443378713117,0.7640540540540541
15,sider,SIDER13,tr,509,1366,246,860,3.4959349593495936,860,0,0,246,1.0,1.0,1.0,1.0,1.0,1.0
15,sider,SIDER13,va,509,1366,29,94,3.2413793103448274,86,8,21,8,0.27586206896551724,0.9148936170212766,0.7642276422764228,0.2407068988712475,0.46745820048931397,0.7157006603081438
15,sider,SIDER13,te,509,1366,40,97,2.425,91,6,27,13,0.325,0.9381443298969072,0.7591240875912408,0.34617210996360703,0.6244390150208818,0.7639175257731958
1,sider,SIDER14,tr,509,1366,155,951,6.135483870967742,774,177,20,135,0.8709677419354839,0.8138801261829653,0.8218806509945751,0.528278173362476,0.5481860160887672,0.9011498931515213
1,sider,SIDER14,va,509,1366,27,96,3.5555555555555554,69,27,17,10,0.37037037037037035,0.71875,0.6422764227642277,0.0804348754446256,0.23753308240302629,0.5875771604938271
1,sider,SIDER14,te,509,1366,27,110,4.074074074074074,77,33,21,6,0.2222222222222222,0.7,0.6058394160583942,-0.06856277926728682,0.19084891853609248,0.5377104377104377
2,sider,SIDER14,tr,509,1366,175,931,5.32,380,551,14,161,0.92,0.40816326530612246,0.4891500904159132,0.2500896515723219,0.18538271285699714,0.7157986803744054
2,sider,SIDER14,va,509,1366,19,104,5.473684210526316,37,67,4,15,0.7894736842105263,0.3557692307692308,0.42276422764227645,0.11134983352076104,0.32675005831795856,0.5716093117408907
2,sider,SIDER14,te,509,1366,15,122,8.133333333333333,46,76,3,12,0.8,0.3770491803278688,0.4233576642335766,0.11534003775944437,0.37634713920707896,0.6368852459016393
3,sider,SIDER14,tr,509,1366,163,943,5.785276073619632,485,458,26,137,0.8404907975460123,0.5143160127253447,0.5623869801084991,0.2522740984774578,0.3413110928925642,0.7436682302272476
3,sider,SIDER14,va,509,1366,23,100,4.3478260869565215,53,47,7,16,0.6956521739130435,0.53,0.5609756097560976,0.17601818558408863,0.3315752731658685,0.6626086956521738
3,sider,SIDER14,te,509,1366,23,114,4.956521739130435,58,56,8,15,0.6521739130434783,0.5087719298245614,0.5328467153284672,0.12039126149823812,0.18217733271796505,0.6224256292906177
4,sider,SIDER14,tr,509,1366,168,938,5.583333333333333,921,17,0,168,1.0,0.9818763326226013,0.984629294755877,0.9442721317575976,0.9900735421209165,0.9990988932886588
4,sider,SIDER14,va,509,1366,20,103,5.15,90,13,18,2,0.1,0.8737864077669902,0.7479674796747967,-0.02955987834492875,0.16509323529982967,0.496116504854369
4,sider,SIDER14,te,509,1366,21,116,5.523809523809524,102,14,20,1,0.047619047619047616,0.8793103448275862,0.7518248175182481,-0.08430548194875323,0.13928205560196877,0.47988505747126436
5,sider,SIDER14,tr,509,1366,167,939,5.622754491017964,710,229,13,154,0.9221556886227545,0.7561235356762513,0.7811934900542495,0.5104239110244037,0.6611469954566931,0.9178862721840664
5,sider,SIDER14,va,509,1366,23,100,4.3478260869565215,67,33,12,11,0.4782608695652174,0.67,0.6341463414634146,0.12060090785866662,0.2744335577591501,0.6445652173913043
5,sider,SIDER14,te,509,1366,19,118,6.2105263157894735,81,37,13,6,0.3157894736842105,0.6864406779661016,0.635036496350365,0.0016609403877585595,0.13208102370828684,0.49397859054415694
6,sider,SIDER14,tr,509,1366,165,941,5.703030303030303,753,188,11,154,0.9333333333333333,0.8002125398512221,0.8200723327305606,0.5654631780039605,0.689375629088212,0.9348050107880076
6,sider,SIDER14,va,509,1366,16,107,6.6875,74,33,7,9,0.5625,0.6915887850467289,0.6747967479674797,0.18024790353832382,0.15508383176426638,0.5957943925233645
6,sider,SIDER14,te,509,1366,28,109,3.892857142857143,73,36,18,10,0.35714285714285715,0.6697247706422018,0.6058394160583942,0.022941508740922052,0.2084716873878122,0.5114678899082569
7,sider,SIDER14,tr,509,1366,173,933,5.393063583815029,475,458,21,152,0.8786127167630058,0.5091103965702036,0.5669077757685352,0.2831912360438816,0.46865389578726463,0.7475140791405683
7,sider,SIDER14,va,509,1366,16,107,6.6875,56,51,4,12,0.75,0.5233644859813084,0.5528455284552846,0.18397045098542586,0.43328464425113267,0.6355140186915889
7,sider,SIDER14,te,509,1366,20,117,5.85,57,60,10,10,0.5,0.48717948717948717,0.48905109489051096,-0.009055801714597763,0.364292102674817,0.5158119658119659
8,sider,SIDER14,tr,509,1366,171,935,5.4678362573099415,861,74,0,171,1.0,0.9208556149732621,0.9330922242314648,0.8016979688809673,0.9849419487077322,0.9973105669700097
8,sider,SIDER14,va,509,1366,18,105,5.833333333333333,89,16,12,6,0.3333333333333333,0.8476190476190476,0.7723577235772358,0.16688725704567076,0.3137405193051125,0.734920634920635
8,sider,SIDER14,te,509,1366,20,117,5.85,87,30,18,2,0.1,0.7435897435897436,0.6496350364963503,-0.13052795021582836,0.13712425019818558,0.4837606837606837
9,sider,SIDER14,tr,509,1366,175,931,5.32,369,562,28,147,0.84,0.3963480128893663,0.4665461121157324,0.1798156342295316,0.5358957804134109,0.6307810342181985
9,sider,SIDER14,va,509,1366,17,106,6.235294117647059,36,70,4,13,0.7647058823529411,0.33962264150943394,0.3983739837398374,0.076861952778848,0.48066737538388843,0.5774139844617092
9,sider,SIDER14,te,509,1366,17,120,7.0588235294117645,53,67,4,13,0.7647058823529411,0.44166666666666665,0.48175182481751827,0.1380335288035461,0.47994869435377463,0.6193627450980392
10,sider,SIDER14,tr,509,1366,172,934,5.430232558139535,241,693,4,168,0.9767441860465116,0.2580299785867238,0.36980108499095843,0.20488178423988584,0.19941438404342976,0.6178259299835666
10,sider,SIDER14,va,509,1366,16,107,6.6875,28,79,0,16,1.0,0.2616822429906542,0.35772357723577236,0.20993522529456202,0.5851063829787234,0.6355140186915889
10,sider,SIDER14,te,509,1366,21,116,5.523809523809524,28,88,1,20,0.9523809523809523,0.2413793103448276,0.35036496350364965,0.17088048971298386,0.5733503745485566,0.6005747126436781
11,sider,SIDER14,tr,509,1366,171,935,5.4678362573099415,767,168,7,164,0.9590643274853801,0.8203208556149733,0.8417721518987342,0.6147754036063762,0.7956367083266815,0.9538136785814805
11,sider,SIDER14,va,509,1366,17,106,6.235294117647059,82,24,10,7,0.4117647058823529,0.7735849056603774,0.7235772357723578,0.14733105980571573,0.22137517875171317,0.7136514983351832
11,sider,SIDER14,te,509,1366,21,116,5.523809523809524,82,34,9,12,0.5714285714285714,0.7068965517241379,0.6861313868613139,0.21232026124309827,0.23068090893907972,0.6707717569786534
12,sider,SIDER14,tr,509,1366,176,930,5.284090909090909,797,133,3,173,0.9829545454545454,0.8569892473118279,0.8770343580470162,0.6868190404096454,0.9040892327073956,0.9817387585532747
12,sider,SIDER14,va,509,1366,17,106,6.235294117647059,75,31,9,8,0.47058823529411764,0.7075471698113207,0.6747967479674797,0.13211608402373756,0.1891364136699449,0.6237513873473918
12,sider,SIDER14,te,509,1366,16,121,7.5625,90,31,13,3,0.1875,0.743801652892562,0.6788321167883211,-0.051078824443001214,0.1190416102724196,0.5397727272727273
13,sider,SIDER14,tr,509,1366,173,933,5.393063583815029,571,362,25,148,0.8554913294797688,0.6120042872454448,0.6500904159132007,0.3406694573789252,0.4643232185507989,0.8120891647925457
13,sider,SIDER14,va,509,1366,18,105,5.833333333333333,56,49,7,11,0.6111111111111112,0.5333333333333333,0.5447154471544715,0.10213764617139012,0.19984358887478285,0.6828042328042329
13,sider,SIDER14,te,509,1366,18,119,6.611111111111111,61,58,7,11,0.6111111111111112,0.5126050420168067,0.5255474452554745,0.08359054157022718,0.15906473931239637,0.5873015873015873
14,sider,SIDER14,tr,509,1366,172,934,5.430232558139535,933,1,0,172,1.0,0.9989293361884368,0.9990958408679927,0.9965717125103376,1.0,1.0
14,sider,SIDER14,va,509,1366,23,100,4.3478260869565215,92,8,16,7,0.30434782608695654,0.92,0.8048780487804879,0.2673180450288896,0.3286073762998425,0.7273913043478262
14,sider,SIDER14,te,509,1366,14,123,8.785714285714286,109,14,13,1,0.07142857142857142,0.8861788617886179,0.8029197080291971,-0.04112261669573648,0.1289330457155701,0.6289198606271778
15,sider,SIDER14,tr,509,1366,162,944,5.827160493827161,926,18,0,162,1.0,0.9809322033898306,0.9837251356238698,0.9395951165533202,0.9967480350462786,0.9994572609332496
15,sider,SIDER14,va,509,1366,24,99,4.125,87,12,19,5,0.20833333333333334,0.8787878787878788,0.7479674796747967,0.10003909033168008,0.20675711310236583,0.5016835016835017
15,sider,SIDER14,te,509,1366,23,114,4.956521739130435,106,8,19,4,0.17391304347826086,0.9298245614035088,0.8029197080291971,0.13715351138497153,0.23096169022512314,0.6277650648360031
1,sider,SIDER15,tr,509,1366,850,256,0.30117647058823527,235,21,142,708,0.8329411764705882,0.91796875,0.8526220614828209,0.6681636601161562,0.9857344821923365,0.9527022058823529
1,sider,SIDER15,va,509,1366,95,28,0.29473684210526313,18,10,26,69,0.7263157894736842,0.6428571428571429,0.7073170731707317,0.32294665127699,0.8906798382330048,0.7199248120300752
1,sider,SIDER15,te,509,1366,118,19,0.16101694915254236,8,11,34,84,0.711864406779661,0.42105263157894735,0.6715328467153284,0.0996350199514112,0.8994143050995689,0.584299732381802
2,sider,SIDER15,tr,509,1366,860,246,0.28604651162790695,242,4,84,776,0.9023255813953488,0.983739837398374,0.9204339963833634,0.8082141787083642,0.9966710324998875,0.9880412176214785
2,sider,SIDER15,va,509,1366,99,24,0.24242424242424243,10,14,22,77,0.7777777777777778,0.4166666666666667,0.7073170731707317,0.17563985588231087,0.8955374681997726,0.6763468013468014
2,sider,SIDER15,te,509,1366,104,33,0.3173076923076923,15,18,22,82,0.7884615384615384,0.45454545454545453,0.708029197080292,0.23404078656313249,0.8066185884925339,0.6503496503496503
3,sider,SIDER15,tr,509,1366,869,237,0.2727272727272727,237,0,34,835,0.9608745684695051,1.0,0.969258589511754,0.9166908091521547,0.9998085812929798,0.9992813894432224
3,sider,SIDER15,va,509,1366,89,34,0.38202247191011235,12,22,10,79,0.8876404494382022,0.35294117647058826,0.7398373983739838,0.28075331323068775,0.8336638112940307,0.6929940515532056
3,sider,SIDER15,te,509,1366,105,32,0.3047619047619048,18,14,17,88,0.8380952380952381,0.5625,0.7737226277372263,0.38863446583202865,0.8763581540619129,0.7351190476190477
4,sider,SIDER15,tr,509,1366,873,233,0.26689576174112256,233,0,20,853,0.97709049255441,1.0,0.9819168173598554,0.9486043102430902,0.9999311679816554,0.9997394412243313
4,sider,SIDER15,va,509,1366,91,32,0.3516483516483517,17,15,7,84,0.9230769230769231,0.53125,0.8211382113821138,0.5029686782084357,0.8736365231082229,0.7592719780219781
4,sider,SIDER15,te,509,1366,99,38,0.3838383838383838,10,28,10,89,0.898989898989899,0.2631578947368421,0.7226277372262774,0.2055949820770476,0.8730191193115495,0.7062732589048378
5,sider,SIDER15,tr,509,1366,865,241,0.2786127167630058,241,0,8,857,0.9907514450867052,1.0,0.9927667269439421,0.979244644283037,0.9999986642752744,0.999995203031684
5,sider,SIDER15,va,509,1366,96,27,0.28125,9,18,16,80,0.8333333333333334,0.3333333333333333,0.7235772357723578,0.1714285714285713,0.8394936255858089,0.664351851851852
5,sider,SIDER15,te,509,1366,102,35,0.3431372549019608,7,28,13,89,0.8725490196078431,0.2,0.7007299270072993,0.08961025791791898,0.8334140812581654,0.6282913165266106
6,sider,SIDER15,tr,509,1366,868,238,0.27419354838709675,238,0,4,864,0.9953917050691244,1.0,0.9963833634719711,0.9894134371502321,1.0,1.0
6,sider,SIDER15,va,509,1366,92,31,0.33695652173913043,10,21,6,86,0.9347826086956522,0.3225806451612903,0.7804878048780488,0.33217689340334233,0.8228323808861636,0.673562412342216
6,sider,SIDER15,te,509,1366,103,34,0.3300970873786408,7,27,5,98,0.9514563106796117,0.20588235294117646,0.7664233576642335,0.24040743701066333,0.8749011434382569,0.7084523129640206
7,sider,SIDER15,tr,509,1366,858,248,0.289044289044289,208,40,151,707,0.824009324009324,0.8387096774193549,0.8273056057866185,0.5903252802558464,0.9699868467134017,0.9084776110985788
7,sider,SIDER15,va,509,1366,95,28,0.29473684210526313,14,14,20,75,0.7894736842105263,0.5,0.7235772357723578,0.27140350063940016,0.8675608077650752,0.6849624060150377
7,sider,SIDER15,te,509,1366,110,27,0.24545454545454545,13,14,30,80,0.7272727272727273,0.48148148148148145,0.6788321167883211,0.17894324564703204,0.8370366566702355,0.5897306397306397
8,sider,SIDER15,tr,509,1366,854,252,0.29508196721311475,252,0,8,846,0.990632318501171,1.0,0.9927667269439421,0.9798731163195317,1.0,1.0
8,sider,SIDER15,va,509,1366,98,25,0.25510204081632654,9,16,12,86,0.8775510204081632,0.36,0.7723577235772358,0.25405644060496113,0.9139261949052729,0.7408163265306122
8,sider,SIDER15,te,509,1366,111,26,0.23423423423423423,7,19,12,99,0.8918918918918919,0.2692307692307692,0.7737226277372263,0.18280454337981347,0.890130716382685,0.6760221760221761
9,sider,SIDER15,tr,509,1366,864,242,0.2800925925925926,242,0,12,852,0.9861111111111112,1.0,0.9891500904159132,0.9692900415262321,0.9999986611824239,0.9999952173247628
9,sider,SIDER15,va,509,1366,95,28,0.29473684210526313,9,19,11,84,0.8842105263157894,0.32142857142857145,0.7560975609756098,0.23367534783853183,0.849242591756846,0.6586466165413534
9,sider,SIDER15,te,509,1366,104,33,0.3173076923076923,7,26,15,89,0.8557692307692307,0.21212121212121213,0.7007299270072993,0.07907187202815441,0.8365924676052297,0.6247086247086248
10,sider,SIDER15,tr,509,1366,863,243,0.28157589803012745,243,0,1,862,0.9988412514484357,1.0,0.9990958408679927,0.9973703623840903,1.0,1.0
10,sider,SIDER15,va,509,1366,95,28,0.29473684210526313,9,19,8,87,0.9157894736842105,0.32142857142857145,0.7804878048780488,0.28821139507280785,0.9160952472498336,0.7612781954887217
10,sider,SIDER15,te,509,1366,105,32,0.3047619047619048,10,22,7,98,0.9333333333333333,0.3125,0.7883211678832117,0.3154970660605425,0.8643446779729442,0.6720238095238096
11,sider,SIDER15,tr,509,1366,858,248,0.289044289044289,248,0,27,831,0.9685314685314685,1.0,0.9755877034358047,0.9345797386979575,0.999844259940904,0.999450146627566
11,sider,SIDER15,va,509,1366,96,27,0.28125,5,22,18,78,0.8125,0.18518518518518517,0.6747967479674797,-0.00245736593591495,0.8520862254381464,0.6257716049382717
11,sider,SIDER15,te,509,1366,109,28,0.25688073394495414,10,18,13,96,0.8807339449541285,0.35714285714285715,0.7737226277372263,0.2566421662470172,0.9189402126002634,0.7572083879423328
12,sider,SIDER15,tr,509,1366,865,241,0.2786127167630058,187,54,206,659,0.761849710982659,0.7759336099585062,0.7649186256781193,0.463855663562722,0.9513867928976958,0.8486220708512221
12,sider,SIDER15,va,509,1366,92,31,0.33695652173913043,14,17,29,63,0.6847826086956522,0.45161290322580644,0.6260162601626016,0.12419257146624144,0.834141276587974,0.623422159887798
12,sider,SIDER15,te,509,1366,106,31,0.29245283018867924,14,17,29,77,0.7264150943396226,0.45161290322580644,0.6642335766423357,0.16051807096809118,0.8457920033351559,0.6440961655508216
13,sider,SIDER15,tr,509,1366,857,249,0.29054842473745623,247,2,60,797,0.9299883313885647,0.9919678714859438,0.9439421338155516,0.8599195006555375,0.9977400510631351,0.9913539806835275
13,sider,SIDER15,va,509,1366,103,20,0.1941747572815534,9,11,19,84,0.8155339805825242,0.45,0.7560975609756098,0.23367534783853183,0.9022993344387849,0.6951456310679611
13,sider,SIDER15,te,509,1366,103,34,0.3300970873786408,11,23,15,88,0.8543689320388349,0.3235294117647059,0.7226277372262774,0.19596648930509356,0.767444709535739,0.5779554540262707
14,sider,SIDER15,tr,509,1366,863,243,0.28157589803012745,243,0,20,843,0.9768250289687138,1.0,0.9819168173598554,0.9500219770109493,0.9999629931240797,0.9998664816483794
14,sider,SIDER15,va,509,1366,96,27,0.28125,9,18,10,86,0.8958333333333334,0.3333333333333333,0.7723577235772358,0.2624674647275081,0.8864808366604086,0.722608024691358
14,sider,SIDER15,te,509,1366,104,33,0.3173076923076923,10,23,16,88,0.8461538461538461,0.30303030303030304,0.7153284671532847,0.16268524212401542,0.8213114798340353,0.6005244755244755
15,sider,SIDER15,tr,509,1366,863,243,0.28157589803012745,243,0,37,826,0.9571263035921205,1.0,0.9665461121157324,0.9113994180318945,0.9993588815762408,0.9975299104950193
15,sider,SIDER15,va,509,1366,92,31,0.33695652173913043,13,18,14,78,0.8478260869565217,0.41935483870967744,0.7398373983739838,0.2802610289550488,0.8990303932003696,0.7342215988779804
15,sider,SIDER15,te,509,1366,108,29,0.26851851851851855,14,15,21,87,0.8055555555555556,0.4827586206896552,0.7372262773722628,0.27004911948127525,0.8734861539091566,0.677522349936143
1,sider,SIDER16,tr,509,1366,695,411,0.5913669064748202,409,2,13,682,0.981294964028777,0.9951338199513382,0.9864376130198915,0.971336280265556,0.9998064321274014,0.9996709201981481
1,sider,SIDER16,va,509,1366,72,51,0.7083333333333334,33,18,23,49,0.6805555555555556,0.6470588235294118,0.6666666666666666,0.3241028695539362,0.7077910501896097,0.7159586056644881
1,sider,SIDER16,te,509,1366,92,45,0.4891304347826087,26,19,23,69,0.75,0.5777777777777777,0.6934306569343066,0.3211739411504753,0.8302855498374301,0.7318840579710144
2,sider,SIDER16,tr,509,1366,704,402,0.5710227272727273,280,122,169,535,0.7599431818181818,0.6965174129353234,0.7368896925858951,0.4470918905646464,0.8803007433818147,0.8126201379466305
2,sider,SIDER16,va,509,1366,74,49,0.6621621621621622,33,16,23,51,0.6891891891891891,0.673469387755102,0.6829268292682927,0.3565171598343171,0.8263561021542951,0.7451737451737452
2,sider,SIDER16,te,509,1366,81,56,0.691358024691358,31,25,28,53,0.654320987654321,0.5535714285714286,0.6131386861313869,0.20639627864293866,0.7418021463911115,0.6804453262786596
3,sider,SIDER16,tr,509,1366,701,405,0.5777460770328102,404,1,10,691,0.985734664764622,0.9975308641975309,0.9900542495479204,0.9788228899667506,0.9999549001346764,0.9999225092900794
3,sider,SIDER16,va,509,1366,72,51,0.7083333333333334,33,18,18,54,0.75,0.6470588235294118,0.7073170731707317,0.39705882352941163,0.8144787949345068,0.7581699346405228
3,sider,SIDER16,te,509,1366,86,51,0.5930232558139535,32,19,27,59,0.686046511627907,0.6274509803921569,0.6642335766423357,0.30605189812772815,0.7997554288286768,0.7177382580939353
4,sider,SIDER16,tr,509,1366,706,400,0.56657223796034,373,27,98,608,0.8611898016997167,0.9325,0.8869801084990958,0.7712334010114485,0.9767703147903238,0.9566784702549574
4,sider,SIDER16,va,509,1366,72,51,0.7083333333333334,27,24,18,54,0.75,0.5294117647058824,0.6585365853658537,0.2857869978581886,0.790246441348676,0.7532679738562092
4,sider,SIDER16,te,509,1366,81,56,0.691358024691358,33,23,17,64,0.7901234567901234,0.5892857142857143,0.708029197080292,0.38743577396450507,0.7810399563132968,0.7383156966490301
5,sider,SIDER16,tr,509,1366,692,414,0.5982658959537572,388,26,92,600,0.8670520231213873,0.9371980676328503,0.8933092224231465,0.7853017243652758,0.9809887419653989,0.9668363072798861
5,sider,SIDER16,va,509,1366,80,43,0.5375,30,13,20,60,0.75,0.6976744186046512,0.7317073170731707,0.4346053491312194,0.8850470765811949,0.8
5,sider,SIDER16,te,509,1366,87,50,0.5747126436781609,24,26,25,62,0.7126436781609196,0.48,0.6277372262773723,0.19349066359068842,0.7683126418623358,0.6620689655172414
6,sider,SIDER16,tr,509,1366,703,403,0.5732574679943101,329,74,156,547,0.7780938833570412,0.8163771712158809,0.7920433996383364,0.5765596287422057,0.9300351900659805,0.8828734703098031
6,sider,SIDER16,va,509,1366,79,44,0.5569620253164557,34,10,20,59,0.7468354430379747,0.7727272727272727,0.7560975609756098,0.5018297878592234,0.8416723670473751,0.7784810126582278
6,sider,SIDER16,te,509,1366,77,60,0.7792207792207793,29,31,27,50,0.6493506493506493,0.48333333333333334,0.5766423357664233,0.1339069023854085,0.6724332816697364,0.6174242424242424
7,sider,SIDER16,tr,509,1366,690,416,0.6028985507246377,380,36,104,586,0.8492753623188406,0.9134615384615384,0.8734177215189873,0.744780153587109,0.9726285495412956,0.9538147993311037
7,sider,SIDER16,va,509,1366,80,43,0.5375,28,15,22,58,0.725,0.6511627906976745,0.6991869918699187,0.3651813777764921,0.8462813120497881,0.7726744186046511
7,sider,SIDER16,te,509,1366,89,48,0.5393258426966292,32,16,28,61,0.6853932584269663,0.6666666666666666,0.6788321167883211,0.33854096395104916,0.7605121068951243,0.6741573033707865
8,sider,SIDER16,tr,509,1366,702,404,0.5754985754985755,404,0,7,695,0.99002849002849,1.0,0.9936708860759493,0.9864921139716465,0.9999576176370775,0.9999259541338749
8,sider,SIDER16,va,509,1366,72,51,0.7083333333333334,33,18,18,54,0.75,0.6470588235294118,0.7073170731707317,0.39705882352941163,0.7802517404246039,0.7573529411764707
8,sider,SIDER16,te,509,1366,85,52,0.611764705882353,30,22,24,61,0.7176470588235294,0.5769230769230769,0.6642335766423357,0.29252563007885335,0.7617856047758195,0.7070135746606334
9,sider,SIDER16,tr,509,1366,697,409,0.5868005738880918,403,6,37,660,0.9469153515064562,0.9853300733496333,0.961121157323689,0.9194854279176827,0.9951120448661945,0.9901183205705204
9,sider,SIDER16,va,509,1366,73,50,0.684931506849315,24,26,23,50,0.684931506849315,0.48,0.6016260162601627,0.1667225460738332,0.7637988411841035,0.6942465753424657
9,sider,SIDER16,te,509,1366,89,48,0.5393258426966292,26,22,24,65,0.7303370786516854,0.5416666666666666,0.6642335766423357,0.2695540600290481,0.8252923126018582,0.7106741573033707
10,sider,SIDER16,tr,509,1366,700,406,0.58,326,80,167,533,0.7614285714285715,0.8029556650246306,0.7766726943942134,0.5473097880166671,0.9237200792442843,0.8688881069669246
10,sider,SIDER16,va,509,1366,76,47,0.618421052631579,32,15,29,47,0.618421052631579,0.6808510638297872,0.6422764227642277,0.29084474265542687,0.8510168329025215,0.757838745800672
10,sider,SIDER16,te,509,1366,83,54,0.6506024096385542,33,21,25,58,0.6987951807228916,0.6111111111111112,0.6642335766423357,0.30650585655774465,0.7880648397970911,0.749888442659527
11,sider,SIDER16,tr,509,1366,697,409,0.5868005738880918,395,14,58,639,0.9167862266857962,0.9657701711491442,0.9349005424954792,0.8663927690521007,0.9932931342235705,0.987887313074195
11,sider,SIDER16,va,509,1366,79,44,0.5569620253164557,28,16,24,55,0.6962025316455697,0.6363636363636364,0.6747967479674797,0.32269118658717744,0.8537614549195818,0.7652474108170311
11,sider,SIDER16,te,509,1366,83,54,0.6506024096385542,29,25,25,58,0.6987951807228916,0.5370370370370371,0.635036496350365,0.23583221775992855,0.7424126249006034,0.6639892904953146
12,sider,SIDER16,tr,509,1366,698,408,0.5845272206303725,404,4,34,664,0.9512893982808023,0.9901960784313726,0.9656419529837251,0.9288511676365242,0.9982225302073438,0.9967905500309006
12,sider,SIDER16,va,509,1366,77,46,0.5974025974025974,34,12,20,57,0.7402597402597403,0.7391304347826086,0.7398373983739838,0.46740352374025407,0.8600604257360073,0.7891022021456804
12,sider,SIDER16,te,509,1366,84,53,0.6309523809523809,29,24,28,56,0.6666666666666666,0.5471698113207547,0.6204379562043796,0.2112890299478922,0.7679235563661639,0.660826594788859
13,sider,SIDER16,tr,509,1366,693,413,0.5959595959595959,365,48,140,553,0.797979797979798,0.8837772397094431,0.8300180831826401,0.6620462773253974,0.9556803591306542,0.9202663088861638
13,sider,SIDER16,va,509,1366,82,41,0.5,33,8,27,55,0.6707317073170732,0.8048780487804879,0.7154471544715447,0.44854261357253006,0.8279869588387168,0.7703747769185008
13,sider,SIDER16,te,509,1366,84,53,0.6309523809523809,33,20,28,56,0.6666666666666666,0.6226415094339622,0.6496350364963503,0.2835088181356232,0.7981131888077735,0.7012578616352202
14,sider,SIDER16,tr,509,1366,712,394,0.5533707865168539,347,47,94,618,0.8679775280898876,0.8807106598984772,0.8725135623869801,0.7322493109624686,0.973462994610379,0.9495041493184279
14,sider,SIDER16,va,509,1366,67,56,0.835820895522388,31,25,19,48,0.7164179104477612,0.5535714285714286,0.6422764227642277,0.2737357992445736,0.7710801200321907,0.7297441364605544
14,sider,SIDER16,te,509,1366,80,57,0.7125,32,25,26,54,0.675,0.5614035087719298,0.6277372262773723,0.23583529237143952,0.6916239653442842,0.6449561403508772
15,sider,SIDER16,tr,509,1366,687,419,0.6098981077147017,373,46,124,563,0.8195050946142649,0.8902147971360382,0.8462929475587704,0.6921265625131975,0.96027193512468,0.9358144608532828
15,sider,SIDER16,va,509,1366,77,46,0.5974025974025974,33,13,25,52,0.6753246753246753,0.717391304347826,0.6910569105691057,0.3806555589621927,0.838757364892413,0.747459062676454
15,sider,SIDER16,te,509,1366,95,42,0.4421052631578947,31,11,41,54,0.5684210526315789,0.7380952380952381,0.6204379562043796,0.2830199713434575,0.8515957194258592,0.7264411027568922
1,sider,SIDER17,tr,509,1366,1027,79,0.07692307692307693,65,14,210,817,0.7955209347614411,0.8227848101265823,0.7974683544303798,0.3684132068248206,0.9912371753822632,0.897976162597217
1,sider,SIDER17,va,509,1366,114,9,0.07894736842105263,5,4,22,92,0.8070175438596491,0.5555555555555556,0.7886178861788617,0.22811390593897934,0.9773363632292744,0.7884990253411306
1,sider,SIDER17,te,509,1366,129,8,0.06201550387596899,5,3,32,97,0.751937984496124,0.625,0.7445255474452555,0.199071409141457,0.9750795698210302,0.7383720930232558
2,sider,SIDER17,tr,509,1366,1034,72,0.06963249516441006,72,0,68,966,0.9342359767891683,1.0,0.9385171790235082,0.6931552615644128,0.9993389706246489,0.9903288201160542
2,sider,SIDER17,va,509,1366,110,13,0.11818181818181818,3,10,8,102,0.9272727272727272,0.23076923076923078,0.8536585365853658,0.17026879656111982,0.943859361101118,0.7048951048951049
2,sider,SIDER17,te,509,1366,126,11,0.0873015873015873,4,7,7,119,0.9444444444444444,0.36363636363636365,0.8978102189781022,0.3080808080808073,0.9536141553271029,0.6832611832611832
3,sider,SIDER17,tr,509,1366,1025,81,0.07902439024390244,81,0,79,946,0.9229268292682927,1.0,0.9285714285714286,0.6835434933616683,0.999144201608343,0.9888647997591087
3,sider,SIDER17,va,509,1366,116,7,0.0603448275862069,1,6,14,102,0.8793103448275862,0.14285714285714285,0.8373983739837398,0.01569412051435855,0.9815635588006012,0.7352216748768472
3,sider,SIDER17,te,509,1366,129,8,0.06201550387596899,4,4,15,114,0.8837209302325582,0.5,0.8613138686131386,0.2603379814255771,0.9496507015257134,0.6560077519379846
4,sider,SIDER17,tr,509,1366,1028,78,0.07587548638132295,75,3,110,918,0.8929961089494164,0.9615384615384616,0.8978300180831826,0.5862162005198849,0.9984788136201341,0.9799336525990222
4,sider,SIDER17,va,509,1366,119,4,0.03361344537815126,1,3,18,101,0.8487394957983193,0.25,0.8292682926829268,0.04846195293054739,0.9900776510633444,0.7521008403361344
4,sider,SIDER17,te,509,1366,123,14,0.11382113821138211,4,10,8,115,0.9349593495934959,0.2857142857142857,0.8686131386861314,0.23644024109974274,0.9534871106408723,0.7171893147502904
5,sider,SIDER17,tr,509,1366,1023,83,0.08113391984359726,76,7,557,466,0.4555229716520039,0.9156626506024096,0.49005424954792043,0.1976676427940254,0.9762777687172726,0.7595484577606613
5,sider,SIDER17,va,509,1366,115,8,0.06956521739130435,7,1,61,54,0.46956521739130436,0.875,0.4959349593495935,0.17089507516226857,0.9850626247505573,0.8315217391304348
5,sider,SIDER17,te,509,1366,132,5,0.03787878787878788,4,1,68,64,0.48484848484848486,0.8,0.49635036496350365,0.10697023624649712,0.9827965839672295,0.7113636363636364
6,sider,SIDER17,tr,509,1366,1032,74,0.07170542635658915,74,0,71,961,0.9312015503875969,1.0,0.9358047016274864,0.6893721017567846,0.9991949917603721,0.9884899434318039
6,sider,SIDER17,va,509,1366,113,10,0.08849557522123894,6,4,13,100,0.8849557522123894,0.6,0.8617886178861789,0.36673120597437453,0.9782532281379257,0.815929203539823
6,sider,SIDER17,te,509,1366,125,12,0.096,3,9,13,112,0.896,0.25,0.8394160583941606,0.12851262921506407,0.9641203942425417,0.7473333333333333
7,sider,SIDER17,tr,509,1366,1027,79,0.07692307692307693,59,20,259,768,0.747809152872444,0.7468354430379747,0.7477396021699819,0.28145914716128023,0.9815776032824504,0.8037728174725451
7,sider,SIDER17,va,509,1366,118,5,0.0423728813559322,4,1,23,95,0.8050847457627118,0.8,0.8048780487804879,0.2886853277458751,0.9895965175338424,0.7957627118644068
7,sider,SIDER17,te,509,1366,125,12,0.096,6,6,36,89,0.712,0.5,0.6934306569343066,0.12998553997081264,0.9522119828885032,0.6040000000000001
8,sider,SIDER17,tr,509,1366,1023,83,0.08113391984359726,72,11,223,800,0.7820136852394917,0.8674698795180723,0.7884267631103075,0.3869221511532306,0.9918862573221024,0.9082841630451424
8,sider,SIDER17,va,509,1366,113,10,0.08849557522123894,6,4,22,91,0.8053097345132744,0.6,0.7886178861788617,0.26417118112124216,0.9784076748247719,0.8053097345132743
8,sider,SIDER17,te,509,1366,134,3,0.022388059701492536,1,2,32,102,0.7611940298507462,0.3333333333333333,0.7518248175182481,0.03235168687482248,0.9920640956403045,0.7338308457711442
9,sider,SIDER17,tr,509,1366,1023,83,0.08113391984359726,83,0,62,961,0.9393939393939394,1.0,0.9439421338155516,0.7332953348187043,0.9992893844960647,0.9908961358631005
9,sider,SIDER17,va,509,1366,118,5,0.0423728813559322,1,4,11,107,0.9067796610169492,0.2,0.8780487804878049,0.07106609157976261,0.9800136446295968,0.6610169491525424
9,sider,SIDER17,te,509,1366,129,8,0.06201550387596899,2,6,11,118,0.9147286821705426,0.25,0.8759124087591241,0.13180338195362046,0.9807231930441572,0.752906976744186
10,sider,SIDER17,tr,509,1366,1029,77,0.07482993197278912,70,7,168,861,0.8367346938775511,0.9090909090909091,0.8417721518987342,0.4618936553544846,0.9956449306580584,0.9433064505950803
10,sider,SIDER17,va,509,1366,112,11,0.09821428571428571,7,4,27,85,0.7589285714285714,0.6363636363636364,0.7479674796747967,0.25222558933686073,0.9826630972488156,0.8417207792207793
10,sider,SIDER17,te,509,1366,129,8,0.06201550387596899,3,5,30,99,0.7674418604651163,0.375,0.7445255474452555,0.07810949797411372,0.9782693484390816,0.7267441860465116
11,sider,SIDER17,tr,509,1366,1030,76,0.07378640776699029,69,7,179,851,0.8262135922330097,0.9078947368421053,0.8318264014466547,0.44526245416358856,0.9950026200356605,0.9355327031170158
11,sider,SIDER17,va,509,1366,112,11,0.09821428571428571,4,7,23,89,0.7946428571428571,0.36363636363636365,0.7560975609756098,0.10912185971177009,0.9556422567224993,0.6854707792207793
11,sider,SIDER17,te,509,1366,128,9,0.0703125,6,3,22,106,0.828125,0.6666666666666666,0.8175182481751825,0.30398793799792523,0.9770408555106344,0.763888888888889
12,sider,SIDER17,tr,509,1366,1025,81,0.07902439024390244,77,4,547,478,0.46634146341463417,0.9506172839506173,0.5018083182640145,0.21906939935219685,0.9790427841368176,0.7729298404095153
12,sider,SIDER17,va,509,1366,117,6,0.05128205128205128,5,1,51,66,0.5641025641025641,0.8333333333333334,0.5772357723577236,0.17191122394753766,0.9904209354858804,0.8504273504273505
12,sider,SIDER17,te,509,1366,128,9,0.0703125,7,2,78,50,0.390625,0.7777777777777778,0.41605839416058393,0.08597345019107731,0.9677894678033164,0.7213541666666667
13,sider,SIDER17,tr,509,1366,1026,80,0.07797270955165692,79,1,120,906,0.8830409356725146,0.9875,0.8905967450271248,0.5870535113208396,0.998097256654269,0.9753228557504874
13,sider,SIDER17,va,509,1366,118,5,0.0423728813559322,3,2,22,96,0.8135593220338984,0.6,0.8048780487804879,0.20294613196636785,0.9868901207638493,0.7559322033898305
13,sider,SIDER17,te,509,1366,126,11,0.0873015873015873,5,6,8,118,0.9365079365079365,0.45454545454545453,0.8978102189781022,0.36260613912118594,0.9391355522270689,0.6681096681096681
14,sider,SIDER17,tr,509,1366,1034,72,0.06963249516441006,71,1,86,948,0.9168278529980658,0.9861111111111112,0.9213381555153707,0.6382663954013045,0.9988689189338383,0.9834515366430261
14,sider,SIDER17,va,509,1366,115,8,0.06956521739130435,4,4,15,100,0.8695652173913043,0.5,0.8455284552845529,0.2521689053761078,0.9849089827965801,0.8271739130434783
14,sider,SIDER17,te,509,1366,121,16,0.1322314049586777,7,9,9,112,0.9256198347107438,0.4375,0.8686131386861314,0.3631198347107433,0.9476703927784671,0.7422520661157025
15,sider,SIDER17,tr,509,1366,1025,81,0.07902439024390244,76,5,208,817,0.7970731707317074,0.9382716049382716,0.8074141048824593,0.43853107604984937,0.9934588736167936,0.9270099367660343
15,sider,SIDER17,va,509,1366,115,8,0.06956521739130435,4,4,28,87,0.7565217391304347,0.5,0.7398373983739838,0.1441857709706684,0.9701300595547483,0.6951086956521739
15,sider,SIDER17,te,509,1366,130,7,0.05384615384615385,3,4,31,99,0.7615384615384615,0.42857142857142855,0.7445255474452555,0.09690971940284188,0.9720733995343586,0.656043956043956
1,sider,SIDER18,tr,509,1366,194,912,4.701030927835052,745,167,23,171,0.8814432989690721,0.8168859649122807,0.8282097649186256,0.5765268867640486,0.7700649136339214,0.9319610236932537
1,sider,SIDER18,va,509,1366,29,94,3.2413793103448274,73,21,13,16,0.5517241379310345,0.776595744680851,0.7235772357723578,0.30388553067996305,0.42760776807208806,0.6837857666911226
1,sider,SIDER18,te,509,1366,26,111,4.269230769230769,76,35,21,5,0.19230769230769232,0.6846846846846847,0.5912408759124088,-0.1060875272842434,0.22189750518484677,0.5124740124740125
2,sider,SIDER18,tr,509,1366,206,900,4.368932038834951,504,396,26,180,0.8737864077669902,0.56,0.6184448462929476,0.33805053542183966,0.4229245981637139,0.7851699029126213
2,sider,SIDER18,va,509,1366,16,107,6.6875,63,44,4,12,0.75,0.5887850467289719,0.6097560975609756,0.2288467233512284,0.24175209787707244,0.726051401869159
2,sider,SIDER18,te,509,1366,27,110,4.074074074074074,55,55,13,14,0.5185185185185185,0.5,0.5036496350364964,0.014733484247845978,0.17969184495372925,0.49040404040404045
3,sider,SIDER18,tr,509,1366,204,902,4.421568627450981,705,197,32,172,0.8431372549019608,0.7815964523281597,0.7929475587703436,0.5138855006969164,0.6565031731986081,0.8927030346506675
3,sider,SIDER18,va,509,1366,21,102,4.857142857142857,73,29,12,9,0.42857142857142855,0.7156862745098039,0.6666666666666666,0.11747554946461253,0.21261736555845356,0.6148459383753501
3,sider,SIDER18,te,509,1366,24,113,4.708333333333333,76,37,14,10,0.4166666666666667,0.672566371681416,0.6277372262773723,0.0714496884938723,0.1929385838780025,0.5589970501474926
4,sider,SIDER18,tr,509,1366,205,901,4.3951219512195125,575,326,37,168,0.8195121951219512,0.6381798002219756,0.6717902350813744,0.3577449052193433,0.40148871471581543,0.7587937521994531
4,sider,SIDER18,va,509,1366,25,98,3.92,59,39,9,16,0.64,0.6020408163265306,0.6097560975609756,0.1959006378623485,0.40780245367991474,0.6130612244897959
4,sider,SIDER18,te,509,1366,19,118,6.2105263157894735,59,59,8,11,0.5789473684210527,0.5,0.5109489051094891,0.05458446284735215,0.41617967752490365,0.60950044603033
5,sider,SIDER18,tr,509,1366,196,910,4.642857142857143,723,187,39,157,0.8010204081632653,0.7945054945054945,0.7956600361663653,0.49123882166036964,0.6484163398967165,0.8792246019286836
5,sider,SIDER18,va,509,1366,29,94,3.2413793103448274,72,22,17,12,0.41379310344827586,0.7659574468085106,0.6829268292682927,0.1706077252375037,0.3203289954966691,0.6557226705796038
5,sider,SIDER18,te,509,1366,24,113,4.708333333333333,74,39,17,7,0.2916666666666667,0.6548672566371682,0.5912408759124088,-0.043035172453130696,0.16262465020286068,0.5031342182890856
6,sider,SIDER18,tr,509,1366,201,905,4.502487562189055,760,145,32,169,0.8407960199004975,0.8397790055248618,0.8399638336347197,0.5820642305861718,0.7697736167395999,0.9297820290811138
6,sider,SIDER18,va,509,1366,21,102,4.857142857142857,70,32,13,8,0.38095238095238093,0.6862745098039216,0.6341463414634146,0.05399875129331431,0.24294423006119065,0.6568627450980393
6,sider,SIDER18,te,509,1366,27,110,4.074074074074074,74,36,17,10,0.37037037037037035,0.6727272727272727,0.6131386861313869,0.036302132115148066,0.21620755728269925,0.541077441077441
7,sider,SIDER18,tr,509,1366,199,907,4.557788944723618,805,102,13,186,0.9346733668341709,0.8875413450937155,0.8960216998191681,0.7196851298628374,0.9081489096909509,0.9767581014222158
7,sider,SIDER18,va,509,1366,25,98,3.92,79,19,15,10,0.4,0.8061224489795918,0.7235772357723578,0.19540938152598747,0.3216278987238846,0.6351020408163265
7,sider,SIDER18,te,509,1366,25,112,4.48,82,30,16,9,0.36,0.7321428571428571,0.6642335766423357,0.07886700504843963,0.2620941035809674,0.6003571428571428
8,sider,SIDER18,tr,509,1366,208,898,4.3173076923076925,563,335,31,177,0.8509615384615384,0.6269487750556793,0.6690777576853526,0.37453122902395103,0.4639657155943752,0.7932049854377248
8,sider,SIDER18,va,509,1366,15,108,7.2,70,38,5,10,0.6666666666666666,0.6481481481481481,0.6504065040650406,0.21118419787497994,0.28470669272589366,0.6975308641975309
8,sider,SIDER18,te,509,1366,26,111,4.269230769230769,64,47,15,11,0.4230769230769231,0.5765765765765766,0.5474452554744526,-0.00027499468131055455,0.24444720416237675,0.5599445599445599
9,sider,SIDER18,tr,509,1366,195,911,4.671794871794872,817,94,11,184,0.9435897435897436,0.8968166849615807,0.9050632911392406,0.7382922228958851,0.8990485015326276,0.9735089645078668
9,sider,SIDER18,va,509,1366,26,97,3.730769230769231,84,13,19,7,0.2692307692307692,0.865979381443299,0.7398373983739838,0.14960573002475988,0.2587497127496866,0.5610626486915147
9,sider,SIDER18,te,509,1366,28,109,3.892857142857143,89,20,21,7,0.25,0.8165137614678899,0.7007299270072993,0.06742571315109104,0.32449150833595564,0.6870904325032765
10,sider,SIDER18,tr,509,1366,206,900,4.368932038834951,850,50,1,205,0.9951456310679612,0.9444444444444444,0.953887884267631,0.8684771880863684,0.9845910655381206,0.9968392664509169
10,sider,SIDER18,va,509,1366,16,107,6.6875,92,15,8,8,0.5,0.8598130841121495,0.8130081300813008,0.3104308785438629,0.33508993647026397,0.816588785046729
10,sider,SIDER18,te,509,1366,27,110,4.074074074074074,94,16,18,9,0.3333333333333333,0.8545454545454545,0.7518248175182481,0.19349821301903128,0.33809529690554124,0.6535353535353535
11,sider,SIDER18,tr,509,1366,204,902,4.421568627450981,786,116,9,195,0.9558823529411765,0.8713968957871396,0.8869801084990958,0.7136852553339124,0.9106950542084513,0.976419503499848
11,sider,SIDER18,va,509,1366,21,102,4.857142857142857,84,18,12,9,0.42857142857142855,0.8235294117647058,0.7560975609756098,0.22917462425705262,0.31632737709242575,0.6722689075630252
11,sider,SIDER18,te,509,1366,24,113,4.708333333333333,87,26,19,5,0.20833333333333334,0.7699115044247787,0.6715328467153284,-0.019763933752677237,0.19656970622761538,0.5505162241887906
12,sider,SIDER18,tr,509,1366,205,901,4.3951219512195125,876,25,0,205,1.0,0.9722530521642619,0.9773960216998192,0.9308992279410215,0.9980357986101795,0.9995885330662407
12,sider,SIDER18,va,509,1366,23,100,4.3478260869565215,87,13,16,7,0.30434782608695654,0.87,0.7642276422764228,0.18422427006242606,0.40624149235448126,0.7630434782608695
12,sider,SIDER18,te,509,1366,21,116,5.523809523809524,100,16,17,4,0.19047619047619047,0.8620689655172413,0.7591240875912408,0.053612171595920785,0.2296307000488675,0.5476190476190477
13,sider,SIDER18,tr,509,1366,201,905,4.502487562189055,838,67,3,198,0.9850746268656716,0.9259668508287293,0.9367088607594937,0.8230752324672307,0.9663161312008539,0.99195184299497
13,sider,SIDER18,va,509,1366,19,104,5.473684210526316,91,13,10,9,0.47368421052631576,0.875,0.8130081300813008,0.3288165925083995,0.2813783153718391,0.6690283400809717
13,sider,SIDER18,te,509,1366,29,108,3.7241379310344827,85,23,18,11,0.3793103448275862,0.7870370370370371,0.7007299270072993,0.1573145077704973,0.3249229310354853,0.5925925925925926
14,sider,SIDER18,tr,509,1366,207,899,4.342995169082125,474,425,33,174,0.8405797101449275,0.5272525027808677,0.5858951175406871,0.28793694179853163,0.39274306991964353,0.7399740989720193
14,sider,SIDER18,va,509,1366,20,103,5.15,57,46,4,16,0.8,0.5533980582524272,0.5934959349593496,0.2608176676142905,0.25039320508121404,0.7060679611650484
14,sider,SIDER18,te,509,1366,22,115,5.2272727272727275,61,54,10,12,0.5454545454545454,0.5304347826086957,0.5328467153284672,0.055762190527954926,0.24385757678941883,0.5873517786561265
15,sider,SIDER18,tr,509,1366,203,903,4.448275862068965,701,202,16,187,0.9211822660098522,0.7763012181616833,0.8028933092224232,0.5654464007022892,0.7284118978574096,0.920519450763465
15,sider,SIDER18,va,509,1366,21,102,4.857142857142857,66,36,13,8,0.38095238095238093,0.6470588235294118,0.6016260162601627,0.021988805270480676,0.2843231617649979,0.6554621848739496
15,sider,SIDER18,te,509,1366,25,112,4.48,77,35,16,9,0.36,0.6875,0.6277372262773723,0.03929206128668235,0.21324515702990757,0.5203571428571429
1,sider,SIDER19,tr,509,1366,775,331,0.4270967741935484,261,70,211,564,0.727741935483871,0.7885196374622356,0.7459312839059674,0.4779902303607804,0.9257148792091399,0.8372790176396062
1,sider,SIDER19,va,509,1366,85,38,0.4470588235294118,22,16,32,53,0.6235294117647059,0.5789473684210527,0.6097560975609756,0.18851897156864764,0.7600046921466992,0.6258513931888545
1,sider,SIDER19,te,509,1366,103,34,0.3300970873786408,20,14,37,66,0.6407766990291263,0.5882352941176471,0.6277372262773723,0.20069376301712005,0.8515788770788474,0.6544831524842947
2,sider,SIDER19,tr,509,1366,782,324,0.4143222506393862,319,5,56,726,0.928388746803069,0.9845679012345679,0.9448462929475587,0.8777113506622554,0.9966875431285334,0.9913919674149854
2,sider,SIDER19,va,509,1366,87,36,0.41379310344827586,20,16,19,68,0.7816091954022989,0.5555555555555556,0.7154471544715447,0.3296712653021214,0.8503281963886011,0.7100893997445722
2,sider,SIDER19,te,509,1366,94,43,0.4574468085106383,13,30,23,71,0.7553191489361702,0.3023255813953488,0.6131386861313869,0.06077791944070836,0.7927243664425765,0.603414151410193
3,sider,SIDER19,tr,509,1366,787,319,0.40533672172808133,239,80,345,442,0.5616264294790343,0.7492163009404389,0.6157323688969258,0.2820861397923227,0.868569316425147,0.7203678107809904
3,sider,SIDER19,va,509,1366,78,45,0.5769230769230769,33,12,32,46,0.5897435897435898,0.7333333333333333,0.6422764227642277,0.31173733705283563,0.7857573218334839,0.6792022792022792
3,sider,SIDER19,te,509,1366,98,39,0.3979591836734694,27,12,52,46,0.46938775510204084,0.6923076923076923,0.5328467153284672,0.14767792832677334,0.8111182070248697,0.5991627420198848
4,sider,SIDER19,tr,509,1366,789,317,0.4017743979721166,213,104,182,607,0.7693282636248415,0.6719242902208202,0.7414104882459313,0.4164108303931891,0.9090740020233135,0.8071951477931976
4,sider,SIDER19,va,509,1366,87,36,0.41379310344827586,24,12,25,62,0.7126436781609196,0.6666666666666666,0.6991869918699187,0.35252641467462525,0.9143196491227211,0.7962962962962962
4,sider,SIDER19,te,509,1366,87,50,0.5747126436781609,19,31,29,58,0.6666666666666666,0.38,0.5620437956204379,0.047090769523146954,0.6624204810331623,0.5183908045977011
5,sider,SIDER19,tr,509,1366,775,331,0.4270967741935484,270,61,256,519,0.6696774193548387,0.8157099697885196,0.713381555153707,0.44508859704910647,0.9227256903941858,0.8276347334567782
5,sider,SIDER19,va,509,1366,90,33,0.36666666666666664,20,13,30,60,0.6666666666666666,0.6060606060606061,0.6504065040650406,0.24601430569223068,0.8497694111962378,0.6984848484848485
5,sider,SIDER19,te,509,1366,98,39,0.3979591836734694,25,14,39,59,0.6020408163265306,0.6410256410256411,0.6131386861313869,0.21984619608158484,0.8067501683635369,0.6428571428571428
6,sider,SIDER19,tr,509,1366,791,315,0.39823008849557523,300,15,89,702,0.8874841972187105,0.9523809523809523,0.9059674502712477,0.7938139024156845,0.9907715121289775,0.9757229145345454
6,sider,SIDER19,va,509,1366,81,42,0.5185185185185185,28,14,17,64,0.7901234567901234,0.6666666666666666,0.7479674796747967,0.44970767708544546,0.8529732402894653,0.7968841857730746
6,sider,SIDER19,te,509,1366,91,46,0.5054945054945055,21,25,27,64,0.7032967032967034,0.45652173913043476,0.6204379562043796,0.1582016044652311,0.7792294773549051,0.6249402771141901
7,sider,SIDER19,tr,509,1366,772,334,0.4326424870466321,329,5,47,725,0.939119170984456,0.9850299401197605,0.9529837251356239,0.8957123889865366,0.9973869677397967,0.9932479600384723
7,sider,SIDER19,va,509,1366,88,35,0.3977272727272727,18,17,18,70,0.7954545454545454,0.5142857142857142,0.7154471544715447,0.30715821830175555,0.8565966873045711,0.7295454545454546
7,sider,SIDER19,te,509,1366,103,34,0.3300970873786408,14,20,24,79,0.7669902912621359,0.4117647058823529,0.6788321167883211,0.1724673406064962,0.8686672587759002,0.6830382638492289
8,sider,SIDER19,tr,509,1366,790,316,0.4,216,100,232,558,0.7063291139240506,0.6835443037974683,0.6998191681735986,0.3587804401793932,0.8812205418782976,0.7546126422047748
8,sider,SIDER19,va,509,1366,81,42,0.5185185185185185,22,20,24,57,0.7037037037037037,0.5238095238095238,0.6422764227642277,0.22297158836819272,0.7784453601345636,0.6466784244562023
8,sider,SIDER19,te,509,1366,92,45,0.4891304347826087,21,24,30,62,0.6739130434782609,0.4666666666666667,0.6058394160583942,0.13658043777812187,0.7763575333824679,0.6123188405797101
9,sider,SIDER19,tr,509,1366,789,317,0.4017743979721166,317,0,25,764,0.9683143219264893,1.0,0.9773960216998192,0.9473811858271982,0.9995738865973377,0.9988685114328324
9,sider,SIDER19,va,509,1366,82,41,0.5,24,17,21,61,0.7439024390243902,0.5853658536585366,0.6910569105691057,0.32225169331774467,0.8109558102861786,0.6975014872099939
9,sider,SIDER19,te,509,1366,92,45,0.4891304347826087,19,26,22,70,0.7608695652173914,0.4222222222222222,0.6496350364963503,0.1877766082165176,0.8092050456119043,0.668599033816425
10,sider,SIDER19,tr,509,1366,772,334,0.4326424870466321,270,64,236,536,0.694300518134715,0.8083832335329342,0.72875226039783,0.4632611144895887,0.9138495739233596,0.8179780335701655
10,sider,SIDER19,va,509,1366,91,32,0.3516483516483517,25,7,40,51,0.5604395604395604,0.78125,0.6178861788617886,0.30030095984205407,0.8693046549869067,0.7261332417582418
10,sider,SIDER19,te,509,1366,100,37,0.37,19,18,34,66,0.66,0.5135135135135135,0.6204379562043796,0.15818182731650496,0.8338529425139929,0.6681081081081081
11,sider,SIDER19,tr,509,1366,777,329,0.42342342342342343,312,17,110,667,0.8584298584298584,0.9483282674772037,0.8851717902350814,0.7592198083336562,0.9850869163303074,0.9624618104861266
11,sider,SIDER19,va,509,1366,88,35,0.3977272727272727,24,11,29,59,0.6704545454545454,0.6857142857142857,0.6747967479674797,0.32452212754255444,0.8421573108390145,0.712987012987013
11,sider,SIDER19,te,509,1366,98,39,0.3979591836734694,15,24,26,72,0.7346938775510204,0.38461538461538464,0.635036496350365,0.11756876506657124,0.8510460387387013,0.6588173731030873
12,sider,SIDER19,tr,509,1366,788,318,0.4035532994923858,246,72,189,599,0.7601522842639594,0.7735849056603774,0.7640144665461122,0.494536379398323,0.9349726909304841,0.8502218816843854
12,sider,SIDER19,va,509,1366,82,41,0.5,25,16,20,62,0.7560975609756098,0.6097560975609756,0.7073170731707317,0.3580574370197163,0.8196044312209261,0.7147531231409874
12,sider,SIDER19,te,509,1366,93,44,0.4731182795698925,20,24,33,60,0.6451612903225806,0.45454545454545453,0.583941605839416,0.09559050869091339,0.7708413085080956,0.6197458455522972
13,sider,SIDER19,tr,509,1366,781,325,0.41613316261203587,301,24,120,661,0.8463508322663252,0.9261538461538461,0.8698010849909584,0.7247395834399111,0.9803778720283,0.9513562493844184
13,sider,SIDER19,va,509,1366,83,40,0.4819277108433735,26,14,21,62,0.7469879518072289,0.65,0.7154471544715447,0.3827283589903622,0.8282307647680806,0.7096385542168674
13,sider,SIDER19,te,509,1366,99,38,0.3838383838383838,16,22,41,58,0.5858585858585859,0.42105263157894735,0.5401459854014599,0.0062774249765976675,0.7850712358755685,0.5356193514088251
14,sider,SIDER19,tr,509,1366,796,310,0.38944723618090454,258,52,123,673,0.8454773869346733,0.832258064516129,0.8417721518987342,0.6405692594275472,0.9727936536993157,0.9274234073593776
14,sider,SIDER19,va,509,1366,77,46,0.5974025974025974,22,24,20,57,0.7402597402597403,0.4782608695652174,0.6422764227642277,0.22297158836819272,0.8213610773202501,0.7193675889328064
14,sider,SIDER19,te,509,1366,90,47,0.5222222222222223,21,26,29,61,0.6777777777777778,0.44680851063829785,0.5985401459854015,0.1228558392600546,0.7566493277403852,0.5936170212765957
15,sider,SIDER19,tr,509,1366,782,324,0.4143222506393862,268,56,167,615,0.7864450127877238,0.8271604938271605,0.798372513562387,0.5716882174736453,0.9537988566623621,0.8895716901897635
15,sider,SIDER19,va,509,1366,80,43,0.5375,26,17,22,58,0.725,0.6046511627906976,0.6829268292682927,0.3222423253997986,0.8551331411015839,0.7569767441860465
15,sider,SIDER19,te,509,1366,101,36,0.3564356435643564,25,11,28,73,0.7227722772277227,0.6944444444444444,0.7153284671532847,0.3770475001048043,0.917783040962517,0.7879537953795379
1,sider,SIDER20,tr,509,1366,818,288,0.35207823960880197,240,48,364,454,0.5550122249388753,0.8333333333333334,0.6274864376130199,0.34231104325036266,0.9063477129552562,0.7843444376528118
1,sider,SIDER20,va,509,1366,95,28,0.29473684210526313,20,8,48,47,0.49473684210526314,0.7142857142857143,0.5447154471544715,0.17627802341284007,0.8503060529356555,0.6383458646616541
1,sider,SIDER20,te,509,1366,108,29,0.26851851851851855,19,10,54,54,0.5,0.6551724137931034,0.5328467153284672,0.12704979701327657,0.8409774150919948,0.5488505747126435
2,sider,SIDER20,tr,509,1366,829,277,0.3341375150784077,270,7,42,787,0.9493365500603136,0.9747292418772563,0.9556962025316456,0.8896772696873926,0.997753535224468,0.9929801030339717
2,sider,SIDER20,va,509,1366,91,32,0.3516483516483517,10,22,16,75,0.8241758241758241,0.3125,0.6910569105691057,0.1468638285905902,0.828661085825298,0.6383928571428571
2,sider,SIDER20,te,509,1366,101,36,0.3564356435643564,18,18,17,84,0.8316831683168316,0.5,0.7445255474452555,0.33473510618659813,0.8639361451536214,0.701045104510451
3,sider,SIDER20,tr,509,1366,833,273,0.3277310924369748,273,0,2,831,0.9975990396158463,1.0,0.9981916817359855,0.9951601749834976,1.0,1.0
3,sider,SIDER20,va,509,1366,85,38,0.4470588235294118,10,28,9,76,0.8941176470588236,0.2631578947368421,0.6991869918699187,0.20108004835451493,0.8078136036615992,0.6526315789473685
3,sider,SIDER20,te,509,1366,103,34,0.3300970873786408,13,21,16,87,0.8446601941747572,0.38235294117647056,0.7299270072992701,0.24004804928511586,0.8678028039591607,0.7204454597372929
4,sider,SIDER20,tr,509,1366,836,270,0.3229665071770335,239,31,73,763,0.9126794258373205,0.8851851851851852,0.9059674502712477,0.7615995435878288,0.9897952838985646,0.9672647527910687
4,sider,SIDER20,va,509,1366,86,37,0.43023255813953487,17,20,19,67,0.7790697674418605,0.4594594594594595,0.6829268292682927,0.24042565702832908,0.7978303350212251,0.6665619107479573
4,sider,SIDER20,te,509,1366,99,38,0.3838383838383838,7,31,14,85,0.8585858585858586,0.18421052631578946,0.6715328467153284,0.05318361310845513,0.7246224042398969,0.5587453482190324
5,sider,SIDER20,tr,509,1366,825,281,0.3406060606060606,281,0,22,803,0.9733333333333334,1.0,0.9801084990958409,0.9500853994387151,0.9999048331416777,0.9997196160897228
5,sider,SIDER20,va,509,1366,100,23,0.23,9,14,21,79,0.79,0.391304347826087,0.7154471544715447,0.16461523841398318,0.8906421522711818,0.6586956521739131
5,sider,SIDER20,te,509,1366,96,41,0.4270833333333333,10,31,13,83,0.8645833333333334,0.24390243902439024,0.6788321167883211,0.13291805771756365,0.8032573941832872,0.6432926829268293
6,sider,SIDER20,tr,509,1366,834,272,0.3261390887290168,261,11,43,791,0.9484412470023981,0.9595588235294118,0.9511754068716094,0.8758492928152096,0.9977441437108088,0.9929159613485683
6,sider,SIDER20,va,509,1366,88,35,0.3977272727272727,18,17,12,76,0.8636363636363636,0.5142857142857142,0.7642276422764228,0.3970777208310655,0.8804407339831285,0.756818181818182
6,sider,SIDER20,te,509,1366,99,38,0.3838383838383838,13,25,15,84,0.8484848484848485,0.34210526315789475,0.708029197080292,0.2116008926290664,0.8409158059904791,0.6751727804359383
7,sider,SIDER20,tr,509,1366,821,285,0.3471376370280146,273,12,51,770,0.9378806333739342,0.9578947368421052,0.9430379746835443,0.8608297032290817,0.9958420546255109,0.9872214030813941
7,sider,SIDER20,va,509,1366,90,33,0.36666666666666664,18,15,16,74,0.8222222222222222,0.5454545454545454,0.7479674796747967,0.364258715564704,0.8523158900045454,0.7202020202020203
7,sider,SIDER20,te,509,1366,110,27,0.24545454545454545,10,17,19,91,0.8272727272727273,0.37037037037037035,0.7372262773722628,0.19246377502988507,0.8845889443234574,0.6703703703703704
8,sider,SIDER20,tr,509,1366,822,284,0.34549878345498786,284,0,9,813,0.9890510948905109,1.0,0.9918625678119349,0.9791172993224257,0.9999764430004862,0.9999314622528358
8,sider,SIDER20,va,509,1366,96,27,0.28125,8,19,9,87,0.90625,0.2962962962962963,0.7723577235772358,0.2429206371129886,0.8863509834958464,0.6809413580246914
8,sider,SIDER20,te,509,1366,103,34,0.3300970873786408,11,23,7,96,0.9320388349514563,0.3235294117647059,0.781021897810219,0.32677982148914364,0.8351502169390198,0.6850371216447744
9,sider,SIDER20,tr,509,1366,835,271,0.32455089820359284,223,48,82,753,0.9017964071856287,0.8228782287822878,0.8824593128390597,0.69743665137941,0.9819778092992784,0.9443599885100649
9,sider,SIDER20,va,509,1366,87,36,0.41379310344827586,13,23,17,70,0.8045977011494253,0.3611111111111111,0.6747967479674797,0.17557164552065613,0.8506772782970453,0.6979565772669222
9,sider,SIDER20,te,509,1366,99,38,0.3838383838383838,13,25,29,70,0.7070707070707071,0.34210526315789475,0.6058394160583942,0.047750275865022986,0.7745777938755427,0.5619351408825093
10,sider,SIDER20,tr,509,1366,821,285,0.3471376370280146,242,43,201,620,0.7551766138855055,0.8491228070175438,0.779385171790235,0.539370959007168,0.9611301880378232,0.8981558646921811
10,sider,SIDER20,va,509,1366,97,26,0.26804123711340205,15,11,36,61,0.6288659793814433,0.5769230769230769,0.6178861788617886,0.17054676284688206,0.8987052208840478,0.6994448850118953
10,sider,SIDER20,te,509,1366,103,34,0.3300970873786408,21,13,37,66,0.6407766990291263,0.6176470588235294,0.635036496350365,0.22592431069583913,0.8419040954164717,0.6470588235294117
11,sider,SIDER20,tr,509,1366,821,285,0.3471376370280146,260,25,146,675,0.8221680876979294,0.9122807017543859,0.8453887884267631,0.6664130470564429,0.9783783353964608,0.9418979849135629
11,sider,SIDER20,va,509,1366,95,28,0.29473684210526313,19,9,30,65,0.6842105263157895,0.6785714285714286,0.6829268292682927,0.31072242321308985,0.8898506093238249,0.699436090225564
11,sider,SIDER20,te,509,1366,105,32,0.3047619047619048,16,16,37,68,0.6476190476190476,0.5,0.6131386861313869,0.12824323357766806,0.8059470311372073,0.5680059523809523
12,sider,SIDER20,tr,509,1366,829,277,0.3341375150784077,277,0,3,826,0.9963811821471653,1.0,0.9972875226039783,0.9928271095620338,1.0,1.0
12,sider,SIDER20,va,509,1366,93,30,0.3225806451612903,14,16,12,81,0.8709677419354839,0.4666666666666667,0.7723577235772358,0.3551209223765978,0.8657593621907692,0.7537634408602151
12,sider,SIDER20,te,509,1366,99,38,0.3838383838383838,8,30,20,79,0.797979797979798,0.21052631578947367,0.635036496350365,0.009443833422775627,0.7338150148290464,0.5396065922381712
13,sider,SIDER20,tr,509,1366,819,287,0.3504273504273504,287,0,1,818,0.9987789987789988,1.0,0.9990958408679927,0.9976527532886127,1.0,1.0
13,sider,SIDER20,va,509,1366,96,27,0.28125,12,15,16,80,0.8333333333333334,0.4444444444444444,0.7479674796747967,0.27420424855354064,0.8941164979525168,0.7075617283950617
13,sider,SIDER20,te,509,1366,106,31,0.29245283018867924,10,21,13,93,0.8773584905660378,0.3225806451612903,0.7518248175182481,0.2238284289102404,0.8372825102136136,0.6384662203286671
14,sider,SIDER20,tr,509,1366,831,275,0.3309265944645006,268,7,40,791,0.9518652226233454,0.9745454545454545,0.9575045207956601,0.8932923333170187,0.9977017753361626,0.9927053932830107
14,sider,SIDER20,va,509,1366,96,27,0.28125,14,13,20,76,0.7916666666666666,0.5185185185185185,0.7317073170731707,0.28708076067372545,0.8646232436118392,0.7060185185185185
14,sider,SIDER20,te,509,1366,94,43,0.4574468085106383,10,33,16,78,0.8297872340425532,0.23255813953488372,0.6423357664233577,0.07378264547922773,0.6987855371396826,0.516328550222662
15,sider,SIDER20,tr,509,1366,839,267,0.3182359952324195,266,1,18,821,0.9785458879618594,0.9962546816479401,0.9828209764918626,0.954898709887811,0.99990981403692,0.9997143022949561
15,sider,SIDER20,va,509,1366,87,36,0.41379310344827586,6,30,11,76,0.8735632183908046,0.16666666666666666,0.6666666666666666,0.05303740600520567,0.8171417562563508,0.6219667943805876
15,sider,SIDER20,te,509,1366,95,42,0.4421052631578947,16,26,15,80,0.8421052631578947,0.38095238095238093,0.7007299270072993,0.24579315218993544,0.7919985971622452,0.6576441102756893
1,sider,SIDER21,tr,509,1366,776,330,0.4252577319587629,303,27,110,666,0.8582474226804123,0.9181818181818182,0.8761301989150091,0.7344260456903892,0.9820707931749504,0.9590909090909091
1,sider,SIDER21,va,509,1366,90,33,0.36666666666666664,15,18,28,62,0.6888888888888889,0.45454545454545453,0.6260162601626016,0.13327606240064427,0.79508611646843,0.5888888888888889
1,sider,SIDER21,te,509,1366,116,21,0.1810344827586207,12,9,39,77,0.6637931034482759,0.5714285714285714,0.6496350364963503,0.1752998991790172,0.931648910102727,0.6970443349753694
2,sider,SIDER21,tr,509,1366,798,308,0.38596491228070173,308,0,6,792,0.9924812030075187,1.0,0.9945750452079566,0.9866694451703939,0.9999827819853235,0.9999552452559971
2,sider,SIDER21,va,509,1366,92,31,0.33695652173913043,12,19,20,72,0.782608695652174,0.3870967741935484,0.6829268292682927,0.1679480306659695,0.8355928611117173,0.6623422159887797
2,sider,SIDER21,te,509,1366,92,45,0.4891304347826087,21,24,17,75,0.8152173913043478,0.4666666666666667,0.7007299270072993,0.2957067852307735,0.8235749089794742,0.7236714975845411
3,sider,SIDER21,tr,509,1366,800,306,0.3825,306,0,0,800,1.0,1.0,1.0,1.0,1.0,1.0
3,sider,SIDER21,va,509,1366,85,38,0.4470588235294118,10,28,18,67,0.788235294117647,0.2631578947368421,0.6260162601626016,0.05663253584718907,0.8067667912895331,0.6402476780185758
3,sider,SIDER21,te,509,1366,97,40,0.41237113402061853,16,24,13,84,0.865979381443299,0.4,0.7299270072992701,0.2960417465909358,0.8542584207136328,0.7322164948453609
4,sider,SIDER21,tr,509,1366,796,310,0.38944723618090454,310,0,0,796,1.0,1.0,1.0,1.0,1.0,1.0
4,sider,SIDER21,va,509,1366,88,35,0.3977272727272727,16,19,14,74,0.8409090909090909,0.45714285714285713,0.7317073170731707,0.31315923343893315,0.8201449780206155,0.7146103896103896
4,sider,SIDER21,te,509,1366,98,39,0.3979591836734694,11,28,13,85,0.8673469387755102,0.28205128205128205,0.7007299270072993,0.17735601590062414,0.8423899244213449,0.6614338042909471
5,sider,SIDER21,tr,509,1366,785,321,0.4089171974522293,309,12,65,720,0.9171974522292994,0.9626168224299065,0.930379746835443,0.8440866020891807,0.9949686577701389,0.9870111316149771
5,sider,SIDER21,va,509,1366,87,36,0.41379310344827586,16,20,17,70,0.8045977011494253,0.4444444444444444,0.6991869918699187,0.25574402814874,0.829778106784535,0.6925287356321839
5,sider,SIDER21,te,509,1366,110,27,0.24545454545454545,8,19,35,75,0.6818181818181818,0.2962962962962963,0.6058394160583942,-0.018760178979124326,0.8471980957193548,0.5380471380471381
6,sider,SIDER21,tr,509,1366,807,299,0.3705080545229244,283,16,32,775,0.9603469640644362,0.9464882943143813,0.9566003616636528,0.8923952301817055,0.9958843121016275,0.989288955750892
6,sider,SIDER21,va,509,1366,84,39,0.4642857142857143,16,23,16,68,0.8095238095238095,0.41025641025641024,0.6829268292682927,0.2331121256658947,0.8215963859854273,0.7158119658119658
6,sider,SIDER21,te,509,1366,91,46,0.5054945054945055,14,32,18,73,0.8021978021978022,0.30434782608695654,0.635036496350365,0.11892293199574668,0.7368285571096043,0.5953177257525083
7,sider,SIDER21,tr,509,1366,795,311,0.39119496855345914,311,0,0,795,1.0,1.0,1.0,1.0,1.0,1.0
7,sider,SIDER21,va,509,1366,83,40,0.4819277108433735,13,27,11,72,0.8674698795180723,0.325,0.6910569105691057,0.2275142473542667,0.8084546237927381,0.6933734939759036
7,sider,SIDER21,te,509,1366,104,33,0.3173076923076923,11,22,18,86,0.8269230769230769,0.3333333333333333,0.708029197080292,0.1677560428828097,0.8835622624642353,0.6745337995337995
8,sider,SIDER21,tr,509,1366,793,313,0.39470365699873894,313,0,0,793,1.0,1.0,1.0,1.0,1.0,1.0
8,sider,SIDER21,va,509,1366,83,40,0.4819277108433735,12,28,7,76,0.9156626506024096,0.3,0.7154471544715447,0.2795442157121481,0.8786965644482504,0.7686746987951807
8,sider,SIDER21,te,509,1366,106,31,0.29245283018867924,8,23,4,102,0.9622641509433962,0.25806451612903225,0.8029197080291971,0.3261062760925625,0.8583797417801091,0.6795496043822277
9,sider,SIDER21,tr,509,1366,801,305,0.3807740324594257,305,0,0,801,1.0,1.0,1.0,1.0,1.0,1.0
9,sider,SIDER21,va,509,1366,84,39,0.4642857142857143,14,25,9,75,0.8928571428571429,0.358974358974359,0.7235772357723578,0.300550935429232,0.8785146988865254,0.7637362637362637
9,sider,SIDER21,te,509,1366,97,40,0.41237113402061853,8,32,9,88,0.9072164948453608,0.2,0.7007299270072993,0.14786397739680535,0.7574369868239539,0.5742268041237113
10,sider,SIDER21,tr,509,1366,788,318,0.4035532994923858,316,2,28,760,0.9644670050761421,0.9937106918238994,0.972875226039783,0.9368412816060294,0.999062918880875,0.9976016026561951
10,sider,SIDER21,va,509,1366,91,32,0.3516483516483517,10,22,17,74,0.8131868131868132,0.3125,0.6829268292682927,0.13321953133341036,0.7932664603030333,0.6195054945054945
10,sider,SIDER21,te,509,1366,103,34,0.3300970873786408,16,18,22,81,0.7864077669902912,0.47058823529411764,0.708029197080292,0.24795624048857282,0.8719752483143607,0.6973158195316961
11,sider,SIDER21,tr,509,1366,797,309,0.3877038895859473,309,0,9,788,0.9887076537013801,1.0,0.9918625678119349,0.9801659867672884,0.9999812047571339,0.9999512735866295
11,sider,SIDER21,va,509,1366,87,36,0.41379310344827586,12,24,20,67,0.7701149425287356,0.3333333333333333,0.6422764227642277,0.10728486231736266,0.8500728138164296,0.6701787994891443
11,sider,SIDER21,te,509,1366,98,39,0.3979591836734694,12,27,13,85,0.8673469387755102,0.3076923076923077,0.708029197080292,0.20450397820700042,0.7811617164866964,0.6106750392464679
12,sider,SIDER21,tr,509,1366,803,303,0.37733499377334995,303,0,0,803,1.0,1.0,1.0,1.0,1.0,1.0
12,sider,SIDER21,va,509,1366,89,34,0.38202247191011235,13,21,12,77,0.8651685393258427,0.38235294117647056,0.7317073170731707,0.27508335575004733,0.8521303126067525,0.7085261070720423
12,sider,SIDER21,te,509,1366,90,47,0.5222222222222223,15,32,17,73,0.8111111111111111,0.3191489361702128,0.6423357664233577,0.14615436031568993,0.7469381562210224,0.6089834515366429
13,sider,SIDER21,tr,509,1366,785,321,0.4089171974522293,321,0,1,784,0.9987261146496815,1.0,0.9990958408679927,0.9978098419805519,1.0,1.0
13,sider,SIDER21,va,509,1366,100,23,0.23,10,13,24,76,0.76,0.43478260869565216,0.6991869918699187,0.16981640167003104,0.8906532396609905,0.6808695652173913
13,sider,SIDER21,te,509,1366,97,40,0.41237113402061853,15,25,11,86,0.8865979381443299,0.375,0.7372262773722628,0.3033206766014283,0.8350774937111984,0.6997422680412371
14,sider,SIDER21,tr,509,1366,804,302,0.3756218905472637,302,0,0,804,1.0,1.0,1.0,1.0,1.0,1.0
14,sider,SIDER21,va,509,1366,85,38,0.4470588235294118,16,22,7,78,0.9176470588235294,0.42105263157894735,0.7642276422764228,0.4013766859741764,0.8498775544301638,0.7743034055727555
14,sider,SIDER21,te,509,1366,93,44,0.4731182795698925,16,28,14,79,0.8494623655913979,0.36363636363636365,0.6934306569343066,0.24060029539749261,0.8306549990467257,0.6898826979472141
15,sider,SIDER21,tr,509,1366,793,313,0.39470365699873894,313,0,7,786,0.9911727616645649,1.0,0.9936708860759493,0.9846272683117976,1.0,1.0
15,sider,SIDER21,va,509,1366,88,35,0.3977272727272727,19,16,18,70,0.7954545454545454,0.5428571428571428,0.7235772357723578,0.33284518063851587,0.8435736712622549,0.7152597402597403
15,sider,SIDER21,te,509,1366,101,36,0.3564356435643564,16,20,19,82,0.8118811881188119,0.4444444444444444,0.7153284671532847,0.2586841782470228,0.862778014978584,0.7466996699669967
1,sider,SIDER22,tr,509,1366,705,401,0.5687943262411348,401,0,0,705,1.0,1.0,1.0,1.0,1.0,1.0
1,sider,SIDER22,va,509,1366,72,51,0.7083333333333334,21,30,14,58,0.8055555555555556,0.4117647058823529,0.6422764227642277,0.23728823000692997,0.803380838581367,0.727668845315904
1,sider,SIDER22,te,509,1366,104,33,0.3173076923076923,12,21,21,83,0.7980769230769231,0.36363636363636365,0.6934306569343066,0.16171328671328664,0.7986384718409123,0.5754662004662005
2,sider,SIDER22,tr,509,1366,715,391,0.5468531468531469,391,0,6,709,0.9916083916083916,1.0,0.9945750452079566,0.9882418058340728,0.9999922137671488,0.9999856920573034
2,sider,SIDER22,va,509,1366,75,48,0.64,24,24,8,67,0.8933333333333333,0.5,0.7398373983739838,0.4373370968300495,0.8590591202250585,0.7922222222222223
2,sider,SIDER22,te,509,1366,91,46,0.5054945054945055,17,29,23,68,0.7472527472527473,0.3695652173913043,0.6204379562043796,0.1213370366866278,0.755580170244071,0.6251791686574295
3,sider,SIDER22,tr,509,1366,719,387,0.5382475660639777,359,28,59,660,0.9179415855354659,0.9276485788113695,0.9213381555153707,0.8317589647904022,0.9904717942992906,0.9808627400243664
3,sider,SIDER22,va,509,1366,72,51,0.7083333333333334,24,27,20,52,0.7222222222222222,0.47058823529411764,0.6178861788617886,0.19817188370078925,0.7290791874545945,0.662309368191721
3,sider,SIDER22,te,509,1366,90,47,0.5222222222222223,24,23,29,61,0.6777777777777778,0.5106382978723404,0.6204379562043796,0.18365829993503663,0.7636621555390066,0.6177304964539008
4,sider,SIDER22,tr,509,1366,725,381,0.5255172413793103,357,24,52,673,0.9282758620689655,0.937007874015748,0.9312839059674503,0.851749699152188,0.9928106920030494,0.9854828491266179
4,sider,SIDER22,va,509,1366,79,44,0.5569620253164557,25,19,20,59,0.7468354430379747,0.5681818181818182,0.6829268292682927,0.313487823814066,0.7755796981832884,0.6864211737629459
4,sider,SIDER22,te,509,1366,77,60,0.7792207792207793,30,30,16,61,0.7922077922077922,0.5,0.6642335766423357,0.30698218201806005,0.7310499267821218,0.6935064935064935
5,sider,SIDER22,tr,509,1366,711,395,0.5555555555555556,328,67,163,548,0.770745428973277,0.830379746835443,0.7920433996383364,0.579722239614161,0.9270571498620207,0.8801919208104114
5,sider,SIDER22,va,509,1366,76,47,0.618421052631579,30,17,28,48,0.631578947368421,0.6382978723404256,0.6341463414634146,0.26269429045669895,0.7722821550145524,0.6990481522956327
5,sider,SIDER22,te,509,1366,94,43,0.4574468085106383,28,15,38,56,0.5957446808510638,0.6511627906976745,0.6131386861313869,0.22931435621479493,0.7676792790313981,0.6254329539831767
6,sider,SIDER22,tr,509,1366,720,386,0.5361111111111111,385,1,15,705,0.9791666666666666,0.9974093264248705,0.9855334538878843,0.9687988136015361,0.9997630528777622,0.9995502302820956
6,sider,SIDER22,va,509,1366,79,44,0.5569620253164557,25,19,17,62,0.7848101265822784,0.5681818181818182,0.7073170731707317,0.35681041632742316,0.8048128042186383,0.7143268124280783
6,sider,SIDER22,te,509,1366,82,55,0.6707317073170732,23,32,23,59,0.7195121951219512,0.41818181818181815,0.5985401459854015,0.1429235244519529,0.7355226948947047,0.6219512195121952
7,sider,SIDER22,tr,509,1366,701,405,0.5777460770328102,405,0,5,696,0.992867332382311,1.0,0.9954792043399638,0.9903328703938524,1.0,1.0
7,sider,SIDER22,va,509,1366,86,37,0.43023255813953487,19,18,17,69,0.8023255813953488,0.5135135135135135,0.7154471544715447,0.31835017827861756,0.8484129276712298,0.7193588937774984
7,sider,SIDER22,te,509,1366,94,43,0.4574468085106383,23,20,25,69,0.7340425531914894,0.5348837209302325,0.6715328467153284,0.26158676526315455,0.8055971129989457,0.6759030183077686
8,sider,SIDER22,tr,509,1366,699,407,0.5822603719599427,360,47,324,375,0.5364806866952789,0.8845208845208845,0.6645569620253164,0.4179604930356578,0.87183469687353,0.8094469811208008
8,sider,SIDER22,va,509,1366,83,40,0.4819277108433735,29,11,37,46,0.5542168674698795,0.725,0.6097560975609756,0.2623018155916455,0.8216379492980408,0.6921686746987952
8,sider,SIDER22,te,509,1366,99,38,0.3838383838383838,25,13,52,47,0.47474747474747475,0.6578947368421053,0.5255474452554745,0.1196933885771933,0.7893835541722714,0.5952950558213717
9,sider,SIDER22,tr,509,1366,718,388,0.5403899721448467,324,64,80,638,0.8885793871866295,0.8350515463917526,0.8698010849909584,0.717192880946207,0.9618128951650011,0.9334868477730236
9,sider,SIDER22,va,509,1366,76,47,0.618421052631579,22,25,23,53,0.6973684210526315,0.46808510638297873,0.6097560975609756,0.16690840137201005,0.7061629666431406,0.6182810750279956
9,sider,SIDER22,te,509,1366,87,50,0.5747126436781609,21,29,24,63,0.7241379310344828,0.42,0.6131386861313869,0.14774838478777455,0.7081182427881382,0.5918390804597701
10,sider,SIDER22,tr,509,1366,715,391,0.5468531468531469,389,2,15,700,0.9790209790209791,0.9948849104859335,0.984629294755877,0.9669391690886707,0.9998154961018417,0.9996637633466278
10,sider,SIDER22,va,509,1366,80,43,0.5375,20,23,25,55,0.6875,0.46511627906976744,0.6097560975609756,0.151086800311556,0.7726319596463675,0.6261627906976744
10,sider,SIDER22,te,509,1366,86,51,0.5930232558139535,22,29,17,69,0.8023255813953488,0.43137254901960786,0.6642335766423357,0.25034804850173387,0.733153120497887,0.6206110351117191
11,sider,SIDER22,tr,509,1366,717,389,0.5425383542538355,388,1,22,695,0.9693165969316597,0.9974293059125964,0.9792043399638336,0.9557629045499535,0.9995813439782395,0.9991538580130723
11,sider,SIDER22,va,509,1366,72,51,0.7083333333333334,22,29,18,54,0.75,0.43137254901960786,0.6178861788617886,0.19074530236842036,0.7455195931720481,0.6797385620915033
11,sider,SIDER22,te,509,1366,92,45,0.4891304347826087,18,27,21,71,0.7717391304347826,0.4,0.6496350364963503,0.1787409610915574,0.7911185959622555,0.6579710144927536
12,sider,SIDER22,tr,509,1366,722,384,0.5318559556786704,383,1,17,705,0.9764542936288089,0.9973958333333334,0.9837251356238698,0.964925958533386,0.9994901551123726,0.9989792532317636
12,sider,SIDER22,va,509,1366,75,48,0.64,21,27,17,58,0.7733333333333333,0.4375,0.6422764227642277,0.22258160224835,0.813682539174943,0.7255555555555555
12,sider,SIDER22,te,509,1366,84,53,0.6309523809523809,23,30,22,62,0.7380952380952381,0.4339622641509434,0.6204379562043796,0.17842307556439746,0.689405552995289,0.6197214734950584
13,sider,SIDER22,tr,509,1366,705,401,0.5687943262411348,400,1,32,673,0.9546099290780142,0.9975062344139651,0.9701627486437613,0.9381771714409516,0.9989008731697071,0.9979307051520137
13,sider,SIDER22,va,509,1366,84,39,0.4642857142857143,22,17,24,60,0.7142857142857143,0.5641025641025641,0.6666666666666666,0.2677309711671567,0.8232787610088417,0.6791819291819292
13,sider,SIDER22,te,509,1366,92,45,0.4891304347826087,21,24,24,68,0.7391304347826086,0.4666666666666667,0.6496350364963503,0.20579710144927532,0.7799864335658624,0.6454106280193237
14,sider,SIDER22,tr,509,1366,720,386,0.5361111111111111,385,1,12,708,0.9833333333333333,0.9974093264248705,0.9882459312839059,0.9745331032815886,0.9998516286817183,0.9997229418537709
14,sider,SIDER22,va,509,1366,71,52,0.7323943661971831,25,27,17,54,0.7605633802816901,0.4807692307692308,0.6422764227642277,0.2514083531570618,0.7036327154431334,0.6438244853737811
14,sider,SIDER22,te,509,1366,90,47,0.5222222222222223,20,27,26,64,0.7111111111111111,0.425531914893617,0.6131386861313869,0.13735929171077718,0.7488269852216229,0.6257683215130024
15,sider,SIDER22,tr,509,1366,706,400,0.56657223796034,400,0,3,703,0.9957507082152974,1.0,0.9972875226039783,0.9941519863309902,0.9999979951432352,0.9999964589235129
15,sider,SIDER22,va,509,1366,80,43,0.5375,19,24,21,59,0.7375,0.4418604651162791,0.6341463414634146,0.18257314673483027,0.7401521342086176,0.6273255813953488
15,sider,SIDER22,te,509,1366,95,42,0.4421052631578947,29,13,20,75,0.7894736842105263,0.6904761904761905,0.7591240875912408,0.46168201244802365,0.8726743560803276,0.7611528822055138
1,sider,SIDER23,tr,509,1366,96,1010,10.520833333333334,592,418,13,83,0.8645833333333334,0.5861386138613861,0.6103074141048824,0.2549226702891144,0.25358830532111404,0.7582766089108912
1,sider,SIDER23,va,509,1366,12,111,9.25,71,40,4,8,0.6666666666666666,0.6396396396396397,0.6422764227642277,0.18631885227940476,0.11610838065924692,0.6546546546546547
1,sider,SIDER23,te,509,1366,12,125,10.416666666666666,71,54,6,6,0.5,0.568,0.5620437956204379,0.038746595996276875,0.09178306418562127,0.6216666666666667
2,sider,SIDER23,tr,509,1366,99,1007,10.171717171717171,730,277,25,74,0.7474747474747475,0.7249255213505462,0.7269439421338155,0.2897446559684233,0.3489052230864538,0.8066564352562368
2,sider,SIDER23,va,509,1366,12,111,9.25,78,33,5,7,0.5833333333333334,0.7027027027027027,0.6910569105691057,0.18117731590381642,0.22235499796978497,0.6595345345345346
2,sider,SIDER23,te,509,1366,9,128,14.222222222222221,85,43,5,4,0.4444444444444444,0.6640625,0.6496350364963503,0.05662570078588902,0.20308037280363064,0.6176215277777778
3,sider,SIDER23,tr,509,1366,100,1006,10.06,868,138,5,95,0.95,0.8628230616302187,0.8707052441229657,0.5716233029241498,0.748347373469193,0.9645526838966203
3,sider,SIDER23,va,509,1366,12,111,9.25,91,20,9,3,0.25,0.8198198198198198,0.7642276422764228,0.053133315689807135,0.1410834596727272,0.6058558558558558
3,sider,SIDER23,te,509,1366,8,129,16.125,105,24,6,2,0.25,0.813953488372093,0.781021897810219,0.03824334959355912,0.07834112198387877,0.6317829457364341
4,sider,SIDER23,tr,509,1366,97,1009,10.402061855670103,783,226,12,85,0.8762886597938144,0.77601585728444,0.7848101265822784,0.41041013527370385,0.4026353726536849,0.8832313303975561
4,sider,SIDER23,va,509,1366,11,112,10.181818181818182,84,28,7,4,0.36363636363636365,0.75,0.7154471544715447,0.07391404949863523,0.1307850989748785,0.6728896103896105
4,sider,SIDER23,te,509,1366,12,125,10.416666666666666,79,46,6,6,0.5,0.632,0.6204379562043796,0.07689682810068106,0.18600813420449797,0.6503333333333333
5,sider,SIDER23,tr,509,1366,97,1009,10.402061855670103,783,226,18,79,0.8144329896907216,0.77601585728444,0.779385171790235,0.3737210422771099,0.37281921842336274,0.8556445597866624
5,sider,SIDER23,va,509,1366,12,111,9.25,84,27,8,4,0.3333333333333333,0.7567567567567568,0.7154471544715447,0.061567904594527684,0.15914373087787304,0.5915915915915917
5,sider,SIDER23,te,509,1366,11,126,11.454545454545455,95,31,7,4,0.36363636363636365,0.753968253968254,0.7226277372262774,0.07327770872859865,0.09224761293911611,0.5840548340548342
6,sider,SIDER23,tr,509,1366,102,1004,9.843137254901961,857,147,8,94,0.9215686274509803,0.853585657370518,0.8598553345388789,0.543298516645449,0.734194682984648,0.9553452855245684
6,sider,SIDER23,va,509,1366,7,116,16.571428571428573,99,17,3,4,0.5714285714285714,0.853448275862069,0.8373983739837398,0.2615961494975901,0.24733285772806518,0.7253694581280787
6,sider,SIDER23,te,509,1366,11,126,11.454545454545455,105,21,11,0,0.0,0.8333333333333334,0.7664233576642335,-0.1257163382426858,0.06679564126155427,0.45021645021645024
7,sider,SIDER23,tr,509,1366,98,1008,10.285714285714286,876,132,5,93,0.9489795918367347,0.8690476190476191,0.8761301989150091,0.5774732094573984,0.7698559729360898,0.9678743521218011
7,sider,SIDER23,va,509,1366,12,111,9.25,92,19,7,5,0.4166666666666667,0.8288288288288288,0.7886178861788617,0.18381139120475487,0.38487189358734997,0.7432432432432432
7,sider,SIDER23,te,509,1366,10,127,12.7,111,16,6,4,0.4,0.8740157480314961,0.8394160583941606,0.20186891777502117,0.11729266385167701,0.6165354330708662
8,sider,SIDER23,tr,509,1366,97,1009,10.402061855670103,855,154,11,86,0.8865979381443299,0.8473736372646185,0.8508137432188065,0.5036700473568883,0.6535458755047002,0.943109948606868
8,sider,SIDER23,va,509,1366,11,112,10.181818181818182,91,21,6,5,0.45454545454545453,0.8125,0.7804878048780488,0.18664570599400593,0.2321240888289989,0.762987012987013
8,sider,SIDER23,te,509,1366,12,125,10.416666666666666,103,22,9,3,0.25,0.824,0.7737226277372263,0.05416245404864352,0.09752416769846181,0.53
9,sider,SIDER23,tr,509,1366,92,1014,11.021739130434783,886,128,22,70,0.7608695652173914,0.873767258382643,0.864376130198915,0.45715412135418715,0.5231854390441821,0.9019702426893063
9,sider,SIDER23,va,509,1366,13,110,8.461538461538462,95,15,9,4,0.3076923076923077,0.8636363636363636,0.8048780487804879,0.14574866836344952,0.2311777983381459,0.6727272727272727
9,sider,SIDER23,te,509,1366,15,122,8.133333333333333,101,21,9,6,0.4,0.8278688524590164,0.781021897810219,0.17886784945170556,0.1557119408396906,0.5978142076502733
10,sider,SIDER23,tr,509,1366,99,1007,10.171717171717171,867,140,13,86,0.8686868686868687,0.8609731876861966,0.8616636528028933,0.5166035061104317,0.6019959228288672,0.9478448837932453
10,sider,SIDER23,va,509,1366,10,113,11.3,95,18,5,5,0.5,0.8407079646017699,0.8130081300813008,0.23881279403830735,0.1973737626546812,0.6575221238938053
10,sider,SIDER23,te,509,1366,11,126,11.454545454545455,102,24,6,5,0.45454545454545453,0.8095238095238095,0.781021897810219,0.17566635645365675,0.1546720203536886,0.6742424242424242
11,sider,SIDER23,tr,509,1366,100,1006,10.06,745,261,23,77,0.77,0.7405566600397614,0.7432188065099458,0.3178366510177224,0.3697984283790694,0.8115656063618291
11,sider,SIDER23,va,509,1366,9,114,12.666666666666666,77,37,3,6,0.6666666666666666,0.6754385964912281,0.6747967479674797,0.1868332699136691,0.2611982011016164,0.6471734892787525
11,sider,SIDER23,te,509,1366,11,126,11.454545454545455,87,39,7,4,0.36363636363636365,0.6904761904761905,0.6642335766423357,0.03168702698236435,0.18304938384343838,0.5465367965367965
12,sider,SIDER23,tr,509,1366,94,1012,10.76595744680851,567,445,18,76,0.8085106382978723,0.5602766798418972,0.581374321880651,0.20603137764071947,0.3395891586811549,0.7259429400386846
12,sider,SIDER23,va,509,1366,10,113,11.3,57,56,4,6,0.6,0.504424778761062,0.5121951219512195,0.05707974487447621,0.09426451918811851,0.5920353982300884
12,sider,SIDER23,te,509,1366,16,121,7.5625,71,50,8,8,0.5,0.5867768595041323,0.5766423357664233,0.05640648831652382,0.2903014268768803,0.5870351239669421
13,sider,SIDER23,tr,509,1366,96,1010,10.520833333333334,891,119,20,76,0.7916666666666666,0.8821782178217822,0.8743218806509946,0.497828487680619,0.6103017228925124,0.9371905940594059
13,sider,SIDER23,va,509,1366,10,113,11.3,102,11,7,3,0.3,0.9026548672566371,0.8536585365853658,0.17438896244878682,0.45202202855004003,0.8398230088495575
13,sider,SIDER23,te,509,1366,14,123,8.785714285714286,107,16,11,3,0.21428571428571427,0.8699186991869918,0.8029197080291971,0.07379613633803674,0.14185336432521248,0.6022067363530779
14,sider,SIDER23,tr,509,1366,103,1003,9.737864077669903,871,132,9,94,0.912621359223301,0.86839481555334,0.8725135623869801,0.5629029846276492,0.7447402049503999,0.9636527311270073
14,sider,SIDER23,va,509,1366,7,116,16.571428571428573,94,22,4,3,0.42857142857142855,0.8103448275862069,0.7886178861788617,0.13754369056454285,0.10556875111401395,0.6551724137931034
14,sider,SIDER23,te,509,1366,10,127,12.7,106,21,6,4,0.4,0.8346456692913385,0.8029197080291971,0.15802848912325307,0.08311565114155563,0.5425196850393701
15,sider,SIDER23,tr,509,1366,92,1014,11.021739130434783,951,63,5,87,0.9456521739130435,0.9378698224852071,0.9385171790235082,0.7126161848902113,0.8516461099271523,0.9841887488208558
15,sider,SIDER23,va,509,1366,14,109,7.785714285714286,102,7,11,3,0.21428571428571427,0.9357798165137615,0.8536585365853658,0.17438896244878682,0.2485744876272646,0.7195281782437746
15,sider,SIDER23,te,509,1366,14,123,8.785714285714286,106,17,12,2,0.14285714285714285,0.8617886178861789,0.7883211678832117,0.004071510970374441,0.15729313157809122,0.6759581881533101
1,sider,SIDER24,tr,509,1366,503,603,1.1988071570576542,591,12,47,456,0.9065606361829026,0.9800995024875622,0.9466546112115732,0.8936481633944423,0.9884915693735427,0.9882100432232476
1,sider,SIDER24,va,509,1366,60,63,1.05,49,14,32,28,0.4666666666666667,0.7777777777777778,0.6260162601626016,0.2576670686063123,0.6421611033737528,0.6537037037037037
1,sider,SIDER24,te,509,1366,78,59,0.7564102564102564,35,24,44,34,0.4358974358974359,0.5932203389830508,0.5036496350364964,0.029181253863351523,0.6891521820421298,0.5964797913950457
2,sider,SIDER24,tr,509,1366,528,578,1.0946969696969697,564,14,11,517,0.9791666666666666,0.9757785467128027,0.9773960216998192,0.9547246896362357,0.9970115912150005,0.9969362745098039
2,sider,SIDER24,va,509,1366,55,68,1.2363636363636363,41,27,15,40,0.7272727272727273,0.6029411764705882,0.6585365853658537,0.3296854202297983,0.658899789156691,0.7243315508021391
2,sider,SIDER24,te,509,1366,58,79,1.3620689655172413,51,28,20,38,0.6551724137931034,0.6455696202531646,0.6496350364963503,0.2973860092915525,0.5709059646470731,0.6625927542557836
3,sider,SIDER24,tr,509,1366,527,579,1.0986717267552182,572,7,8,519,0.9848197343453511,0.9879101899827288,0.9864376130198915,0.9728144143751174,0.9991775661384883,0.9992232895163748
3,sider,SIDER24,va,509,1366,47,76,1.6170212765957446,49,27,17,30,0.6382978723404256,0.6447368421052632,0.6422764227642277,0.2757947754914057,0.6316148896855032,0.7049272116461367
3,sider,SIDER24,te,509,1366,67,70,1.044776119402985,47,23,29,38,0.5671641791044776,0.6714285714285714,0.6204379562043796,0.23997828842262803,0.6552603715005139,0.6699360341151386
4,sider,SIDER24,tr,509,1366,525,581,1.1066666666666667,580,1,3,522,0.9942857142857143,0.9982788296041308,0.9963833634719711,0.9927533322470398,0.9999420771634147,0.9999475452831735
4,sider,SIDER24,va,509,1366,59,64,1.0847457627118644,41,23,25,34,0.576271186440678,0.640625,0.6097560975609756,0.21729939308404203,0.6184932339116422,0.673199152542373
4,sider,SIDER24,te,509,1366,57,80,1.4035087719298245,41,39,19,38,0.6666666666666666,0.5125,0.5766423357664233,0.17799944468678067,0.538721891363549,0.6486842105263158
5,sider,SIDER24,tr,509,1366,517,589,1.1392649903288201,587,2,6,511,0.988394584139265,0.9966044142614601,0.9927667269439421,0.9854910366447877,0.9997622247504833,0.9997832604847741
5,sider,SIDER24,va,509,1366,53,70,1.320754716981132,43,27,18,35,0.660377358490566,0.6142857142857143,0.6341463414634146,0.2720360542210304,0.5667069177001995,0.6746630727762803
5,sider,SIDER24,te,509,1366,71,66,0.9295774647887324,42,24,26,45,0.6338028169014085,0.6363636363636364,0.635036496350365,0.2699936573066798,0.6588498441952011,0.6798975672215108
6,sider,SIDER24,tr,509,1366,527,579,1.0986717267552182,563,16,12,515,0.9772296015180265,0.9723661485319517,0.9746835443037974,0.9492971320923238,0.9969649288118857,0.9970471892584545
6,sider,SIDER24,va,509,1366,55,68,1.2363636363636363,38,30,22,33,0.6,0.5588235294117647,0.5772357723577236,0.15798095832497439,0.6436393073545099,0.6724598930481284
6,sider,SIDER24,te,509,1366,59,78,1.3220338983050848,41,37,22,37,0.6271186440677966,0.5256410256410257,0.5693430656934306,0.1517734768970704,0.5732181735272595,0.6338548457192524
7,sider,SIDER24,tr,509,1366,505,601,1.19009900990099,591,10,21,484,0.9584158415841584,0.9833610648918469,0.9719710669077758,0.9436083522237863,0.9960700168441349,0.996135154280819
7,sider,SIDER24,va,509,1366,65,58,0.8923076923076924,38,20,26,39,0.6,0.6551724137931034,0.6260162601626016,0.25496960087422,0.6792414831131217,0.6748010610079577
7,sider,SIDER24,te,509,1366,71,66,0.9295774647887324,43,23,33,38,0.5352112676056338,0.6515151515151515,0.5912408759124088,0.18773065578705098,0.7002446774247983,0.6615450277422108
8,sider,SIDER24,tr,509,1366,515,591,1.1475728155339806,586,5,13,502,0.974757281553398,0.9915397631133672,0.9837251356238698,0.9673655460743183,0.9978614078784098,0.9980253971383044
8,sider,SIDER24,va,509,1366,54,69,1.2777777777777777,46,23,18,36,0.6666666666666666,0.6666666666666666,0.6666666666666666,0.3311190579058755,0.6508453206478696,0.7114868491680086
8,sider,SIDER24,te,509,1366,72,65,0.9027777777777778,38,27,27,45,0.625,0.5846153846153846,0.6058394160583942,0.20961538461538456,0.7282308467340942,0.683974358974359
9,sider,SIDER24,tr,509,1366,523,583,1.1147227533460804,555,28,16,507,0.9694072657743786,0.9519725557461407,0.9602169981916817,0.9205107687315259,0.993697751523901,0.9935849712537183
9,sider,SIDER24,va,509,1366,49,74,1.510204081632653,47,27,17,32,0.6530612244897959,0.6351351351351351,0.6422764227642277,0.28241411427315727,0.6022885873066918,0.6911196911196911
9,sider,SIDER24,te,509,1366,69,68,0.9855072463768116,37,31,27,42,0.6086956521739131,0.5441176470588235,0.5766423357664233,0.15314003319402741,0.6241495950157678,0.6202046035805627
10,sider,SIDER24,tr,509,1366,525,581,1.1066666666666667,551,30,16,509,0.9695238095238096,0.9483648881239243,0.9584086799276673,0.9170052627003625,0.994130876082265,0.9943316121629375
10,sider,SIDER24,va,509,1366,48,75,1.5625,46,29,17,31,0.6458333333333334,0.6133333333333333,0.6260162601626016,0.2529207689058281,0.5467589148956844,0.6619444444444446
10,sider,SIDER24,te,509,1366,68,69,1.0147058823529411,36,33,20,48,0.7058823529411765,0.5217391304347826,0.6131386861313869,0.2315025227584915,0.624820419593858,0.6462063086104007
11,sider,SIDER24,tr,509,1366,533,573,1.075046904315197,162,411,4,529,0.9924953095684803,0.28272251308900526,0.6247739602169982,0.3850343708182879,0.8334802410765849,0.8703738265735457
11,sider,SIDER24,va,509,1366,50,73,1.46,11,62,5,45,0.9,0.1506849315068493,0.45528455284552843,0.07400710502313965,0.6208815593261103,0.7021917808219177
11,sider,SIDER24,te,509,1366,58,79,1.3620689655172413,14,65,8,50,0.8620689655172413,0.17721518987341772,0.46715328467153283,0.052867004325675586,0.4674991607468867,0.5599083369707551
12,sider,SIDER24,tr,509,1366,522,584,1.1187739463601531,578,6,10,512,0.9808429118773946,0.9897260273972602,0.9855334538878843,0.9709894713803365,0.998237170867911,0.9980974124809741
12,sider,SIDER24,va,509,1366,55,68,1.2363636363636363,41,27,14,41,0.7454545454545455,0.6029411764705882,0.6666666666666666,0.3483957219251336,0.6414740578911047,0.7328877005347594
12,sider,SIDER24,te,509,1366,64,73,1.140625,44,29,26,38,0.59375,0.6027397260273972,0.5985401459854015,0.1961123043718698,0.6022573387092847,0.6224315068493151
13,sider,SIDER24,tr,509,1366,517,589,1.1392649903288201,583,6,7,510,0.9864603481624759,0.9898132427843803,0.9882459312839059,0.976390631579513,0.9995263901886375,0.9995829406297925
13,sider,SIDER24,va,509,1366,63,60,0.9523809523809523,38,22,28,35,0.5555555555555556,0.6333333333333333,0.5934959349593496,0.1893402369371326,0.6641827067823234,0.6362433862433863
13,sider,SIDER24,te,509,1366,61,76,1.2459016393442623,47,29,19,42,0.6885245901639344,0.618421052631579,0.6496350364963503,0.30530368363996974,0.6287429418989423,0.6967213114754097
14,sider,SIDER24,tr,509,1366,518,588,1.135135135135135,521,67,42,476,0.918918918918919,0.8860544217687075,0.9014466546112115,0.8034908365980699,0.9631659889713118,0.9675951461665748
14,sider,SIDER24,va,509,1366,63,60,0.9523809523809523,39,21,24,39,0.6190476190476191,0.65,0.6341463414634146,0.2690476190476189,0.6699346835674211,0.657142857142857
14,sider,SIDER24,te,509,1366,60,77,1.2833333333333334,43,34,29,31,0.5166666666666667,0.5584415584415584,0.5401459854014599,0.07462520900420859,0.6054267640051751,0.606926406926407
15,sider,SIDER24,tr,509,1366,521,585,1.1228406909788868,575,10,17,504,0.9673704414587332,0.9829059829059829,0.9755877034358047,0.9510521609876001,0.9969881659579117,0.996636973604344
15,sider,SIDER24,va,509,1366,57,66,1.1578947368421053,43,23,37,20,0.3508771929824561,0.6515151515151515,0.5121951219512195,0.0025018075139315197,0.5240949169816196,0.5619351408825093
15,sider,SIDER24,te,509,1366,63,74,1.1746031746031746,46,28,22,41,0.6507936507936508,0.6216216216216216,0.635036496350365,0.27154298304026364,0.6667349118678321,0.7037752037752038
1,sider,SIDER25,tr,509,1366,751,355,0.47270306258322237,355,0,15,736,0.9800266311584553,1.0,0.9864376130198915,0.9696885179206604,0.9999876321714514,0.9999737439282834
1,sider,SIDER25,va,509,1366,89,34,0.38202247191011235,17,17,18,71,0.797752808988764,0.5,0.7154471544715447,0.2951310961728813,0.9046053539865121,0.7564441506939854
1,sider,SIDER25,te,509,1366,107,30,0.2803738317757009,9,21,26,81,0.7570093457943925,0.3,0.656934306569343,0.054058559078359845,0.8736103665679463,0.6261682242990654
2,sider,SIDER25,tr,509,1366,771,335,0.4345006485084306,271,64,68,703,0.9118028534370947,0.808955223880597,0.8806509945750453,0.7183590700466185,0.9707748927787924,0.9383162010956889
2,sider,SIDER25,va,509,1366,91,32,0.3516483516483517,15,17,16,75,0.8241758241758241,0.46875,0.7317073170731707,0.2959910540456033,0.8807703277065274,0.7513736263736264
2,sider,SIDER25,te,509,1366,85,52,0.611764705882353,21,31,24,61,0.7176470588235294,0.40384615384615385,0.5985401459854015,0.1255344662755874,0.7245341048130102,0.5989819004524887
3,sider,SIDER25,tr,509,1366,780,326,0.41794871794871796,316,10,24,756,0.9692307692307692,0.9693251533742331,0.969258589511754,0.9273900085825878,0.997892506133542,0.9946476325310681
3,sider,SIDER25,va,509,1366,75,48,0.64,22,26,15,60,0.8,0.4583333333333333,0.6666666666666666,0.2747777800510898,0.8255611548677205,0.7183333333333334
3,sider,SIDER25,te,509,1366,92,45,0.4891304347826087,21,24,19,73,0.7934782608695652,0.4666666666666667,0.6861313868613139,0.26871980144720475,0.8100849111804883,0.7130434782608696
4,sider,SIDER25,tr,509,1366,779,327,0.4197689345314506,327,0,2,777,0.9974326059050064,1.0,0.9981916817359855,0.9956752411345375,1.0,1.0
4,sider,SIDER25,va,509,1366,77,46,0.5974025974025974,23,23,7,70,0.9090909090909091,0.5,0.7560975609756098,0.4609374611685453,0.8656395032344144,0.7972896668548841
4,sider,SIDER25,te,509,1366,91,46,0.5054945054945055,16,30,15,76,0.8351648351648352,0.34782608695652173,0.6715328467153284,0.20653581754081982,0.7374609446439422,0.6299569995222168
5,sider,SIDER25,tr,509,1366,764,342,0.4476439790575916,336,6,45,719,0.9410994764397905,0.9824561403508771,0.953887884267631,0.8982377334710449,0.9965300211437156,0.991794494963412
5,sider,SIDER25,va,509,1366,85,38,0.4470588235294118,18,20,17,68,0.8,0.47368421052631576,0.6991869918699187,0.28026937535422775,0.814218314777974,0.7012383900928792
5,sider,SIDER25,te,509,1366,98,39,0.3979591836734694,14,25,24,74,0.7551020408163265,0.358974358974359,0.6423357664233577,0.11498250139473683,0.7823044385107476,0.6009942438513867
6,sider,SIDER25,tr,509,1366,776,330,0.4252577319587629,328,2,16,760,0.979381443298969,0.9939393939393939,0.9837251356238698,0.9620267422249019,0.9996715964608768,0.9992014214308029
6,sider,SIDER25,va,509,1366,75,48,0.64,17,31,11,64,0.8533333333333334,0.3541666666666667,0.6585365853658537,0.24139514606005094,0.7730835794083439,0.7005555555555556
6,sider,SIDER25,te,509,1366,96,41,0.4270833333333333,18,23,15,81,0.84375,0.43902439024390244,0.7226277372262774,0.3028265716551742,0.8745271521356044,0.7357723577235773
7,sider,SIDER25,tr,509,1366,763,343,0.44954128440366975,333,10,59,704,0.9226736566186108,0.9708454810495627,0.9376130198915009,0.8640145347562639,0.9938672248769733,0.9849489318288633
7,sider,SIDER25,va,509,1366,79,44,0.5569620253164557,24,20,19,60,0.759493670886076,0.5454545454545454,0.6829268292682927,0.3065397226246858,0.8577416282583942,0.7456846950517836
7,sider,SIDER25,te,509,1366,105,32,0.3047619047619048,14,18,26,79,0.7523809523809524,0.4375,0.6788321167883211,0.17669944166669438,0.8272607969646462,0.6068452380952382
8,sider,SIDER25,tr,509,1366,767,339,0.44198174706649285,339,0,20,747,0.9739243807040417,1.0,0.9819168173598554,0.9589925729837944,0.9995404306681557,0.9988731332664136
8,sider,SIDER25,va,509,1366,83,40,0.4819277108433735,16,24,17,66,0.7951807228915663,0.4,0.6666666666666666,0.2063610549365444,0.8903231738792824,0.7635542168674699
8,sider,SIDER25,te,509,1366,97,40,0.41237113402061853,19,21,9,88,0.9072164948453608,0.475,0.781021897810219,0.43095609131264445,0.8859721789723896,0.7963917525773196
9,sider,SIDER25,tr,509,1366,765,341,0.44575163398692813,334,7,25,740,0.9673202614379085,0.9794721407624634,0.9710669077757685,0.9338027445363939,0.9992078664257266,0.9982059686044507
9,sider,SIDER25,va,509,1366,85,38,0.4470588235294118,19,19,14,71,0.8352941176470589,0.5,0.7317073170731707,0.34966242951846527,0.8715273510152143,0.7764705882352941
9,sider,SIDER25,te,509,1366,97,40,0.41237113402061853,12,28,20,77,0.7938144329896907,0.3,0.6496350364963503,0.10081284759667203,0.7978659123906051,0.6489690721649485
10,sider,SIDER25,tr,509,1366,760,346,0.45526315789473687,344,2,34,726,0.9552631578947368,0.9942196531791907,0.9674502712477396,0.9281546886170716,0.9985108844552997,0.9964975661697596
10,sider,SIDER25,va,509,1366,92,31,0.33695652173913043,16,15,20,72,0.782608695652174,0.5161290322580645,0.7154471544715447,0.2850716027659566,0.8725320651050763,0.7436886395511921
10,sider,SIDER25,te,509,1366,95,42,0.4421052631578947,19,23,26,69,0.7263157894736842,0.4523809523809524,0.6423357664233577,0.17542961547605435,0.7817934516849367,0.656390977443609
11,sider,SIDER25,tr,509,1366,780,326,0.41794871794871796,231,95,25,755,0.967948717948718,0.7085889570552147,0.891500904159132,0.7313388465097314,0.9805000586255356,0.9546051596665095
11,sider,SIDER25,va,509,1366,74,49,0.6621621621621622,14,35,5,69,0.9324324324324325,0.2857142857142857,0.6747967479674797,0.29550791214570804,0.7617945808933074,0.6805019305019305
11,sider,SIDER25,te,509,1366,93,44,0.4731182795698925,12,32,11,82,0.8817204301075269,0.2727272727272727,0.6861313868613139,0.19294473050090694,0.7995619028555537,0.6606793743890518
12,sider,SIDER25,tr,509,1366,773,333,0.4307891332470893,333,0,6,767,0.9922380336351876,1.0,0.9945750452079566,0.9872569566868598,1.0,1.0
12,sider,SIDER25,va,509,1366,81,42,0.5185185185185185,19,23,12,69,0.8518518518518519,0.4523809523809524,0.7154471544715447,0.33227558750565356,0.8790057823080757,0.7815990593768372
12,sider,SIDER25,te,509,1366,93,44,0.4731182795698925,20,24,18,75,0.8064516129032258,0.45454545454545453,0.6934306569343066,0.2722037127839613,0.826296263060357,0.6903714565004887
13,sider,SIDER25,tr,509,1366,759,347,0.45718050065876153,341,6,49,710,0.9354413702239789,0.9827089337175793,0.9502712477396021,0.8916832179094306,0.9970910987503341,0.9934123847167325
13,sider,SIDER25,va,509,1366,87,36,0.41379310344827586,19,17,27,60,0.6896551724137931,0.5277777777777778,0.6422764227642277,0.2044616949959739,0.8639949199473883,0.7017879948914432
13,sider,SIDER25,te,509,1366,101,36,0.3564356435643564,18,18,18,83,0.8217821782178217,0.5,0.7372262773722628,0.3217821782178217,0.8687105862706428,0.7035203520352036
14,sider,SIDER25,tr,509,1366,776,330,0.4252577319587629,125,205,40,736,0.9484536082474226,0.3787878787878788,0.7784810126582279,0.4202613044982827,0.9164342387602417,0.8318298969072164
14,sider,SIDER25,va,509,1366,77,46,0.5974025974025974,9,37,7,70,0.9090909090909091,0.1956521739130435,0.6422764227642277,0.15065992642818846,0.744204461443145,0.6376341050254093
14,sider,SIDER25,te,509,1366,94,43,0.4574468085106383,11,32,9,85,0.9042553191489362,0.2558139534883721,0.7007299270072993,0.21037697076318743,0.7815535265798058,0.6420089064819396
15,sider,SIDER25,tr,509,1366,774,332,0.4289405684754522,332,0,2,772,0.9974160206718347,1.0,0.9981916817359855,0.9957125436840933,1.0,1.0
15,sider,SIDER25,va,509,1366,81,42,0.5185185185185185,13,29,14,67,0.8271604938271605,0.30952380952380953,0.6504065040650406,0.15659154160453148,0.8513171552281225,0.7401528512639624
15,sider,SIDER25,te,509,1366,92,45,0.4891304347826087,25,20,19,73,0.7934782608695652,0.5555555555555556,0.7153284671532847,0.3510749672548806,0.8822131115240626,0.7681159420289854
1,sider,SIDER26,tr,509,1366,1012,94,0.09288537549407115,87,7,241,771,0.7618577075098815,0.925531914893617,0.7757685352622061,0.41969175165732997,0.9912581682223353,0.9136952316878311
1,sider,SIDER26,va,509,1366,111,12,0.10810810810810811,8,4,32,79,0.7117117117117117,0.6666666666666666,0.7073170731707317,0.23966763048693826,0.9709545177291624,0.7774024024024024
1,sider,SIDER26,te,509,1366,134,3,0.022388059701492536,3,0,32,102,0.7611940298507462,1.0,0.7664233576642335,0.25543140480104426,0.9979478962620568,0.9116915422885572
2,sider,SIDER26,tr,509,1366,1023,83,0.08113391984359726,82,1,83,940,0.9188660801564027,0.9879518072289156,0.9240506329113924,0.670594762883092,0.9991989352237157,0.9899421733856246
2,sider,SIDER26,va,509,1366,116,7,0.0603448275862069,0,7,14,102,0.8793103448275862,0.0,0.8292682926829268,-0.08803812696816765,0.9651328809707715,0.624384236453202
2,sider,SIDER26,te,509,1366,118,19,0.16101694915254236,5,14,10,108,0.9152542372881356,0.2631578947368421,0.8248175182481752,0.19747705519341707,0.9165719348353112,0.6480820695807316
3,sider,SIDER26,tr,509,1366,1020,86,0.08431372549019608,83,3,103,917,0.8990196078431373,0.9651162790697675,0.9041591320072333,0.6187012125342688,0.9975130629277682,0.9705255357957138
3,sider,SIDER26,va,509,1366,109,14,0.12844036697247707,9,5,15,94,0.8623853211009175,0.6428571428571429,0.8373983739837398,0.4049057023860916,0.9712284360818928,0.8106159895150722
3,sider,SIDER26,te,509,1366,128,9,0.0703125,2,7,26,102,0.796875,0.2222222222222222,0.7591240875912408,0.01173286778237606,0.968629348109745,0.6458333333333334
4,sider,SIDER26,tr,509,1366,1022,84,0.0821917808219178,84,0,60,962,0.9412915851272016,1.0,0.945750452079566,0.7410038852738005,0.9995118471207953,0.9938495946323735
4,sider,SIDER26,va,509,1366,109,14,0.12844036697247707,3,11,10,99,0.908256880733945,0.21428571428571427,0.8292682926829268,0.1265891025609477,0.9631178775708586,0.7509829619921364
4,sider,SIDER26,te,509,1366,126,11,0.0873015873015873,1,10,9,117,0.9285714285714286,0.09090909090909091,0.8613138686131386,0.02035074387725172,0.9472840079122575,0.7582972582972582
5,sider,SIDER26,tr,509,1366,1018,88,0.08644400785854617,84,4,121,897,0.881139489194499,0.9545454545454546,0.8869801084990958,0.5819939589813425,0.9967844037323461,0.9627667887122701
5,sider,SIDER26,va,509,1366,114,9,0.07894736842105263,3,6,12,102,0.8947368421052632,0.3333333333333333,0.8536585365853658,0.18150336025973418,0.9876781277791755,0.8538011695906433
5,sider,SIDER26,te,509,1366,125,12,0.096,2,10,14,111,0.888,0.16666666666666666,0.8248175182481752,0.04811888399833449,0.9243059707761007,0.5973333333333334
6,sider,SIDER26,tr,509,1366,1025,81,0.07902439024390244,58,23,139,886,0.864390243902439,0.7160493827160493,0.8535262206148282,0.3952268504604083,0.9890920887764996,0.889539295392954
6,sider,SIDER26,va,509,1366,103,20,0.1941747572815534,14,6,11,92,0.8932038834951457,0.7,0.8617886178861789,0.5439444545588578,0.9547508144405397,0.837135922330097
6,sider,SIDER26,te,509,1366,129,8,0.06201550387596899,3,5,17,112,0.8682170542635659,0.375,0.8394160583941606,0.16151986543979685,0.9676848698539775,0.6671511627906976
7,sider,SIDER26,tr,509,1366,1015,91,0.0896551724137931,84,7,168,847,0.8344827586206897,0.9230769230769231,0.8417721518987342,0.49629667368572894,0.9947671471899284,0.9431440480701564
7,sider,SIDER26,va,509,1366,112,11,0.09821428571428571,8,3,22,90,0.8035714285714286,0.7272727272727273,0.7967479674796748,0.3527526563063847,0.9859101459036357,0.8668831168831168
7,sider,SIDER26,te,509,1366,130,7,0.05384615384615385,4,3,23,107,0.823076923076923,0.5714285714285714,0.8102189781021898,0.218371284023375,0.9751095164373832,0.7054945054945054
8,sider,SIDER26,tr,509,1366,1013,93,0.09180651530108588,88,5,204,809,0.7986179664363278,0.946236559139785,0.8110307414104883,0.4689364912644161,0.994775941104509,0.9450583277606173
8,sider,SIDER26,va,509,1366,114,9,0.07894736842105263,6,3,24,90,0.7894736842105263,0.6666666666666666,0.7804878048780488,0.2766113976473712,0.9826026146537475,0.8157894736842105
8,sider,SIDER26,te,509,1366,130,7,0.05384615384615385,4,3,25,105,0.8076923076923077,0.5714285714285714,0.7956204379562044,0.20435606063931666,0.9621855034423086,0.6813186813186815
9,sider,SIDER26,tr,509,1366,1021,85,0.0832517140058766,82,3,104,917,0.8981390793339863,0.9647058823529412,0.903254972875226,0.6144757037444922,0.9976665654048451,0.9715503831307254
9,sider,SIDER26,va,509,1366,109,14,0.12844036697247707,7,7,11,98,0.8990825688073395,0.5,0.8536585365853658,0.35859904095138545,0.9695316756976404,0.8086500655307994
9,sider,SIDER26,te,509,1366,127,10,0.07874015748031496,1,9,13,114,0.8976377952755905,0.1,0.8394160583941606,-0.002028629892595351,0.9354966593860985,0.5070866141732283
10,sider,SIDER26,tr,509,1366,1020,86,0.08431372549019608,86,0,55,965,0.946078431372549,1.0,0.9502712477396021,0.7596319802221103,0.9997096377991592,0.996454628362973
10,sider,SIDER26,va,509,1366,116,7,0.0603448275862069,5,2,3,113,0.9741379310344828,0.7142857142857143,0.959349593495935,0.6467551261405774,0.9902656463043422,0.8891625615763548
10,sider,SIDER26,te,509,1366,121,16,0.1322314049586777,5,11,10,111,0.9173553719008265,0.3125,0.8467153284671532,0.23641868077775202,0.9521060176354572,0.7303719008264462
11,sider,SIDER26,tr,509,1366,1011,95,0.09396636993076163,95,0,75,936,0.9258160237388724,1.0,0.9321880650994575,0.7192828219634629,0.999027885482492,0.9893070956322558
11,sider,SIDER26,va,509,1366,118,5,0.0423728813559322,1,4,15,103,0.8728813559322034,0.2,0.8455284552845529,0.042784904760907794,0.9804131479983937,0.6372881355932203
11,sider,SIDER26,te,509,1366,128,9,0.0703125,2,7,19,109,0.8515625,0.2222222222222222,0.8102189781021898,0.05074041841688167,0.9660633088251066,0.6657986111111112
12,sider,SIDER26,tr,509,1366,1018,88,0.08644400785854617,88,0,56,962,0.9449901768172888,1.0,0.9493670886075949,0.7599302579473322,0.9997000209359698,0.9964390962671905
12,sider,SIDER26,va,509,1366,114,9,0.07894736842105263,3,6,11,103,0.9035087719298246,0.3333333333333333,0.8617886178861789,0.19420272807820957,0.9675414730798917,0.7124756335282652
12,sider,SIDER26,te,509,1366,125,12,0.096,4,8,21,104,0.832,0.3333333333333333,0.7883211678832117,0.12101160904561796,0.9545230664530965,0.6346666666666666
13,sider,SIDER26,tr,509,1366,1016,90,0.08858267716535433,89,1,124,892,0.8779527559055118,0.9888888888888889,0.8869801084990958,0.6010247341883876,0.9977521638597832,0.9741797900262467
13,sider,SIDER26,va,509,1366,113,10,0.08849557522123894,6,4,15,98,0.8672566371681416,0.6,0.8455284552845529,0.3393790014731112,0.9758977639669182,0.7823008849557521
13,sider,SIDER26,te,509,1366,128,9,0.0703125,3,6,18,110,0.859375,0.3333333333333333,0.8248175182481752,0.13252203398291448,0.9441831915629688,0.5416666666666667
14,sider,SIDER26,tr,509,1366,1020,86,0.08431372549019608,76,10,162,858,0.8411764705882353,0.8837209302325582,0.8444846292947559,0.47236478460496023,0.9923761745552241,0.9189466484268127
14,sider,SIDER26,va,509,1366,111,12,0.10810810810810811,5,7,25,86,0.7747747747747747,0.4166666666666667,0.7398373983739838,0.13227749636927325,0.9640823153591962,0.7312312312312312
14,sider,SIDER26,te,509,1366,126,11,0.0873015873015873,3,8,24,102,0.8095238095238095,0.2727272727272727,0.7664233576642335,0.05618818601824881,0.9549708676577633,0.6334776334776334
15,sider,SIDER26,tr,509,1366,1020,86,0.08431372549019608,80,6,135,885,0.8676470588235294,0.9302325581395349,0.8725135623869801,0.5399189866604261,0.9959710490437648,0.9529696762425901
15,sider,SIDER26,va,509,1366,112,11,0.09821428571428571,4,7,29,83,0.7410714285714286,0.36363636363636365,0.7073170731707317,0.06743822511754816,0.9702162509598388,0.7378246753246753
15,sider,SIDER26,te,509,1366,125,12,0.096,5,7,23,102,0.816,0.4166666666666667,0.781021897810219,0.16311260841257538,0.9592411177812441,0.6926666666666667
1,sider,SIDER27,tr,509,1366,721,385,0.5339805825242718,385,0,1,720,0.9986130374479889,1.0,0.9990958408679927,0.9980110004604622,1.0,1.0
1,sider,SIDER27,va,509,1366,79,44,0.5569620253164557,20,24,18,61,0.7721518987341772,0.45454545454545453,0.6585365853658537,0.2351717074980292,0.7588660706959347,0.6611047180667434
1,sider,SIDER27,te,509,1366,108,29,0.26851851851851855,7,22,24,84,0.7777777777777778,0.2413793103448276,0.6642335766423357,0.01870279846783362,0.8135912218618826,0.5108556832694764
2,sider,SIDER27,tr,509,1366,738,368,0.4986449864498645,360,8,26,712,0.964769647696477,0.9782608695652174,0.969258589511754,0.9322189711228555,0.9983148270322626,0.9965277777777778
2,sider,SIDER27,va,509,1366,85,38,0.4470588235294118,17,21,24,61,0.7176470588235294,0.4473684210526316,0.6341463414634146,0.16174359558286777,0.7721902043644431,0.6195046439628483
2,sider,SIDER27,te,509,1366,85,52,0.611764705882353,25,27,23,62,0.7294117647058823,0.4807692307692308,0.635036496350365,0.21379077287956327,0.7181776676730443,0.6255656108597285
3,sider,SIDER27,tr,509,1366,735,371,0.5047619047619047,366,5,25,710,0.9659863945578231,0.9865229110512129,0.972875226039783,0.9407158294933512,0.9988412753593733,0.9976529695436126
3,sider,SIDER27,va,509,1366,76,47,0.618421052631579,18,29,18,58,0.7631578947368421,0.3829787234042553,0.6178861788617886,0.15606441946682215,0.7566046105644851,0.658174692049272
3,sider,SIDER27,te,509,1366,97,40,0.41237113402061853,20,20,36,61,0.6288659793814433,0.5,0.5912408759124088,0.119183907150689,0.7971548622318585,0.6262886597938144
4,sider,SIDER27,tr,509,1366,734,372,0.5068119891008175,371,1,4,730,0.9945504087193461,0.9973118279569892,0.9954792043399638,0.9899118729127026,0.9999925653390247,0.9999853505610735
4,sider,SIDER27,va,509,1366,86,37,0.43023255813953487,17,20,17,69,0.8023255813953488,0.4594594594594595,0.6991869918699187,0.2684481725750947,0.8385338434169904,0.7146448774355751
4,sider,SIDER27,te,509,1366,88,49,0.5568181818181818,15,34,27,61,0.6931818181818182,0.30612244897959184,0.5547445255474452,-0.000723261638299776,0.6363954045661624,0.5215677179962894
5,sider,SIDER27,tr,509,1366,731,375,0.5129958960328317,374,1,14,717,0.9808481532147743,0.9973333333333333,0.9864376130198915,0.9703215490301011,0.9998169672790963,0.9996352029183767
5,sider,SIDER27,va,509,1366,81,42,0.5185185185185185,16,26,15,66,0.8148148148148148,0.38095238095238093,0.6666666666666666,0.213812117177551,0.7963524812047782,0.6778365667254556
5,sider,SIDER27,te,509,1366,96,41,0.4270833333333333,15,26,33,63,0.65625,0.36585365853658536,0.5693430656934306,0.02121661451394329,0.7095676656690721,0.5157520325203253
6,sider,SIDER27,tr,509,1366,736,370,0.5027173913043478,370,0,0,736,1.0,1.0,1.0,1.0,1.0,1.0
6,sider,SIDER27,va,509,1366,79,44,0.5569620253164557,17,27,14,65,0.8227848101265823,0.38636363636363635,0.6666666666666666,0.23089778480116052,0.7931422229813205,0.6705983889528193
6,sider,SIDER27,te,509,1366,93,44,0.4731182795698925,7,37,21,72,0.7741935483870968,0.1590909090909091,0.5766423357664233,-0.07725072604922557,0.7067926778857474,0.4855816226783969
7,sider,SIDER27,tr,509,1366,731,375,0.5129958960328317,364,11,28,703,0.9616963064295485,0.9706666666666667,0.9647377938517179,0.9227141932555276,0.9975476354824749,0.9948891928864569
7,sider,SIDER27,va,509,1366,74,49,0.6621621621621622,26,23,18,56,0.7567567567567568,0.5306122448979592,0.6666666666666666,0.2935039397289671,0.7638192578025254,0.6927744070601213
7,sider,SIDER27,te,509,1366,103,34,0.3300970873786408,15,19,31,72,0.6990291262135923,0.4411764705882353,0.635036496350365,0.128240088556097,0.7990576588685898,0.5936607652769846
8,sider,SIDER27,tr,509,1366,731,375,0.5129958960328317,367,8,34,697,0.9534883720930233,0.9786666666666667,0.9620253164556962,0.9179007591284158,0.9964181248008561,0.9932932056543549
8,sider,SIDER27,va,509,1366,80,43,0.5375,20,23,19,61,0.7625,0.46511627906976744,0.6585365853658537,0.23324406096504655,0.7085033596800159,0.6127906976744186
8,sider,SIDER27,te,509,1366,97,40,0.41237113402061853,17,23,30,67,0.6907216494845361,0.425,0.6131386861313869,0.11083075570890197,0.7499491959686875,0.5824742268041238
9,sider,SIDER27,tr,509,1366,751,355,0.47270306258322237,342,13,26,725,0.9653794940079894,0.9633802816901409,0.9647377938517179,0.920206830799725,0.996643069349214,0.9927383207366702
9,sider,SIDER27,va,509,1366,76,47,0.618421052631579,21,26,17,59,0.7763157894736842,0.44680851063829785,0.6504065040650406,0.23463961378208245,0.7783099087251288,0.6735722284434491
9,sider,SIDER27,te,509,1366,81,56,0.691358024691358,21,35,19,62,0.7654320987654321,0.375,0.6058394160583942,0.15184029770997778,0.7057726438645183,0.6302910052910053
10,sider,SIDER27,tr,509,1366,737,369,0.5006784260515604,369,0,4,733,0.994572591587517,1.0,0.9963833634719711,0.9919208303936782,1.0,1.0
10,sider,SIDER27,va,509,1366,84,39,0.4642857142857143,12,27,23,61,0.7261904761904762,0.3076923076923077,0.5934959349593496,0.0349442459962035,0.7957618658546657,0.6004273504273505
10,sider,SIDER27,te,509,1366,87,50,0.5747126436781609,16,34,17,70,0.8045977011494253,0.32,0.6277372262773723,0.14027523937099892,0.731807656461871,0.6117241379310344
11,sider,SIDER27,tr,509,1366,740,366,0.4945945945945946,366,0,0,740,1.0,1.0,1.0,1.0,1.0,1.0
11,sider,SIDER27,va,509,1366,82,41,0.5,13,28,11,71,0.8658536585365854,0.3170731707317073,0.6829268292682927,0.21759706994462213,0.7481794542270044,0.6189767995240929
11,sider,SIDER27,te,509,1366,86,51,0.5930232558139535,13,38,13,73,0.8488372093023255,0.2549019607843137,0.6277372262773723,0.12788774203655676,0.7025046481793848,0.6133150934792522
12,sider,SIDER27,tr,509,1366,745,361,0.48456375838926175,360,1,13,732,0.9825503355704698,0.997229916897507,0.9873417721518988,0.9717488068899157,0.9999546633772542,0.9999070441911915
12,sider,SIDER27,va,509,1366,79,44,0.5569620253164557,20,24,15,64,0.810126582278481,0.45454545454545453,0.6829268292682927,0.28117233350603227,0.7324468181132804,0.6447065592635214
12,sider,SIDER27,te,509,1366,84,53,0.6309523809523809,21,32,14,70,0.8333333333333334,0.39622641509433965,0.6642335766423357,0.25635347559930527,0.776796676565575,0.6848607367475291
13,sider,SIDER27,tr,509,1366,730,376,0.5150684931506849,376,0,1,729,0.9986301369863013,1.0,0.9990958408679927,0.9979886024806585,1.0,1.0
13,sider,SIDER27,va,509,1366,87,36,0.41379310344827586,16,20,22,65,0.7471264367816092,0.4444444444444444,0.6585365853658537,0.18864231288121447,0.7839430557175427,0.6318646232439337
13,sider,SIDER27,te,509,1366,91,46,0.5054945054945055,14,32,21,70,0.7692307692307693,0.30434782608695654,0.6131386861313869,0.07967406882479333,0.7356493187940589,0.5774008600095556
14,sider,SIDER27,tr,509,1366,743,363,0.48855989232839836,332,31,46,697,0.9380888290713324,0.9146005509641874,0.930379746835443,0.8441643040875749,0.9903863382510807,0.9800840906310135
14,sider,SIDER27,va,509,1366,80,43,0.5375,18,25,20,60,0.75,0.4186046511627907,0.6341463414634146,0.1739993040041759,0.7702087635040246,0.6375000000000001
14,sider,SIDER27,te,509,1366,85,52,0.611764705882353,17,35,24,61,0.7176470588235294,0.3269230769230769,0.5693430656934306,0.04723104413413244,0.6709741893151666,0.5433257918552036
15,sider,SIDER27,tr,509,1366,741,365,0.4925775978407557,364,1,17,724,0.9770580296896086,0.9972602739726028,0.9837251356238698,0.9641062681239569,0.9997667316284528,0.9995193463109829
15,sider,SIDER27,va,509,1366,78,45,0.5769230769230769,17,28,17,61,0.782051282051282,0.37777777777777777,0.6341463414634146,0.17213724231852884,0.7269341629407682,0.6037037037037036
15,sider,SIDER27,te,509,1366,89,48,0.5393258426966292,19,29,28,61,0.6853932584269663,0.3958333333333333,0.583941605839416,0.08162884830070359,0.7195618878199165,0.5496254681647941
