split,dataset,subtask,set,num_of_retained_feature,num_of_compounds,postives,negtives,negtives/postives,tn,fp,fn,tp,se,sp,acc,mcc,auc_prc,auc_roc
1,sider,SIDER1,tr,118,1366,595,511,0.8588235294117647,452,59,52,543,0.9126050420168067,0.8845401174168297,0.8996383363471971,0.7979815171208173,0.9781855571368936,0.9719811212156095
1,sider,SIDER1,va,118,1366,62,61,0.9838709677419355,38,23,22,40,0.6451612903225806,0.6229508196721312,0.6341463414634146,0.26818302974466113,0.7342521811842229,0.6861448968799577
1,sider,SIDER1,te,118,1366,77,60,0.7792207792207793,36,24,17,60,0.7792207792207793,0.6,0.7007299270072993,0.386309631572103,0.7833210466847838,0.7439393939393939
2,sider,SIDER1,tr,118,1366,597,509,0.8525963149078727,467,42,44,553,0.9262981574539364,0.9174852652259332,0.9222423146473779,0.8435447223561793,0.9815784533727672,0.9762499465237122
2,sider,SIDER1,va,118,1366,64,59,0.921875,40,19,12,52,0.8125,0.6779661016949152,0.7479674796747967,0.49601423838991915,0.6872256025900921,0.7521186440677967
2,sider,SIDER1,te,118,1366,73,64,0.8767123287671232,28,36,18,55,0.7534246575342466,0.4375,0.6058394160583942,0.2017036816324317,0.737250946257991,0.6875
3,sider,SIDER1,tr,118,1366,599,507,0.8464106844741235,461,46,42,557,0.9298831385642737,0.9092702169625246,0.9204339963833634,0.8396843865262422,0.9847951915679107,0.9793278080166484
3,sider,SIDER1,va,118,1366,63,60,0.9523809523809523,38,22,13,50,0.7936507936507936,0.6333333333333333,0.7154471544715447,0.4332178016403016,0.7774458643777304,0.8021164021164021
3,sider,SIDER1,te,118,1366,72,65,0.9027777777777778,42,23,23,49,0.6805555555555556,0.6461538461538462,0.6642335766423357,0.32670940170940166,0.6940191850437525,0.724145299145299
4,sider,SIDER1,tr,118,1366,601,505,0.8402662229617305,463,42,47,554,0.9217970049916805,0.9168316831683169,0.9195298372513563,0.8380007783098495,0.9824643243688341,0.9760695869919771
4,sider,SIDER1,va,118,1366,65,58,0.8923076923076924,37,21,9,56,0.8615384615384616,0.6379310344827587,0.7560975609756098,0.5152943332320696,0.7484595843549582,0.7790450928381963
4,sider,SIDER1,te,118,1366,68,69,1.0147058823529411,39,30,20,48,0.7058823529411765,0.5652173913043478,0.635036496350365,0.27373781882503234,0.6413566293534744,0.6922421142369991
5,sider,SIDER1,tr,118,1366,596,510,0.8557046979865772,460,50,49,547,0.9177852348993288,0.9019607843137255,0.9104882459312839,0.8198633590223746,0.9811961717725743,0.9767074615080931
5,sider,SIDER1,va,118,1366,62,61,0.9838709677419355,35,26,9,53,0.8548387096774194,0.5737704918032787,0.7154471544715447,0.44707704185961433,0.7128973104501825,0.7459016393442622
5,sider,SIDER1,te,118,1366,76,61,0.8026315789473685,32,29,21,55,0.7236842105263158,0.5245901639344263,0.635036496350365,0.2533529888774086,0.641599748153044,0.65595340811044
6,sider,SIDER1,tr,118,1366,609,497,0.8160919540229885,450,47,44,565,0.9277504105090312,0.9054325955734407,0.9177215189873418,0.833658261730103,0.9834088090868329,0.9780357018961058
6,sider,SIDER1,va,118,1366,61,62,1.0163934426229508,44,18,11,50,0.819672131147541,0.7096774193548387,0.7642276422764228,0.5323135359569944,0.8484232985266076,0.8574828133262824
6,sider,SIDER1,te,118,1366,64,73,1.140625,40,33,17,47,0.734375,0.547945205479452,0.635036496350365,0.28576626407161276,0.6255214341136689,0.6755136986301371
7,sider,SIDER1,tr,118,1366,582,524,0.9003436426116839,475,49,47,535,0.9192439862542955,0.9064885496183206,0.9132007233273056,0.8258950400632499,0.9782261066679543,0.9743710815560976
7,sider,SIDER1,va,118,1366,73,50,0.684931506849315,31,19,20,53,0.726027397260274,0.62,0.6829268292682927,0.3449892655412705,0.7709893605691915,0.718904109589041
7,sider,SIDER1,te,118,1366,79,58,0.7341772151898734,35,23,20,59,0.7468354430379747,0.603448275862069,0.6861313868613139,0.353068703964847,0.7954696358515263,0.7322130074203406
8,sider,SIDER1,tr,118,1366,598,508,0.8494983277591973,462,46,51,547,0.9147157190635451,0.9094488188976378,0.9122965641952984,0.8235886306873968,0.9807901089150994,0.9745806230742897
8,sider,SIDER1,va,118,1366,60,63,1.05,38,25,18,42,0.7,0.6031746031746031,0.6504065040650406,0.30430374899423157,0.6789671459195006,0.7264550264550265
8,sider,SIDER1,te,118,1366,76,61,0.8026315789473685,36,25,19,57,0.75,0.5901639344262295,0.6788321167883211,0.34488293736516434,0.6923861360075523,0.7040552200172562
9,sider,SIDER1,tr,118,1366,594,512,0.8619528619528619,466,46,45,549,0.9242424242424242,0.91015625,0.9177215189873418,0.8345125560102403,0.9809729817531044,0.9764638573232324
9,sider,SIDER1,va,118,1366,67,56,0.835820895522388,34,22,23,44,0.6567164179104478,0.6071428571428571,0.6341463414634146,0.2635083515371326,0.7225675230380519,0.7249466950959488
9,sider,SIDER1,te,118,1366,73,64,0.8767123287671232,29,35,24,49,0.6712328767123288,0.453125,0.5693430656934306,0.1273934612665198,0.6848226686393275,0.6303510273972602
10,sider,SIDER1,tr,118,1366,598,508,0.8494983277591973,457,51,39,559,0.9347826086956522,0.8996062992125984,0.918625678119349,0.8360749556401967,0.9802137211479446,0.9757064229847523
10,sider,SIDER1,va,118,1366,70,53,0.7571428571428571,39,14,21,49,0.7,0.7358490566037735,0.7154471544715447,0.4317945586508739,0.82411015142783,0.7741239892183288
10,sider,SIDER1,te,118,1366,66,71,1.0757575757575757,41,30,14,52,0.7878787878787878,0.5774647887323944,0.6788321167883211,0.3724040087208842,0.7052281530746205,0.7437046521553564
11,sider,SIDER1,tr,118,1366,602,504,0.8372093023255814,448,56,41,561,0.9318936877076412,0.8888888888888888,0.9122965641952984,0.82308489367663,0.9809472066363518,0.9750533934504034
11,sider,SIDER1,va,118,1366,64,59,0.921875,34,25,12,52,0.8125,0.576271186440678,0.6991869918699187,0.4014077788020687,0.7422989003096854,0.7611228813559321
11,sider,SIDER1,te,118,1366,68,69,1.0147058823529411,33,36,17,51,0.75,0.4782608695652174,0.6131386861313869,0.2370641269780184,0.6751191110043686,0.6922421142369991
12,sider,SIDER1,tr,118,1366,590,516,0.8745762711864407,471,45,47,543,0.9203389830508475,0.9127906976744186,0.9168173598553345,0.8329327155905402,0.9816808770672838,0.9776671922217843
12,sider,SIDER1,va,118,1366,65,58,0.8923076923076924,41,17,14,51,0.7846153846153846,0.7068965517241379,0.7479674796747967,0.49347930352202357,0.8254344344522402,0.7933687002652521
12,sider,SIDER1,te,118,1366,79,58,0.7341772151898734,42,16,27,52,0.6582278481012658,0.7241379310344828,0.6861313868613139,0.3778570744075658,0.8334333603679371,0.781972937581842
13,sider,SIDER1,tr,118,1366,592,514,0.8682432432432432,455,59,49,543,0.9172297297297297,0.8852140077821011,0.9023508137432188,0.8036065928141637,0.9788767128701018,0.9735250815017352
13,sider,SIDER1,va,118,1366,72,51,0.7083333333333334,32,19,18,54,0.75,0.6274509803921569,0.6991869918699187,0.3785867949645296,0.8107623411897639,0.7930283224400871
13,sider,SIDER1,te,118,1366,70,67,0.9571428571428572,38,29,15,55,0.7857142857142857,0.5671641791044776,0.6788321167883211,0.36218795140953863,0.6634169188920909,0.6901918976545842
14,sider,SIDER1,tr,118,1366,610,496,0.8131147540983606,447,49,57,553,0.9065573770491804,0.9012096774193549,0.9041591320072333,0.806637443924007,0.9794256276298531,0.9727029349550502
14,sider,SIDER1,va,118,1366,61,62,1.0163934426229508,38,24,14,47,0.7704918032786885,0.6129032258064516,0.6910569105691057,0.3880399087652493,0.7562489752748222,0.7673188789000529
14,sider,SIDER1,te,118,1366,63,74,1.1746031746031746,38,36,23,40,0.6349206349206349,0.5135135135135135,0.5693430656934306,0.14884979683631405,0.5576982493516401,0.6306306306306306
15,sider,SIDER1,tr,118,1366,593,513,0.8650927487352446,454,59,44,549,0.9258010118043845,0.884990253411306,0.906871609403255,0.8126969493779655,0.9805008680264091,0.9756187358033457
15,sider,SIDER1,va,118,1366,65,58,0.8923076923076924,32,26,21,44,0.676923076923077,0.5517241379310345,0.6178861788617886,0.23048869867474486,0.7343483976830598,0.716180371352785
15,sider,SIDER1,te,118,1366,76,61,0.8026315789473685,44,17,24,52,0.6842105263157895,0.7213114754098361,0.7007299270072993,0.4030947426293437,0.7964235318782866,0.7556082830025884
1,sider,SIDER2,tr,118,1366,762,344,0.45144356955380577,336,8,26,736,0.9658792650918635,0.9767441860465116,0.969258589511754,0.9299384271458707,0.9967723212487198,0.992026796069096
1,sider,SIDER2,va,118,1366,82,41,0.5,15,26,19,63,0.7682926829268293,0.36585365853658536,0.6341463414634146,0.14139798660049166,0.7548554219493103,0.6421772754312909
1,sider,SIDER2,te,118,1366,112,25,0.22321428571428573,6,19,25,87,0.7767857142857143,0.24,0.6788321167883211,0.015494767453904214,0.836287584422069,0.577142857142857
2,sider,SIDER2,tr,118,1366,784,322,0.4107142857142857,312,10,38,746,0.951530612244898,0.968944099378882,0.9566003616636528,0.8990894648450273,0.9979452537448985,0.9949375713018127
2,sider,SIDER2,va,118,1366,78,45,0.5769230769230769,13,32,14,64,0.8205128205128205,0.28888888888888886,0.6260162601626016,0.12730931094034356,0.7461788022322071,0.6347578347578348
2,sider,SIDER2,te,118,1366,94,43,0.4574468085106383,20,23,13,81,0.8617021276595744,0.46511627906976744,0.7372262773722628,0.35467536425875495,0.8939457998115873,0.7783275606135577
3,sider,SIDER2,tr,118,1366,768,338,0.4401041666666667,319,19,34,734,0.9557291666666666,0.9437869822485208,0.9520795660036167,0.8889208317432925,0.9954635413489787,0.9886895956607497
3,sider,SIDER2,va,118,1366,86,37,0.43023255813953487,15,22,21,65,0.7558139534883721,0.40540540540540543,0.6504065040650406,0.1625011357780406,0.8155569688911848,0.6225644248900063
3,sider,SIDER2,te,118,1366,102,35,0.3431372549019608,8,27,27,75,0.7352941176470589,0.22857142857142856,0.6058394160583942,-0.036134453781512595,0.7907224671922255,0.5711484593837536
4,sider,SIDER2,tr,118,1366,782,324,0.4143222506393862,315,9,29,753,0.9629156010230179,0.9722222222222222,0.9656419529837251,0.9193794619667786,0.9971858890778706,0.9927417827034195
4,sider,SIDER2,va,118,1366,87,36,0.41379310344827586,16,20,13,74,0.8505747126436781,0.4444444444444444,0.7317073170731707,0.3162264326310816,0.89594636511579,0.765006385696041
4,sider,SIDER2,te,118,1366,87,50,0.5747126436781609,16,34,11,76,0.8735632183908046,0.32,0.6715328467153284,0.234255199041125,0.7491041579056127,0.6505747126436783
5,sider,SIDER2,tr,118,1366,770,336,0.43636363636363634,322,14,24,746,0.9688311688311688,0.9583333333333334,0.9656419529837251,0.9196592670563121,0.997658748495998,0.9944805194805195
5,sider,SIDER2,va,118,1366,90,33,0.36666666666666664,15,18,17,73,0.8111111111111111,0.45454545454545453,0.7154471544715447,0.26828913992941,0.7756545737643246,0.6595959595959596
5,sider,SIDER2,te,118,1366,96,41,0.4270833333333333,12,29,13,83,0.8645833333333334,0.2926829268292683,0.6934306569343066,0.18645931674290844,0.817102401313187,0.6628556910569107
6,sider,SIDER2,tr,118,1366,793,313,0.39470365699873894,302,11,39,754,0.9508196721311475,0.9648562300319489,0.9547920433996383,0.8931875078214485,0.9968229052887824,0.9913621182148915
6,sider,SIDER2,va,118,1366,79,44,0.5569620253164557,15,29,11,68,0.8607594936708861,0.3409090909090909,0.6747967479674797,0.23675850717114244,0.7824668975284316,0.693325661680092
6,sider,SIDER2,te,118,1366,84,53,0.6309523809523809,16,37,12,72,0.8571428571428571,0.3018867924528302,0.6423357664233577,0.19207171545382304,0.7813083898976078,0.646900269541779
7,sider,SIDER2,tr,118,1366,766,340,0.44386422976501305,332,8,39,727,0.9490861618798956,0.9764705882352941,0.9575045207956601,0.9045368649099798,0.9979053749380518,0.995204269697435
7,sider,SIDER2,va,118,1366,91,32,0.3516483516483517,8,24,14,77,0.8461538461538461,0.25,0.6910569105691057,0.11007541176399069,0.7919616796580519,0.5913461538461539
7,sider,SIDER2,te,118,1366,99,38,0.3838383838383838,17,21,19,80,0.8080808080808081,0.4473684210526316,0.708029197080292,0.2598376350510037,0.8323605465443565,0.7078681552365763
8,sider,SIDER2,tr,118,1366,784,322,0.4107142857142857,311,11,45,739,0.9426020408163265,0.9658385093167702,0.9493670886075949,0.8833378668335865,0.9962614680565725,0.9903504880212954
8,sider,SIDER2,va,118,1366,74,49,0.6621621621621622,19,30,12,62,0.8378378378378378,0.3877551020408163,0.6585365853658537,0.25436926974964164,0.7722143605457333,0.7076668505239934
8,sider,SIDER2,te,118,1366,98,39,0.3979591836734694,10,29,20,78,0.7959183673469388,0.2564102564102564,0.6423357664233577,0.05709947801737241,0.7813117075079311,0.6161695447409733
9,sider,SIDER2,tr,118,1366,785,321,0.4089171974522293,311,10,38,747,0.9515923566878981,0.9688473520249221,0.9566003616636528,0.8989220585342437,0.9979875299889825,0.9949758914221084
9,sider,SIDER2,va,118,1366,77,46,0.5974025974025974,27,19,15,62,0.8051948051948052,0.5869565217391305,0.7235772357723578,0.4001389357150125,0.7913350468851686,0.736024844720497
9,sider,SIDER2,te,118,1366,94,43,0.4574468085106383,12,31,18,76,0.8085106382978723,0.27906976744186046,0.6423357664233577,0.09827715851262857,0.7902144538327218,0.6232063334982682
10,sider,SIDER2,tr,118,1366,764,342,0.4476439790575916,329,13,32,732,0.9581151832460733,0.9619883040935673,0.9593128390596745,0.9069110046276535,0.9972470777293199,0.9933177183797189
10,sider,SIDER2,va,118,1366,95,28,0.29473684210526313,11,17,16,79,0.8315789473684211,0.39285714285714285,0.7317073170731707,0.22736102275897746,0.9032894983338474,0.7436090225563908
10,sider,SIDER2,te,118,1366,97,40,0.41237113402061853,12,28,17,80,0.8247422680412371,0.3,0.6715328467153284,0.1388412842538885,0.8760929503583529,0.71340206185567
11,sider,SIDER2,tr,118,1366,784,322,0.4107142857142857,310,12,40,744,0.9489795918367347,0.9627329192546584,0.9529837251356239,0.8905308351640107,0.9963207448305575,0.9903742552921789
11,sider,SIDER2,va,118,1366,85,38,0.4470588235294118,8,30,19,66,0.7764705882352941,0.21052631578947367,0.6016260162601627,-0.014515450885641976,0.7566910115253975,0.6256965944272447
11,sider,SIDER2,te,118,1366,87,50,0.5747126436781609,18,32,21,66,0.7586206896551724,0.36,0.6131386861313869,0.12654929550204572,0.7261741423051122,0.5967816091954024
12,sider,SIDER2,tr,118,1366,773,333,0.4307891332470893,328,5,38,735,0.9508408796895214,0.984984984984985,0.961121157323689,0.9123269527397101,0.9974601734102198,0.9939396058412875
12,sider,SIDER2,va,118,1366,87,36,0.41379310344827586,17,19,19,68,0.7816091954022989,0.4722222222222222,0.6910569105691057,0.25383141762452094,0.7954890151685108,0.6886973180076629
12,sider,SIDER2,te,118,1366,96,41,0.4270833333333333,15,26,18,78,0.8125,0.36585365853658536,0.6788321167883211,0.1910011260574414,0.8004565119535864,0.6310975609756097
13,sider,SIDER2,tr,118,1366,769,337,0.43823146944083224,319,18,27,742,0.9648894668400521,0.9465875370919882,0.9593128390596745,0.9048550007902413,0.9970553641981765,0.9928459249941155
13,sider,SIDER2,va,118,1366,92,31,0.33695652173913043,12,19,16,76,0.8260869565217391,0.3870967741935484,0.7154471544715447,0.2207435386999582,0.8201819319614823,0.6423562412342216
13,sider,SIDER2,te,118,1366,95,42,0.4421052631578947,14,28,18,77,0.8105263157894737,0.3333333333333333,0.6642335766423357,0.15676741814488382,0.8005753659797629,0.6365914786967418
14,sider,SIDER2,tr,118,1366,773,333,0.4307891332470893,327,6,58,715,0.92496765847348,0.9819819819819819,0.9421338155515371,0.8733675256854668,0.9954123930305148,0.9885046754386987
14,sider,SIDER2,va,118,1366,83,40,0.4819277108433735,21,19,18,65,0.7831325301204819,0.525,0.6991869918699187,0.3101948943825364,0.8453802708943434,0.7346385542168674
14,sider,SIDER2,te,118,1366,100,37,0.37,15,22,28,72,0.72,0.40540540540540543,0.635036496350365,0.11998279204933308,0.7979212766843582,0.61
15,sider,SIDER2,tr,118,1366,782,324,0.4143222506393862,318,6,23,759,0.9705882352941176,0.9814814814814815,0.9737793851717902,0.9382892183709484,0.9986146304524544,0.9965228442423668
15,sider,SIDER2,va,118,1366,81,42,0.5185185185185185,17,25,22,59,0.7283950617283951,0.40476190476190477,0.6178861788617886,0.13569351758399514,0.7489475599931648,0.6381540270429159
15,sider,SIDER2,te,118,1366,93,44,0.4731182795698925,21,23,26,67,0.7204301075268817,0.4772727272727273,0.6423357664233577,0.19445115423586565,0.8070871320254884,0.6564027370478983
1,sider,SIDER3,tr,118,1366,16,1090,68.125,1070,20,0,16,1.0,0.981651376146789,0.9819168173598554,0.6605221423311136,0.8967039706919767,0.9976490825688074
1,sider,SIDER3,va,118,1366,3,120,40.0,119,1,3,0,0.0,0.9916666666666667,0.967479674796748,-0.014314958357845076,0.03258685364333727,0.5222222222222221
1,sider,SIDER3,te,118,1366,2,135,67.5,134,1,2,0,0.0,0.9925925925925926,0.9781021897810219,-0.010437071518084404,0.026878433457380824,0.737037037037037
2,sider,SIDER3,tr,118,1366,16,1090,68.125,1085,5,0,16,1.0,0.9954128440366973,0.9954792043399638,0.8708672607996707,0.9492767138906845,0.9993119266055046
2,sider,SIDER3,va,118,1366,3,120,40.0,118,2,3,0,0.0,0.9833333333333333,0.959349593495935,-0.020327890704542377,0.042794850563995956,0.7333333333333333
2,sider,SIDER3,te,118,1366,2,135,67.5,135,0,2,0,0.0,1.0,0.9854014598540146,0.0,0.01110004686035614,0.37962962962962965
3,sider,SIDER3,tr,118,1366,16,1090,68.125,1089,1,0,16,1.0,0.9990825688073395,0.9990958408679927,0.9696973785343134,0.992172181372549,0.9998853211009174
3,sider,SIDER3,va,118,1366,3,120,40.0,120,0,3,0,0.0,1.0,0.975609756097561,0.0,0.03067964133901449,0.6027777777777777
3,sider,SIDER3,te,118,1366,2,135,67.5,134,1,2,0,0.0,0.9925925925925926,0.9781021897810219,-0.010437071518084404,0.018260420699445088,0.6018518518518519
4,sider,SIDER3,tr,118,1366,18,1088,60.44444444444444,1085,3,0,18,1.0,0.9972426470588235,0.9972875226039783,0.9245428122941121,0.9587782656990604,0.9994383169934641
4,sider,SIDER3,va,118,1366,1,122,122.0,122,0,1,0,0.0,1.0,0.991869918699187,0.0,0.014705882352941176,0.7295081967213114
4,sider,SIDER3,te,118,1366,2,135,67.5,133,2,2,0,0.0,0.9851851851851852,0.9708029197080292,-0.014814814814813799,0.022282980177717022,0.6518518518518518
5,sider,SIDER3,tr,118,1366,17,1089,64.05882352941177,1088,1,0,17,1.0,0.9990817263544536,0.9990958408679927,0.9713790125390956,0.9892685505574779,0.9998379517096094
5,sider,SIDER3,va,118,1366,1,122,122.0,122,0,1,0,0.0,1.0,0.991869918699187,0.0,0.011111111111111112,0.639344262295082
5,sider,SIDER3,te,118,1366,3,134,44.666666666666664,134,0,3,0,0.0,1.0,0.9781021897810219,0.0,0.016680813560632623,0.3893034825870646
6,sider,SIDER3,tr,118,1366,16,1090,68.125,1085,5,0,16,1.0,0.9954128440366973,0.9954792043399638,0.8708672607996707,0.9492767138906845,0.9993119266055046
6,sider,SIDER3,va,118,1366,3,120,40.0,118,2,3,0,0.0,0.9833333333333333,0.959349593495935,-0.020327890704542377,0.042794850563995956,0.7333333333333333
6,sider,SIDER3,te,118,1366,2,135,67.5,135,0,2,0,0.0,1.0,0.9854014598540146,0.0,0.01110004686035614,0.37962962962962965
7,sider,SIDER3,tr,118,1366,18,1088,60.44444444444444,1078,10,0,18,1.0,0.9908088235294118,0.9909584086799277,0.7980905521378916,0.8509989468362062,0.9977532679738562
7,sider,SIDER3,va,118,1366,2,121,60.5,118,3,2,0,0.0,0.9752066115702479,0.959349593495935,-0.020327890704542377,0.025084175084175084,0.6942148760330579
7,sider,SIDER3,te,118,1366,1,136,136.0,134,2,1,0,0.0,0.9852941176470589,0.9781021897810219,-0.010437071518084404,0.004672897196261682,0.22058823529411764
8,sider,SIDER3,tr,118,1366,17,1089,64.05882352941177,1070,19,1,16,0.9411764705882353,0.9825528007346189,0.9819168173598554,0.6491638822379069,0.8047784521120434,0.9970831307729704
8,sider,SIDER3,va,118,1366,1,122,122.0,120,2,1,0,0.0,0.9836065573770492,0.975609756097561,-0.011639716357534026,0.006666666666666667,0.39344262295081966
8,sider,SIDER3,te,118,1366,3,134,44.666666666666664,130,4,3,0,0.0,0.9701492537313433,0.948905109489051,-0.025948508700968834,0.019452461775474945,0.46641791044776115
9,sider,SIDER3,tr,118,1366,18,1088,60.44444444444444,1085,3,1,17,0.9444444444444444,0.9972426470588235,0.9963833634719711,0.8941850550038462,0.9918650793650796,0.9998468137254902
9,sider,SIDER3,va,118,1366,1,122,122.0,122,0,1,0,0.0,1.0,0.991869918699187,0.0,0.014705882352941176,0.7295081967213115
9,sider,SIDER3,te,118,1366,2,135,67.5,135,0,2,0,0.0,1.0,0.9854014598540146,0.0,0.01685026138909634,0.5296296296296297
10,sider,SIDER3,tr,118,1366,18,1088,60.44444444444444,1082,6,1,17,0.9444444444444444,0.9944852941176471,0.9936708860759493,0.8325410348801513,0.8824882238846938,0.9982638888888888
10,sider,SIDER3,va,118,1366,2,121,60.5,121,0,2,0,0.0,1.0,0.983739837398374,0.0,0.034868777056277056,0.7892561983471074
10,sider,SIDER3,te,118,1366,1,136,136.0,135,1,1,0,0.0,0.9926470588235294,0.9854014598540146,-0.0073529411764686,0.1,0.9705882352941175
11,sider,SIDER3,tr,118,1366,18,1088,60.44444444444444,1079,9,1,17,0.9444444444444444,0.9917279411764706,0.9909584086799277,0.7818221584172652,0.9402026589307853,0.9988255718954248
11,sider,SIDER3,va,118,1366,1,122,122.0,120,2,1,0,0.0,0.9836065573770492,0.975609756097561,-0.011639716357534026,0.08333333333333333,0.9590163934426229
11,sider,SIDER3,te,118,1366,2,135,67.5,135,0,2,0,0.0,1.0,0.9854014598540146,0.0,0.011453994119088458,0.40185185185185185
12,sider,SIDER3,tr,118,1366,16,1090,68.125,1085,5,0,16,1.0,0.9954128440366973,0.9954792043399638,0.8708672607996707,0.9492767138906845,0.9993119266055046
12,sider,SIDER3,va,118,1366,3,120,40.0,118,2,3,0,0.0,0.9833333333333333,0.959349593495935,-0.020327890704542377,0.042794850563995956,0.7333333333333333
12,sider,SIDER3,te,118,1366,2,135,67.5,135,0,2,0,0.0,1.0,0.9854014598540146,0.0,0.01110004686035614,0.37962962962962965
13,sider,SIDER3,tr,118,1366,17,1089,64.05882352941177,1083,6,0,17,1.0,0.9944903581267218,0.9945750452079566,0.8573552885410552,0.9272235552444077,0.9988116458704694
13,sider,SIDER3,va,118,1366,2,121,60.5,120,1,2,0,0.0,0.9917355371900827,0.975609756097561,-0.011639716357534026,0.06315789473684211,0.8884297520661156
13,sider,SIDER3,te,118,1366,2,135,67.5,134,1,2,0,0.0,0.9925925925925926,0.9781021897810219,-0.010437071518084404,0.014468056669339749,0.5296296296296297
14,sider,SIDER3,tr,118,1366,15,1091,72.73333333333333,1083,8,0,15,1.0,0.9926672777268561,0.9927667269439421,0.8046065515923548,0.9366344359688012,0.999083409715857
14,sider,SIDER3,va,118,1366,3,120,40.0,119,1,3,0,0.0,0.9916666666666667,0.967479674796748,-0.014314958357845076,0.03818929745507568,0.5819444444444444
14,sider,SIDER3,te,118,1366,3,134,44.666666666666664,133,1,3,0,0.0,0.9925373134328358,0.9708029197080292,-0.012830357985666504,0.09640337832685121,0.7338308457711442
15,sider,SIDER3,tr,118,1366,13,1093,84.07692307692308,1093,0,0,13,1.0,1.0,1.0,1.0,0.9999999999999998,1.0
15,sider,SIDER3,va,118,1366,2,121,60.5,121,0,2,0,0.0,1.0,0.983739837398374,0.0,0.1027327935222672,0.8388429752066116
15,sider,SIDER3,te,118,1366,6,131,21.833333333333332,131,0,6,0,0.0,1.0,0.9562043795620438,0.0,0.060411642114456536,0.5712468193384224
1,sider,SIDER4,tr,118,1366,670,436,0.6507462686567164,425,11,13,657,0.9805970149253731,0.9747706422018348,0.9783001808318263,0.9546098124011709,0.9983332655473596,0.997141585649733
1,sider,SIDER4,va,118,1366,84,39,0.4642857142857143,19,20,18,66,0.7857142857142857,0.48717948717948717,0.6910569105691057,0.27689523654228715,0.8575683140705161,0.7438949938949939
1,sider,SIDER4,te,118,1366,99,38,0.3838383838383838,14,24,15,84,0.8484848484848485,0.3684210526315789,0.7153284671532847,0.2377222797366858,0.8612729577189244,0.7054758107389686
2,sider,SIDER4,tr,118,1366,704,402,0.5710227272727273,397,5,19,685,0.9730113636363636,0.9875621890547264,0.9783001808318263,0.9538031898723685,0.998457762631151,0.9969506162369968
2,sider,SIDER4,va,118,1366,71,52,0.7323943661971831,25,27,20,51,0.7183098591549296,0.4807692307692308,0.6178861788617886,0.20417517414283198,0.6513046446069846,0.6473456121343446
2,sider,SIDER4,te,118,1366,78,59,0.7564102564102564,21,38,14,64,0.8205128205128205,0.3559322033898305,0.6204379562043796,0.2003312099298946,0.618580304850855,0.5919165580182529
3,sider,SIDER4,tr,118,1366,695,411,0.5913669064748202,405,6,12,683,0.9827338129496402,0.9854014598540146,0.9837251356238698,0.9653209201260398,0.9991263606378891,0.9983230933501375
3,sider,SIDER4,va,118,1366,68,55,0.8088235294117647,26,29,14,54,0.7941176470588235,0.4727272727272727,0.6504065040650406,0.2832211607339875,0.7327952447947224,0.7144385026737967
3,sider,SIDER4,te,118,1366,90,47,0.5222222222222223,22,25,17,73,0.8111111111111111,0.46808510638297873,0.6934306569343066,0.29372057691828796,0.7761816292670248,0.706146572104019
4,sider,SIDER4,tr,118,1366,690,416,0.6028985507246377,404,12,8,682,0.9884057971014493,0.9711538461538461,0.9819168173598554,0.9614237399706776,0.9990016978874097,0.998021181716834
4,sider,SIDER4,va,118,1366,77,46,0.5974025974025974,19,27,14,63,0.8181818181818182,0.41304347826086957,0.6666666666666666,0.25251163775331686,0.7150162460160152,0.6208356860530773
4,sider,SIDER4,te,118,1366,86,51,0.5930232558139535,18,33,17,69,0.8023255813953488,0.35294117647058826,0.635036496350365,0.17209913606677643,0.8200867830316847,0.6851345189238487
5,sider,SIDER4,tr,118,1366,685,421,0.6145985401459854,413,8,13,672,0.981021897810219,0.9809976247030879,0.9810126582278481,0.9598667837302584,0.9986940010912516,0.997593494807289
5,sider,SIDER4,va,118,1366,72,51,0.7083333333333334,20,31,16,56,0.7777777777777778,0.39215686274509803,0.6178861788617886,0.18400192930845027,0.7326137765735772,0.6636710239651417
5,sider,SIDER4,te,118,1366,96,41,0.4270833333333333,15,26,18,78,0.8125,0.36585365853658536,0.6788321167883211,0.1910011260574414,0.7350483295757629,0.5785060975609756
6,sider,SIDER4,tr,118,1366,694,412,0.5936599423631124,404,8,15,679,0.978386167146974,0.9805825242718447,0.9792043399638336,0.9557567892105848,0.9980832561847502,0.9964256735961501
6,sider,SIDER4,va,118,1366,74,49,0.6621621621621622,25,24,18,56,0.7567567567567568,0.5102040816326531,0.6585365853658537,0.2740830863888937,0.7822038107147465,0.6902923331494759
6,sider,SIDER4,te,118,1366,85,52,0.611764705882353,27,25,18,67,0.788235294117647,0.5192307692307693,0.6861313868613139,0.3176933699600061,0.7985539476319349,0.7278280542986426
7,sider,SIDER4,tr,118,1366,697,409,0.5868005738880918,401,8,17,680,0.975609756097561,0.980440097799511,0.9773960216998192,0.9518668944788812,0.9979722139378654,0.9960150557927268
7,sider,SIDER4,va,118,1366,75,48,0.64,15,33,16,59,0.7866666666666666,0.3125,0.6016260162601627,0.11141462558312926,0.7403075305335545,0.6283333333333333
7,sider,SIDER4,te,118,1366,81,56,0.691358024691358,25,31,27,54,0.6666666666666666,0.44642857142857145,0.5766423357664233,0.1145696819550043,0.687769280074467,0.6157407407407407
8,sider,SIDER4,tr,118,1366,688,418,0.6075581395348837,409,9,17,671,0.9752906976744186,0.9784688995215312,0.976491862567812,0.9503028356336994,0.9982505699513542,0.9966931400912429
8,sider,SIDER4,va,118,1366,74,49,0.6621621621621622,24,25,16,58,0.7837837837837838,0.4897959183673469,0.6666666666666666,0.28590959505823144,0.755352683269315,0.6828461114175401
8,sider,SIDER4,te,118,1366,91,46,0.5054945054945055,16,30,12,79,0.8681318681318682,0.34782608695652173,0.6934306569343066,0.2529161451438236,0.8180952503487023,0.7073578595317725
9,sider,SIDER4,tr,118,1366,701,405,0.5777460770328102,395,10,15,686,0.978601997146933,0.9753086419753086,0.9773960216998192,0.951475620689879,0.9981203978702957,0.9961501206389463
9,sider,SIDER4,va,118,1366,73,50,0.684931506849315,24,26,18,55,0.7534246575342466,0.48,0.6422764227642277,0.2417831369396971,0.8105670356924755,0.706027397260274
9,sider,SIDER4,te,118,1366,79,58,0.7341772151898734,18,40,14,65,0.8227848101265823,0.3103448275862069,0.6058394160583942,0.1554650081253945,0.6992886785342485,0.6252728066346573
10,sider,SIDER4,tr,118,1366,690,416,0.6028985507246377,405,11,9,681,0.9869565217391304,0.9735576923076923,0.9819168173598554,0.961439119618892,0.9991158505410612,0.9983939520624303
10,sider,SIDER4,va,118,1366,79,44,0.5569620253164557,21,23,16,63,0.7974683544303798,0.4772727272727273,0.6829268292682927,0.28715302787231284,0.7848894189165228,0.6800920598388953
10,sider,SIDER4,te,118,1366,84,53,0.6309523809523809,15,38,18,66,0.7857142857142857,0.2830188679245283,0.5912408759124088,0.07828349542916144,0.710179007224675,0.6150044923629829
11,sider,SIDER4,tr,118,1366,688,418,0.6075581395348837,402,16,11,677,0.9840116279069767,0.9617224880382775,0.9755877034358047,0.9480031332178291,0.9976650661964559,0.9952744241682431
11,sider,SIDER4,va,118,1366,70,53,0.7571428571428571,23,30,13,57,0.8142857142857143,0.4339622641509434,0.6504065040650406,0.2701853510597024,0.7156898304796916,0.668733153638814
11,sider,SIDER4,te,118,1366,95,42,0.4421052631578947,16,26,21,74,0.7789473684210526,0.38095238095238093,0.656934306569343,0.1660478928797275,0.7808036404206642,0.6162907268170426
12,sider,SIDER4,tr,118,1366,704,402,0.5710227272727273,393,9,10,694,0.9857954545454546,0.9776119402985075,0.9828209764918626,0.962895475543521,0.9989980319696419,0.9980989936680236
12,sider,SIDER4,va,118,1366,70,53,0.7571428571428571,15,38,18,52,0.7428571428571429,0.2830188679245283,0.5447154471544715,0.02892051707861429,0.6902489467349747,0.5954177897574123
12,sider,SIDER4,te,118,1366,79,58,0.7341772151898734,22,36,14,65,0.8227848101265823,0.3793103448275862,0.635036496350365,0.22686709342010503,0.6600406947023946,0.6263640331732867
13,sider,SIDER4,tr,118,1366,685,421,0.6145985401459854,411,10,14,671,0.9795620437956204,0.9762470308788599,0.9783001808318263,0.954090259738332,0.9978622685447122,0.9958735717877143
13,sider,SIDER4,va,118,1366,82,41,0.5,18,23,18,64,0.7804878048780488,0.43902439024390244,0.6666666666666666,0.22742941307367093,0.7481623701437905,0.6317668054729327
13,sider,SIDER4,te,118,1366,86,51,0.5930232558139535,19,32,20,66,0.7674418604651163,0.37254901960784315,0.6204379562043796,0.14996458710250204,0.802161577908886,0.6746466028271774
14,sider,SIDER4,tr,118,1366,677,429,0.6336779911373708,425,4,15,662,0.9778434268833087,0.9906759906759907,0.9828209764918626,0.9642016265821742,0.9977852157060784,0.9958097048200446
14,sider,SIDER4,va,118,1366,84,39,0.4642857142857143,20,19,19,65,0.7738095238095238,0.5128205128205128,0.6910569105691057,0.2866300366300365,0.8345114059165072,0.7048229548229549
14,sider,SIDER4,te,118,1366,92,45,0.4891304347826087,14,31,17,75,0.8152173913043478,0.3111111111111111,0.6496350364963503,0.14179722730404615,0.7577695845199195,0.6130434782608696
15,sider,SIDER4,tr,118,1366,693,413,0.5959595959595959,408,5,18,675,0.974025974025974,0.9878934624697336,0.9792043399638336,0.9561391197050971,0.9983846455312114,0.9968274931955319
15,sider,SIDER4,va,118,1366,71,52,0.7323943661971831,25,27,19,52,0.7323943661971831,0.4807692307692308,0.6260162601626016,0.21968681993435005,0.6788301043597263,0.643011917659805
15,sider,SIDER4,te,118,1366,89,48,0.5393258426966292,22,26,22,67,0.7528089887640449,0.4583333333333333,0.6496350364963503,0.21573623887377047,0.7504679343968579,0.6512172284644194
1,sider,SIDER5,tr,118,1366,893,213,0.23852183650615902,193,20,64,829,0.9283314669652856,0.9061032863849765,0.9240506329113924,0.7790897812975109,0.9933541024678505,0.9716312056737588
1,sider,SIDER5,va,118,1366,93,30,0.3225806451612903,10,20,13,80,0.8602150537634409,0.3333333333333333,0.7317073170731707,0.21317081233465449,0.875102331225827,0.6935483870967741
1,sider,SIDER5,te,118,1366,121,16,0.1322314049586777,5,11,18,103,0.8512396694214877,0.3125,0.7883211678832117,0.14069875096366388,0.950370265399089,0.7298553719008266
2,sider,SIDER5,tr,118,1366,899,207,0.23025583982202447,189,18,53,846,0.9410456062291435,0.9130434782608695,0.9358047016274864,0.8057561627475667,0.9951237739378416,0.9773930239181485
2,sider,SIDER5,va,118,1366,101,22,0.21782178217821782,6,16,15,86,0.8514851485148515,0.2727272727272727,0.7479674796747967,0.12651071828395352,0.9303704423728753,0.7106210621062106
2,sider,SIDER5,te,118,1366,107,30,0.2803738317757009,8,22,14,93,0.8691588785046729,0.26666666666666666,0.7372262773722628,0.15299375803576665,0.8994620433162019,0.7218068535825545
3,sider,SIDER5,tr,118,1366,898,208,0.23162583518930957,191,17,56,842,0.9376391982182628,0.9182692307692307,0.933996383363472,0.8030675557677575,0.9949566479187513,0.9768502655473702
3,sider,SIDER5,va,118,1366,98,25,0.25510204081632654,7,18,12,86,0.8775510204081632,0.28,0.7560975609756098,0.17543279893474997,0.9084624711427561,0.7081632653061224
3,sider,SIDER5,te,118,1366,111,26,0.23423423423423423,9,17,19,92,0.8288288288288288,0.34615384615384615,0.7372262773722628,0.1701574427690487,0.8736948627592069,0.681912681912682
4,sider,SIDER5,tr,118,1366,909,197,0.21672167216721672,178,19,54,855,0.9405940594059405,0.9035532994923858,0.933996383363472,0.7932929814646469,0.9953791436487868,0.9780089684095314
4,sider,SIDER5,va,118,1366,92,31,0.33695652173913043,13,18,9,83,0.9021739130434783,0.41935483870967744,0.7804878048780488,0.36426928037071926,0.8767885354778924,0.7359747545582048
4,sider,SIDER5,te,118,1366,106,31,0.29245283018867924,8,23,9,97,0.9150943396226415,0.25806451612903225,0.7664233576642335,0.21976746726481444,0.89681484696716,0.7361533779671333
5,sider,SIDER5,tr,118,1366,889,217,0.2440944881889764,196,21,44,845,0.9505061867266592,0.9032258064516129,0.9412296564195298,0.8225034669701222,0.994221325950694,0.9751908891572885
5,sider,SIDER5,va,118,1366,105,18,0.17142857142857143,7,11,10,95,0.9047619047619048,0.3888888888888889,0.8292682926829268,0.30073549360227353,0.9432955238662806,0.7746031746031745
5,sider,SIDER5,te,118,1366,113,24,0.21238938053097345,7,17,12,101,0.8938053097345132,0.2916666666666667,0.7883211678832117,0.20398833742724282,0.8707341368843762,0.6360619469026549
6,sider,SIDER5,tr,118,1366,906,200,0.22075055187637968,183,17,66,840,0.9271523178807947,0.915,0.9249547920433996,0.776032054551717,0.9945349746340738,0.9738355408388522
6,sider,SIDER5,va,118,1366,94,29,0.30851063829787234,9,20,7,87,0.925531914893617,0.3103448275862069,0.7804878048780488,0.2976433384119464,0.9017406026066725,0.7846661775495231
6,sider,SIDER5,te,118,1366,107,30,0.2803738317757009,4,26,13,94,0.8785046728971962,0.13333333333333333,0.7153284671532847,0.014849642445687594,0.826468262921861,0.554828660436137
7,sider,SIDER5,tr,118,1366,898,208,0.23162583518930957,181,27,52,846,0.9420935412026726,0.8701923076923077,0.9285714285714286,0.7783835349121331,0.9939824595466941,0.9735362771971904
7,sider,SIDER5,va,118,1366,100,23,0.23,7,16,9,91,0.91,0.30434782608695654,0.7967479674796748,0.24844549208137084,0.905622221261571,0.7086956521739131
7,sider,SIDER5,te,118,1366,109,28,0.25688073394495414,7,21,18,91,0.8348623853211009,0.25,0.7153284671532847,0.08859893138295646,0.8973905808810803,0.6795543905635649
8,sider,SIDER5,tr,118,1366,898,208,0.23162583518930957,191,17,72,826,0.9198218262806236,0.9182692307692307,0.9195298372513563,0.7692533225924236,0.9941887237042217,0.9738200274113414
8,sider,SIDER5,va,118,1366,92,31,0.33695652173913043,7,24,9,83,0.9021739130434783,0.22580645161290322,0.7317073170731707,0.16518333255070838,0.8944664278750096,0.717391304347826
8,sider,SIDER5,te,118,1366,117,20,0.17094017094017094,10,10,14,103,0.8803418803418803,0.5,0.8248175182481752,0.3532947919149119,0.9092131173520894,0.6799145299145299
9,sider,SIDER5,tr,118,1366,902,204,0.2261640798226164,186,18,79,823,0.9124168514412417,0.9117647058823529,0.9122965641952984,0.7488939286288124,0.9937293033511256,0.9716805791052563
9,sider,SIDER5,va,118,1366,92,31,0.33695652173913043,10,21,17,75,0.8152173913043478,0.3225806451612903,0.6910569105691057,0.14454407398862754,0.8722614711693945,0.6844319775596074
9,sider,SIDER5,te,118,1366,113,24,0.21238938053097345,8,16,14,99,0.8761061946902655,0.3333333333333333,0.781021897810219,0.21684191425467084,0.901842700753829,0.6755162241887905
10,sider,SIDER5,tr,118,1366,902,204,0.2261640798226164,188,16,60,842,0.9334811529933481,0.9215686274509803,0.9312839059674503,0.7951338967922668,0.9956207957596469,0.9800226077127081
10,sider,SIDER5,va,118,1366,99,24,0.24242424242424243,9,15,9,90,0.9090909090909091,0.375,0.8048780487804879,0.3185294946485156,0.9085747152818028,0.7167508417508417
10,sider,SIDER5,te,118,1366,106,31,0.29245283018867924,10,21,10,96,0.9056603773584906,0.3225806451612903,0.7737226277372263,0.2704702828122621,0.9114901529374041,0.76049908703591
11,sider,SIDER5,tr,118,1366,893,213,0.23852183650615902,191,22,49,844,0.9451287793952967,0.8967136150234741,0.9358047016274864,0.8053446110191554,0.9953793007971307,0.9796119005935576
11,sider,SIDER5,va,118,1366,100,23,0.23,7,16,18,82,0.82,0.30434782608695654,0.7235772357723578,0.1204811413151444,0.8974941270158212,0.6417391304347826
11,sider,SIDER5,te,118,1366,114,23,0.20175438596491227,10,13,11,103,0.9035087719298246,0.43478260869565216,0.8248175182481752,0.3509688997063453,0.9522062370235543,0.799771167048055
12,sider,SIDER5,tr,118,1366,901,205,0.22752497225305215,188,17,60,841,0.9334073251942286,0.9170731707317074,0.930379746835443,0.7923812677393588,0.994055965662699,0.9726915892910315
12,sider,SIDER5,va,118,1366,98,25,0.25510204081632654,8,17,11,87,0.8877551020408163,0.32,0.7723577235772358,0.2313349602533361,0.9168014241957799,0.7269387755102041
12,sider,SIDER5,te,118,1366,108,29,0.26851851851851855,8,21,21,87,0.8055555555555556,0.27586206896551724,0.6934306569343066,0.08141762452107276,0.8285554834861898,0.5922733077905491
13,sider,SIDER5,tr,118,1366,893,213,0.23852183650615902,195,18,68,825,0.9238521836506159,0.9154929577464789,0.9222423146473779,0.7774356477218655,0.9937050118628143,0.9721096267789641
13,sider,SIDER5,va,118,1366,104,19,0.18269230769230768,5,14,15,89,0.8557692307692307,0.2631578947368421,0.7642276422764228,0.11647716242244231,0.941783421936733,0.7302631578947368
13,sider,SIDER5,te,118,1366,110,27,0.24545454545454545,8,19,16,94,0.8545454545454545,0.2962962962962963,0.7445255474452555,0.15785376570893006,0.8365333427113016,0.6205387205387205
14,sider,SIDER5,tr,118,1366,896,210,0.234375,195,15,64,832,0.9285714285714286,0.9285714285714286,0.9285714285714286,0.7938259199588737,0.9939829639702324,0.9733843537414966
14,sider,SIDER5,va,118,1366,100,23,0.23,8,15,15,85,0.85,0.34782608695652173,0.7560975609756098,0.19782608695652154,0.9048715652070547,0.6865217391304348
14,sider,SIDER5,te,118,1366,111,26,0.23423423423423423,7,19,19,92,0.8288288288288288,0.2692307692307692,0.7226277372262774,0.09805959805959799,0.8286495358673134,0.5710325710325711
15,sider,SIDER5,tr,118,1366,894,212,0.2371364653243848,194,18,61,833,0.9317673378076062,0.9150943396226415,0.9285714285714286,0.7914332645090458,0.9939092207761362,0.9727322611962348
15,sider,SIDER5,va,118,1366,99,24,0.24242424242424243,6,18,17,82,0.8282828282828283,0.25,0.7154471544715447,0.07956568536259846,0.8869038393894633,0.6675084175084175
15,sider,SIDER5,te,118,1366,114,23,0.20175438596491227,14,9,20,94,0.8245614035087719,0.6086956521739131,0.7883211678832117,0.37489005251162266,0.9524401346546963,0.7967200610221205
1,sider,SIDER6,tr,118,1366,777,329,0.42342342342342343,275,54,70,707,0.9099099099099099,0.8358662613981763,0.8878842676311031,0.7358937006564652,0.9787836438347676,0.9494470588695512
1,sider,SIDER6,va,118,1366,80,43,0.5375,13,30,19,61,0.7625,0.3023255813953488,0.6016260162601627,0.0704579424350798,0.7797806604251711,0.6223837209302325
1,sider,SIDER6,te,118,1366,105,32,0.3047619047619048,11,21,18,87,0.8285714285714286,0.34375,0.7153284671532847,0.17848348956742852,0.8691579214372744,0.649702380952381
2,sider,SIDER6,tr,118,1366,784,322,0.4107142857142857,262,60,86,698,0.8903061224489796,0.8136645962732919,0.8679927667269439,0.6886782031671553,0.9735740161963993,0.9381516193433895
2,sider,SIDER6,va,118,1366,84,39,0.4642857142857143,17,22,19,65,0.7738095238095238,0.4358974358974359,0.6666666666666666,0.21447363566530056,0.7847085143699332,0.6697191697191698
2,sider,SIDER6,te,118,1366,94,43,0.4574468085106383,22,21,21,73,0.776595744680851,0.5116279069767442,0.6934306569343066,0.28822365165759517,0.7943580700178043,0.6684809500247403
3,sider,SIDER6,tr,118,1366,777,329,0.42342342342342343,272,57,91,686,0.8828828828828829,0.8267477203647416,0.8661844484629295,0.6908648155067224,0.973583815120185,0.9348440928988041
3,sider,SIDER6,va,118,1366,87,36,0.41379310344827586,15,21,31,56,0.6436781609195402,0.4166666666666667,0.5772357723577236,0.05674487570372844,0.801322694123413,0.5897190293742018
3,sider,SIDER6,te,118,1366,98,39,0.3979591836734694,21,18,34,64,0.6530612244897959,0.5384615384615384,0.6204379562043796,0.17631021245408499,0.8014285479508612,0.6274201988487703
4,sider,SIDER6,tr,118,1366,790,316,0.4,251,65,91,699,0.8848101265822785,0.7943037974683544,0.8589511754068716,0.6638041903936928,0.9717991184467705,0.9297548469796506
4,sider,SIDER6,va,118,1366,80,43,0.5375,17,26,17,63,0.7875,0.3953488372093023,0.6504065040650406,0.19495616010716704,0.8233850386760242,0.6808139534883719
4,sider,SIDER6,te,118,1366,92,45,0.4891304347826087,19,26,19,73,0.7934782608695652,0.4222222222222222,0.6715328467153284,0.22627777138910088,0.7551107334493421,0.6471014492753623
5,sider,SIDER6,tr,118,1366,769,337,0.43823146944083224,271,66,86,683,0.8881664499349805,0.8041543026706232,0.8625678119349005,0.6815699798066241,0.9716283760334837,0.9374249960448076
5,sider,SIDER6,va,118,1366,95,28,0.29473684210526313,15,13,17,78,0.8210526315789474,0.5357142857142857,0.7560975609756098,0.34098062996413886,0.8603020520909672,0.7214285714285714
5,sider,SIDER6,te,118,1366,98,39,0.3979591836734694,16,23,21,77,0.7857142857142857,0.41025641025641024,0.6788321167883211,0.19917536160585889,0.8660951307654347,0.6980638409209837
6,sider,SIDER6,tr,118,1366,785,321,0.4089171974522293,263,58,87,698,0.889171974522293,0.8193146417445483,0.8688969258589512,0.6913915624493676,0.9737017052825402,0.9366172589638272
6,sider,SIDER6,va,118,1366,82,41,0.5,22,19,14,68,0.8292682926829268,0.5365853658536586,0.7317073170731707,0.37904902178945155,0.7803239870020257,0.7260559190957764
6,sider,SIDER6,te,118,1366,95,42,0.4421052631578947,15,27,23,72,0.7578947368421053,0.35714285714285715,0.635036496350365,0.11847230606511108,0.8329599026168043,0.65062656641604
7,sider,SIDER6,tr,118,1366,777,329,0.42342342342342343,268,61,77,700,0.9009009009009009,0.8145896656534954,0.8752260397830018,0.7060094181917671,0.9730584348747111,0.9395187632269698
7,sider,SIDER6,va,118,1366,88,35,0.3977272727272727,19,16,14,74,0.8409090909090909,0.5428571428571428,0.7560975609756098,0.3908084034226407,0.817734487168744,0.7006493506493506
7,sider,SIDER6,te,118,1366,97,40,0.41237113402061853,17,23,24,73,0.7525773195876289,0.425,0.656934306569343,0.1763095407674212,0.8462927696488353,0.6837628865979382
8,sider,SIDER6,tr,118,1366,775,331,0.4270967741935484,272,59,86,689,0.8890322580645161,0.8217522658610272,0.8688969258589512,0.6956815715241169,0.9725460301279072,0.9407289737842316
8,sider,SIDER6,va,118,1366,88,35,0.3977272727272727,12,23,22,66,0.75,0.34285714285714286,0.6341463414634146,0.09368201276963825,0.7766654385773549,0.5607142857142858
8,sider,SIDER6,te,118,1366,99,38,0.3838383838383838,15,23,19,80,0.8080808080808081,0.39473684210526316,0.6934306569343066,0.21021179054753453,0.81226136767376,0.6293195108984583
9,sider,SIDER6,tr,118,1366,787,319,0.40533672172808133,264,55,88,699,0.8881829733163914,0.8275862068965517,0.8707052441229657,0.6961433799411954,0.9761626191045647,0.9389610958642198
9,sider,SIDER6,va,118,1366,80,43,0.5375,22,21,20,60,0.75,0.5116279069767442,0.6666666666666666,0.2630850280886953,0.8098642251962662,0.6927325581395348
9,sider,SIDER6,te,118,1366,95,42,0.4421052631578947,15,27,27,68,0.7157894736842105,0.35714285714285715,0.6058394160583942,0.07293233082706764,0.6967285862024932,0.5145363408521304
10,sider,SIDER6,tr,118,1366,779,327,0.4197689345314506,272,55,82,697,0.8947368421052632,0.8318042813455657,0.8761301989150091,0.7107097198166198,0.978911706272586,0.9470622180871736
10,sider,SIDER6,va,118,1366,85,38,0.4470588235294118,12,26,22,63,0.7411764705882353,0.3157894736842105,0.6097560975609756,0.0588548286994863,0.7290345599345845,0.5817337461300309
10,sider,SIDER6,te,118,1366,98,39,0.3979591836734694,17,22,19,79,0.8061224489795918,0.4358974358974359,0.7007299270072993,0.2481329587380828,0.8247213480329824,0.6729461015175301
11,sider,SIDER6,tr,118,1366,790,316,0.4,264,52,93,697,0.8822784810126583,0.8354430379746836,0.8688969258589512,0.6934865423258233,0.9727590679476557,0.9312870533568339
11,sider,SIDER6,va,118,1366,78,45,0.5769230769230769,20,25,18,60,0.7692307692307693,0.4444444444444444,0.6504065040650406,0.222744220341366,0.7359846919729159,0.627920227920228
11,sider,SIDER6,te,118,1366,94,43,0.4574468085106383,20,23,19,75,0.7978723404255319,0.46511627906976744,0.6934306569343066,0.2704517329476674,0.7708318289022307,0.6420089064819396
12,sider,SIDER6,tr,118,1366,779,327,0.4197689345314506,260,67,66,713,0.9152759948652118,0.7951070336391437,0.879746835443038,0.71101552086738,0.9724693486127743,0.9359819889845447
12,sider,SIDER6,va,118,1366,89,34,0.38202247191011235,14,20,22,67,0.7528089887640449,0.4117647058823529,0.6585365853658537,0.16176479221181425,0.7640434590557149,0.5735294117647058
12,sider,SIDER6,te,118,1366,94,43,0.4574468085106383,14,29,21,73,0.776595744680851,0.32558139534883723,0.635036496350365,0.10872208915441785,0.818307870198846,0.6402770905492332
13,sider,SIDER6,tr,118,1366,770,336,0.43636363636363634,275,61,73,697,0.9051948051948052,0.8184523809523809,0.8788426763110307,0.716667407630654,0.9747957894308421,0.9426484230055658
13,sider,SIDER6,va,118,1366,92,31,0.33695652173913043,9,22,20,72,0.782608695652174,0.2903225806451613,0.6585365853658537,0.07459773626589632,0.8772177532841949,0.6679523141654979
13,sider,SIDER6,te,118,1366,100,37,0.37,16,21,19,81,0.81,0.43243243243243246,0.708029197080292,0.24680699991655994,0.8881636222498761,0.7424324324324325
14,sider,SIDER6,tr,118,1366,783,323,0.4125159642401022,274,49,97,686,0.876117496807152,0.848297213622291,0.8679927667269439,0.6976518956674778,0.9771618054569713,0.9419989007904028
14,sider,SIDER6,va,118,1366,78,45,0.5769230769230769,16,29,16,62,0.7948717948717948,0.35555555555555557,0.6341463414634146,0.165152320037444,0.7194692526309117,0.6321937321937322
14,sider,SIDER6,te,118,1366,101,36,0.3564356435643564,14,22,26,75,0.7425742574257426,0.3888888888888889,0.6496350364963503,0.12726239629165917,0.7975594261338512,0.5745324532453245
15,sider,SIDER6,tr,118,1366,779,327,0.4197689345314506,278,49,106,673,0.8639281129653402,0.8501529051987767,0.8598553345388789,0.6844723088631788,0.9718118788131186,0.9318031036418524
15,sider,SIDER6,va,118,1366,84,39,0.4642857142857143,17,22,23,61,0.7261904761904762,0.4358974358974359,0.6341463414634146,0.16101025309592062,0.7985014924984866,0.6221001221001221
15,sider,SIDER6,te,118,1366,99,38,0.3838383838383838,23,15,33,66,0.6666666666666666,0.6052631578947368,0.6496350364963503,0.24764508624313428,0.8325064237059463,0.6746411483253588
1,sider,SIDER7,tr,118,1366,1012,94,0.09288537549407115,94,0,42,970,0.958498023715415,1.0,0.9620253164556962,0.8139356738080836,0.9990875045647659,0.989750651753427
1,sider,SIDER7,va,118,1366,106,17,0.16037735849056603,4,13,7,99,0.9339622641509434,0.23529411764705882,0.8373983739837398,0.20469964623601108,0.9185012627646665,0.7291897891231965
1,sider,SIDER7,te,118,1366,129,8,0.06201550387596899,2,6,12,117,0.9069767441860465,0.25,0.8686131386861314,0.12152303079671041,0.9643317964798332,0.6453488372093024
2,sider,SIDER7,tr,118,1366,1012,94,0.09288537549407115,94,0,39,973,0.9614624505928854,1.0,0.9647377938517179,0.8243360069163126,0.9992976089152,0.9921053738121267
2,sider,SIDER7,va,118,1366,113,10,0.08849557522123894,3,7,6,107,0.9469026548672567,0.3,0.8943089430894309,0.25911425206228483,0.9803150861549244,0.8017699115044248
2,sider,SIDER7,te,118,1366,122,15,0.12295081967213115,6,9,6,116,0.9508196721311475,0.4,0.8905109489051095,0.38749299306197865,0.957887591298609,0.7797814207650274
3,sider,SIDER7,tr,118,1366,1011,95,0.09396636993076163,95,0,25,986,0.9752720079129574,1.0,0.9773960216998192,0.8786867129971626,0.9996109230943027,0.9956999323233902
3,sider,SIDER7,va,118,1366,115,8,0.06956521739130435,3,5,7,108,0.9391304347826087,0.375,0.9024390243902439,0.2834423286569764,0.9899577044788361,0.8673913043478261
3,sider,SIDER7,te,118,1366,121,16,0.1322314049586777,8,8,9,112,0.9256198347107438,0.5,0.8759124087591241,0.41462878732104413,0.9742841901420742,0.8409090909090909
4,sider,SIDER7,tr,118,1366,1015,91,0.0896551724137931,91,0,35,980,0.9655172413793104,1.0,0.9683544303797469,0.8350556913540769,0.9995856824474451,0.9952471174146051
4,sider,SIDER7,va,118,1366,111,12,0.10810810810810811,5,7,7,104,0.9369369369369369,0.4166666666666667,0.8861788617886179,0.3536036036036026,0.9749420929890654,0.8385885885885885
4,sider,SIDER7,te,118,1366,121,16,0.1322314049586777,6,10,5,116,0.9586776859504132,0.375,0.8905109489051095,0.39436487481848087,0.9676352270500275,0.8073347107438016
5,sider,SIDER7,tr,118,1366,1007,99,0.09831181727904667,99,0,38,969,0.9622641509433962,1.0,0.9656419529837251,0.8338817458190289,0.999325071884307,0.9928881666716821
5,sider,SIDER7,va,118,1366,112,11,0.09821428571428571,6,5,6,106,0.9464285714285714,0.5454545454545454,0.9105691056910569,0.47305883490815376,0.9816845514035692,0.8766233766233766
5,sider,SIDER7,te,118,1366,128,9,0.0703125,1,8,8,120,0.9375,0.1111111111111111,0.8832116788321168,0.04861111111111093,0.9606635711530356,0.7083333333333334
6,sider,SIDER7,tr,118,1366,1019,87,0.08537782139352307,87,0,30,989,0.9705593719332679,1.0,0.972875226039783,0.84952810107405,0.9994869887281645,0.9937847562970232
6,sider,SIDER7,va,118,1366,107,16,0.14953271028037382,5,11,1,106,0.9906542056074766,0.3125,0.9024390243902439,0.4734203493964109,0.9764140718108003,0.8639018691588785
6,sider,SIDER7,te,118,1366,121,16,0.1322314049586777,4,12,8,113,0.9338842975206612,0.25,0.8540145985401459,0.20890637443179363,0.9516281296752293,0.7613636363636364
7,sider,SIDER7,tr,118,1366,1005,101,0.10049751243781095,101,0,31,974,0.9691542288557214,1.0,0.9719710669077758,0.8611328739657159,0.9994984523643262,0.9948376927244963
7,sider,SIDER7,va,118,1366,111,12,0.10810810810810811,5,7,4,107,0.963963963963964,0.4166666666666667,0.9105691056910569,0.433692754371879,0.9394547344169399,0.7965465465465466
7,sider,SIDER7,te,118,1366,131,6,0.04580152671755725,3,3,8,123,0.9389312977099237,0.5,0.9197080291970803,0.3305416623596782,0.9956102960088382,0.9096692111959288
8,sider,SIDER7,tr,118,1366,1004,102,0.10159362549800798,102,0,38,966,0.9621513944223108,1.0,0.9656419529837251,0.8372550483193607,0.9993285790469795,0.9931353019295367
8,sider,SIDER7,va,118,1366,112,11,0.09821428571428571,4,7,6,106,0.9464285714285714,0.36363636363636365,0.8943089430894309,0.32375671680571816,0.9750330720224576,0.7832792207792207
8,sider,SIDER7,te,118,1366,131,6,0.04580152671755725,2,4,7,124,0.9465648854961832,0.3333333333333333,0.9197080291970803,0.23119858313993627,0.9926737866600064,0.8676844783715013
9,sider,SIDER7,tr,118,1366,1014,92,0.09072978303747535,92,0,42,972,0.9585798816568047,1.0,0.9620253164556962,0.8112517925947862,0.999269319394314,0.9916066375096475
9,sider,SIDER7,va,118,1366,112,11,0.09821428571428571,5,6,8,104,0.9285714285714286,0.45454545454545453,0.8861788617886179,0.355605628216144,0.9840991015408045,0.8506493506493508
9,sider,SIDER7,te,118,1366,121,16,0.1322314049586777,2,14,4,117,0.9669421487603306,0.125,0.8686131386861314,0.14429658494448028,0.9605358137645266,0.7691115702479339
10,sider,SIDER7,tr,118,1366,1016,90,0.08858267716535433,90,0,23,993,0.9773622047244095,1.0,0.9792043399638336,0.8822868436961214,0.9997471753172914,0.9970581802274715
10,sider,SIDER7,va,118,1366,113,10,0.08849557522123894,5,5,2,111,0.9823008849557522,0.5,0.943089430894309,0.5689567653725152,0.9862153930657663,0.868141592920354
10,sider,SIDER7,te,118,1366,118,19,0.16101694915254236,7,12,4,114,0.9661016949152542,0.3684210526315789,0.8832116788321168,0.42546304514620575,0.9617567827749296,0.8238180196253346
11,sider,SIDER7,tr,118,1366,1012,94,0.09288537549407115,94,0,38,974,0.9624505928853755,1.0,0.9656419529837251,0.8278776979797879,0.9994413948958158,0.9937768059877219
11,sider,SIDER7,va,118,1366,112,11,0.09821428571428571,4,7,13,99,0.8839285714285714,0.36363636363636365,0.8373983739837398,0.20469964623601108,0.9480957778034176,0.6647727272727273
11,sider,SIDER7,te,118,1366,123,14,0.11382113821138211,3,11,5,118,0.959349593495935,0.21428571428571427,0.8832116788321168,0.224292507458126,0.9158453400637099,0.6957026713124275
12,sider,SIDER7,tr,118,1366,1015,91,0.0896551724137931,91,0,36,979,0.9645320197044335,1.0,0.9674502712477396,0.8313370967601731,0.9994145404233609,0.9932766740648513
12,sider,SIDER7,va,118,1366,107,16,0.14953271028037382,5,11,7,100,0.9345794392523364,0.3125,0.8536585365853658,0.28011500588030397,0.9459774679906412,0.754088785046729
12,sider,SIDER7,te,118,1366,125,12,0.096,5,7,10,115,0.92,0.4166666666666667,0.8759124087591241,0.3048036783431452,0.9661315986508805,0.7446666666666667
13,sider,SIDER7,tr,118,1366,1005,101,0.10049751243781095,101,0,37,968,0.96318407960199,1.0,0.9665461121157324,0.8396064987553283,0.9995842233370941,0.9957539037485839
13,sider,SIDER7,va,118,1366,115,8,0.06956521739130435,2,6,6,109,0.9478260869565217,0.25,0.9024390243902439,0.19782608695652057,0.9790437156716139,0.7521739130434784
13,sider,SIDER7,te,118,1366,127,10,0.07874015748031496,3,7,7,120,0.9448818897637795,0.3,0.8978102189781022,0.24488188976377878,0.9527341316543319,0.7519685039370079
14,sider,SIDER7,tr,118,1366,1010,96,0.09504950495049505,96,0,29,981,0.9712871287128713,1.0,0.9737793851717902,0.8636831102039018,0.9995184444906386,0.9947813531353135
14,sider,SIDER7,va,118,1366,114,9,0.07894736842105263,2,7,9,105,0.9210526315789473,0.2222222222222222,0.8699186991869918,0.1307489772649149,0.9636311221841737,0.7066276803118909
14,sider,SIDER7,te,118,1366,123,14,0.11382113821138211,5,9,8,115,0.9349593495934959,0.35714285714285715,0.8759124087591241,0.30190401781517184,0.9546815994455532,0.7264808362369338
15,sider,SIDER7,tr,118,1366,1015,91,0.0896551724137931,91,0,39,976,0.961576354679803,1.0,0.9647377938517179,0.8204288197496856,0.9995237569539781,0.994467601364153
15,sider,SIDER7,va,118,1366,110,13,0.11818181818181818,4,9,5,105,0.9545454545454546,0.3076923076923077,0.8861788617886179,0.3095918851016914,0.9614675955581432,0.7531468531468531
15,sider,SIDER7,te,118,1366,122,15,0.12295081967213115,6,9,13,109,0.8934426229508197,0.4,0.8394160583941606,0.2651129465971624,0.9540536027576108,0.7431693989071038
1,sider,SIDER8,tr,118,1366,190,916,4.821052631578947,616,300,61,129,0.6789473684210526,0.6724890829694323,0.6735985533453888,0.2720497692583849,0.359740475026307,0.7463083199264537
1,sider,SIDER8,va,118,1366,24,99,4.125,60,39,14,10,0.4166666666666667,0.6060606060606061,0.5691056910569106,0.018397408083175998,0.2373752206965401,0.6106902356902357
1,sider,SIDER8,te,118,1366,31,106,3.4193548387096775,60,46,17,14,0.45161290322580644,0.5660377358490566,0.5401459854014599,0.0148858358716549,0.23382815379007943,0.5480827754108337
2,sider,SIDER8,tr,118,1366,201,905,4.502487562189055,618,287,76,125,0.6218905472636815,0.6828729281767956,0.6717902350813744,0.2430842901772719,0.35290264677614513,0.7183529864489706
2,sider,SIDER8,va,118,1366,17,106,6.235294117647059,73,33,9,8,0.47058823529411764,0.6886792452830188,0.6585365853658537,0.11660190581423457,0.1983641049816084,0.56992230854606
2,sider,SIDER8,te,118,1366,27,110,4.074074074074074,66,44,7,20,0.7407407407407407,0.6,0.6277372262773723,0.2716757475767949,0.2644063302095988,0.6395622895622894
3,sider,SIDER8,tr,118,1366,194,912,4.701030927835052,567,345,49,145,0.7474226804123711,0.6217105263157895,0.64376130198915,0.2826135650522185,0.3599454035310191,0.7334621993127148
3,sider,SIDER8,va,118,1366,27,96,3.5555555555555554,60,36,11,16,0.5925925925925926,0.625,0.6178861788617886,0.1823185084453266,0.2871156628547076,0.5968364197530864
3,sider,SIDER8,te,118,1366,24,113,4.708333333333333,67,46,8,16,0.6666666666666666,0.5929203539823009,0.6058394160583942,0.1982445880083397,0.29146608540084423,0.6056415929203539
4,sider,SIDER8,tr,118,1366,205,901,4.3951219512195125,633,268,79,126,0.6146341463414634,0.7025527192008879,0.6862567811934901,0.2573750319346039,0.37402036392280724,0.7367965133591402
4,sider,SIDER8,va,118,1366,19,104,5.473684210526316,76,28,13,6,0.3157894736842105,0.7307692307692307,0.6666666666666666,0.037623560744635604,0.17176292006699112,0.5387145748987855
4,sider,SIDER8,te,118,1366,21,116,5.523809523809524,72,44,12,9,0.42857142857142855,0.6206896551724138,0.5912408759124088,0.03643888053520337,0.2734460603746308,0.5492610837438423
5,sider,SIDER8,tr,118,1366,200,906,4.53,524,382,67,133,0.665,0.5783664459161147,0.5940325497287523,0.1877770195332837,0.3279184192897489,0.6849420529801324
5,sider,SIDER8,va,118,1366,28,95,3.392857142857143,55,40,10,18,0.6428571428571429,0.5789473684210527,0.5934959349593496,0.1863118671598731,0.30568194892441347,0.6109022556390977
5,sider,SIDER8,te,118,1366,17,120,7.0588235294117645,74,46,7,10,0.5882352941176471,0.6166666666666667,0.6131386861313869,0.1374120045572368,0.2235888225654679,0.6561274509803922
6,sider,SIDER8,tr,118,1366,198,908,4.585858585858586,618,290,71,127,0.6414141414141414,0.6806167400881057,0.6735985533453888,0.2547389778099971,0.359917545531362,0.7365032483424554
6,sider,SIDER8,va,118,1366,19,104,5.473684210526316,68,36,11,8,0.42105263157894735,0.6538461538461539,0.6178861788617886,0.05647137487573047,0.19206699702587735,0.6201923076923077
6,sider,SIDER8,te,118,1366,28,109,3.892857142857143,68,41,16,12,0.42857142857142855,0.6238532110091743,0.583941605839416,0.04340603739069447,0.24499860985123473,0.596002621231979
7,sider,SIDER8,tr,118,1366,194,912,4.701030927835052,604,308,64,130,0.6701030927835051,0.6622807017543859,0.6636528028933092,0.25847160470450375,0.3547459894215533,0.7097519895098571
7,sider,SIDER8,va,118,1366,22,101,4.590909090909091,63,38,10,12,0.5454545454545454,0.6237623762376238,0.6097560975609756,0.13202901565306235,0.37442600366059475,0.6341134113411342
7,sider,SIDER8,te,118,1366,29,108,3.7241379310344827,73,35,19,10,0.3448275862068966,0.6759259259259259,0.6058394160583942,0.018051043358670006,0.2963464602190128,0.4909003831417625
8,sider,SIDER8,tr,118,1366,190,916,4.821052631578947,567,349,49,141,0.7421052631578947,0.618995633187773,0.6401446654611211,0.27419826829940164,0.30409118060310497,0.7236353711790393
8,sider,SIDER8,va,118,1366,24,99,4.125,54,45,14,10,0.4166666666666667,0.5454545454545454,0.5203252032520326,-0.030191416552503233,0.20233866128683814,0.5441919191919192
8,sider,SIDER8,te,118,1366,31,106,3.4193548387096775,61,45,11,20,0.6451612903225806,0.5754716981132075,0.5912408759124088,0.18487632538312748,0.4106683948523152,0.6883749239196592
9,sider,SIDER8,tr,118,1366,204,902,4.421568627450981,621,281,82,122,0.5980392156862745,0.688470066518847,0.6717902350813744,0.23090155811060234,0.3458517945444141,0.7231995348028346
9,sider,SIDER8,va,118,1366,15,108,7.2,70,38,5,10,0.6666666666666666,0.6481481481481481,0.6504065040650406,0.21118419787497994,0.17074064964217306,0.6524691358024691
9,sider,SIDER8,te,118,1366,26,111,4.269230769230769,75,36,11,15,0.5769230769230769,0.6756756756756757,0.656934306569343,0.20490145921901073,0.22913554117189094,0.601004851004851
10,sider,SIDER8,tr,118,1366,204,902,4.421568627450981,555,347,68,136,0.6666666666666666,0.61529933481153,0.6247739602169982,0.22049437233462862,0.3301112533472902,0.7086050606495371
10,sider,SIDER8,va,118,1366,14,109,7.785714285714286,59,50,6,8,0.5714285714285714,0.5412844036697247,0.5447154471544715,0.0717101292041737,0.14734992223015791,0.5769986893840104
10,sider,SIDER8,te,118,1366,27,110,4.074074074074074,63,47,16,11,0.4074074074074074,0.5727272727272728,0.5401459854014599,-0.015993600532016265,0.2239284899763611,0.5702020202020202
11,sider,SIDER8,tr,118,1366,202,904,4.475247524752476,563,341,59,143,0.7079207920792079,0.6227876106194691,0.6383363471971067,0.2575652426844541,0.34768961668900056,0.721373105230877
11,sider,SIDER8,va,118,1366,16,107,6.6875,60,47,7,9,0.5625,0.5607476635514018,0.5609756097560976,0.0832528597019124,0.21433715148849727,0.5662967289719626
11,sider,SIDER8,te,118,1366,27,110,4.074074074074074,67,43,14,13,0.48148148148148145,0.6090909090909091,0.583941605839416,0.07328878677061035,0.25384822560567205,0.6191919191919191
12,sider,SIDER8,tr,118,1366,203,903,4.448275862068965,552,351,64,139,0.6847290640394089,0.6112956810631229,0.6247739602169982,0.230691458001528,0.31267056036202084,0.6936757060482572
12,sider,SIDER8,va,118,1366,20,103,5.15,67,36,11,9,0.45,0.6504854368932039,0.6178861788617886,0.07698093417876332,0.2832234987465257,0.5847087378640777
12,sider,SIDER8,te,118,1366,22,115,5.2272727272727275,65,50,11,11,0.5,0.5652173913043478,0.5547445255474452,0.04817835528840083,0.21143849885242222,0.5942687747035574
13,sider,SIDER8,tr,118,1366,201,905,4.502487562189055,587,318,66,135,0.6716417910447762,0.6486187845303868,0.6528028933092225,0.2511424383411007,0.36822267749810217,0.7333195898958248
13,sider,SIDER8,va,118,1366,22,101,4.590909090909091,64,37,9,13,0.5909090909090909,0.6336633663366337,0.6260162601626016,0.17521935853956946,0.29366452036657875,0.696894689468947
13,sider,SIDER8,te,118,1366,22,115,5.2272727272727275,70,45,8,14,0.6363636363636364,0.6086956521739131,0.6131386861313869,0.18170133649212622,0.2761570001786672,0.6800395256916997
14,sider,SIDER8,tr,118,1366,211,895,4.241706161137441,588,307,72,139,0.6587677725118484,0.6569832402234637,0.6573236889692586,0.2529053987899994,0.36138901185256855,0.7279038364796526
14,sider,SIDER8,va,118,1366,17,106,6.235294117647059,66,40,9,8,0.47058823529411764,0.6226415094339622,0.6016260162601627,0.06595999864041631,0.18517689679926366,0.6004439511653719
14,sider,SIDER8,te,118,1366,17,120,7.0588235294117645,78,42,6,11,0.6470588235294118,0.65,0.6496350364963503,0.2010851329562978,0.20306833518251707,0.6154411764705883
15,sider,SIDER8,tr,118,1366,191,915,4.790575916230367,545,370,49,142,0.743455497382199,0.5956284153005464,0.6211573236889693,0.25704325580234144,0.37762839680686194,0.7534546390867736
15,sider,SIDER8,va,118,1366,22,101,4.590909090909091,60,41,10,12,0.5454545454545454,0.594059405940594,0.5853658536585366,0.10796990312954853,0.24913856868157605,0.6017101710171018
15,sider,SIDER8,te,118,1366,32,105,3.28125,62,43,17,15,0.46875,0.5904761904761905,0.5620437956204379,0.050717273142546725,0.24084486487274206,0.5255952380952381
1,sider,SIDER9,tr,118,1366,792,314,0.39646464646464646,286,28,44,748,0.9444444444444444,0.910828025477707,0.9349005424954792,0.8428379403813859,0.9918407888330503,0.9771923052177829
1,sider,SIDER9,va,118,1366,91,32,0.3516483516483517,12,20,18,73,0.8021978021978022,0.375,0.6910569105691057,0.18103056825584554,0.824383719795312,0.6243131868131867
1,sider,SIDER9,te,118,1366,104,33,0.3173076923076923,8,25,15,89,0.8557692307692307,0.24242424242424243,0.708029197080292,0.11234142220694211,0.8773274588001836,0.6652097902097902
2,sider,SIDER9,tr,118,1366,806,300,0.37220843672456577,280,20,56,750,0.9305210918114144,0.9333333333333333,0.9312839059674503,0.8351292776236121,0.9931858136467668,0.9800454921422663
2,sider,SIDER9,va,118,1366,86,37,0.43023255813953487,13,24,11,75,0.872093023255814,0.35135135135135137,0.7154471544715447,0.2585808120119906,0.8579282914296831,0.7234443746071652
2,sider,SIDER9,te,118,1366,95,42,0.4421052631578947,11,31,15,80,0.8421052631578947,0.2619047619047619,0.6642335766423357,0.12229634718724795,0.7456332735641573,0.5751879699248119
3,sider,SIDER9,tr,118,1366,794,312,0.3929471032745592,290,22,57,737,0.9282115869017632,0.9294871794871795,0.9285714285714286,0.831834078101361,0.9899876083516028,0.9722558612671962
3,sider,SIDER9,va,118,1366,87,36,0.41379310344827586,9,27,19,68,0.7816091954022989,0.25,0.6260162601626016,0.03429916122096132,0.7538886399480249,0.5351213282247765
3,sider,SIDER9,te,118,1366,106,31,0.29245283018867924,8,23,25,81,0.7641509433962265,0.25806451612903225,0.6496350364963503,0.021737792607143924,0.8282229803227932,0.5803408399269628
4,sider,SIDER9,tr,118,1366,810,296,0.3654320987654321,274,22,45,765,0.9444444444444444,0.9256756756756757,0.9394213381555153,0.8503248446187859,0.993327805610364,0.9797756089422756
4,sider,SIDER9,va,118,1366,81,42,0.5185185185185185,15,27,15,66,0.8148148148148148,0.35714285714285715,0.6585365853658537,0.18988322962902895,0.78478086154063,0.631981187536743
4,sider,SIDER9,te,118,1366,96,41,0.4270833333333333,14,27,16,80,0.8333333333333334,0.34146341463414637,0.6861313868613139,0.19355677489961642,0.7697360074039146,0.5940040650406504
5,sider,SIDER9,tr,118,1366,802,304,0.3790523690773067,286,18,51,751,0.9364089775561097,0.9407894736842105,0.9376130198915009,0.8508317969908569,0.9920621865396653,0.976936769917312
5,sider,SIDER9,va,118,1366,84,39,0.4642857142857143,11,28,9,75,0.8928571428571429,0.28205128205128205,0.6991869918699187,0.2205713316940906,0.8117833424874512,0.6660561660561661
5,sider,SIDER9,te,118,1366,101,36,0.3564356435643564,14,22,16,85,0.8415841584158416,0.3888888888888889,0.7226277372262774,0.24528984294785716,0.8417599773349399,0.6793179317931792
6,sider,SIDER9,tr,118,1366,808,298,0.3688118811881188,273,25,50,758,0.9381188118811881,0.9161073825503355,0.9321880650994575,0.8334979863562014,0.9916102091889821,0.9751229317562629
6,sider,SIDER9,va,118,1366,85,38,0.4470588235294118,18,20,14,71,0.8352941176470589,0.47368421052631576,0.7235772357723578,0.3254120230173648,0.8471342293100623,0.7219814241486069
6,sider,SIDER9,te,118,1366,94,43,0.4574468085106383,6,37,15,79,0.8404255319148937,0.13953488372093023,0.6204379562043796,-0.025813578973089828,0.7420890841318319,0.5118753092528452
7,sider,SIDER9,tr,118,1366,797,309,0.3877038895859473,286,23,46,751,0.9422835633626098,0.9255663430420712,0.9376130198915009,0.8495980348118303,0.9926749291703497,0.9786050439958908
7,sider,SIDER9,va,118,1366,91,32,0.3516483516483517,13,19,17,74,0.8131868131868132,0.40625,0.7073170731707317,0.2241832037121808,0.8240919669903162,0.6717032967032966
7,sider,SIDER9,te,118,1366,99,38,0.3838383838383838,11,27,23,76,0.7676767676767676,0.2894736842105263,0.635036496350365,0.059233990783381284,0.8271600185273896,0.6225412014885698
8,sider,SIDER9,tr,118,1366,789,317,0.4017743979721166,296,21,45,744,0.9429657794676806,0.9337539432176656,0.9403254972875226,0.8584618545287755,0.9927721116995463,0.9797211660329531
8,sider,SIDER9,va,118,1366,95,28,0.29473684210526313,9,19,16,79,0.8315789473684211,0.32142857142857145,0.7154471544715447,0.15943018451613009,0.8582804995014206,0.6368421052631579
8,sider,SIDER9,te,118,1366,103,34,0.3300970873786408,12,22,18,85,0.8252427184466019,0.35294117647058826,0.708029197080292,0.18611183991316882,0.8339294160453199,0.6453455168475157
9,sider,SIDER9,tr,118,1366,798,308,0.38596491228070173,282,26,45,753,0.943609022556391,0.9155844155844156,0.9358047016274864,0.8439663873430278,0.9924652969047719,0.9786235068189956
9,sider,SIDER9,va,118,1366,88,35,0.3977272727272727,17,18,16,72,0.8181818181818182,0.4857142857142857,0.7235772357723578,0.30947264433467997,0.8692078868375728,0.7084415584415584
9,sider,SIDER9,te,118,1366,101,36,0.3564356435643564,14,22,17,84,0.8316831683168316,0.3888888888888889,0.7153284671532847,0.2320217250876651,0.8459055085111942,0.6661166116611661
10,sider,SIDER9,tr,118,1366,799,307,0.38423028785982477,288,19,49,750,0.9386733416770964,0.9381107491856677,0.9385171790235082,0.8530158836390898,0.9931798019598825,0.9798812032956505
10,sider,SIDER9,va,118,1366,91,32,0.3516483516483517,10,22,17,74,0.8131868131868132,0.3125,0.6829268292682927,0.13321953133341036,0.8133350686498364,0.6006181318681318
10,sider,SIDER9,te,118,1366,97,40,0.41237113402061853,14,26,13,84,0.865979381443299,0.35,0.7153284671532847,0.24685954897272722,0.8126583058886608,0.6615979381443299
11,sider,SIDER9,tr,118,1366,808,298,0.3688118811881188,274,24,42,766,0.948019801980198,0.9194630872483222,0.9403254972875226,0.851956935516549,0.9926848004166122,0.9780425609675061
11,sider,SIDER9,va,118,1366,78,45,0.5769230769230769,15,30,13,65,0.8333333333333334,0.3333333333333333,0.6504065040650406,0.1914526973911463,0.7757717924127557,0.6737891737891738
11,sider,SIDER9,te,118,1366,101,36,0.3564356435643564,8,28,21,80,0.7920792079207921,0.2222222222222222,0.6423357664233577,0.015409215528112004,0.7806477743588099,0.536028602860286
12,sider,SIDER9,tr,118,1366,800,306,0.3825,285,21,54,746,0.9325,0.9313725490196079,0.9321880650994575,0.838219672918579,0.9917985368743173,0.977107843137255
12,sider,SIDER9,va,118,1366,90,33,0.36666666666666664,11,22,13,77,0.8555555555555555,0.3333333333333333,0.7154471544715447,0.21118419787497997,0.8280247336119537,0.6390572390572391
12,sider,SIDER9,te,118,1366,97,40,0.41237113402061853,16,24,19,78,0.8041237113402062,0.4,0.6861313868613139,0.21280175765728276,0.7900069116693444,0.6198453608247423
13,sider,SIDER9,tr,118,1366,789,317,0.4017743979721166,293,24,49,740,0.9378960709759189,0.9242902208201893,0.933996383363472,0.8435474442851022,0.9915707811744197,0.9768984419042593
13,sider,SIDER9,va,118,1366,91,32,0.3516483516483517,10,22,22,69,0.7582417582417582,0.3125,0.6422764227642277,0.0707417582417582,0.7735919890519014,0.5453296703296704
13,sider,SIDER9,te,118,1366,107,30,0.2803738317757009,5,25,26,81,0.7570093457943925,0.16666666666666666,0.6277372262773723,-0.0754361974552035,0.8034293445636961,0.4797507788161993
14,sider,SIDER9,tr,118,1366,808,298,0.3688118811881188,284,14,44,764,0.9455445544554455,0.9530201342281879,0.9475587703435805,0.8728436163494989,0.9934366432168589,0.9804015216957938
14,sider,SIDER9,va,118,1366,88,35,0.3977272727272727,18,17,13,75,0.8522727272727273,0.5142857142857142,0.7560975609756098,0.38092881270711043,0.8764540456312871,0.7506493506493507
14,sider,SIDER9,te,118,1366,91,46,0.5054945054945055,14,32,15,76,0.8351648351648352,0.30434782608695654,0.656934306569343,0.16128811208304336,0.7371747051666218,0.582178690874343
15,sider,SIDER9,tr,118,1366,793,313,0.39470365699873894,292,21,51,742,0.935687263556116,0.9329073482428115,0.9349005424954792,0.8458952074122416,0.9912372062877124,0.9746020490796062
15,sider,SIDER9,va,118,1366,90,33,0.36666666666666664,7,26,9,81,0.9,0.21212121212121213,0.7154471544715447,0.14767743097498426,0.8777126671615687,0.7043771043771043
15,sider,SIDER9,te,118,1366,104,33,0.3173076923076923,16,17,18,86,0.8269230769230769,0.48484848484848486,0.7445255474452555,0.3086398983197553,0.861364890053322,0.6762820512820513
1,sider,SIDER10,tr,118,1366,559,547,0.9785330948121646,476,71,24,535,0.9570661896243292,0.870201096892139,0.9141048824593129,0.8310441635333055,0.9878096550475461,0.9855284802778532
1,sider,SIDER10,va,118,1366,64,59,0.921875,33,26,17,47,0.734375,0.559322033898305,0.6504065040650406,0.2987233156963283,0.8096205443648044,0.7576800847457625
1,sider,SIDER10,te,118,1366,85,52,0.611764705882353,28,24,19,66,0.7764705882352941,0.5384615384615384,0.6861313868613139,0.3219273813397403,0.787153835788245,0.7002262443438914
2,sider,SIDER10,tr,118,1366,574,532,0.926829268292683,460,72,26,548,0.9547038327526133,0.8646616541353384,0.9113924050632911,0.8248508945371317,0.984199132501323,0.9797719472898273
2,sider,SIDER10,va,118,1366,64,59,0.921875,34,25,13,51,0.796875,0.576271186440678,0.6910569105691057,0.38365359774318075,0.7800217695364511,0.7740995762711864
2,sider,SIDER10,te,118,1366,70,67,0.9571428571428572,34,33,20,50,0.7142857142857143,0.5074626865671642,0.6131386861313869,0.22683548367669493,0.753966102667061,0.7159914712153519
3,sider,SIDER10,tr,118,1366,576,530,0.9201388888888888,473,57,28,548,0.9513888888888888,0.8924528301886793,0.9231464737793852,0.8468638978514121,0.9862954554478272,0.9827797431865828
3,sider,SIDER10,va,118,1366,61,62,1.0163934426229508,36,26,15,46,0.7540983606557377,0.5806451612903226,0.6666666666666666,0.3397203846634948,0.6870774024969084,0.7088841882601797
3,sider,SIDER10,te,118,1366,71,66,0.9295774647887324,35,31,20,51,0.7183098591549296,0.5303030303030303,0.6277372262773723,0.2534174475232652,0.7059218901460883,0.6572769953051643
4,sider,SIDER10,tr,118,1366,580,526,0.906896551724138,453,73,27,553,0.9534482758620689,0.8612167300380228,0.9095840867992767,0.8208771089652537,0.9846505554866735,0.9798052969712863
4,sider,SIDER10,va,118,1366,61,62,1.0163934426229508,37,25,13,48,0.7868852459016393,0.5967741935483871,0.6910569105691057,0.39053523042522603,0.7950150799842317,0.7802749867794818
4,sider,SIDER10,te,118,1366,67,70,1.044776119402985,39,31,20,47,0.7014925373134329,0.5571428571428572,0.6277372262773723,0.26109651334695794,0.661983309371865,0.6695095948827292
5,sider,SIDER10,tr,118,1366,567,539,0.9506172839506173,489,50,30,537,0.9470899470899471,0.9072356215213359,0.9276672694394213,0.8556705536612073,0.9853944456175007,0.9818610464868966
5,sider,SIDER10,va,118,1366,64,59,0.921875,31,28,14,50,0.78125,0.5254237288135594,0.6585365853658537,0.3180819376806256,0.7206714401725147,0.7063029661016949
5,sider,SIDER10,te,118,1366,77,60,0.7792207792207793,36,24,25,52,0.6753246753246753,0.6,0.6423357664233577,0.2748491573957963,0.7345597354150626,0.7028138528138528
6,sider,SIDER10,tr,118,1366,578,528,0.9134948096885813,455,73,29,549,0.9498269896193772,0.8617424242424242,0.9077757685352622,0.8171253395543334,0.9846640256274786,0.9807689787144804
6,sider,SIDER10,va,118,1366,60,63,1.05,34,29,18,42,0.7,0.5396825396825397,0.6178861788617886,0.2425221734020468,0.739500464192789,0.7367724867724867
6,sider,SIDER10,te,118,1366,70,67,0.9571428571428572,32,35,23,47,0.6714285714285714,0.47761194029850745,0.5766423357664233,0.15198561439775912,0.625748862654962,0.6356076759061833
7,sider,SIDER10,tr,118,1366,567,539,0.9506172839506173,474,65,28,539,0.9506172839506173,0.8794063079777366,0.9159132007233273,0.8333089009529001,0.9811330421233377,0.977854345201284
7,sider,SIDER10,va,118,1366,68,55,0.8088235294117647,30,25,17,51,0.75,0.5454545454545454,0.6585365853658537,0.3023226960081443,0.7548473087599301,0.7048128342245988
7,sider,SIDER10,te,118,1366,73,64,0.8767123287671232,39,25,15,58,0.7945205479452054,0.609375,0.708029197080292,0.41236762076693656,0.7596745577842986,0.7600599315068494
8,sider,SIDER10,tr,118,1366,554,552,0.9963898916967509,476,76,24,530,0.9566787003610109,0.8623188405797102,0.9095840867992767,0.8227837480682946,0.978882342869132,0.977292941976665
8,sider,SIDER10,va,118,1366,65,58,0.8923076923076924,34,24,20,45,0.6923076923076923,0.5862068965517241,0.6422764227642277,0.2801542393516964,0.7256123350552441,0.6920424403183024
8,sider,SIDER10,te,118,1366,89,48,0.5393258426966292,27,21,19,70,0.7865168539325843,0.5625,0.708029197080292,0.35258384492923706,0.7862937765210932,0.6935861423220975
9,sider,SIDER10,tr,118,1366,566,540,0.9540636042402827,486,54,27,539,0.9522968197879859,0.9,0.9267631103074141,0.8542990712319092,0.9847630307010372,0.9812475461327052
9,sider,SIDER10,va,118,1366,67,56,0.835820895522388,33,23,21,46,0.6865671641791045,0.5892857142857143,0.6422764227642277,0.276813654962252,0.7287154955868691,0.7022921108742005
9,sider,SIDER10,te,118,1366,75,62,0.8266666666666667,29,33,25,50,0.6666666666666666,0.46774193548387094,0.5766423357664233,0.1369044657444012,0.7082924103926966,0.6227956989247312
10,sider,SIDER10,tr,118,1366,571,535,0.9369527145359019,475,60,23,548,0.9597197898423818,0.8878504672897196,0.9249547920433996,0.8513422604153205,0.9872454027791325,0.9838191727908081
10,sider,SIDER10,va,118,1366,59,64,1.0847457627118644,34,30,14,45,0.7627118644067796,0.53125,0.6422764227642277,0.3010618566431551,0.736554875127815,0.7182203389830509
10,sider,SIDER10,te,118,1366,78,59,0.7564102564102564,31,28,25,53,0.6794871794871795,0.5254237288135594,0.6131386861313869,0.20639627864293866,0.7721698395774945,0.6996957844415472
11,sider,SIDER10,tr,118,1366,572,534,0.9335664335664335,460,74,26,546,0.9545454545454546,0.8614232209737828,0.9095840867992767,0.821538934359232,0.9805960619662255,0.9777441659464132
11,sider,SIDER10,va,118,1366,60,63,1.05,34,29,18,42,0.7,0.5396825396825397,0.6178861788617886,0.2425221734020468,0.6491619900407519,0.6777777777777778
11,sider,SIDER10,te,118,1366,76,61,0.8026315789473685,32,29,20,56,0.7368421052631579,0.5245901639344263,0.6423357664233577,0.267744014922047,0.7067834256755321,0.6747195858498706
12,sider,SIDER10,tr,118,1366,577,529,0.9168110918544194,459,70,24,553,0.9584055459272097,0.8676748582230623,0.9150090415913201,0.8319945358678078,0.9873560461687212,0.9839925565060135
12,sider,SIDER10,va,118,1366,64,59,0.921875,37,22,20,44,0.6875,0.6271186440677966,0.6585365853658537,0.3152035152427862,0.738482161909036,0.7023305084745762
12,sider,SIDER10,te,118,1366,67,70,1.044776119402985,37,33,17,50,0.746268656716418,0.5285714285714286,0.635036496350365,0.2811451331339036,0.6713049023229345,0.688272921108742
13,sider,SIDER10,tr,118,1366,573,533,0.9301919720767888,465,68,31,542,0.9458987783595113,0.8724202626641651,0.9104882459312839,0.822162788311978,0.9796148640588286,0.9764741707022386
13,sider,SIDER10,va,118,1366,64,59,0.921875,35,24,21,43,0.671875,0.5932203389830508,0.6341463414634146,0.26594184035718715,0.6973991346970305,0.6922669491525424
13,sider,SIDER10,te,118,1366,71,66,0.9295774647887324,36,30,21,50,0.704225352112676,0.5454545454545454,0.6277372262773723,0.2531059171510079,0.7138454794489342,0.68075117370892
14,sider,SIDER10,tr,118,1366,577,529,0.9168110918544194,463,66,27,550,0.9532062391681109,0.8752362948960303,0.9159132007233273,0.8330858057006235,0.9817638976935743,0.9771289473942857
14,sider,SIDER10,va,118,1366,63,60,0.9523809523809523,33,27,17,46,0.7301587301587301,0.55,0.6422764227642277,0.28510420841206924,0.7446572364451245,0.7208994708994708
14,sider,SIDER10,te,118,1366,68,69,1.0147058823529411,36,33,19,49,0.7205882352941176,0.5217391304347826,0.6204379562043796,0.2471685398727539,0.5849750296312217,0.6415174765558398
15,sider,SIDER10,tr,118,1366,575,531,0.9234782608695652,469,62,27,548,0.9530434782608695,0.8832391713747646,0.9195298372513563,0.840095220092891,0.9822075693326631,0.9774993859002701
15,sider,SIDER10,va,118,1366,60,63,1.05,36,27,24,36,0.6,0.5714285714285714,0.5853658536585366,0.17142857142857137,0.635812629413016,0.635978835978836
15,sider,SIDER10,te,118,1366,73,64,0.8767123287671232,38,26,19,54,0.7397260273972602,0.59375,0.6715328467153284,0.33754650449095736,0.7600661349552125,0.7472174657534247
1,sider,SIDER11,tr,118,1366,283,823,2.908127208480565,799,24,39,244,0.8621908127208481,0.9708383961117861,0.9430379746835443,0.8483283065696526,0.9416631265111686,0.982327861954669
1,sider,SIDER11,va,118,1366,33,90,2.727272727272727,81,9,18,15,0.45454545454545453,0.9,0.7804878048780488,0.3963938687385988,0.5899569235831459,0.7555555555555556
1,sider,SIDER11,te,118,1366,42,95,2.261904761904762,89,6,26,16,0.38095238095238093,0.9368421052631579,0.7664233576642335,0.399091561567454,0.6172499407612604,0.7350877192982457
2,sider,SIDER11,tr,118,1366,289,817,2.8269896193771626,785,32,31,258,0.8927335640138409,0.9608323133414932,0.9430379746835443,0.8526148970892444,0.9556210731399848,0.9853714111463578
2,sider,SIDER11,va,118,1366,30,93,3.1,86,7,19,11,0.36666666666666664,0.9247311827956989,0.7886178861788617,0.3540442470874449,0.612014712902692,0.8118279569892473
2,sider,SIDER11,te,118,1366,39,98,2.5128205128205128,90,8,22,17,0.4358974358974359,0.9183673469387755,0.781021897810219,0.41389893347126844,0.6430183366975859,0.7891156462585034
3,sider,SIDER11,tr,118,1366,292,814,2.787671232876712,785,29,38,254,0.8698630136986302,0.9643734643734644,0.9394213381555153,0.8427517612457308,0.938544843847389,0.9813242570091885
3,sider,SIDER11,va,118,1366,31,92,2.967741935483871,86,6,20,11,0.3548387096774194,0.9347826086956522,0.7886178861788617,0.36435765089677,0.5079982531581504,0.7650771388499299
3,sider,SIDER11,te,118,1366,35,102,2.914285714285714,95,7,26,9,0.2571428571428571,0.9313725490196079,0.7591240875912408,0.25599311186027324,0.5585941901419731,0.7798319327731091
4,sider,SIDER11,tr,118,1366,294,812,2.761904761904762,787,25,42,252,0.8571428571428571,0.9692118226600985,0.9394213381555153,0.8425603560432321,0.9561574005279795,0.9845682115210617
4,sider,SIDER11,va,118,1366,27,96,3.5555555555555554,90,6,20,7,0.25925925925925924,0.9375,0.7886178861788617,0.2649016471690625,0.4720033976054615,0.7704475308641975
4,sider,SIDER11,te,118,1366,37,100,2.7027027027027026,91,9,22,15,0.40540540540540543,0.91,0.7737226277372263,0.36840469088225725,0.5277048826149667,0.7124324324324325
5,sider,SIDER11,tr,118,1366,286,820,2.867132867132867,797,23,33,253,0.8846153846153846,0.9719512195121951,0.9493670886075949,0.8666774435797137,0.9498040480912989,0.9860054579566774
5,sider,SIDER11,va,118,1366,37,86,2.324324324324324,78,8,24,13,0.35135135135135137,0.9069767441860465,0.7398373983739838,0.3148560165736312,0.6441772119860489,0.8192960402262728
5,sider,SIDER11,te,118,1366,35,102,2.914285714285714,91,11,21,14,0.4,0.8921568627450981,0.7664233576642335,0.3298915448636854,0.4962143800333617,0.6680672268907563
6,sider,SIDER11,tr,118,1366,292,814,2.787671232876712,787,27,38,254,0.8698630136986302,0.9668304668304668,0.9412296564195298,0.8472076700746344,0.9508622668742037,0.9835919356467302
6,sider,SIDER11,va,118,1366,27,96,3.5555555555555554,87,9,15,12,0.4444444444444444,0.90625,0.8048780487804879,0.38577728416603857,0.5555766972322456,0.7399691358024691
6,sider,SIDER11,te,118,1366,39,98,2.5128205128205128,90,8,25,14,0.358974358974359,0.9183673469387755,0.7591240875912408,0.3408790126887674,0.567636137292139,0.7305075876504449
7,sider,SIDER11,tr,118,1366,287,819,2.8536585365853657,791,28,36,251,0.8745644599303136,0.9658119658119658,0.9421338155515371,0.8482071008937332,0.9396278288911615,0.9822805920366895
7,sider,SIDER11,va,118,1366,35,88,2.5142857142857142,78,10,25,10,0.2857142857142857,0.8863636363636364,0.7154471544715447,0.2104102542599047,0.4967560784780965,0.7285714285714285
7,sider,SIDER11,te,118,1366,36,101,2.8055555555555554,95,6,27,9,0.25,0.9405940594059405,0.7591240875912408,0.2686555101837399,0.5130326835469272,0.6677667766776677
8,sider,SIDER11,tr,118,1366,292,814,2.787671232876712,791,23,28,264,0.9041095890410958,0.9717444717444718,0.953887884267631,0.8807496449596118,0.954815613847963,0.984042105617448
8,sider,SIDER11,va,118,1366,30,93,3.1,81,12,18,12,0.4,0.8709677419354839,0.7560975609756098,0.2936273297866767,0.47994339551934756,0.6480286738351255
8,sider,SIDER11,te,118,1366,36,101,2.8055555555555554,87,14,22,14,0.3888888888888889,0.8613861386138614,0.7372262773722628,0.2731726340922074,0.5115834617319122,0.7021452145214522
9,sider,SIDER11,tr,118,1366,300,806,2.6866666666666665,775,31,34,266,0.8866666666666667,0.9615384615384616,0.9412296564195298,0.8508961461152457,0.948993583695027,0.9807857733664185
9,sider,SIDER11,va,118,1366,15,108,7.2,101,7,14,1,0.06666666666666667,0.9351851851851852,0.8292682926829268,0.0024573659359149436,0.13133081944849484,0.5413580246913581
9,sider,SIDER11,te,118,1366,43,94,2.186046511627907,82,12,26,17,0.3953488372093023,0.8723404255319149,0.7226277372262774,0.30410126693436274,0.5214631306173212,0.6806036615536863
10,sider,SIDER11,tr,118,1366,284,822,2.8943661971830985,799,23,29,255,0.897887323943662,0.9720194647201946,0.9529837251356239,0.8760527000599974,0.9506328115833407,0.9859369110037354
10,sider,SIDER11,va,118,1366,33,90,2.727272727272727,85,5,23,10,0.30303030303030304,0.9444444444444444,0.7723577235772358,0.33508239211040536,0.5804683311809227,0.7525252525252526
10,sider,SIDER11,te,118,1366,41,96,2.341463414634146,89,7,28,13,0.3170731707317073,0.9270833333333334,0.7445255474452555,0.31665614045022195,0.579525460081603,0.7197662601626017
11,sider,SIDER11,tr,118,1366,289,817,2.8269896193771626,787,30,42,247,0.8546712802768166,0.9632802937576499,0.9349005424954792,0.8294121486558771,0.934428086661223,0.9785314658659201
11,sider,SIDER11,va,118,1366,27,96,3.5555555555555554,89,7,20,7,0.25925925925925924,0.9270833333333334,0.7804878048780488,0.24285797269836518,0.4847031913160043,0.7511574074074074
11,sider,SIDER11,te,118,1366,42,95,2.261904761904762,81,14,32,10,0.23809523809523808,0.8526315789473684,0.6642335766423357,0.11004676494768556,0.5135420925336779,0.6694235588972431
12,sider,SIDER11,tr,118,1366,291,815,2.8006872852233675,790,25,44,247,0.8487972508591065,0.9693251533742331,0.9376130198915009,0.8365195737326029,0.9393530885376484,0.9835641852718571
12,sider,SIDER11,va,118,1366,32,91,2.84375,87,4,19,13,0.40625,0.9560439560439561,0.8130081300813008,0.4605527512029501,0.5302721181945864,0.7328296703296703
12,sider,SIDER11,te,118,1366,35,102,2.914285714285714,97,5,23,12,0.34285714285714286,0.9509803921568627,0.7956204379562044,0.38871052175164617,0.5335746017726236,0.7240896358543418
13,sider,SIDER11,tr,118,1366,289,817,2.8269896193771626,788,29,32,257,0.889273356401384,0.9645042839657283,0.9448462929475587,0.8566724169186754,0.9442445265661487,0.9815512064138779
13,sider,SIDER11,va,118,1366,37,86,2.324324324324324,78,8,20,17,0.4594594594594595,0.9069767441860465,0.7723577235772358,0.41760474108393375,0.6665294533350161,0.8029541169076053
13,sider,SIDER11,te,118,1366,32,105,3.28125,90,15,18,14,0.4375,0.8571428571428571,0.7591240875912408,0.3051790236127016,0.4877185745345147,0.6886904761904762
14,sider,SIDER11,tr,118,1366,295,811,2.7491525423728813,790,21,30,265,0.8983050847457628,0.9741060419235512,0.953887884267631,0.8811557676000145,0.9543314653846724,0.9835148069970114
14,sider,SIDER11,va,118,1366,30,93,3.1,87,6,16,14,0.4666666666666667,0.9354838709677419,0.8211382113821138,0.46801216855487815,0.5881923253022262,0.8222222222222223
14,sider,SIDER11,te,118,1366,33,104,3.1515151515151514,92,12,22,11,0.3333333333333333,0.8846153846153846,0.7518248175182481,0.2493512872723819,0.42639407904628834,0.7027972027972028
15,sider,SIDER11,tr,118,1366,286,820,2.867132867132867,800,20,38,248,0.8671328671328671,0.975609756097561,0.9475587703435805,0.8611830951682373,0.9429376132466885,0.9820057990789697
15,sider,SIDER11,va,118,1366,35,88,2.5142857142857142,78,10,28,7,0.2,0.8863636363636364,0.6910569105691057,0.11290908424754845,0.42160459627038904,0.688961038961039
15,sider,SIDER11,te,118,1366,37,100,2.7027027027027026,94,6,27,10,0.2702702702702703,0.94,0.7591240875912408,0.29068730028083606,0.5283264510674573,0.7013513513513514
1,sider,SIDER12,tr,118,1366,995,111,0.11155778894472362,94,17,45,950,0.9547738693467337,0.8468468468468469,0.9439421338155516,0.7266433856423948,0.9974411256057918,0.9765765765765766
1,sider,SIDER12,va,118,1366,114,9,0.07894736842105263,2,7,8,106,0.9298245614035088,0.2222222222222222,0.8780487804878049,0.14488108717461087,0.9566725997780992,0.6861598440545809
1,sider,SIDER12,te,118,1366,129,8,0.06201550387596899,0,8,9,120,0.9302325581395349,0.0,0.8759124087591241,-0.06603381797442151,0.9646767367149486,0.6133720930232558
2,sider,SIDER12,tr,118,1366,1006,100,0.09940357852882704,87,13,33,973,0.967196819085487,0.87,0.9584086799276673,0.7719647672671168,0.9980702615403054,0.9802783300198807
2,sider,SIDER12,va,118,1366,112,11,0.09821428571428571,1,10,5,107,0.9553571428571429,0.09090909090909091,0.8780487804878049,0.06129159817348511,0.9175367610035448,0.5097402597402597
2,sider,SIDER12,te,118,1366,120,17,0.14166666666666666,2,15,4,116,0.9666666666666667,0.11764705882352941,0.8613138686131386,0.13583199839013843,0.9213600411636513,0.6279411764705882
3,sider,SIDER12,tr,118,1366,1000,106,0.106,85,21,34,966,0.966,0.8018867924528302,0.9502712477396021,0.7294878677380711,0.997543731905411,0.9769811320754717
3,sider,SIDER12,va,118,1366,112,11,0.09821428571428571,1,10,7,105,0.9375,0.09090909090909091,0.8617886178861789,0.03287522824880548,0.9170876013719447,0.5040584415584415
3,sider,SIDER12,te,118,1366,126,11,0.0873015873015873,2,9,10,116,0.9206349206349206,0.18181818181818182,0.8613138686131386,0.09848296146488311,0.9642711973605653,0.6724386724386724
4,sider,SIDER12,tr,118,1366,1005,101,0.10049751243781095,88,13,25,980,0.9751243781094527,0.8712871287128713,0.9656419529837251,0.8050288242642843,0.9988778662660814,0.9886705088419289
4,sider,SIDER12,va,118,1366,108,15,0.1388888888888889,0,15,9,99,0.9166666666666666,0.0,0.8048780487804879,-0.10471347707292356,0.9357574553888613,0.634567901234568
4,sider,SIDER12,te,118,1366,125,12,0.096,0,12,3,122,0.976,0.0,0.8905109489051095,-0.04636004455717496,0.9489286277077378,0.6413333333333333
5,sider,SIDER12,tr,118,1366,1000,106,0.106,85,21,32,968,0.968,0.8018867924528302,0.9520795660036167,0.7368663515666386,0.9980411372957223,0.9810377358490566
5,sider,SIDER12,va,118,1366,112,11,0.09821428571428571,1,10,5,107,0.9553571428571429,0.09090909090909091,0.8780487804878049,0.06129159817348511,0.9335995116037152,0.6168831168831168
5,sider,SIDER12,te,118,1366,126,11,0.0873015873015873,3,8,8,118,0.9365079365079365,0.2727272727272727,0.8832116788321168,0.2092352092352087,0.9601108801050059,0.6666666666666666
6,sider,SIDER12,tr,118,1366,1011,95,0.09396636993076163,85,10,48,963,0.9525222551928784,0.8947368421052632,0.9475587703435805,0.7299134737287626,0.9983125519584432,0.9820188453329168
6,sider,SIDER12,va,118,1366,105,18,0.17142857142857143,3,15,9,96,0.9142857142857143,0.16666666666666666,0.8048780487804879,0.09642916726065959,0.8918218462802521,0.6624338624338625
6,sider,SIDER12,te,118,1366,122,15,0.12295081967213115,4,11,12,110,0.9016393442622951,0.26666666666666666,0.8321167883211679,0.16363360377426434,0.89804295436473,0.526775956284153
7,sider,SIDER12,tr,118,1366,998,108,0.10821643286573146,93,15,36,962,0.9639278557114228,0.8611111111111112,0.953887884267631,0.7629735319605404,0.9977648067657008,0.9789486380167743
7,sider,SIDER12,va,118,1366,113,10,0.08849557522123894,1,9,5,108,0.9557522123893806,0.1,0.8861788617886179,0.07073474164772206,0.9536616812173839,0.6433628318584071
7,sider,SIDER12,te,118,1366,127,10,0.07874015748031496,0,10,10,117,0.9212598425196851,0.0,0.8540145985401459,-0.07874015748031472,0.9593224020139884,0.6220472440944882
8,sider,SIDER12,tr,118,1366,995,111,0.11155778894472362,97,14,26,969,0.9738693467336683,0.8738738738738738,0.9638336347197106,0.8102294794661705,0.9982417488222195,0.9840554121961156
8,sider,SIDER12,va,118,1366,115,8,0.06956521739130435,1,7,8,107,0.9304347826086956,0.125,0.8780487804878049,0.052493143644403474,0.9660326953943492,0.6684782608695652
8,sider,SIDER12,te,118,1366,128,9,0.0703125,0,9,12,116,0.90625,0.0,0.8467153284671532,-0.08215838362577467,0.9543425861358499,0.5442708333333334
9,sider,SIDER12,tr,118,1366,1009,97,0.09613478691774034,84,13,30,979,0.9702675916749257,0.865979381443299,0.961121157323689,0.7779608592263533,0.9984009122504537,0.9829472888334881
9,sider,SIDER12,va,118,1366,109,14,0.12844036697247707,2,12,6,103,0.944954128440367,0.14285714285714285,0.8536585365853658,0.11309245137740295,0.890178557757036,0.4888597640891219
9,sider,SIDER12,te,118,1366,120,17,0.14166666666666666,1,16,6,114,0.95,0.058823529411764705,0.8394160583941606,0.01321103141325227,0.9407418505599047,0.6681372549019609
10,sider,SIDER12,tr,118,1366,996,110,0.11044176706827309,87,23,33,963,0.9668674698795181,0.7909090909090909,0.9493670886075949,0.729185625928299,0.9975384548989927,0.977345746622855
10,sider,SIDER12,va,118,1366,115,8,0.06956521739130435,0,8,7,108,0.9391304347826087,0.0,0.8780487804878049,-0.06479121120549612,0.9488750420059928,0.4880434782608695
10,sider,SIDER12,te,118,1366,127,10,0.07874015748031496,4,6,6,121,0.952755905511811,0.4,0.9124087591240876,0.35275590551180996,0.9679552026685416,0.7503937007874015
11,sider,SIDER12,tr,118,1366,998,108,0.10821643286573146,88,20,27,971,0.9729458917835672,0.8148148148148148,0.9575045207956601,0.7661004464519804,0.9982845821409014,0.9839215467972983
11,sider,SIDER12,va,118,1366,113,10,0.08849557522123894,0,10,9,104,0.9203539823008849,0.0,0.8455284552845529,-0.08358524260073705,0.9360239096687246,0.5265486725663716
11,sider,SIDER12,te,118,1366,127,10,0.07874015748031496,2,8,8,119,0.937007874015748,0.2,0.8832116788321168,0.13700787401574763,0.9550310601371709,0.6338582677165353
12,sider,SIDER12,tr,118,1366,1003,103,0.10269192422731804,84,19,33,970,0.967098703888335,0.8155339805825242,0.9529837251356239,0.7394962622758435,0.9974251636171702,0.9751618929618909
12,sider,SIDER12,va,118,1366,110,13,0.11818181818181818,2,11,6,104,0.9454545454545454,0.15384615384615385,0.8617886178861789,0.12380164403584219,0.9303633056867346,0.6097902097902097
12,sider,SIDER12,te,118,1366,125,12,0.096,1,11,9,116,0.928,0.08333333333333333,0.8540145985401459,0.01231690045203768,0.9351245291746482,0.5386666666666666
13,sider,SIDER12,tr,118,1366,999,107,0.10710710710710711,87,20,35,964,0.964964964964965,0.8130841121495327,0.9502712477396021,0.7341827229447401,0.9969761576749088,0.9718222895792991
13,sider,SIDER12,va,118,1366,115,8,0.06956521739130435,2,6,7,108,0.9391304347826087,0.25,0.8943089430894309,0.1790942547867883,0.9598678137250533,0.6260869565217391
13,sider,SIDER12,te,118,1366,124,13,0.10483870967741936,3,10,7,117,0.9435483870967742,0.23076923076923078,0.8759124087591241,0.19639116242193463,0.9137024321303076,0.5483870967741935
14,sider,SIDER12,tr,118,1366,1004,102,0.10159362549800798,88,14,38,966,0.9621513944223108,0.8627450980392157,0.9529837251356239,0.7512216381365965,0.998270361079807,0.9825404265291774
14,sider,SIDER12,va,118,1366,110,13,0.11818181818181818,2,11,9,101,0.9181818181818182,0.15384615384615385,0.8373983739837398,0.0776003807336077,0.925656616990929,0.5797202797202798
14,sider,SIDER12,te,118,1366,124,13,0.10483870967741936,2,11,7,117,0.9435483870967742,0.15384615384615385,0.8686131386861314,0.11521019034081893,0.9119028686128936,0.5508684863523573
15,sider,SIDER12,tr,118,1366,1007,99,0.09831181727904667,87,12,28,979,0.9721946375372393,0.8787878787878788,0.9638336347197106,0.7959159768751966,0.9984717185638575,0.984020944298998
15,sider,SIDER12,va,118,1366,105,18,0.17142857142857143,1,17,2,103,0.9809523809523809,0.05555555555555555,0.8455284552845529,0.08365019125712979,0.8929256309540634,0.5994708994708995
15,sider,SIDER12,te,118,1366,126,11,0.0873015873015873,1,10,7,119,0.9444444444444444,0.09090909090909091,0.8759124087591241,0.040970816238622025,0.9608007511701382,0.6818181818181818
1,sider,SIDER13,tr,118,1366,248,858,3.4596774193548385,806,52,42,206,0.8306451612903226,0.9393939393939394,0.9150090415913201,0.7594068029937953,0.875922431269897,0.9585495150011278
1,sider,SIDER13,va,118,1366,29,94,3.2413793103448274,73,21,21,8,0.27586206896551724,0.776595744680851,0.6585365853658537,0.05245781364636827,0.30187546664929005,0.594644167278063
1,sider,SIDER13,te,118,1366,38,99,2.6052631578947367,80,19,24,14,0.3684210526315789,0.8080808080808081,0.6861313868613139,0.18479279922655611,0.49235540316774357,0.6791600212652844
2,sider,SIDER13,tr,118,1366,264,842,3.1893939393939394,787,55,40,224,0.8484848484848485,0.9346793349168646,0.9141048824593129,0.7686983880272816,0.8909428454118995,0.965713398833945
2,sider,SIDER13,va,118,1366,22,101,4.590909090909091,75,26,13,9,0.4090909090909091,0.7425742574257426,0.6829268292682927,0.12881976878533177,0.43936006192761545,0.698019801980198
2,sider,SIDER13,te,118,1366,29,108,3.7241379310344827,86,22,8,21,0.7241379310344828,0.7962962962962963,0.781021897810219,0.4581192838290308,0.516920913034981,0.7560664112388251
3,sider,SIDER13,tr,118,1366,262,844,3.2213740458015265,787,57,40,222,0.8473282442748091,0.9324644549763034,0.9122965641952984,0.7633894915770123,0.8644536186990847,0.9588247530841867
3,sider,SIDER13,va,118,1366,22,101,4.590909090909091,85,16,16,6,0.2727272727272727,0.8415841584158416,0.7398373983739838,0.11431143114311419,0.3595638158092571,0.626912691269127
3,sider,SIDER13,te,118,1366,31,106,3.4193548387096775,88,18,16,15,0.4838709677419355,0.8301886792452831,0.7518248175182481,0.3073068763092127,0.43204186467168193,0.7108947048082777
4,sider,SIDER13,tr,118,1366,252,854,3.388888888888889,793,61,35,217,0.8611111111111112,0.9285714285714286,0.9132007233273056,0.7635617682348652,0.879254782987636,0.9624061373183154
4,sider,SIDER13,va,118,1366,36,87,2.4166666666666665,75,12,20,16,0.4444444444444444,0.8620689655172413,0.7398373983739838,0.3325979269911401,0.5066184553591679,0.7455300127713921
4,sider,SIDER13,te,118,1366,27,110,4.074074074074074,92,18,15,12,0.4444444444444444,0.8363636363636363,0.7591240875912408,0.2701066706291444,0.45209871127889895,0.7151515151515151
5,sider,SIDER13,tr,118,1366,246,860,3.4959349593495936,788,72,34,212,0.8617886178861789,0.9162790697674419,0.9041591320072333,0.7406944325356151,0.8470249016437646,0.960072792588391
5,sider,SIDER13,va,118,1366,37,86,2.324324324324324,72,14,24,13,0.35135135135135137,0.8372093023255814,0.6910569105691057,0.20892175440162494,0.5552909923704716,0.6997171590194846
5,sider,SIDER13,te,118,1366,32,105,3.28125,94,11,24,8,0.25,0.8952380952380953,0.7445255474452555,0.17780025486951323,0.42100222651949154,0.6494047619047619
6,sider,SIDER13,tr,118,1366,253,853,3.3715415019762847,822,31,34,219,0.8656126482213439,0.9636576787807737,0.9412296564195298,0.8327679743319443,0.9251827983702167,0.9754273454767874
6,sider,SIDER13,va,118,1366,29,94,3.2413793103448274,85,9,19,10,0.3448275862068966,0.9042553191489362,0.7723577235772358,0.2925589431047907,0.3817828871121478,0.6885546588407924
6,sider,SIDER13,te,118,1366,33,104,3.1515151515151514,95,9,21,12,0.36363636363636365,0.9134615384615384,0.781021897810219,0.32890330336113316,0.5305842074328233,0.738927738927739
7,sider,SIDER13,tr,118,1366,256,850,3.3203125,788,62,37,219,0.85546875,0.9270588235294117,0.9104882459312839,0.7581392142038461,0.8859915307243078,0.9640762867647058
7,sider,SIDER13,va,118,1366,29,94,3.2413793103448274,76,18,19,10,0.3448275862068966,0.8085106382978723,0.6991869918699187,0.1552288849019158,0.377874066162485,0.6658107116654438
7,sider,SIDER13,te,118,1366,30,107,3.566666666666667,96,11,18,12,0.4,0.897196261682243,0.7883211678832117,0.328836119685454,0.520241209244926,0.698442367601246
8,sider,SIDER13,tr,118,1366,258,848,3.2868217054263567,785,63,33,225,0.872093023255814,0.9257075471698113,0.9132007233273056,0.7688280607900357,0.862655626310186,0.9602233252888693
8,sider,SIDER13,va,118,1366,24,99,4.125,85,14,13,11,0.4583333333333333,0.8585858585858586,0.7804878048780488,0.3120963688920008,0.3549771002470434,0.6788720538720538
8,sider,SIDER13,te,118,1366,33,104,3.1515151515151514,83,21,19,14,0.42424242424242425,0.7980769230769231,0.708029197080292,0.2179800713044651,0.44171135129684796,0.6480186480186481
9,sider,SIDER13,tr,118,1366,259,847,3.27027027027027,786,61,40,219,0.8455598455598455,0.9279811097992916,0.9086799276672695,0.7533657295846401,0.8612698114154822,0.9617455201870786
9,sider,SIDER13,va,118,1366,26,97,3.730769230769231,86,11,20,6,0.23076923076923078,0.8865979381443299,0.7479674796747967,0.13884868679162612,0.35377014389027406,0.578112609040444
9,sider,SIDER13,te,118,1366,30,107,3.566666666666667,89,18,17,13,0.43333333333333335,0.8317757009345794,0.7445255474452555,0.26202532258929867,0.36918563076186917,0.6728971962616822
10,sider,SIDER13,tr,118,1366,262,844,3.2213740458015265,795,49,41,221,0.8435114503816794,0.9419431279620853,0.918625678119349,0.7774239641841422,0.8733631057280123,0.9637133244093918
10,sider,SIDER13,va,118,1366,25,98,3.92,79,19,15,10,0.4,0.8061224489795918,0.7235772357723578,0.19540938152598747,0.5182541315091655,0.7020408163265306
10,sider,SIDER13,te,118,1366,28,109,3.892857142857143,90,19,18,10,0.35714285714285715,0.8256880733944955,0.7299270072992701,0.1804808208783709,0.35383064633149774,0.7313237221494102
11,sider,SIDER13,tr,118,1366,264,842,3.1893939393939394,788,54,44,220,0.8333333333333334,0.9358669833729216,0.9113924050632911,0.7595572597263603,0.9109101135498994,0.9694832829482474
11,sider,SIDER13,va,118,1366,25,98,3.92,81,17,14,11,0.44,0.826530612244898,0.7479674796747967,0.2557933918649458,0.5127823696570541,0.7383673469387755
11,sider,SIDER13,te,118,1366,26,111,4.269230769230769,93,18,16,10,0.38461538461538464,0.8378378378378378,0.7518248175182481,0.21631896684698865,0.36005263764256007,0.6288981288981289
12,sider,SIDER13,tr,118,1366,245,861,3.5142857142857142,815,46,30,215,0.8775510204081632,0.9465737514518002,0.9312839059674503,0.8059887469049216,0.9159012583318743,0.9759060418592524
12,sider,SIDER13,va,118,1366,32,91,2.84375,84,7,23,9,0.28125,0.9230769230769231,0.7560975609756098,0.2664829333302422,0.44700666349558604,0.6347870879120879
12,sider,SIDER13,te,118,1366,38,99,2.6052631578947367,90,9,21,17,0.4473684210526316,0.9090909090909091,0.781021897810219,0.4069782676853303,0.5637942123289295,0.7339181286549707
13,sider,SIDER13,tr,118,1366,247,859,3.477732793522267,785,74,42,205,0.8299595141700404,0.9138533178114087,0.895117540687161,0.7132698529171932,0.8606141476618445,0.9502363637220571
13,sider,SIDER13,va,118,1366,30,93,3.1,80,13,16,14,0.4666666666666667,0.8602150537634409,0.7642276422764228,0.33913704998105487,0.5065559562133835,0.7437275985663082
13,sider,SIDER13,te,118,1366,38,99,2.6052631578947367,83,16,20,18,0.47368421052631576,0.8383838383838383,0.7372262773722628,0.3234451403706494,0.5531001287512026,0.694843168527379
14,sider,SIDER13,tr,118,1366,250,856,3.424,795,61,34,216,0.864,0.9287383177570093,0.9141048824593129,0.7652786327264427,0.886221786161717,0.9664579439252338
14,sider,SIDER13,va,118,1366,28,95,3.392857142857143,84,11,18,10,0.35714285714285715,0.8842105263157894,0.7642276422764228,0.2689580061047255,0.39648111445762385,0.6522556390977444
14,sider,SIDER13,te,118,1366,37,100,2.7027027027027026,83,17,23,14,0.3783783783783784,0.83,0.708029197080292,0.22111577960053755,0.4765752739713577,0.6910810810810811
15,sider,SIDER13,tr,118,1366,246,860,3.4959349593495936,800,60,33,213,0.8658536585365854,0.9302325581395349,0.9159132007233273,0.767844114243882,0.8853680913540078,0.9631924749480053
15,sider,SIDER13,va,118,1366,29,94,3.2413793103448274,82,12,19,10,0.3448275862068966,0.8723404255319149,0.7479674796747967,0.24053969373399778,0.45757645206169084,0.7068965517241379
15,sider,SIDER13,te,118,1366,40,97,2.425,79,18,20,20,0.5,0.8144329896907216,0.7226277372262774,0.3193262142488575,0.5620078198223297,0.7105670103092784
1,sider,SIDER14,tr,118,1366,155,951,6.135483870967742,911,40,28,127,0.8193548387096774,0.9579390115667719,0.9385171790235082,0.7536163421552892,0.8376290669767319,0.9752722092194973
1,sider,SIDER14,va,118,1366,27,96,3.5555555555555554,87,9,23,4,0.14814814814814814,0.90625,0.7398373983739838,0.07323751421732905,0.31584059512336693,0.6562499999999999
1,sider,SIDER14,te,118,1366,27,110,4.074074074074074,93,17,23,4,0.14814814814814814,0.8454545454545455,0.708029197080292,-0.00706377299871313,0.23396815674592186,0.5405723905723905
2,sider,SIDER14,tr,118,1366,175,931,5.32,888,43,22,153,0.8742857142857143,0.9538131041890441,0.9412296564195298,0.7914569516096723,0.8925563502327587,0.9784594138407242
2,sider,SIDER14,va,118,1366,19,104,5.473684210526316,95,9,16,3,0.15789473684210525,0.9134615384615384,0.7967479674796748,0.08691075648591058,0.19641768609852062,0.569838056680162
2,sider,SIDER14,te,118,1366,15,122,8.133333333333333,109,13,13,2,0.13333333333333333,0.8934426229508197,0.8102189781021898,0.026775956284152965,0.1303432279916823,0.580327868852459
3,sider,SIDER14,tr,118,1366,163,943,5.785276073619632,904,39,35,128,0.7852760736196319,0.95864262990456,0.9330922242314648,0.7365192371973841,0.8883929202042237,0.9770150088804168
3,sider,SIDER14,va,118,1366,23,100,4.3478260869565215,95,5,18,5,0.21739130434782608,0.95,0.8130081300813008,0.23881279403830735,0.34374661993698485,0.5952173913043479
3,sider,SIDER14,te,118,1366,23,114,4.956521739130435,104,10,16,7,0.30434782608695654,0.9122807017543859,0.8102189781021898,0.2455935225940179,0.43598994241378114,0.7353165522501907
4,sider,SIDER14,tr,118,1366,168,938,5.583333333333333,895,43,22,146,0.8690476190476191,0.9541577825159915,0.9412296564195298,0.7849621238228871,0.8835372844384899,0.9781703726266626
4,sider,SIDER14,va,118,1366,20,103,5.15,98,5,19,1,0.05,0.9514563106796117,0.8048780487804879,0.002494704373842772,0.1900838924092328,0.5504854368932038
4,sider,SIDER14,te,118,1366,21,116,5.523809523809524,99,17,18,3,0.14285714285714285,0.853448275862069,0.7445255474452555,-0.0037696058153381803,0.16803863918660475,0.5373563218390804
5,sider,SIDER14,tr,118,1366,167,939,5.622754491017964,904,35,25,142,0.8502994011976048,0.9627263045793397,0.945750452079566,0.79396401383053,0.9093912576109627,0.9812706854661285
5,sider,SIDER14,va,118,1366,23,100,4.3478260869565215,89,11,18,5,0.21739130434782608,0.89,0.7642276422764228,0.12447471915638661,0.22243591226012532,0.5134782608695653
5,sider,SIDER14,te,118,1366,19,118,6.2105263157894735,104,14,14,5,0.2631578947368421,0.8813559322033898,0.7956204379562044,0.1445138269402318,0.26246011087939586,0.6155218554861731
6,sider,SIDER14,tr,118,1366,165,941,5.703030303030303,920,21,20,145,0.8787878787878788,0.9776833156216791,0.9629294755877035,0.854341639791311,0.9046484207001771,0.981618523170064
6,sider,SIDER14,va,118,1366,16,107,6.6875,93,14,12,4,0.25,0.8691588785046729,0.7886178861788617,0.11340896452849294,0.22034932157065437,0.5587032710280374
6,sider,SIDER14,te,118,1366,28,109,3.892857142857143,100,9,23,5,0.17857142857142858,0.9174311926605505,0.7664233576642335,0.12780821874483703,0.3296645650176105,0.6382699868938401
7,sider,SIDER14,tr,118,1366,173,933,5.393063583815029,899,34,15,158,0.9132947976878613,0.9635584137191854,0.9556962025316456,0.8409439647781414,0.9163623028400675,0.9860106933318465
7,sider,SIDER14,va,118,1366,16,107,6.6875,89,18,13,3,0.1875,0.8317757009345794,0.7479674796747967,0.017232660277061475,0.19040499260024935,0.5186915887850467
7,sider,SIDER14,te,118,1366,20,117,5.85,107,10,16,4,0.2,0.9145299145299145,0.8102189781021898,0.1335089227684006,0.19579308992932987,0.5933760683760684
8,sider,SIDER14,tr,118,1366,171,935,5.4678362573099415,909,26,30,141,0.8245614035087719,0.9721925133689839,0.9493670886075949,0.8045203541113501,0.9211417689691694,0.9851893548487975
8,sider,SIDER14,va,118,1366,18,105,5.833333333333333,101,4,13,5,0.2777777777777778,0.9619047619047619,0.8617886178861789,0.3253071580104205,0.41426942422854285,0.7005291005291006
8,sider,SIDER14,te,118,1366,20,117,5.85,107,10,15,5,0.25,0.9145299145299145,0.8175182481751825,0.1860489639618186,0.2868460101658564,0.5854700854700855
9,sider,SIDER14,tr,118,1366,175,931,5.32,869,62,24,151,0.8628571428571429,0.9334049409237379,0.9222423146473779,0.7369438005511851,0.8869389419500651,0.9754181371796838
9,sider,SIDER14,va,118,1366,17,106,6.235294117647059,96,10,13,4,0.23529411764705882,0.9056603773584906,0.8130081300813008,0.15317188481713423,0.18765115203153904,0.5471698113207547
9,sider,SIDER14,te,118,1366,17,120,7.0588235294117645,109,11,14,3,0.17647058823529413,0.9083333333333333,0.8175182481751825,0.09230270868091059,0.1612946788518855,0.571078431372549
10,sider,SIDER14,tr,118,1366,172,934,5.430232558139535,899,35,34,138,0.8023255813953488,0.9625267665952891,0.9376130198915009,0.763047181258071,0.9128727028486705,0.9828818285941935
10,sider,SIDER14,va,118,1366,16,107,6.6875,96,11,13,3,0.1875,0.897196261682243,0.8048780487804879,0.08970958657766319,0.16190789687756188,0.5478971962616823
10,sider,SIDER14,te,118,1366,21,116,5.523809523809524,103,13,14,7,0.3333333333333333,0.8879310344827587,0.8029197080291971,0.22575750382969767,0.3813981720311359,0.7060755336617406
11,sider,SIDER14,tr,118,1366,171,935,5.4678362573099415,891,44,22,149,0.8713450292397661,0.9529411764705882,0.9403254972875226,0.7851775062050856,0.8949717685298749,0.9798448885136191
11,sider,SIDER14,va,118,1366,17,106,6.235294117647059,97,9,14,3,0.17647058823529413,0.9150943396226415,0.8130081300813008,0.10650118461662401,0.25293045717453494,0.6387347391786904
11,sider,SIDER14,te,118,1366,21,116,5.523809523809524,104,12,18,3,0.14285714285714285,0.896551724137931,0.781021897810219,0.045468125095956796,0.21927573714307314,0.5677339901477833
12,sider,SIDER14,tr,118,1366,176,930,5.284090909090909,880,50,22,154,0.875,0.946236559139785,0.9349005424954792,0.7745469183873676,0.8715053551644583,0.9761546920821114
12,sider,SIDER14,va,118,1366,17,106,6.235294117647059,91,15,16,1,0.058823529411764705,0.8584905660377359,0.7479674796747967,-0.08483147042822162,0.13996427117014504,0.5380133185349611
12,sider,SIDER14,te,118,1366,16,121,7.5625,111,10,10,6,0.375,0.9173553719008265,0.8540145985401459,0.29235537190082606,0.35488957276746613,0.6725206611570248
13,sider,SIDER14,tr,118,1366,173,933,5.393063583815029,895,38,25,148,0.8554913294797688,0.9592711682743837,0.9430379746835443,0.791306108980092,0.8877697272543883,0.9782570984269774
13,sider,SIDER14,va,118,1366,18,105,5.833333333333333,90,15,15,3,0.16666666666666666,0.8571428571428571,0.7560975609756098,0.023809523809523777,0.17310816640114857,0.571957671957672
13,sider,SIDER14,te,118,1366,18,119,6.611111111111111,112,7,14,4,0.2222222222222222,0.9411764705882353,0.8467153284671532,0.20313122892420263,0.19682452087447516,0.4878618113912231
14,sider,SIDER14,tr,118,1366,172,934,5.430232558139535,890,44,24,148,0.8604651162790697,0.9528907922912205,0.9385171790235082,0.778206000647496,0.9000089547755226,0.9812851700612519
14,sider,SIDER14,va,118,1366,23,100,4.3478260869565215,92,8,20,3,0.13043478260869565,0.92,0.7723577235772358,0.06891102619565471,0.2948344848058283,0.6743478260869565
14,sider,SIDER14,te,118,1366,14,123,8.785714285714286,113,10,12,2,0.14285714285714285,0.9186991869918699,0.8394160583941606,0.06595438304361245,0.13422587677172923,0.5807200929152149
15,sider,SIDER14,tr,118,1366,162,944,5.827160493827161,910,34,29,133,0.8209876543209876,0.9639830508474576,0.9430379746835443,0.77518600244012,0.8736402228174607,0.9778588616865453
15,sider,SIDER14,va,118,1366,24,99,4.125,88,11,20,4,0.16666666666666666,0.8888888888888888,0.7479674796747967,0.06728111897994417,0.22389838993729425,0.5932239057239057
15,sider,SIDER14,te,118,1366,23,114,4.956521739130435,108,6,19,4,0.17391304347826086,0.9473684210526315,0.8175182481751825,0.17426449650116932,0.3105075728184507,0.7025171624713958
1,sider,SIDER15,tr,118,1366,850,256,0.30117647058823527,255,1,14,836,0.9835294117647059,0.99609375,0.9864376130198915,0.963051742456614,0.999560803570209,0.9984420955882353
1,sider,SIDER15,va,118,1366,95,28,0.29473684210526313,11,17,4,91,0.9578947368421052,0.39285714285714285,0.8292682926829268,0.4494520008700017,0.9134346575327967,0.8097744360902256
1,sider,SIDER15,te,118,1366,118,19,0.16101694915254236,3,16,7,111,0.940677966101695,0.15789473684210525,0.8321167883211679,0.1309702356959465,0.9192235410065541,0.6306868867082962
2,sider,SIDER15,tr,118,1366,860,246,0.28604651162790695,245,1,11,849,0.9872093023255814,0.9959349593495935,0.9891500904159132,0.9694034977105593,0.9996698524481269,0.998780487804878
2,sider,SIDER15,va,118,1366,99,24,0.24242424242424243,6,18,3,96,0.9696969696969697,0.25,0.8292682926829268,0.33432865753526875,0.8663643683937143,0.6073232323232324
2,sider,SIDER15,te,118,1366,104,33,0.3173076923076923,9,24,5,99,0.9519230769230769,0.2727272727272727,0.7883211678832117,0.3171495977486963,0.8578032108222302,0.7022144522144521
3,sider,SIDER15,tr,118,1366,869,237,0.2727272727272727,237,0,11,858,0.9873417721518988,1.0,0.9900542495479204,0.9713641887040999,0.9995931686458335,0.9983685598170456
3,sider,SIDER15,va,118,1366,89,34,0.38202247191011235,4,30,5,84,0.9438202247191011,0.11764705882352941,0.7154471544715447,0.10556131750476754,0.8399585967860781,0.6721744877726371
3,sider,SIDER15,te,118,1366,105,32,0.3047619047619048,10,22,2,103,0.9809523809523809,0.3125,0.8248175182481752,0.4391993075427503,0.9035314330342972,0.7717261904761905
4,sider,SIDER15,tr,118,1366,873,233,0.26689576174112256,232,1,15,858,0.9828178694158075,0.9957081545064378,0.9855334538878843,0.9581034500789248,0.9997013810835889,0.9988053625945754
4,sider,SIDER15,va,118,1366,91,32,0.3516483516483517,8,24,4,87,0.9560439560439561,0.25,0.7723577235772358,0.30465159249968243,0.8426109209319799,0.6813186813186813
4,sider,SIDER15,te,118,1366,99,38,0.3838383838383838,2,36,3,96,0.9696969696969697,0.05263157894736842,0.7153284671532847,0.053308679237124776,0.8083535741488455,0.6464646464646465
5,sider,SIDER15,tr,118,1366,865,241,0.2786127167630058,241,0,13,852,0.9849710982658959,1.0,0.9882459312839059,0.9667260168536564,0.999475257669808,0.9979468975607415
5,sider,SIDER15,va,118,1366,96,27,0.28125,7,20,8,88,0.9166666666666666,0.25925925925925924,0.7723577235772358,0.2225306501599968,0.8787207825885169,0.7021604938271606
5,sider,SIDER15,te,118,1366,102,35,0.3431372549019608,5,30,3,99,0.9705882352941176,0.14285714285714285,0.7591240875912408,0.21099932526633636,0.8218179441158964,0.653781512605042
6,sider,SIDER15,tr,118,1366,868,238,0.27419354838709675,237,1,14,854,0.9838709677419355,0.9957983193277311,0.9864376130198915,0.9611870611883377,0.9995400712699014,0.9981508732525268
6,sider,SIDER15,va,118,1366,92,31,0.33695652173913043,8,23,6,86,0.9347826086956522,0.25806451612903225,0.7642276422764228,0.263639610955924,0.9141736186415204,0.7657784011220197
6,sider,SIDER15,te,118,1366,103,34,0.3300970873786408,5,29,4,99,0.9611650485436893,0.14705882352941177,0.7591240875912408,0.18869261341500093,0.8221159112130126,0.6250713877784124
7,sider,SIDER15,tr,118,1366,858,248,0.289044289044289,246,2,12,846,0.986013986013986,0.9919354838709677,0.9873417721518988,0.9644464544136467,0.9992854552825828,0.9973353259643583
7,sider,SIDER15,va,118,1366,95,28,0.29473684210526313,6,22,8,87,0.9157894736842105,0.21428571428571427,0.7560975609756098,0.17173468335287767,0.8428724010659991,0.6364661654135338
7,sider,SIDER15,te,118,1366,110,27,0.24545454545454545,8,19,10,100,0.9090909090909091,0.2962962962962963,0.7883211678832117,0.24184765297281074,0.9207884879618176,0.7380471380471381
8,sider,SIDER15,tr,118,1366,854,252,0.29508196721311475,251,1,13,841,0.9847775175644028,0.996031746031746,0.9873417721518988,0.9650632005882575,0.9991590246568776,0.996798446154418
8,sider,SIDER15,va,118,1366,98,25,0.25510204081632654,5,20,9,89,0.9081632653061225,0.2,0.7642276422764228,0.13705205912702773,0.89941021108275,0.6861224489795918
8,sider,SIDER15,te,118,1366,111,26,0.23423423423423423,4,22,9,102,0.918918918918919,0.15384615384615385,0.7737226277372263,0.09736180408000322,0.9187409074438949,0.7137907137907139
9,sider,SIDER15,tr,118,1366,864,242,0.2800925925925926,241,1,15,849,0.9826388888888888,0.9958677685950413,0.9855334538878843,0.9591773030670914,0.9993790611449478,0.9976517064585246
9,sider,SIDER15,va,118,1366,95,28,0.29473684210526313,5,23,7,88,0.9263157894736842,0.17857142857142858,0.7560975609756098,0.1482215233896067,0.8910921743337841,0.6789473684210526
9,sider,SIDER15,te,118,1366,104,33,0.3173076923076923,5,28,9,95,0.9134615384615384,0.15151515151515152,0.7299270072992701,0.09173068780539465,0.8162428172565008,0.5777972027972028
10,sider,SIDER15,tr,118,1366,863,243,0.28157589803012745,242,1,11,852,0.9872537659327926,0.9958847736625515,0.9891500904159132,0.969144375210851,0.9995773286539408,0.9983930112679952
10,sider,SIDER15,va,118,1366,95,28,0.29473684210526313,7,21,4,91,0.9578947368421052,0.25,0.7967479674796748,0.30547731103931164,0.8585856371298186,0.6842105263157896
10,sider,SIDER15,te,118,1366,105,32,0.3047619047619048,10,22,7,98,0.9333333333333333,0.3125,0.7883211678832117,0.3154970660605425,0.8463250448677908,0.6502976190476191
11,sider,SIDER15,tr,118,1366,858,248,0.289044289044289,247,1,17,841,0.9801864801864801,0.9959677419354839,0.9837251356238698,0.95505836379183,0.9994820043470518,0.9981295586134296
11,sider,SIDER15,va,118,1366,96,27,0.28125,7,20,9,87,0.90625,0.25925925925925924,0.7642276422764228,0.20365164075943068,0.8564691189289518,0.6454475308641976
11,sider,SIDER15,te,118,1366,109,28,0.25688073394495414,9,19,3,106,0.9724770642201835,0.32142857142857145,0.8394160583941606,0.41923211961627543,0.9070926943170711,0.7418086500655309
12,sider,SIDER15,tr,118,1366,865,241,0.2786127167630058,241,0,13,852,0.9849710982658959,1.0,0.9882459312839059,0.9667260168536564,0.9992037920825427,0.9968052191015278
12,sider,SIDER15,va,118,1366,92,31,0.33695652173913043,7,24,5,87,0.9456521739130435,0.22580645161290322,0.7642276422764228,0.2508892112227003,0.8233252826182627,0.6486676016830294
12,sider,SIDER15,te,118,1366,106,31,0.29245283018867924,10,21,5,101,0.9528301886792453,0.3225806451612903,0.8102189781021898,0.369053437439846,0.864424366315888,0.6926354230066951
13,sider,SIDER15,tr,118,1366,857,249,0.29054842473745623,248,1,18,839,0.9789964994165694,0.9959839357429718,0.9828209764918626,0.9528082831781289,0.9994631952655781,0.9980364866701346
13,sider,SIDER15,va,118,1366,103,20,0.1941747572815534,2,18,6,97,0.941747572815534,0.1,0.8048780487804879,0.062469916778571374,0.8849629278156179,0.6242718446601941
13,sider,SIDER15,te,118,1366,103,34,0.3300970873786408,12,22,3,100,0.970873786407767,0.35294117647058826,0.8175182481751825,0.44794989468052326,0.8546919899456831,0.6916047972587093
14,sider,SIDER15,tr,118,1366,863,243,0.28157589803012745,243,0,14,849,0.9837775202780996,1.0,0.9873417721518988,0.9644617809719354,0.9992496677833693,0.9971055128773681
14,sider,SIDER15,va,118,1366,96,27,0.28125,6,21,10,86,0.8958333333333334,0.2222222222222222,0.7479674796747967,0.14526200949274076,0.8946007722886574,0.6952160493827161
14,sider,SIDER15,te,118,1366,104,33,0.3173076923076923,10,23,6,98,0.9423076923076923,0.30303030303030304,0.7883211678832117,0.3266523413426643,0.7960649031360931,0.6028554778554778
15,sider,SIDER15,tr,118,1366,863,243,0.28157589803012745,243,0,14,849,0.9837775202780996,1.0,0.9873417721518988,0.9644617809719354,0.9992307206358448,0.9968861612997058
15,sider,SIDER15,va,118,1366,92,31,0.33695652173913043,6,25,7,85,0.9239130434782609,0.1935483870967742,0.7398373983739838,0.16588305604118853,0.8351786954851852,0.6623422159887798
15,sider,SIDER15,te,118,1366,108,29,0.26851851851851855,11,18,12,96,0.8888888888888888,0.3793103448275862,0.781021897810219,0.2931244638460753,0.8948654916667454,0.7203065134099617
1,sider,SIDER16,tr,118,1366,695,411,0.5913669064748202,307,104,131,564,0.8115107913669065,0.7469586374695864,0.7875226039783002,0.5518072867430566,0.9177560991010454,0.8656689247142431
1,sider,SIDER16,va,118,1366,72,51,0.7083333333333334,30,21,26,46,0.6388888888888888,0.5882352941176471,0.6178861788617886,0.22468976991519765,0.7307666308904496,0.6666666666666667
1,sider,SIDER16,te,118,1366,92,45,0.4891304347826087,28,17,28,64,0.6956521739130435,0.6222222222222222,0.6715328467153284,0.30368210127012146,0.8395737685475083,0.6985507246376811
2,sider,SIDER16,tr,118,1366,704,402,0.5710227272727273,317,85,164,540,0.7670454545454546,0.7885572139303483,0.7748643761301989,0.5390774088143603,0.91661766473682,0.8587866774084125
2,sider,SIDER16,va,118,1366,74,49,0.6621621621621622,32,17,22,52,0.7027027027027027,0.6530612244897959,0.6829268292682927,0.350957384740662,0.782852516627073,0.7162162162162162
2,sider,SIDER16,te,118,1366,81,56,0.691358024691358,27,29,19,62,0.7654320987654321,0.48214285714285715,0.6496350364963503,0.2577173288087649,0.7659998016104893,0.7001763668430335
3,sider,SIDER16,tr,118,1366,701,405,0.5777460770328102,313,92,154,547,0.7803138373751783,0.7728395061728395,0.7775768535262206,0.5395394353149667,0.9190480533418269,0.8652929677180747
3,sider,SIDER16,va,118,1366,72,51,0.7083333333333334,36,15,19,53,0.7361111111111112,0.7058823529411765,0.7235772357723578,0.4379569095098242,0.7989022364633199,0.7483660130718954
3,sider,SIDER16,te,118,1366,86,51,0.5930232558139535,36,15,27,59,0.686046511627907,0.7058823529411765,0.6934306569343066,0.3801503795433836,0.8609705688566767,0.7576379388964887
4,sider,SIDER16,tr,118,1366,706,400,0.56657223796034,317,83,173,533,0.7549575070821529,0.7925,0.7685352622061483,0.5295346283054514,0.9133200058580454,0.8515793201133144
4,sider,SIDER16,va,118,1366,72,51,0.7083333333333334,32,19,19,53,0.7361111111111112,0.6274509803921569,0.6910569105691057,0.36356209150326785,0.7505482353675479,0.7369281045751634
4,sider,SIDER16,te,118,1366,81,56,0.691358024691358,40,16,21,60,0.7407407407407407,0.7142857142857143,0.7299270072992701,0.4500921684861577,0.8276773352686162,0.7466931216931217
5,sider,SIDER16,tr,118,1366,692,414,0.5982658959537572,330,84,165,527,0.7615606936416185,0.7971014492753623,0.7748643761301989,0.5437249426120514,0.9106989456314525,0.8521805450839127
5,sider,SIDER16,va,118,1366,80,43,0.5375,30,13,20,60,0.75,0.6976744186046512,0.7317073170731707,0.4346053491312194,0.8755212220830424,0.795639534883721
5,sider,SIDER16,te,118,1366,87,50,0.5747126436781609,27,23,31,56,0.6436781609195402,0.54,0.6058394160583942,0.17896768005753202,0.7153405643836586,0.6356321839080459
6,sider,SIDER16,tr,118,1366,703,403,0.5732574679943101,313,90,147,556,0.7908961593172119,0.7766749379652605,0.7857142857142857,0.5541856579775098,0.9188912940664599,0.863160012565785
6,sider,SIDER16,va,118,1366,79,44,0.5569620253164557,32,12,23,56,0.7088607594936709,0.7272727272727273,0.7154471544715447,0.42045886759785855,0.8894153660111475,0.7954545454545454
6,sider,SIDER16,te,118,1366,77,60,0.7792207792207793,36,24,27,50,0.6493506493506493,0.6,0.6277372262773723,0.24822490703542888,0.7529150554986955,0.6716450216450216
7,sider,SIDER16,tr,118,1366,690,416,0.6028985507246377,329,87,154,536,0.7768115942028986,0.7908653846153846,0.7820976491862568,0.5544404463509499,0.913910330821333,0.8609601449275361
7,sider,SIDER16,va,118,1366,80,43,0.5375,26,17,19,61,0.7625,0.6046511627906976,0.7073170731707317,0.3634716738923719,0.8606421906617636,0.7561046511627907
7,sider,SIDER16,te,118,1366,89,48,0.5393258426966292,28,20,25,64,0.7191011235955056,0.5833333333333334,0.6715328467153284,0.29625747281018994,0.8123430814765455,0.686563670411985
8,sider,SIDER16,tr,118,1366,702,404,0.5754985754985755,333,71,167,535,0.7621082621082621,0.8242574257425742,0.7848101265822784,0.5672917572254177,0.9242138742033104,0.8698115003808073
8,sider,SIDER16,va,118,1366,72,51,0.7083333333333334,37,14,23,49,0.6805555555555556,0.7254901960784313,0.6991869918699187,0.40020306211009277,0.7757008002629193,0.758442265795207
8,sider,SIDER16,te,118,1366,85,52,0.611764705882353,33,19,25,60,0.7058823529411765,0.6346153846153846,0.6788321167883211,0.3344242970196145,0.7667210047532514,0.6739819004524887
9,sider,SIDER16,tr,118,1366,697,409,0.5868005738880918,324,85,157,540,0.7747489239598279,0.7921760391198044,0.7811934900542495,0.5520660959799355,0.9196672345357015,0.8708050218715908
9,sider,SIDER16,va,118,1366,73,50,0.684931506849315,27,23,22,51,0.6986301369863014,0.54,0.6341463414634146,0.23941856469714387,0.7767346391692593,0.6893150684931507
9,sider,SIDER16,te,118,1366,89,48,0.5393258426966292,29,19,29,60,0.6741573033707865,0.6041666666666666,0.6496350364963503,0.26874394631434007,0.7846176439610681,0.677434456928839
10,sider,SIDER16,tr,118,1366,700,406,0.58,316,90,153,547,0.7814285714285715,0.7783251231527094,0.7802893309222423,0.5459499971193164,0.9196607273307926,0.861688951442646
10,sider,SIDER16,va,118,1366,76,47,0.618421052631579,31,16,29,47,0.618421052631579,0.6595744680851063,0.6341463414634146,0.27023875005176795,0.8012140802734375,0.7197648376259799
10,sider,SIDER16,te,118,1366,83,54,0.6506024096385542,33,21,19,64,0.7710843373493976,0.6111111111111112,0.708029197080292,0.38486666998853747,0.8210633258950086,0.7759928603302096
11,sider,SIDER16,tr,118,1366,697,409,0.5868005738880918,317,92,152,545,0.7819225251076041,0.7750611246943765,0.779385171790235,0.5440819924167529,0.9172085524360496,0.8612899152146994
11,sider,SIDER16,va,118,1366,79,44,0.5569620253164557,32,12,26,53,0.6708860759493671,0.7272727272727273,0.6910569105691057,0.382318691502932,0.8561130810073206,0.7623705408515535
11,sider,SIDER16,te,118,1366,83,54,0.6506024096385542,27,27,28,55,0.6626506024096386,0.5,0.5985401459854015,0.16214491421398455,0.7537395298521787,0.6539491298527443
12,sider,SIDER16,tr,118,1366,698,408,0.5845272206303725,308,100,155,543,0.7779369627507163,0.7549019607843137,0.7694394213381555,0.5211440133116129,0.9132455844564937,0.8588614528906118
12,sider,SIDER16,va,118,1366,77,46,0.5974025974025974,32,14,22,55,0.7142857142857143,0.6956521739130435,0.7073170731707317,0.3996878188874257,0.8511342561158604,0.7600225861095427
12,sider,SIDER16,te,118,1366,84,53,0.6309523809523809,36,17,27,57,0.6785714285714286,0.6792452830188679,0.6788321167883211,0.34966491944559264,0.8015783889636378,0.699685534591195
13,sider,SIDER16,tr,118,1366,693,413,0.5959595959595959,326,87,151,542,0.7821067821067821,0.7893462469733656,0.7848101265822784,0.558132959852085,0.9144467489607498,0.8620833027612689
13,sider,SIDER16,va,118,1366,82,41,0.5,28,13,26,56,0.6829268292682927,0.6829268292682927,0.6829268292682927,0.34752402342845784,0.8643717706224233,0.7385484830458061
13,sider,SIDER16,te,118,1366,84,53,0.6309523809523809,32,21,19,65,0.7738095238095238,0.6037735849056604,0.708029197080292,0.3804134135333947,0.7649372601004953,0.7234950584007187
14,sider,SIDER16,tr,118,1366,712,394,0.5533707865168539,308,86,163,549,0.7710674157303371,0.7817258883248731,0.7748643761301989,0.5353694254716097,0.9234455187090336,0.8629156447841213
14,sider,SIDER16,va,118,1366,67,56,0.835820895522388,36,20,23,44,0.6567164179104478,0.6428571428571429,0.6504065040650406,0.2986200085529255,0.758349987683175,0.7121535181236675
14,sider,SIDER16,te,118,1366,80,57,0.7125,29,28,29,51,0.6375,0.5087719298245614,0.583941605839416,0.14592035251553817,0.7010891293206063,0.6486842105263158
15,sider,SIDER16,tr,118,1366,687,419,0.6098981077147017,326,93,148,539,0.784570596797671,0.7780429594272077,0.7820976491862568,0.5515029786015505,0.9088861199050294,0.8532584339923502
15,sider,SIDER16,va,118,1366,77,46,0.5974025974025974,28,18,26,51,0.6623376623376623,0.6086956521739131,0.6422764227642277,0.26425640918176907,0.825586474691198,0.7213438735177865
15,sider,SIDER16,te,118,1366,95,42,0.4421052631578947,36,6,40,55,0.5789473684210527,0.8571428571428571,0.6642335766423357,0.40456758850310004,0.8785057540452543,0.7611528822055137
1,sider,SIDER17,tr,118,1366,1027,79,0.07692307692307693,66,13,68,959,0.9337877312560857,0.8354430379746836,0.9267631103074141,0.6071134907438439,0.9968134783534536,0.958512565787041
1,sider,SIDER17,va,118,1366,114,9,0.07894736842105263,4,5,10,104,0.9122807017543859,0.4444444444444444,0.8780487804878049,0.2925028743894021,0.9684620325350244,0.7202729044834308
1,sider,SIDER17,te,118,1366,129,8,0.06201550387596899,2,6,10,119,0.9224806201550387,0.25,0.8832116788321168,0.1430653705772218,0.9474983164719748,0.571705426356589
2,sider,SIDER17,tr,118,1366,1034,72,0.06963249516441006,54,18,59,975,0.9429400386847195,0.75,0.930379746835443,0.5644277109518703,0.9974418974295389,0.9629808725553407
2,sider,SIDER17,va,118,1366,110,13,0.11818181818181818,3,10,6,104,0.9454545454545454,0.23076923076923078,0.8699186991869918,0.20804574678833662,0.9274102766471062,0.6321678321678321
2,sider,SIDER17,te,118,1366,126,11,0.0873015873015873,3,8,3,123,0.9761904761904762,0.2727272727272727,0.9197080291970803,0.3305416623596782,0.9375269666415638,0.5988455988455988
3,sider,SIDER17,tr,118,1366,1025,81,0.07902439024390244,60,21,69,956,0.9326829268292683,0.7407407407407407,0.918625678119349,0.5465761545005787,0.9966318605410674,0.9568202348690155
3,sider,SIDER17,va,118,1366,116,7,0.0603448275862069,2,5,16,100,0.8620689655172413,0.2857142857142857,0.8292682926829268,0.0968662148029726,0.9690959336599931,0.6834975369458128
3,sider,SIDER17,te,118,1366,129,8,0.06201550387596899,3,5,12,117,0.9069767441860465,0.375,0.8759124087591241,0.21175203634241155,0.9503869302607948,0.6114341085271318
4,sider,SIDER17,tr,118,1366,1028,78,0.07587548638132295,59,19,62,966,0.9396887159533074,0.7564102564102564,0.9267631103074141,0.5709578533095592,0.996632982890581,0.9555647011872693
4,sider,SIDER17,va,118,1366,119,4,0.03361344537815126,1,3,10,109,0.9159663865546218,0.25,0.8943089430894309,0.10316164554650505,0.9858652655221463,0.6701680672268908
4,sider,SIDER17,te,118,1366,123,14,0.11382113821138211,3,11,6,117,0.9512195121951219,0.21428571428571427,0.8759124087591241,0.2023494586754517,0.9177325937438334,0.6329849012775842
5,sider,SIDER17,tr,118,1366,1023,83,0.08113391984359726,65,18,58,965,0.9433040078201369,0.7831325301204819,0.9312839059674503,0.6087587665306331,0.9967390275419538,0.9592446030456138
5,sider,SIDER17,va,118,1366,115,8,0.06956521739130435,2,6,3,112,0.9739130434782609,0.25,0.926829268292683,0.27960652424591753,0.9579323829674228,0.6152173913043478
5,sider,SIDER17,te,118,1366,132,5,0.03787878787878788,2,3,9,123,0.9318181818181818,0.4,0.9124087591240876,0.22897629923632537,0.9780065918387497,0.7409090909090909
6,sider,SIDER17,tr,118,1366,1032,74,0.07170542635658915,60,14,48,984,0.9534883720930233,0.8108108108108109,0.9439421338155516,0.6433420749061066,0.9978468150701544,0.9693850827571757
6,sider,SIDER17,va,118,1366,113,10,0.08849557522123894,6,4,9,104,0.9203539823008849,0.6,0.8943089430894309,0.4345908687553218,0.9635325104042328,0.7539823008849558
6,sider,SIDER17,te,118,1366,125,12,0.096,5,7,6,119,0.952,0.4166666666666667,0.9051094890510949,0.3835287161273265,0.9321566761918171,0.636
7,sider,SIDER17,tr,118,1366,1027,79,0.07692307692307693,56,23,68,959,0.9337877312560857,0.7088607594936709,0.9177215189873418,0.524572685239931,0.9963681839478036,0.9524730997251427
7,sider,SIDER17,va,118,1366,118,5,0.0423728813559322,2,3,13,105,0.8898305084745762,0.4,0.8699186991869918,0.17490917740068052,0.9621897936110161,0.5677966101694916
7,sider,SIDER17,te,118,1366,125,12,0.096,3,9,9,116,0.928,0.25,0.8686131386861314,0.17799999999999963,0.9308989641407239,0.5646666666666667
8,sider,SIDER17,tr,118,1366,1023,83,0.08113391984359726,64,19,67,956,0.9345063538611925,0.7710843373493976,0.9222423146473779,0.575296523922582,0.9963241730848983,0.9545336772309179
8,sider,SIDER17,va,118,1366,113,10,0.08849557522123894,3,7,7,106,0.9380530973451328,0.3,0.8861788617886179,0.23805309734513183,0.969146463893638,0.7415929203539823
8,sider,SIDER17,te,118,1366,134,3,0.022388059701492536,1,2,10,124,0.9253731343283582,0.3333333333333333,0.9124087591240876,0.13932809450997402,0.9820171934799334,0.5970149253731344
9,sider,SIDER17,tr,118,1366,1023,83,0.08113391984359726,60,23,54,969,0.9472140762463344,0.7228915662650602,0.930379746835443,0.5806465850264364,0.9968732666088116,0.9611760826296389
9,sider,SIDER17,va,118,1366,118,5,0.0423728813559322,1,4,9,109,0.923728813559322,0.2,0.8943089430894309,0.08940414053601002,0.9593175346438984,0.5830508474576271
9,sider,SIDER17,te,118,1366,129,8,0.06201550387596899,3,5,5,124,0.9612403100775194,0.375,0.927007299270073,0.3362403100775178,0.9617878147693301,0.6608527131782946
10,sider,SIDER17,tr,118,1366,1025,81,0.07902439024390244,60,21,51,974,0.9502439024390243,0.7407407407407407,0.9349005424954792,0.5991006735477826,0.9973130881849949,0.9654622101776574
10,sider,SIDER17,va,118,1366,112,11,0.09821428571428571,3,8,2,110,0.9821428571428571,0.2727272727272727,0.9186991869918699,0.3682970907887044,0.9345170259675464,0.6168831168831169
10,sider,SIDER17,te,118,1366,133,4,0.03007518796992481,1,3,11,122,0.9172932330827067,0.25,0.8978102189781022,0.09962963998182038,0.9905325691685172,0.75
11,sider,SIDER17,tr,118,1366,1030,76,0.07378640776699029,55,21,56,974,0.945631067961165,0.7236842105263158,0.930379746835443,0.5634859833643414,0.9974397416622346,0.9648888605007665
11,sider,SIDER17,va,118,1366,112,11,0.09821428571428571,2,9,7,105,0.9375,0.18181818181818182,0.8699186991869918,0.1307489772649149,0.9336828622343283,0.6290584415584416
11,sider,SIDER17,te,118,1366,128,9,0.0703125,4,5,9,119,0.9296875,0.4444444444444444,0.8978102189781022,0.3162776562859424,0.9446747569419098,0.5772569444444444
12,sider,SIDER17,tr,118,1366,1025,81,0.07902439024390244,62,19,58,967,0.9434146341463414,0.7654320987654321,0.930379746835443,0.5937829235405829,0.9972269895078114,0.964528756398675
12,sider,SIDER17,va,118,1366,117,6,0.05128205128205128,3,3,10,107,0.9145299145299145,0.5,0.8943089430894309,0.2904399907064129,0.9770901584145149,0.7264957264957266
12,sider,SIDER17,te,118,1366,128,9,0.0703125,4,5,9,119,0.9296875,0.4444444444444444,0.8978102189781022,0.3162776562859424,0.9313100157238654,0.5590277777777778
13,sider,SIDER17,tr,118,1366,1026,80,0.07797270955165692,62,18,59,967,0.942495126705653,0.775,0.930379746835443,0.5954246761492857,0.9967826151436482,0.9584490740740738
13,sider,SIDER17,va,118,1366,118,5,0.0423728813559322,1,4,11,107,0.9067796610169492,0.2,0.8780487804878049,0.07106609157976261,0.9678702974704475,0.5711864406779661
13,sider,SIDER17,te,118,1366,126,11,0.0873015873015873,3,8,3,123,0.9761904761904762,0.2727272727272727,0.9197080291970803,0.3305416623596782,0.9417014286884895,0.6132756132756132
14,sider,SIDER17,tr,118,1366,1034,72,0.06963249516441006,53,19,65,969,0.937137330754352,0.7361111111111112,0.9240506329113924,0.5380001523159302,0.996996029004594,0.9567214700193424
14,sider,SIDER17,va,118,1366,115,8,0.06956521739130435,3,5,14,101,0.8782608695652174,0.375,0.8455284552845529,0.18096084437478246,0.9696333315620647,0.716304347826087
14,sider,SIDER17,te,118,1366,121,16,0.1322314049586777,5,11,7,114,0.9421487603305785,0.3125,0.8686131386861314,0.2893001196485232,0.9399995355700295,0.7107438016528925
15,sider,SIDER17,tr,118,1366,1025,81,0.07902439024390244,63,18,58,967,0.9434146341463414,0.7777777777777778,0.9312839059674503,0.6019283387207798,0.9969448315343292,0.9608732309545317
15,sider,SIDER17,va,118,1366,115,8,0.06956521739130435,0,8,5,110,0.9565217391304348,0.0,0.8943089430894309,-0.054292528979789804,0.9378151247679773,0.5641304347826087
15,sider,SIDER17,te,118,1366,130,7,0.05384615384615385,2,5,8,122,0.9384615384615385,0.2857142857142857,0.9051094890510949,0.18976128421182922,0.9800688241706125,0.732967032967033
1,sider,SIDER18,tr,118,1366,194,912,4.701030927835052,724,188,67,127,0.654639175257732,0.793859649122807,0.7694394213381555,0.3779340961246596,0.5310995798035512,0.8058645324651835
1,sider,SIDER18,va,118,1366,29,94,3.2413793103448274,73,21,15,14,0.4827586206896552,0.776595744680851,0.7073170731707317,0.24399511406444327,0.39355916719515815,0.6955245781364636
1,sider,SIDER18,te,118,1366,26,111,4.269230769230769,86,25,22,4,0.15384615384615385,0.7747747747747747,0.656934306569343,-0.06851855260521697,0.17900446855087399,0.5112612612612613
2,sider,SIDER18,tr,118,1366,206,900,4.368932038834951,756,144,75,131,0.6359223300970874,0.84,0.8019891500904159,0.4286709844415349,0.5894494545973948,0.8286569579288026
2,sider,SIDER18,va,118,1366,16,107,6.6875,90,17,11,5,0.3125,0.8411214953271028,0.7723577235772358,0.13484406647750205,0.17648288681024094,0.6168224299065421
2,sider,SIDER18,te,118,1366,27,110,4.074074074074074,90,20,18,9,0.3333333333333333,0.8181818181818182,0.7226277372262774,0.14754463162427306,0.3239179048999661,0.623905723905724
3,sider,SIDER18,tr,118,1366,204,902,4.421568627450981,684,218,66,138,0.6764705882352942,0.7583148558758315,0.7432188065099458,0.36094224729538943,0.4918422250608997,0.7978674840224338
3,sider,SIDER18,va,118,1366,21,102,4.857142857142857,73,29,15,6,0.2857142857142857,0.7156862745098039,0.6422764227642277,0.0011679820360138001,0.20806725919937125,0.596171802054155
3,sider,SIDER18,te,118,1366,24,113,4.708333333333333,82,31,15,9,0.375,0.7256637168141593,0.6642335766423357,0.08415926649315782,0.3073538895122715,0.573377581120944
4,sider,SIDER18,tr,118,1366,205,901,4.3951219512195125,752,149,77,128,0.624390243902439,0.8346281908990011,0.7956600361663653,0.41167292385745524,0.5404992649592257,0.8069435045071871
4,sider,SIDER18,va,118,1366,25,98,3.92,80,18,14,11,0.44,0.8163265306122449,0.7398373983739838,0.24300414177885174,0.2813187535863769,0.6124489795918368
4,sider,SIDER18,te,118,1366,19,118,6.2105263157894735,93,25,13,6,0.3157894736842105,0.788135593220339,0.7226277372262774,0.08584289140692097,0.22845970099990887,0.5900981266726137
5,sider,SIDER18,tr,118,1366,196,910,4.642857142857143,661,249,59,137,0.6989795918367347,0.7263736263736263,0.7215189873417721,0.34075211043440096,0.4411560804012228,0.7780500112132764
5,sider,SIDER18,va,118,1366,29,94,3.2413793103448274,65,29,11,18,0.6206896551724138,0.6914893617021277,0.6747967479674797,0.27271618265563285,0.3450896779327058,0.6221570066030815
5,sider,SIDER18,te,118,1366,24,113,4.708333333333333,75,38,14,10,0.4166666666666667,0.6637168141592921,0.6204379562043796,0.06404659253958332,0.24172315965834038,0.5158554572271387
6,sider,SIDER18,tr,118,1366,201,905,4.502487562189055,717,188,69,132,0.6567164179104478,0.7922651933701658,0.7676311030741411,0.3818252196958638,0.5108888684667807,0.8137351914460844
6,sider,SIDER18,va,118,1366,21,102,4.857142857142857,81,21,15,6,0.2857142857142857,0.7941176470588235,0.7073170731707317,0.07257196434806666,0.23407939394986288,0.546218487394958
6,sider,SIDER18,te,118,1366,27,110,4.074074074074074,86,24,18,9,0.3333333333333333,0.7818181818181819,0.6934306569343066,0.10712090714522544,0.28586648481342086,0.5883838383838383
7,sider,SIDER18,tr,118,1366,199,907,4.557788944723618,683,224,59,140,0.7035175879396985,0.75303197353914,0.744122965641953,0.3732204801342585,0.49835802357893527,0.8102308676790788
7,sider,SIDER18,va,118,1366,25,98,3.92,72,26,17,8,0.32,0.7346938775510204,0.6504065040650406,0.04921384468692436,0.24948524632108637,0.5836734693877551
7,sider,SIDER18,te,118,1366,25,112,4.48,82,30,14,11,0.44,0.7321428571428571,0.6788321167883211,0.14519126117945375,0.2458975893083803,0.6005357142857143
8,sider,SIDER18,tr,118,1366,208,898,4.3173076923076925,696,202,84,124,0.5961538461538461,0.7750556792873051,0.7414104882459313,0.3181506730758567,0.4702345525236416,0.7740598766489636
8,sider,SIDER18,va,118,1366,15,108,7.2,79,29,11,4,0.26666666666666666,0.7314814814814815,0.6747967479674797,-0.0013676832331036954,0.11708329837646984,0.4765432098765432
8,sider,SIDER18,te,118,1366,26,111,4.269230769230769,86,25,18,8,0.3076923076923077,0.7747747747747747,0.6861313868613139,0.07562321801858529,0.32917811865325197,0.6368676368676369
9,sider,SIDER18,tr,118,1366,195,911,4.671794871794872,705,206,69,126,0.6461538461538462,0.7738748627881449,0.7513562386980108,0.34923354096415965,0.47457738608797695,0.7926707759858145
9,sider,SIDER18,va,118,1366,26,97,3.730769230769231,67,30,17,9,0.34615384615384615,0.6907216494845361,0.6178861788617886,0.03235478072693646,0.22690637903797284,0.5237906423473433
9,sider,SIDER18,te,118,1366,28,109,3.892857142857143,77,32,16,12,0.42857142857142855,0.7064220183486238,0.6496350364963503,0.11658351330505837,0.38131380763553646,0.6194298820445608
10,sider,SIDER18,tr,118,1366,206,900,4.368932038834951,687,213,80,126,0.6116504854368932,0.7633333333333333,0.7350813743218807,0.3166429779885691,0.44021292655088773,0.7701591154261056
10,sider,SIDER18,va,118,1366,16,107,6.6875,83,24,7,9,0.5625,0.7757009345794392,0.7479674796747967,0.25677247007362125,0.21302951038014295,0.6845794392523364
10,sider,SIDER18,te,118,1366,27,110,4.074074074074074,73,37,16,11,0.4074074074074074,0.6636363636363637,0.6131386861313869,0.05923639339140644,0.18510292122620675,0.49764309764309766
11,sider,SIDER18,tr,118,1366,204,902,4.421568627450981,742,160,68,136,0.6666666666666666,0.8226164079822617,0.7938517179023508,0.4286375168571834,0.54674292703776,0.8319094821964262
11,sider,SIDER18,va,118,1366,21,102,4.857142857142857,84,18,15,6,0.2857142857142857,0.8235294117647058,0.7317073170731707,0.10372487162750836,0.2966972664717853,0.5999066293183941
11,sider,SIDER18,te,118,1366,24,113,4.708333333333333,94,19,15,9,0.375,0.831858407079646,0.7518248175182481,0.1949960230562646,0.29862870964688326,0.558259587020649
12,sider,SIDER18,tr,118,1366,205,901,4.3951219512195125,715,186,72,133,0.6487804878048781,0.7935627081021087,0.7667269439421338,0.3794162870001707,0.5347115723365086,0.8008797812728404
12,sider,SIDER18,va,118,1366,23,100,4.3478260869565215,73,27,13,10,0.43478260869565216,0.73,0.6747967479674797,0.14009582862860842,0.3334206614537619,0.6069565217391305
12,sider,SIDER18,te,118,1366,21,116,5.523809523809524,85,31,15,6,0.2857142857142857,0.7327586206896551,0.6642335766423357,0.014989012085230057,0.24941719666564216,0.5219622331691297
13,sider,SIDER18,tr,118,1366,201,905,4.502487562189055,683,222,61,140,0.6965174129353234,0.7546961325966851,0.744122965641953,0.37082046491196974,0.4861769228663025,0.7975729089359831
13,sider,SIDER18,va,118,1366,19,104,5.473684210526316,81,23,10,9,0.47368421052631576,0.7788461538461539,0.7317073170731707,0.20802301672718052,0.22590532207074346,0.6487854251012145
13,sider,SIDER18,te,118,1366,29,108,3.7241379310344827,79,29,17,12,0.41379310344827586,0.7314814814814815,0.6642335766423357,0.12959044317838647,0.28111828373903236,0.6139846743295019
14,sider,SIDER18,tr,118,1366,207,899,4.342995169082125,662,237,60,147,0.7101449275362319,0.7363737486095662,0.7314647377938517,0.3658225191536078,0.48496524199678104,0.7923887518606288
14,sider,SIDER18,va,118,1366,20,103,5.15,72,31,10,10,0.5,0.6990291262135923,0.6666666666666666,0.15579423821243885,0.25324094315354534,0.6800970873786407
14,sider,SIDER18,te,118,1366,22,115,5.2272727272727275,81,34,10,12,0.5454545454545454,0.7043478260869566,0.6788321167883211,0.1942035684399211,0.38265166489448726,0.6310276679841897
15,sider,SIDER18,tr,118,1366,203,903,4.448275862068965,718,185,70,133,0.6551724137931034,0.7951273532668881,0.7694394213381555,0.385138511577896,0.48397214414853756,0.8117413765827101
15,sider,SIDER18,va,118,1366,21,102,4.857142857142857,77,25,10,11,0.5238095238095238,0.7549019607843137,0.7154471544715447,0.2304908668210212,0.32089031983172556,0.6685340802987861
15,sider,SIDER18,te,118,1366,25,112,4.48,81,31,17,8,0.32,0.7232142857142857,0.6496350364963503,0.03698801399558603,0.2383568614925166,0.5607142857142857
1,sider,SIDER19,tr,118,1366,775,331,0.4270967741935484,299,32,57,718,0.9264516129032258,0.9033232628398792,0.9195298372513563,0.8133350689970256,0.9895080760594717,0.974723711139265
1,sider,SIDER19,va,118,1366,85,38,0.4470588235294118,20,18,21,64,0.7529411764705882,0.5263157894736842,0.6829268292682927,0.2737199309863916,0.8249262457580173,0.7030959752321981
1,sider,SIDER19,te,118,1366,103,34,0.3300970873786408,11,23,26,77,0.7475728155339806,0.3235294117647059,0.6423357664233577,0.0691736057251587,0.8649976526712801,0.6342090234151913
2,sider,SIDER19,tr,118,1366,782,324,0.4143222506393862,294,30,63,719,0.9194373401534527,0.9074074074074074,0.9159132007233273,0.8048683255130682,0.9882066734364175,0.9709592371570206
2,sider,SIDER19,va,118,1366,87,36,0.41379310344827586,14,22,17,70,0.8045977011494253,0.3888888888888889,0.6829268292682927,0.20276219633353254,0.861380573823585,0.7091315453384419
2,sider,SIDER19,te,118,1366,94,43,0.4574468085106383,12,31,19,75,0.7978723404255319,0.27906976744186046,0.635036496350365,0.0853352479847459,0.8033449221941247,0.6113310242454231
3,sider,SIDER19,tr,118,1366,787,319,0.40533672172808133,295,24,63,724,0.9199491740787802,0.9247648902821317,0.9213381555153707,0.8178998351055121,0.9911719723251983,0.9775186912723608
3,sider,SIDER19,va,118,1366,78,45,0.5769230769230769,24,21,14,64,0.8205128205128205,0.5333333333333333,0.7154471544715447,0.36886442888530213,0.860290384516154,0.7689458689458689
3,sider,SIDER19,te,118,1366,98,39,0.3979591836734694,17,22,20,78,0.7959183673469388,0.4358974358974359,0.6934306569343066,0.23560663602508808,0.8539111047820815,0.7116692830978546
4,sider,SIDER19,tr,118,1366,789,317,0.4017743979721166,294,23,54,735,0.9315589353612167,0.9274447949526814,0.930379746835443,0.8364480205221326,0.9920341762093432,0.9792173937380304
4,sider,SIDER19,va,118,1366,87,36,0.41379310344827586,18,18,16,71,0.8160919540229885,0.5,0.7235772357723578,0.3215806110234862,0.8957019190319547,0.7710727969348659
4,sider,SIDER19,te,118,1366,87,50,0.5747126436781609,13,37,15,72,0.8275862068965517,0.26,0.6204379562043796,0.10456541912442424,0.784779693166979,0.6466666666666667
5,sider,SIDER19,tr,118,1366,775,331,0.4270967741935484,313,18,50,725,0.9354838709677419,0.945619335347432,0.9385171790235082,0.8592982164490972,0.9928757193571947,0.982543611733749
5,sider,SIDER19,va,118,1366,90,33,0.36666666666666664,12,21,12,78,0.8666666666666667,0.36363636363636365,0.7317073170731707,0.2574866155908847,0.8447080180918928,0.692929292929293
5,sider,SIDER19,te,118,1366,98,39,0.3979591836734694,18,21,16,82,0.8367346938775511,0.46153846153846156,0.7299270072992701,0.31160286285406685,0.8603477573098685,0.7469911041339613
6,sider,SIDER19,tr,118,1366,791,315,0.39823008849557523,289,26,61,730,0.922882427307206,0.9174603174603174,0.9213381555153707,0.8154644890144201,0.9910726455409932,0.9768988421327233
6,sider,SIDER19,va,118,1366,81,42,0.5185185185185185,24,18,20,61,0.7530864197530864,0.5714285714285714,0.6910569105691057,0.32104213498408735,0.8534103982376078,0.7601410934744267
6,sider,SIDER19,te,118,1366,91,46,0.5054945054945055,13,33,22,69,0.7582417582417582,0.2826086956521739,0.5985401459854015,0.044234629120258634,0.7759408492892822,0.6115623506927854
7,sider,SIDER19,tr,118,1366,772,334,0.4326424870466321,306,28,62,710,0.9196891191709845,0.9161676646706587,0.918625678119349,0.8144448189151847,0.9903619748434136,0.9770833979708976
7,sider,SIDER19,va,118,1366,88,35,0.3977272727272727,19,16,15,73,0.8295454545454546,0.5428571428571428,0.7479674796747967,0.37571072953417856,0.8652615148291837,0.7431818181818183
7,sider,SIDER19,te,118,1366,103,34,0.3300970873786408,18,16,23,80,0.7766990291262136,0.5294117647058824,0.7153284671532847,0.28874147428197794,0.9072881207330146,0.7410051399200457
8,sider,SIDER19,tr,118,1366,790,316,0.4,294,22,57,733,0.9278481012658227,0.930379746835443,0.9285714285714286,0.8329763201967331,0.9926429587480593,0.9809926293863163
8,sider,SIDER19,va,118,1366,81,42,0.5185185185185185,21,21,15,66,0.8148148148148148,0.5,0.7073170731707317,0.32810393539594623,0.8357963438493794,0.72663139329806
8,sider,SIDER19,te,118,1366,92,45,0.4891304347826087,19,26,20,72,0.782608695652174,0.4222222222222222,0.6642335766423357,0.21318190577445947,0.8233330785594631,0.6823671497584541
9,sider,SIDER19,tr,118,1366,789,317,0.4017743979721166,285,32,54,735,0.9315589353612167,0.8990536277602523,0.9222423146473779,0.8146463147581756,0.9921051096755189,0.9793773214507043
9,sider,SIDER19,va,118,1366,82,41,0.5,26,15,17,65,0.7926829268292683,0.6341463414634146,0.7398373983739838,0.4219624693991104,0.8664803052472858,0.7471743010113028
9,sider,SIDER19,te,118,1366,92,45,0.4891304347826087,19,26,13,79,0.8586956521739131,0.4222222222222222,0.7153284671532847,0.31182426365753996,0.8203137523458071,0.6920289855072463
10,sider,SIDER19,tr,118,1366,772,334,0.4326424870466321,306,28,65,707,0.9158031088082902,0.9161676646706587,0.9159132007233273,0.8090201327868289,0.9891992594257464,0.9737597344171759
10,sider,SIDER19,va,118,1366,91,32,0.3516483516483517,17,15,26,65,0.7142857142857143,0.53125,0.6666666666666666,0.2259077526505922,0.8965014623466696,0.7208104395604397
10,sider,SIDER19,te,118,1366,100,37,0.37,15,22,23,77,0.77,0.40540540540540543,0.6715328467153284,0.1739540078266212,0.86470200341057,0.6843243243243242
11,sider,SIDER19,tr,118,1366,777,329,0.42342342342342343,301,28,53,724,0.9317889317889317,0.9148936170212766,0.9267631103074141,0.8296950815199997,0.9905320803373463,0.9763136997179551
11,sider,SIDER19,va,118,1366,88,35,0.3977272727272727,19,16,19,69,0.7840909090909091,0.5428571428571428,0.7154471544715447,0.31926613233224815,0.8884140229341224,0.7694805194805194
11,sider,SIDER19,te,118,1366,98,39,0.3979591836734694,13,26,20,78,0.7959183673469388,0.3333333333333333,0.6642335766423357,0.13639798921375018,0.8384974131546054,0.6407639979068551
12,sider,SIDER19,tr,118,1366,788,318,0.4035532994923858,296,22,57,731,0.9276649746192893,0.9308176100628931,0.9285714285714286,0.8335339959423633,0.9914111829880937,0.9782388340835808
12,sider,SIDER19,va,118,1366,82,41,0.5,13,28,11,71,0.8658536585365854,0.3170731707317073,0.6829268292682927,0.21759706994462213,0.8218849235575612,0.7162403331350388
12,sider,SIDER19,te,118,1366,93,44,0.4731182795698925,20,24,14,79,0.8494623655913979,0.45454545454545453,0.7226277372262774,0.3286203826121336,0.8474684312773675,0.7343597262952102
13,sider,SIDER19,tr,118,1366,781,325,0.41613316261203587,294,31,68,713,0.912932138284251,0.9046153846153846,0.9104882459312839,0.7936690619607725,0.9889458113866958,0.9725755934206638
13,sider,SIDER19,va,118,1366,83,40,0.4819277108433735,22,18,18,65,0.7831325301204819,0.55,0.7073170731707317,0.3331325301204818,0.8410802915942365,0.7054216867469879
13,sider,SIDER19,te,118,1366,99,38,0.3838383838383838,9,29,24,75,0.7575757575757576,0.23684210526315788,0.6131386861313869,-0.005844350577948311,0.7680043505368326,0.5414673046251994
14,sider,SIDER19,tr,118,1366,796,310,0.38944723618090454,277,33,60,736,0.9246231155778895,0.8935483870967742,0.9159132007233273,0.7983688968052908,0.9905153350664926,0.9739463446263577
14,sider,SIDER19,va,118,1366,77,46,0.5974025974025974,16,30,17,60,0.7792207792207793,0.34782608695652173,0.6178861788617886,0.13874265810621808,0.8054592212011654,0.6818181818181818
14,sider,SIDER19,te,118,1366,90,47,0.5222222222222223,14,33,22,68,0.7555555555555555,0.2978723404255319,0.5985401459854015,0.05762704072574667,0.7662791518972416,0.6113475177304966
15,sider,SIDER19,tr,118,1366,782,324,0.4143222506393862,296,28,53,729,0.9322250639386189,0.9135802469135802,0.9267631103074141,0.8282961375225472,0.9916731551428423,0.9789239367244482
15,sider,SIDER19,va,118,1366,80,43,0.5375,25,18,14,66,0.825,0.5813953488372093,0.7398373983739838,0.41644341919429767,0.8365805177524421,0.7337209302325581
15,sider,SIDER19,te,118,1366,101,36,0.3564356435643564,21,15,17,84,0.8316831683168316,0.5833333333333334,0.7664233576642335,0.4080072750176531,0.9176110518316434,0.7901540154015401
1,sider,SIDER20,tr,118,1366,818,288,0.35207823960880197,286,2,6,812,0.9926650366748166,0.9930555555555556,0.9927667269439421,0.9813481245696054,0.9999435351585215,0.9998386987231731
1,sider,SIDER20,va,118,1366,95,28,0.29473684210526313,4,24,11,84,0.8842105263157894,0.14285714285714285,0.7154471544715447,0.03468439878096476,0.8520580787614027,0.642481203007519
1,sider,SIDER20,te,118,1366,108,29,0.26851851851851855,4,25,15,93,0.8611111111111112,0.13793103448275862,0.708029197080292,-0.0011321202898783096,0.8244020711934388,0.5750319284802042
2,sider,SIDER20,tr,118,1366,829,277,0.3341375150784077,276,1,3,826,0.9963811821471653,0.9963898916967509,0.9963833634719711,0.9904017706779028,0.9999754608062786,0.999925968828522
2,sider,SIDER20,va,118,1366,91,32,0.3516483516483517,2,30,11,80,0.8791208791208791,0.0625,0.6666666666666666,-0.08330771398499638,0.8441508153479197,0.625
2,sider,SIDER20,te,118,1366,101,36,0.3564356435643564,9,27,5,96,0.9504950495049505,0.25,0.7664233576642335,0.2913392631518069,0.8515186165022488,0.7213971397139715
3,sider,SIDER20,tr,118,1366,833,273,0.3277310924369748,273,0,5,828,0.9939975990396158,1.0,0.9954792043399638,0.9879878260285548,0.9999646451152922,0.9998900659164766
3,sider,SIDER20,va,118,1366,85,38,0.4470588235294118,4,34,11,74,0.8705882352941177,0.10526315789473684,0.6341463414634146,-0.034098543932467425,0.8196797155995986,0.6331269349845201
3,sider,SIDER20,te,118,1366,103,34,0.3300970873786408,10,24,9,94,0.912621359223301,0.29411764705882354,0.7591240875912408,0.258382259180404,0.8176451898619543,0.6553398058252428
4,sider,SIDER20,tr,118,1366,836,270,0.3229665071770335,270,0,7,829,0.9916267942583732,1.0,0.9936708860759493,0.9831417158236334,0.9998317825950593,0.9994019138755982
4,sider,SIDER20,va,118,1366,86,37,0.43023255813953487,11,26,8,78,0.9069767441860465,0.2972972972972973,0.7235772357723578,0.25922077151084705,0.7834146208222352,0.6807039597737272
4,sider,SIDER20,te,118,1366,99,38,0.3838383838383838,5,33,6,93,0.9393939393939394,0.13157894736842105,0.7153284671532847,0.11692846558734335,0.8227236813493899,0.63264221158958
5,sider,SIDER20,tr,118,1366,825,281,0.3406060606060606,281,0,4,821,0.9951515151515151,1.0,0.9963833634719711,0.9905475638970452,0.999951677700606,0.999853337646932
5,sider,SIDER20,va,118,1366,100,23,0.23,5,18,12,88,0.88,0.21739130434782608,0.7560975609756098,0.11002888374169481,0.8465774420446202,0.5904347826086956
5,sider,SIDER20,te,118,1366,96,41,0.4270833333333333,5,36,10,86,0.8958333333333334,0.12195121951219512,0.6642335766423357,0.026082243810276046,0.7806353662592505,0.608739837398374
6,sider,SIDER20,tr,118,1366,834,272,0.3261390887290168,272,0,5,829,0.9940047961630696,1.0,0.9954792043399638,0.9879587396863196,0.999934388329043,0.9997928128085767
6,sider,SIDER20,va,118,1366,88,35,0.3977272727272727,9,26,4,84,0.9545454545454546,0.2571428571428571,0.7560975609756098,0.31067350615576816,0.8478709890047362,0.7409090909090909
6,sider,SIDER20,te,118,1366,99,38,0.3838383838383838,4,34,3,96,0.9696969696969697,0.10526315789473684,0.7299270072992701,0.15241194893042517,0.8495156715908325,0.6719829877724615
7,sider,SIDER20,tr,118,1366,821,285,0.3471376370280146,284,1,6,815,0.9926918392204629,0.9964912280701754,0.9936708860759493,0.983618308377245,0.9999341869067537,0.9998076799794859
7,sider,SIDER20,va,118,1366,90,33,0.36666666666666664,7,26,9,81,0.9,0.21212121212121213,0.7154471544715447,0.14767743097498426,0.8338251329344302,0.668013468013468
7,sider,SIDER20,te,118,1366,110,27,0.24545454545454545,4,23,9,101,0.9181818181818182,0.14814814814814814,0.7664233576642335,0.09003377973393235,0.926512008184803,0.7336700336700337
8,sider,SIDER20,tr,118,1366,822,284,0.34549878345498786,284,0,7,815,0.9914841849148418,1.0,0.9936708860759493,0.9836839176699628,0.9999174928039476,0.9997558342757273
8,sider,SIDER20,va,118,1366,96,27,0.28125,4,23,12,84,0.875,0.14814814814814814,0.7154471544715447,0.028482746959360934,0.8606393758120877,0.6327160493827162
8,sider,SIDER20,te,118,1366,103,34,0.3300970873786408,5,29,10,93,0.9029126213592233,0.14705882352941177,0.7153284671532847,0.06912807016674742,0.8185942623117839,0.6319246145059966
9,sider,SIDER20,tr,118,1366,835,271,0.32455089820359284,270,1,6,829,0.9928143712574851,0.996309963099631,0.9936708860759493,0.9830716735675068,0.99984003650611,0.9994829529133614
9,sider,SIDER20,va,118,1366,87,36,0.41379310344827586,4,32,6,81,0.9310344827586207,0.1111111111111111,0.6910569105691057,0.07016553367399316,0.815100475747382,0.6529374201787994
9,sider,SIDER20,te,118,1366,99,38,0.3838383838383838,3,35,10,89,0.898989898989899,0.07894736842105263,0.6715328467153284,-0.03370436722859197,0.7448841982635863,0.5077086656034023
10,sider,SIDER20,tr,118,1366,821,285,0.3471376370280146,284,1,2,819,0.997563946406821,0.9964912280701754,0.9972875226039783,0.9929206802572627,0.9999075848224849,0.9997222044148129
10,sider,SIDER20,va,118,1366,97,26,0.26804123711340205,8,18,8,89,0.9175257731958762,0.3076923076923077,0.7886178861788617,0.27335304397393834,0.9119253901751172,0.7283901665344964
10,sider,SIDER20,te,118,1366,103,34,0.3300970873786408,12,22,6,97,0.941747572815534,0.35294117647058826,0.7956204379562044,0.37680086678971647,0.8881209494372903,0.7624214734437464
11,sider,SIDER20,tr,118,1366,821,285,0.3471376370280146,284,1,2,819,0.997563946406821,0.9964912280701754,0.9972875226039783,0.9929206802572627,0.9997955587678788,0.9993375643737845
11,sider,SIDER20,va,118,1366,95,28,0.29473684210526313,4,24,11,84,0.8842105263157894,0.14285714285714285,0.7154471544715447,0.03468439878096476,0.8415279925189518,0.5988721804511278
11,sider,SIDER20,te,118,1366,105,32,0.3047619047619048,7,25,7,98,0.9333333333333333,0.21875,0.7664233576642335,0.2124392149632465,0.8475109741816325,0.6255952380952381
12,sider,SIDER20,tr,118,1366,829,277,0.3341375150784077,277,0,6,823,0.9927623642943305,1.0,0.9945750452079566,0.9857557501600499,0.999979686167837,0.9999390331529006
12,sider,SIDER20,va,118,1366,93,30,0.3225806451612903,9,21,9,84,0.9032258064516129,0.3,0.7560975609756098,0.24691646752593022,0.871555949326667,0.7100358422939067
12,sider,SIDER20,te,118,1366,99,38,0.3838383838383838,5,33,11,88,0.8888888888888888,0.13157894736842105,0.6788321167883211,0.028531765969263555,0.7702458606078478,0.5951621477937268
13,sider,SIDER20,tr,118,1366,819,287,0.3504273504273504,286,1,3,816,0.9963369963369964,0.9965156794425087,0.9963833634719711,0.9906215244309734,0.9998869450328944,0.9996639055872505
13,sider,SIDER20,va,118,1366,96,27,0.28125,7,20,8,88,0.9166666666666666,0.25925925925925924,0.7723577235772358,0.2225306501599968,0.9335047322685008,0.7743055555555556
13,sider,SIDER20,te,118,1366,106,31,0.29245283018867924,10,21,8,98,0.9245283018867925,0.3225806451612903,0.7883211678832117,0.3060641879022545,0.8100639754780664,0.6220328667072428
14,sider,SIDER20,tr,118,1366,831,275,0.3309265944645006,275,0,6,825,0.9927797833935018,1.0,0.9945750452079566,0.9856884084498302,0.9998926524007963,0.9996586806695109
14,sider,SIDER20,va,118,1366,96,27,0.28125,7,20,12,84,0.875,0.25925925925925924,0.7398373983739838,0.15376881771914613,0.8641839759392379,0.6458333333333334
14,sider,SIDER20,te,118,1366,94,43,0.4574468085106383,9,34,5,89,0.9468085106382979,0.20930232558139536,0.7153284671532847,0.23917436582438123,0.7002498580934831,0.5272142503711035
15,sider,SIDER20,tr,118,1366,839,267,0.3182359952324195,267,0,2,837,0.9976162097735399,1.0,0.9981916817359855,0.9950874277585011,0.9999845663910683,0.9999508957069456
15,sider,SIDER20,va,118,1366,87,36,0.41379310344827586,3,33,6,81,0.9310344827586207,0.08333333333333333,0.6829268292682927,0.025103134713699043,0.7561341494790409,0.6216475095785441
15,sider,SIDER20,te,118,1366,95,42,0.4421052631578947,12,30,7,88,0.9263157894736842,0.2857142857142857,0.7299270072992701,0.2828564660365567,0.8017470006833853,0.6466165413533835
1,sider,SIDER21,tr,118,1366,776,330,0.4252577319587629,252,78,145,631,0.8131443298969072,0.7636363636363637,0.798372513562387,0.550148805693802,0.9435577939313267,0.8709700093720713
1,sider,SIDER21,va,118,1366,90,33,0.36666666666666664,19,14,26,64,0.7111111111111111,0.5757575757575758,0.6747967479674797,0.26388081204668185,0.8987783764020117,0.7626262626262625
1,sider,SIDER21,te,118,1366,116,21,0.1810344827586207,12,9,29,87,0.75,0.5714285714285714,0.7226277372262774,0.25286899074587255,0.921527966582395,0.7233169129720854
2,sider,SIDER21,tr,118,1366,798,308,0.38596491228070173,234,74,148,650,0.8145363408521303,0.7597402597402597,0.7992766726943942,0.541373458706131,0.9453031346459019,0.868974384011978
2,sider,SIDER21,va,118,1366,92,31,0.33695652173913043,18,13,32,60,0.6521739130434783,0.5806451612903226,0.6341463414634146,0.20580071844972483,0.8375576134125701,0.6539270687237027
2,sider,SIDER21,te,118,1366,92,45,0.4891304347826087,23,22,22,70,0.7608695652173914,0.5111111111111111,0.6788321167883211,0.27198067632850237,0.7698322866426551,0.6842995169082126
3,sider,SIDER21,tr,118,1366,800,306,0.3825,229,77,140,660,0.825,0.7483660130718954,0.8037974683544303,0.5439897614170044,0.9526431377497048,0.878937908496732
3,sider,SIDER21,va,118,1366,85,38,0.4470588235294118,17,21,20,65,0.7647058823529411,0.4473684210526316,0.6666666666666666,0.2136678709882502,0.821650492809133,0.6789473684210526
3,sider,SIDER21,te,118,1366,97,40,0.41237113402061853,18,22,28,69,0.711340206185567,0.45,0.635036496350365,0.15533125759883232,0.8312820670031518,0.6554123711340206
4,sider,SIDER21,tr,118,1366,796,310,0.38944723618090454,234,76,140,656,0.8241206030150754,0.7548387096774194,0.8047016274864376,0.5496599363132373,0.9488020455070487,0.8767304263251742
4,sider,SIDER21,va,118,1366,88,35,0.3977272727272727,22,13,22,66,0.75,0.6285714285714286,0.7154471544715447,0.35635537050873217,0.8496237057039265,0.7133116883116885
4,sider,SIDER21,te,118,1366,98,39,0.3979591836734694,21,18,21,77,0.7857142857142857,0.5384615384615384,0.7153284671532847,0.31727767704226345,0.8616176732631324,0.7048665620094192
5,sider,SIDER21,tr,118,1366,785,321,0.4089171974522293,237,84,154,631,0.8038216560509555,0.7383177570093458,0.7848101265822784,0.5147032686078945,0.9397003817498715,0.860914340139294
5,sider,SIDER21,va,118,1366,87,36,0.41379310344827586,19,17,20,67,0.7701149425287356,0.5277777777777778,0.6991869918699187,0.29127205542318113,0.8264412326390576,0.6918901660280969
5,sider,SIDER21,te,118,1366,110,27,0.24545454545454545,13,14,27,83,0.7545454545454545,0.48148148148148145,0.7007299270072993,0.2065018422790952,0.8689276189952466,0.6272727272727273
6,sider,SIDER21,tr,118,1366,807,299,0.3705080545229244,222,77,138,669,0.828996282527881,0.7424749163879598,0.8056057866184448,0.5416840464693152,0.9576001502038264,0.8904236757800682
6,sider,SIDER21,va,118,1366,84,39,0.4642857142857143,22,17,20,64,0.7619047619047619,0.5641025641025641,0.6991869918699187,0.31991319377418725,0.8602067824711009,0.7374847374847374
6,sider,SIDER21,te,118,1366,91,46,0.5054945054945055,25,21,24,67,0.7362637362637363,0.5434782608695652,0.6715328467153284,0.27562455585309376,0.7891872635982905,0.6698518872431917
7,sider,SIDER21,tr,118,1366,795,311,0.39119496855345914,222,89,136,659,0.8289308176100629,0.7138263665594855,0.7965641952983725,0.521527276241857,0.944700822074074,0.8638678234140226
7,sider,SIDER21,va,118,1366,83,40,0.4819277108433735,14,26,18,65,0.7831325301204819,0.35,0.6422764227642277,0.14215349513466666,0.7782858743706019,0.6177710843373494
7,sider,SIDER21,te,118,1366,104,33,0.3173076923076923,16,17,25,79,0.7596153846153846,0.48484848484848486,0.6934306569343066,0.228276274590019,0.8687462630012407,0.671911421911422
8,sider,SIDER21,tr,118,1366,793,313,0.39470365699873894,238,75,142,651,0.8209331651954602,0.7603833865814696,0.8037974683544303,0.551393119537608,0.9450356805663916,0.8668944317087615
8,sider,SIDER21,va,118,1366,83,40,0.4819277108433735,21,19,18,65,0.7831325301204819,0.525,0.6991869918699187,0.3101948943825364,0.8015640877927949,0.6864457831325301
8,sider,SIDER21,te,118,1366,106,31,0.29245283018867924,11,20,28,78,0.7358490566037735,0.3548387096774194,0.6496350364963503,0.08408860411287845,0.8272364894069729,0.6113816189896532
9,sider,SIDER21,tr,118,1366,801,305,0.3807740324594257,227,78,132,669,0.8352059925093633,0.7442622950819672,0.810126582278481,0.5530804734626865,0.950830812253483,0.8760606618775711
9,sider,SIDER21,va,118,1366,84,39,0.4642857142857143,25,14,21,63,0.75,0.6410256410256411,0.7154471544715447,0.3760563312117629,0.8976132435634432,0.7951770451770451
9,sider,SIDER21,te,118,1366,97,40,0.41237113402061853,12,28,22,75,0.7731958762886598,0.3,0.635036496350365,0.07704499057569962,0.7887368787896896,0.581958762886598
10,sider,SIDER21,tr,118,1366,788,318,0.4035532994923858,248,70,155,633,0.8032994923857868,0.779874213836478,0.7965641952983725,0.5484593160005353,0.9423953114237906,0.8686707850461322
10,sider,SIDER21,va,118,1366,91,32,0.3516483516483517,17,15,28,63,0.6923076923076923,0.53125,0.6504065040650406,0.2036253036825304,0.8458224306716651,0.6826923076923077
10,sider,SIDER21,te,118,1366,103,34,0.3300970873786408,22,12,24,79,0.7669902912621359,0.6470588235294118,0.7372262773722628,0.3787130924772722,0.8877203015911177,0.7538549400342661
11,sider,SIDER21,tr,118,1366,797,309,0.3877038895859473,225,84,138,659,0.8268506900878294,0.7281553398058253,0.7992766726943942,0.5303448825512432,0.9474750168749347,0.8720911346351408
11,sider,SIDER21,va,118,1366,87,36,0.41379310344827586,19,17,22,65,0.7471264367816092,0.5277777777777778,0.6829268292682927,0.2653343152526161,0.8685890842964162,0.7053001277139208
11,sider,SIDER21,te,118,1366,98,39,0.3979591836734694,22,17,15,83,0.8469387755102041,0.5641025641025641,0.7664233576642335,0.41776300812123407,0.8367302476890125,0.7370486656200942
12,sider,SIDER21,tr,118,1366,803,303,0.37733499377334995,227,76,154,649,0.8082191780821918,0.7491749174917491,0.7920433996383364,0.5231304016526734,0.9480965069265678,0.8713446687134466
12,sider,SIDER21,va,118,1366,89,34,0.38202247191011235,17,17,22,67,0.7528089887640449,0.5,0.6829268292682927,0.24297132764492585,0.8585080632684704,0.7002643754130865
12,sider,SIDER21,te,118,1366,90,47,0.5222222222222223,21,26,22,68,0.7555555555555555,0.44680851063829785,0.6496350364963503,0.2070167214846543,0.8011531051051449,0.6754137115839244
13,sider,SIDER21,tr,118,1366,785,321,0.4089171974522293,241,80,139,646,0.8229299363057325,0.7507788161993769,0.8019891500904159,0.5483005877808933,0.9487171849694376,0.8776951008988629
13,sider,SIDER21,va,118,1366,100,23,0.23,12,11,23,77,0.77,0.5217391304347826,0.7235772357723578,0.2521060360565549,0.8858741555283784,0.6547826086956522
13,sider,SIDER21,te,118,1366,97,40,0.41237113402061853,17,23,22,75,0.7731958762886598,0.425,0.6715328467153284,0.19969405489113662,0.8508046823803629,0.6719072164948454
14,sider,SIDER21,tr,118,1366,804,302,0.3756218905472637,230,72,152,652,0.8109452736318408,0.7615894039735099,0.7974683544303798,0.5364538021180885,0.9504043318602151,0.8706426476887088
14,sider,SIDER21,va,118,1366,85,38,0.4470588235294118,22,16,27,58,0.6823529411764706,0.5789473684210527,0.6504065040650406,0.24661942768688364,0.831202670583628,0.7102167182662539
14,sider,SIDER21,te,118,1366,93,44,0.4731182795698925,19,25,23,70,0.7526881720430108,0.4318181818181818,0.6496350364963503,0.18684982320671603,0.7300125935600874,0.5901759530791789
15,sider,SIDER21,tr,118,1366,793,313,0.39470365699873894,239,74,138,655,0.8259773013871374,0.7635782747603834,0.8083182640144665,0.5602722008881783,0.9485072691973707,0.8735339975585091
15,sider,SIDER21,va,118,1366,88,35,0.3977272727272727,16,19,27,61,0.6931818181818182,0.45714285714285713,0.6260162601626016,0.1422415288229731,0.7957491470012624,0.5886363636363636
15,sider,SIDER21,te,118,1366,101,36,0.3564356435643564,25,11,30,71,0.7029702970297029,0.6944444444444444,0.7007299270072993,0.35683515899368007,0.8724118267778963,0.7271727172717272
1,sider,SIDER22,tr,118,1366,705,401,0.5687943262411348,368,33,77,628,0.8907801418439716,0.9177057356608479,0.9005424954792043,0.792607993119799,0.9805560225804978,0.9624308024265578
1,sider,SIDER22,va,118,1366,72,51,0.7083333333333334,27,24,15,57,0.7916666666666666,0.5294117647058824,0.6829268292682927,0.3335763975297101,0.770563040986212,0.7178649237472766
1,sider,SIDER22,te,118,1366,104,33,0.3173076923076923,12,21,24,80,0.7692307692307693,0.36363636363636365,0.6715328467153284,0.12908603635566726,0.8138331298047438,0.6209207459207459
2,sider,SIDER22,tr,118,1366,715,391,0.5468531468531469,341,50,76,639,0.8937062937062937,0.8721227621483376,0.8860759493670886,0.7554323883258744,0.980162541974567,0.9596909484377514
2,sider,SIDER22,va,118,1366,75,48,0.64,26,22,16,59,0.7866666666666666,0.5416666666666666,0.6910569105691057,0.3377528882503566,0.868753241481733,0.7905555555555556
2,sider,SIDER22,te,118,1366,91,46,0.5054945054945055,19,27,18,73,0.8021978021978022,0.41304347826086957,0.6715328467153284,0.22894139087906032,0.7980103882183723,0.6662685140946011
3,sider,SIDER22,tr,118,1366,719,387,0.5382475660639777,349,38,65,654,0.9095966620305981,0.9018087855297158,0.906871609403255,0.7996586308656558,0.9832873187588882,0.9659338803175527
3,sider,SIDER22,va,118,1366,72,51,0.7083333333333334,22,29,20,52,0.7222222222222222,0.43137254901960786,0.6016260162601627,0.15957344207528115,0.682034010175947,0.6255446623093681
3,sider,SIDER22,te,118,1366,90,47,0.5222222222222223,23,24,28,62,0.6888888888888889,0.48936170212765956,0.6204379562043796,0.17505190789441058,0.7738629277173585,0.6489361702127661
4,sider,SIDER22,tr,118,1366,725,381,0.5255172413793103,340,41,69,656,0.9048275862068965,0.8923884514435696,0.9005424954792043,0.7847466581315764,0.9817799203370355,0.9621142184813105
4,sider,SIDER22,va,118,1366,79,44,0.5569620253164557,23,21,19,60,0.759493670886076,0.5227272727272727,0.6747967479674797,0.28527385364075153,0.7598044453127178,0.6717491369390104
4,sider,SIDER22,te,118,1366,77,60,0.7792207792207793,27,33,17,60,0.7792207792207793,0.45,0.635036496350365,0.2435606698565652,0.75030448341934,0.6971861471861471
5,sider,SIDER22,tr,118,1366,711,395,0.5555555555555556,357,38,83,628,0.8832630098452883,0.9037974683544304,0.8905967450271248,0.7705095048201744,0.978661546968314,0.958015987466396
5,sider,SIDER22,va,118,1366,76,47,0.618421052631579,25,22,16,60,0.7894736842105263,0.5319148936170213,0.6910569105691057,0.33127396699621053,0.7056241326218601,0.6363381858902576
5,sider,SIDER22,te,118,1366,94,43,0.4574468085106383,27,16,20,74,0.7872340425531915,0.627906976744186,0.7372262773722628,0.4058108161813668,0.8175813762155981,0.739732805541811
6,sider,SIDER22,tr,118,1366,720,386,0.5361111111111111,344,42,73,647,0.8986111111111111,0.8911917098445595,0.8960216998191681,0.7767852004964932,0.9814221403832126,0.9612478411053542
6,sider,SIDER22,va,118,1366,79,44,0.5569620253164557,23,21,22,57,0.7215189873417721,0.5227272727272727,0.6504065040650406,0.2430604222996731,0.7871504661420391,0.6685845799769852
6,sider,SIDER22,te,118,1366,82,55,0.6707317073170732,24,31,14,68,0.8292682926829268,0.43636363636363634,0.6715328467153284,0.2908433588423798,0.8180394991375997,0.7177383592017738
7,sider,SIDER22,tr,118,1366,701,405,0.5777460770328102,358,47,75,626,0.8930099857346647,0.8839506172839506,0.8896925858951176,0.7668917011075327,0.9785730680853822,0.9579789013930717
7,sider,SIDER22,va,118,1366,86,37,0.43023255813953487,20,17,19,67,0.7790697674418605,0.5405405405405406,0.7073170731707317,0.3149915610330045,0.8116382523860638,0.6888749214330608
7,sider,SIDER22,te,118,1366,94,43,0.4574468085106383,21,22,25,69,0.7340425531914894,0.4883720930232558,0.656934306569343,0.21855559312879103,0.8460508534888548,0.7075705096486887
8,sider,SIDER22,tr,118,1366,699,407,0.5822603719599427,354,53,77,622,0.8898426323319027,0.8697788697788698,0.8824593128390597,0.7511774126142252,0.9807846923150045,0.963978024063861
8,sider,SIDER22,va,118,1366,83,40,0.4819277108433735,20,20,23,60,0.7228915662650602,0.5,0.6504065040650406,0.2189694142362632,0.8428791633134463,0.6990963855421688
8,sider,SIDER22,te,118,1366,99,38,0.3838383838383838,20,18,21,78,0.7878787878787878,0.5263157894736842,0.7153284671532847,0.3071712295046888,0.8098081578438144,0.6911217437533227
9,sider,SIDER22,tr,118,1366,718,388,0.5403899721448467,338,50,79,639,0.8899721448467967,0.8711340206185567,0.8833634719710669,0.7494552159826441,0.9790083305251582,0.9574957642937139
9,sider,SIDER22,va,118,1366,76,47,0.618421052631579,18,29,23,53,0.6973684210526315,0.3829787234042553,0.5772357723577236,0.08281849174905263,0.7175400295825909,0.6117021276595744
9,sider,SIDER22,te,118,1366,87,50,0.5747126436781609,21,29,29,58,0.6666666666666666,0.42,0.5766423357664233,0.08666666666666664,0.7741096243947487,0.6344827586206897
10,sider,SIDER22,tr,118,1366,715,391,0.5468531468531469,346,45,78,637,0.8909090909090909,0.8849104859335039,0.8887884267631103,0.7628286895671506,0.9803771195038171,0.9616690215155688
10,sider,SIDER22,va,118,1366,80,43,0.5375,24,19,27,53,0.6625,0.5581395348837209,0.6260162601626016,0.2135557249329054,0.817005722308108,0.6848837209302325
10,sider,SIDER22,te,118,1366,86,51,0.5930232558139535,22,29,21,65,0.7558139534883721,0.43137254901960786,0.635036496350365,0.19498925899385244,0.7552761731384359,0.6470588235294118
11,sider,SIDER22,tr,118,1366,717,389,0.5425383542538355,347,42,67,650,0.9065550906555091,0.8920308483290489,0.9014466546112115,0.7879575475821738,0.9805119195666185,0.9604195573530098
11,sider,SIDER22,va,118,1366,72,51,0.7083333333333334,28,23,17,55,0.7638888888888888,0.5490196078431373,0.6747967479674797,0.3200480122213048,0.7623782269369579,0.7007080610021786
11,sider,SIDER22,te,118,1366,92,45,0.4891304347826087,19,26,24,68,0.7391304347826086,0.4222222222222222,0.635036496350365,0.16329697410367672,0.7642133297614588,0.6323671497584542
12,sider,SIDER22,tr,118,1366,722,384,0.5318559556786704,350,34,77,645,0.8933518005540166,0.9114583333333334,0.8996383363471971,0.7870074120038536,0.9807498767148091,0.9597111611265006
12,sider,SIDER22,va,118,1366,75,48,0.64,27,21,18,57,0.76,0.5625,0.6829268292682927,0.32660844588448235,0.7850081584417606,0.7083333333333333
12,sider,SIDER22,te,118,1366,84,53,0.6309523809523809,28,25,24,60,0.7142857142857143,0.5283018867924528,0.6423357664233577,0.24346416256502468,0.753769127458769,0.6817160826594788
13,sider,SIDER22,tr,118,1366,705,401,0.5687943262411348,355,46,83,622,0.8822695035460993,0.885286783042394,0.8833634719710669,0.7544868787870606,0.9791633191269382,0.9602377036133072
13,sider,SIDER22,va,118,1366,84,39,0.4642857142857143,22,17,20,64,0.7619047619047619,0.5641025641025641,0.6991869918699187,0.31991319377418725,0.8229578834872149,0.69993894993895
13,sider,SIDER22,te,118,1366,92,45,0.4891304347826087,21,24,19,73,0.7934782608695652,0.4666666666666667,0.6861313868613139,0.26871980144720475,0.765211055215687,0.6572463768115941
14,sider,SIDER22,tr,118,1366,720,386,0.5361111111111111,343,43,81,639,0.8875,0.8886010362694301,0.8878842676311031,0.7608570134863909,0.9806759642408127,0.9602007772020726
14,sider,SIDER22,va,118,1366,71,52,0.7323943661971831,28,24,21,50,0.704225352112676,0.5384615384615384,0.6341463414634146,0.24488560875929813,0.7031497054127341,0.6671180931744313
14,sider,SIDER22,te,118,1366,90,47,0.5222222222222223,20,27,23,67,0.7444444444444445,0.425531914893617,0.635036496350365,0.17388437236853557,0.7672056229041895,0.6347517730496455
15,sider,SIDER22,tr,118,1366,706,400,0.56657223796034,363,37,72,634,0.8980169971671388,0.9075,0.9014466546112115,0.79232099946128,0.9818204375208224,0.9637252124645893
15,sider,SIDER22,va,118,1366,80,43,0.5375,24,19,18,62,0.775,0.5581395348837209,0.6991869918699187,0.33499493576627204,0.7759143590648965,0.6758720930232558
15,sider,SIDER22,te,118,1366,95,42,0.4421052631578947,26,16,27,68,0.7157894736842105,0.6190476190476191,0.6861313868613139,0.31698771587360103,0.8689407263222684,0.7320802005012532
1,sider,SIDER23,tr,118,1366,96,1010,10.520833333333334,959,51,21,75,0.78125,0.9495049504950495,0.9349005424954792,0.6475447090085877,0.7403578465167536,0.9716996699669966
1,sider,SIDER23,va,118,1366,12,111,9.25,106,5,7,5,0.4166666666666667,0.954954954954955,0.9024390243902439,0.403472430770395,0.42443939815917786,0.7747747747747749
1,sider,SIDER23,te,118,1366,12,125,10.416666666666666,118,7,11,1,0.08333333333333333,0.944,0.8686131386861314,0.03295325951497806,0.11994546803874773,0.5493333333333332
2,sider,SIDER23,tr,118,1366,99,1007,10.171717171717171,967,40,20,79,0.797979797979798,0.9602780536246276,0.945750452079566,0.698581678895244,0.7427595630758523,0.9766884334908168
2,sider,SIDER23,va,118,1366,12,111,9.25,102,9,11,1,0.08333333333333333,0.918918918918919,0.8373983739837398,0.0024452874592145154,0.1665939464064966,0.4857357357357357
2,sider,SIDER23,te,118,1366,9,128,14.222222222222221,119,9,8,1,0.1111111111111111,0.9296875,0.8759124087591241,0.03885704389190572,0.09099949434959798,0.6241319444444444
3,sider,SIDER23,tr,118,1366,100,1006,10.06,960,46,20,80,0.8,0.9542743538767395,0.9403254972875226,0.6808164198277105,0.7320472778116616,0.971610337972167
3,sider,SIDER23,va,118,1366,12,111,9.25,96,15,11,1,0.08333333333333333,0.8648648648648649,0.7886178861788617,-0.045692518689694976,0.1379532814260057,0.6584084084084084
3,sider,SIDER23,te,118,1366,8,129,16.125,119,10,6,2,0.25,0.9224806201550387,0.8832116788321168,0.1430653705772218,0.09393442430728842,0.5707364341085271
4,sider,SIDER23,tr,118,1366,97,1009,10.402061855670103,962,47,18,79,0.8144329896907216,0.9534192269573836,0.9412296564195298,0.6836137386324644,0.7335901025989519,0.9710032388912162
4,sider,SIDER23,va,118,1366,11,112,10.181818181818182,104,8,9,2,0.18181818181818182,0.9285714285714286,0.8617886178861789,0.11526417142821381,0.1226959514849724,0.5852272727272727
4,sider,SIDER23,te,118,1366,12,125,10.416666666666666,117,8,10,2,0.16666666666666666,0.936,0.8686131386861314,0.11157662762434134,0.14610464232103768,0.582
5,sider,SIDER23,tr,118,1366,97,1009,10.402061855670103,931,78,19,78,0.8041237113402062,0.9226957383548068,0.9122965641952984,0.590655005780537,0.7123326367624703,0.9628702502222267
5,sider,SIDER23,va,118,1366,12,111,9.25,97,14,11,1,0.08333333333333333,0.8738738738738738,0.7967479674796748,-0.038802993943839764,0.09585015708442719,0.493993993993994
5,sider,SIDER23,te,118,1366,11,126,11.454545454545455,114,12,8,3,0.2727272727272727,0.9047619047619048,0.8540145985401459,0.15446423828310923,0.11543728097228181,0.5216450216450216
6,sider,SIDER23,tr,118,1366,102,1004,9.843137254901961,950,54,20,82,0.803921568627451,0.9462151394422311,0.9330922242314648,0.6609247862112971,0.7755256620644112,0.9713694242637293
6,sider,SIDER23,va,118,1366,7,116,16.571428571428573,110,6,5,2,0.2857142857142857,0.9482758620689655,0.9105691056910569,0.21982732373293326,0.14667610836035985,0.7032019704433498
6,sider,SIDER23,te,118,1366,11,126,11.454545454545455,114,12,11,0,0.0,0.9047619047619048,0.8321167883211679,-0.09154754164341247,0.06353160944311022,0.41774891774891776
7,sider,SIDER23,tr,118,1366,98,1008,10.285714285714286,972,36,20,78,0.7959183673469388,0.9642857142857143,0.9493670886075949,0.7105018927540462,0.812998910385066,0.979490605766116
7,sider,SIDER23,va,118,1366,12,111,9.25,107,4,9,3,0.25,0.963963963963964,0.8943089430894309,0.2740404884726462,0.21750549969020333,0.6591591591591591
7,sider,SIDER23,te,118,1366,10,127,12.7,119,8,8,2,0.2,0.937007874015748,0.8832116788321168,0.13700787401574763,0.10479832080500696,0.5409448818897638
8,sider,SIDER23,tr,118,1366,97,1009,10.402061855670103,970,39,24,73,0.7525773195876289,0.9613478691774033,0.9430379746835443,0.6693942103077571,0.7351701066489826,0.9719227979115793
8,sider,SIDER23,va,118,1366,11,112,10.181818181818182,100,12,9,2,0.18181818181818182,0.8928571428571429,0.8292682926829268,0.06709732505039699,0.21554054154743063,0.650974025974026
8,sider,SIDER23,te,118,1366,12,125,10.416666666666666,118,7,10,2,0.16666666666666666,0.944,0.8759124087591241,0.12628047853591293,0.2152384498881059,0.6053333333333333
9,sider,SIDER23,tr,118,1366,92,1014,11.021739130434783,973,41,19,73,0.7934782608695652,0.9595660749506904,0.945750452079566,0.683951294173403,0.791860052843256,0.9734692564960123
9,sider,SIDER23,va,118,1366,13,110,8.461538461538462,103,7,11,2,0.15384615384615385,0.9363636363636364,0.8536585365853658,0.10649960847498184,0.19166320378378218,0.46923076923076923
9,sider,SIDER23,te,118,1366,15,122,8.133333333333333,115,7,13,2,0.13333333333333333,0.9426229508196722,0.8540145985401459,0.09573329696053394,0.26889050686799815,0.6032786885245902
10,sider,SIDER23,tr,118,1366,99,1007,10.171717171717171,952,55,20,79,0.797979797979798,0.945382323733863,0.9321880650994575,0.6503501258492662,0.7268608044769198,0.9672243788430482
10,sider,SIDER23,va,118,1366,10,113,11.3,99,14,8,2,0.2,0.8761061946902655,0.8211382113821138,0.06183115360158315,0.22935507212881118,0.547787610619469
10,sider,SIDER23,te,118,1366,11,126,11.454545454545455,118,8,9,2,0.18181818181818182,0.9365079365079365,0.8759124087591241,0.12361192577293638,0.22396949646597275,0.6868686868686869
11,sider,SIDER23,tr,118,1366,100,1006,10.06,943,63,17,83,0.83,0.937375745526839,0.9276672694394213,0.6501222268466496,0.78121887227253,0.9693638170974156
11,sider,SIDER23,va,118,1366,9,114,12.666666666666666,103,11,8,1,0.1111111111111111,0.9035087719298246,0.8455284552845529,0.012831146579049674,0.07942538180664929,0.5341130604288499
11,sider,SIDER23,te,118,1366,11,126,11.454545454545455,118,8,8,3,0.2727272727272727,0.9365079365079365,0.8832116788321168,0.2092352092352087,0.15037782601761512,0.6111111111111112
12,sider,SIDER23,tr,118,1366,94,1012,10.76595744680851,974,38,15,79,0.8404255319148937,0.9624505928853755,0.9520795660036167,0.727966928580711,0.8068722078191128,0.9792174754015642
12,sider,SIDER23,va,118,1366,10,113,11.3,108,5,10,0,0.0,0.9557522123893806,0.8780487804878049,-0.061235712695897275,0.09643938412162795,0.5920353982300884
12,sider,SIDER23,te,118,1366,16,121,7.5625,112,9,14,2,0.125,0.9256198347107438,0.8321167883211679,0.059826250359459945,0.1648996146419486,0.6327479338842975
13,sider,SIDER23,tr,118,1366,96,1010,10.520833333333334,953,57,17,79,0.8229166666666666,0.9435643564356435,0.9330922242314648,0.6571165251419233,0.7632788744891641,0.9685127887788779
13,sider,SIDER23,va,118,1366,10,113,11.3,104,9,7,3,0.3,0.9203539823008849,0.8699186991869918,0.20295885911480477,0.3359431569907281,0.8106194690265487
13,sider,SIDER23,te,118,1366,14,123,8.785714285714286,117,6,11,3,0.21428571428571427,0.9512195121951219,0.8759124087591241,0.2023494586754517,0.18415497449741652,0.5516840882694541
14,sider,SIDER23,tr,118,1366,103,1003,9.737864077669903,940,63,21,82,0.7961165048543689,0.9371884346959123,0.9240506329113924,0.6314049675022749,0.7456112100469837,0.9665469610585719
14,sider,SIDER23,va,118,1366,7,116,16.571428571428573,105,11,6,1,0.14285714285714285,0.9051724137931034,0.8617886178861789,0.03750027736994106,0.06873570531507006,0.5566502463054187
14,sider,SIDER23,te,118,1366,10,127,12.7,113,14,8,2,0.2,0.889763779527559,0.8394160583941606,0.07270266226404504,0.13037574085347084,0.684251968503937
15,sider,SIDER23,tr,118,1366,92,1014,11.021739130434783,976,38,14,78,0.8478260869565217,0.9625246548323472,0.9529837251356239,0.7303639576204509,0.738347754341163,0.977456907640854
15,sider,SIDER23,va,118,1366,14,109,7.785714285714286,102,7,13,1,0.07142857142857142,0.9357798165137615,0.8373983739837398,0.009283708695159943,0.21413325865196686,0.5956749672346002
15,sider,SIDER23,te,118,1366,14,123,8.785714285714286,112,11,12,2,0.14285714285714285,0.9105691056910569,0.8321167883211679,0.055219025127228254,0.14475444448290353,0.5847851335656215
1,sider,SIDER24,tr,118,1366,503,603,1.1988071570576542,599,4,5,498,0.9900596421471173,0.9933665008291874,0.9918625678119349,0.9835899212577585,0.9992995366607693,0.999380170057598
1,sider,SIDER24,va,118,1366,60,63,1.05,43,20,24,36,0.6,0.6825396825396826,0.6422764227642277,0.2835919755024776,0.6906343387520448,0.6873015873015873
1,sider,SIDER24,te,118,1366,78,59,0.7564102564102564,32,27,29,49,0.6282051282051282,0.5423728813559322,0.5912408759124088,0.1699513567324011,0.6956338012965071,0.6060408518035637
2,sider,SIDER24,tr,118,1366,528,578,1.0946969696969697,570,8,6,522,0.9886363636363636,0.986159169550173,0.9873417721518988,0.9746422513972115,0.9994476607929971,0.9994855562545875
2,sider,SIDER24,va,118,1366,55,68,1.2363636363636363,46,22,29,26,0.4727272727272727,0.6764705882352942,0.5853658536585366,0.15207126108899685,0.5165185374612233,0.629144385026738
2,sider,SIDER24,te,118,1366,58,79,1.3620689655172413,51,28,21,37,0.6379310344827587,0.6455696202531646,0.6423357664233577,0.28051667474164876,0.5339895332267623,0.656045395024007
3,sider,SIDER24,tr,118,1366,527,579,1.0986717267552182,576,3,4,523,0.9924098671726755,0.9948186528497409,0.9936708860759493,0.9873142693984841,0.9993520754134735,0.9994526976760953
3,sider,SIDER24,va,118,1366,47,76,1.6170212765957446,42,34,21,26,0.5531914893617021,0.5526315789473685,0.5528455284552846,0.1028703398988603,0.5369464098015834,0.6150615901455767
3,sider,SIDER24,te,118,1366,67,70,1.044776119402985,51,19,28,39,0.582089552238806,0.7285714285714285,0.656934306569343,0.314300873487096,0.6782954180612247,0.6680170575692963
4,sider,SIDER24,tr,118,1366,525,581,1.1066666666666667,578,3,7,518,0.9866666666666667,0.9948364888123924,0.9909584086799277,0.981889517017609,0.9995006432222788,0.9995344643881648
4,sider,SIDER24,va,118,1366,59,64,1.0847457627118644,39,25,29,30,0.5084745762711864,0.609375,0.5609756097560976,0.1184154083781234,0.5539532794202602,0.6194385593220338
4,sider,SIDER24,te,118,1366,57,80,1.4035087719298245,46,34,21,36,0.631578947368421,0.575,0.5985401459854015,0.20369579330261006,0.5683434349308547,0.6495614035087719
5,sider,SIDER24,tr,118,1366,517,589,1.1392649903288201,588,1,8,509,0.9845261121856866,0.99830220713073,0.9918625678119349,0.9837219518395626,0.9997199641401115,0.9997438533001876
5,sider,SIDER24,va,118,1366,53,70,1.320754716981132,43,27,25,28,0.5283018867924528,0.6142857142857143,0.5772357723577236,0.14201457424111485,0.5859487292836456,0.654177897574124
5,sider,SIDER24,te,118,1366,71,66,0.9295774647887324,41,25,28,43,0.6056338028169014,0.6212121212121212,0.6131386861313869,0.22670083547946338,0.6426662507778182,0.6412718736662398
6,sider,SIDER24,tr,118,1366,527,579,1.0986717267552182,579,0,3,524,0.9943074003795066,1.0,0.9972875226039783,0.9945763442296733,0.9998629093887711,0.9998656323635923
6,sider,SIDER24,va,118,1366,55,68,1.2363636363636363,46,22,25,30,0.5454545454545454,0.6764705882352942,0.6178861788617886,0.22336310856365119,0.62845488521041,0.646524064171123
6,sider,SIDER24,te,118,1366,59,78,1.3220338983050848,47,31,25,34,0.576271186440678,0.6025641025641025,0.5912408759124088,0.17733873307938017,0.5843152288021295,0.6453715775749675
7,sider,SIDER24,tr,118,1366,505,601,1.19009900990099,597,4,7,498,0.9861386138613861,0.9933444259567388,0.9900542495479204,0.9799626367616617,0.9995765614471652,0.99964415742739
7,sider,SIDER24,va,118,1366,65,58,0.8923076923076924,41,17,33,32,0.49230769230769234,0.7068965517241379,0.5934959349593496,0.20312125070944584,0.6634892017480416,0.6827586206896552
7,sider,SIDER24,te,118,1366,71,66,0.9295774647887324,47,19,29,42,0.5915492957746479,0.7121212121212122,0.6496350364963503,0.30530368363996974,0.667383308934866,0.6801109688433631
8,sider,SIDER24,tr,118,1366,515,591,1.1475728155339806,585,6,7,508,0.9864077669902913,0.9898477157360406,0.9882459312839059,0.976378995512292,0.9995576153879835,0.9996024510045505
8,sider,SIDER24,va,118,1366,54,69,1.2777777777777777,49,20,24,30,0.5555555555555556,0.7101449275362319,0.6422764227642277,0.26845242850985895,0.6861460212633969,0.6926999463231347
8,sider,SIDER24,te,118,1366,72,65,0.9027777777777778,39,26,28,44,0.6111111111111112,0.6,0.6058394160583942,0.210885925861839,0.6724644763012276,0.6835470085470086
9,sider,SIDER24,tr,118,1366,523,583,1.1147227533460804,578,5,7,516,0.9866156787762906,0.9914236706689536,0.9891500904159132,0.9782382840165684,0.9993988976243823,0.999429337933613
9,sider,SIDER24,va,118,1366,49,74,1.510204081632653,48,26,18,31,0.6326530612244898,0.6486486486486487,0.6422764227642277,0.2761702393126948,0.6250265096924918,0.6770546056260341
9,sider,SIDER24,te,118,1366,69,68,0.9855072463768116,44,24,29,40,0.5797101449275363,0.6470588235294118,0.6131386861313869,0.22725382889601836,0.6293151165973212,0.6167945439045183
10,sider,SIDER24,tr,118,1366,525,581,1.1066666666666667,576,5,8,517,0.9847619047619047,0.9913941480206541,0.9882459312839059,0.9764393981693001,0.999465047396604,0.9995016801901483
10,sider,SIDER24,va,118,1366,48,75,1.5625,52,23,20,28,0.5833333333333334,0.6933333333333334,0.6504065040650406,0.27394082022354643,0.6124201308797096,0.6827777777777778
10,sider,SIDER24,te,118,1366,68,69,1.0147058823529411,42,27,30,38,0.5588235294117647,0.6086956521739131,0.583941605839416,0.1677338122715067,0.6339561411224466,0.675618073316283
11,sider,SIDER24,tr,118,1366,533,573,1.075046904315197,565,8,10,523,0.9812382739212008,0.9860383944153578,0.9837251356238698,0.9674097161585776,0.9986641791257747,0.9986280692448488
11,sider,SIDER24,va,118,1366,50,73,1.46,52,21,24,26,0.52,0.7123287671232876,0.6341463414634146,0.2348516928083232,0.5285823321040327,0.6465753424657534
11,sider,SIDER24,te,118,1366,58,79,1.3620689655172413,45,34,19,39,0.6724137931034483,0.569620253164557,0.6131386861313869,0.23969147429382553,0.6315610497742539,0.6783064164120471
12,sider,SIDER24,tr,118,1366,522,584,1.1187739463601531,582,2,5,517,0.9904214559386973,0.9965753424657534,0.9936708860759493,0.9873126226171681,0.9997816472500645,0.9998064609247888
12,sider,SIDER24,va,118,1366,55,68,1.2363636363636363,46,22,16,39,0.7090909090909091,0.6764705882352942,0.6910569105691057,0.3834146447802127,0.6552250921383879,0.7136363636363635
12,sider,SIDER24,te,118,1366,64,73,1.140625,46,27,25,39,0.609375,0.6301369863013698,0.6204379562043796,0.2391539329449314,0.6299127808413857,0.6716609589041096
13,sider,SIDER24,tr,118,1366,517,589,1.1392649903288201,584,5,5,512,0.9903288201160542,0.9915110356536503,0.9909584086799277,0.9818398557697045,0.9991286672865313,0.9991199062109007
13,sider,SIDER24,va,118,1366,63,60,0.9523809523809523,43,17,34,29,0.4603174603174603,0.7166666666666667,0.5853658536585366,0.18283357002677442,0.6902771443050002,0.6820105820105821
13,sider,SIDER24,te,118,1366,61,76,1.2459016393442623,46,30,20,41,0.6721311475409836,0.6052631578947368,0.635036496350365,0.27591042667674004,0.6430829130390198,0.6781708369283865
14,sider,SIDER24,tr,118,1366,518,588,1.135135135135135,584,4,9,509,0.9826254826254827,0.9931972789115646,0.9882459312839059,0.9764240271685573,0.9994089434195623,0.9994681270191474
14,sider,SIDER24,va,118,1366,63,60,0.9523809523809523,38,22,33,30,0.47619047619047616,0.6333333333333333,0.5528455284552846,0.11082139049497503,0.6661090670749366,0.6243386243386243
14,sider,SIDER24,te,118,1366,60,77,1.2833333333333334,53,24,28,32,0.5333333333333333,0.6883116883116883,0.6204379562043796,0.22368787608916527,0.6087329677813202,0.6536796536796536
15,sider,SIDER24,tr,118,1366,521,585,1.1228406909788868,581,4,10,511,0.980806142034549,0.9931623931623932,0.9873417721518988,0.9746403038989752,0.9995252729110842,0.9995669078202667
15,sider,SIDER24,va,118,1366,57,66,1.1578947368421053,40,26,35,22,0.38596491228070173,0.6060606060606061,0.5040650406504065,-0.008151933134075307,0.5312363233397244,0.5661881977671451
15,sider,SIDER24,te,118,1366,63,74,1.1746031746031746,49,25,25,38,0.6031746031746031,0.6621621621621622,0.635036496350365,0.2653367653367653,0.6706881583559683,0.7091377091377091
1,sider,SIDER25,tr,118,1366,751,355,0.47270306258322237,346,9,21,730,0.9720372836218375,0.9746478873239437,0.972875226039783,0.9386084679258565,0.9987749794129372,0.9974081506348342
1,sider,SIDER25,va,118,1366,89,34,0.38202247191011235,17,17,16,73,0.8202247191011236,0.5,0.7317073170731707,0.3232295745258225,0.880781548150319,0.7448777263714474
1,sider,SIDER25,te,118,1366,107,30,0.2803738317757009,8,22,21,86,0.8037383177570093,0.26666666666666666,0.6861313868613139,0.07127628344895588,0.8624433442056321,0.6246105919003115
2,sider,SIDER25,tr,118,1366,771,335,0.4345006485084306,327,8,10,761,0.9870298313878081,0.9761194029850746,0.9837251356238698,0.9615349085875972,0.9994764914885153,0.9987533151363803
2,sider,SIDER25,va,118,1366,91,32,0.3516483516483517,13,19,11,80,0.8791208791208791,0.40625,0.7560975609756098,0.3159236368792215,0.8849212667249539,0.731456043956044
2,sider,SIDER25,te,118,1366,85,52,0.611764705882353,21,31,8,77,0.9058823529411765,0.40384615384615385,0.7153284671532847,0.36794375550243535,0.8403648106171204,0.7554298642533936
3,sider,SIDER25,tr,118,1366,780,326,0.41794871794871796,316,10,14,766,0.982051282051282,0.9693251533742331,0.9783001808318263,0.9480269011379149,0.9993426142669215,0.9984033349064024
3,sider,SIDER25,va,118,1366,75,48,0.64,14,34,9,66,0.88,0.2916666666666667,0.6504065040650406,0.21476984647878689,0.7930524626337954,0.6986111111111111
3,sider,SIDER25,te,118,1366,92,45,0.4891304347826087,22,23,8,84,0.9130434782608695,0.4888888888888889,0.7737226277372263,0.45645780256843754,0.8283972315762556,0.7509661835748793
4,sider,SIDER25,tr,118,1366,779,327,0.4197689345314506,319,8,23,756,0.9704749679075738,0.9755351681957186,0.9719710669077758,0.9340683626454118,0.9988113978373157,0.9970007812101298
4,sider,SIDER25,va,118,1366,77,46,0.5974025974025974,18,28,8,69,0.8961038961038961,0.391304347826087,0.7073170731707317,0.34060495250653006,0.808911772563464,0.7707509881422925
4,sider,SIDER25,te,118,1366,91,46,0.5054945054945055,12,34,9,82,0.9010989010989011,0.2608695652173913,0.6861313868613139,0.21232026124309827,0.7606109740627435,0.6368848542761586
5,sider,SIDER25,tr,118,1366,764,342,0.4476439790575916,334,8,17,747,0.9777486910994765,0.9766081871345029,0.9773960216998192,0.9476402664330574,0.9992316175378423,0.9982547993019197
5,sider,SIDER25,va,118,1366,85,38,0.4470588235294118,14,24,14,71,0.8352941176470589,0.3684210526315789,0.6910569105691057,0.22448318426174946,0.8549719063684563,0.7099071207430341
5,sider,SIDER25,te,118,1366,98,39,0.3979591836734694,9,30,12,86,0.8775510204081632,0.23076923076923078,0.6934306569343066,0.13568016335187896,0.8476282313052077,0.6580324437467294
6,sider,SIDER25,tr,118,1366,776,330,0.4252577319587629,322,8,13,763,0.9832474226804123,0.9757575757575757,0.9810126582278481,0.9549026724603288,0.9991078193256622,0.9978639487660106
6,sider,SIDER25,va,118,1366,75,48,0.64,18,30,12,63,0.84,0.375,0.6585365853658537,0.24422358872623776,0.7987950581875946,0.7016666666666668
6,sider,SIDER25,te,118,1366,96,41,0.4270833333333333,11,30,14,82,0.8541666666666666,0.2682926829268293,0.6788321167883211,0.14519126117945375,0.878772906980938,0.738058943089431
7,sider,SIDER25,tr,118,1366,763,343,0.44954128440366975,338,5,15,748,0.9803407601572739,0.9854227405247813,0.9819168173598554,0.9582862929933997,0.9994306309078685,0.9987123102377068
7,sider,SIDER25,va,118,1366,79,44,0.5569620253164557,20,24,9,70,0.8860759493670886,0.45454545454545453,0.7317073170731707,0.38463508171608457,0.8392372054204631,0.756904487917146
7,sider,SIDER25,te,118,1366,105,32,0.3047619047619048,12,20,17,88,0.8380952380952381,0.375,0.7299270072992701,0.2207153342491862,0.8520974501590317,0.6547619047619048
8,sider,SIDER25,tr,118,1366,767,339,0.44198174706649285,334,5,12,755,0.984354628422425,0.9852507374631269,0.984629294755877,0.9641568603969146,0.9994403208378344,0.9986808351890099
8,sider,SIDER25,va,118,1366,83,40,0.4819277108433735,15,25,8,75,0.9036144578313253,0.375,0.7317073170731707,0.3347408949269735,0.8587134766284567,0.7352409638554218
8,sider,SIDER25,te,118,1366,97,40,0.41237113402061853,12,28,10,87,0.8969072164948454,0.3,0.7226277372262774,0.2438468979607567,0.8719254220004513,0.7559278350515464
9,sider,SIDER25,tr,118,1366,765,341,0.44575163398692813,330,11,18,747,0.9764705882352941,0.967741935483871,0.9737793851717902,0.9389737229260127,0.9989165485459042,0.9975121231288213
9,sider,SIDER25,va,118,1366,85,38,0.4470588235294118,15,23,7,78,0.9176470588235294,0.39473684210526316,0.7560975609756098,0.3766325735066747,0.89005060577659,0.7659442724458204
9,sider,SIDER25,te,118,1366,97,40,0.41237113402061853,11,29,18,79,0.8144329896907216,0.275,0.656934306569343,0.09954116866962667,0.8687358264272368,0.690979381443299
10,sider,SIDER25,tr,118,1366,760,346,0.45526315789473687,338,8,17,743,0.9776315789473684,0.976878612716763,0.9773960216998192,0.9479627461265481,0.999028260594695,0.9977829327654396
10,sider,SIDER25,va,118,1366,92,31,0.33695652173913043,11,20,16,76,0.8260869565217391,0.3548387096774194,0.7073170731707317,0.1897830589774346,0.8540404858847379,0.679172510518934
10,sider,SIDER25,te,118,1366,95,42,0.4421052631578947,19,23,16,79,0.8315789473684211,0.4523809523809524,0.7153284671532847,0.3001990779317078,0.8207461784659942,0.6849624060150377
11,sider,SIDER25,tr,118,1366,780,326,0.41794871794871796,322,4,15,765,0.9807692307692307,0.9877300613496932,0.9828209764918626,0.9593504611925378,0.9992896881656781,0.9982342299826963
11,sider,SIDER25,va,118,1366,74,49,0.6621621621621622,13,36,10,64,0.8648648648648649,0.2653061224489796,0.6260162601626016,0.1634421929614825,0.769061003929852,0.6839492553778268
11,sider,SIDER25,te,118,1366,93,44,0.4731182795698925,20,24,6,87,0.9354838709677419,0.45454545454545453,0.781021897810219,0.46442641302067195,0.8749020625272134,0.7781036168132943
12,sider,SIDER25,tr,118,1366,773,333,0.4307891332470893,325,8,14,759,0.981888745148771,0.975975975975976,0.9801084990958409,0.953056199660869,0.9991472745793457,0.9978477831000471
12,sider,SIDER25,va,118,1366,81,42,0.5185185185185185,15,27,8,73,0.9012345679012346,0.35714285714285715,0.7154471544715447,0.31423734910286905,0.8495543854159708,0.738095238095238
12,sider,SIDER25,te,118,1366,93,44,0.4731182795698925,22,22,15,78,0.8387096774193549,0.5,0.7299270072992701,0.3562005254041171,0.8627514000274799,0.7368035190615836
13,sider,SIDER25,tr,118,1366,759,347,0.45718050065876153,339,8,13,746,0.9828722002635046,0.9769452449567724,0.9810126582278481,0.9561306931449441,0.9992944190650861,0.9983673345407464
13,sider,SIDER25,va,118,1366,87,36,0.41379310344827586,13,23,15,72,0.8275862068965517,0.3611111111111111,0.6910569105691057,0.2047555988039206,0.8666219362898218,0.7091315453384419
13,sider,SIDER25,te,118,1366,101,36,0.3564356435643564,14,22,15,86,0.8514851485148515,0.3888888888888889,0.7299270072992701,0.258993353299421,0.8478620792706875,0.7257975797579758
14,sider,SIDER25,tr,118,1366,776,330,0.4252577319587629,324,6,11,765,0.9858247422680413,0.9818181818181818,0.984629294755877,0.9635036477414253,0.9994503702957999,0.9986644798500469
14,sider,SIDER25,va,118,1366,77,46,0.5974025974025974,17,29,15,62,0.8051948051948052,0.3695652173913043,0.6422764227642277,0.19273948103165642,0.7753683993606958,0.668266516092603
14,sider,SIDER25,te,118,1366,94,43,0.4574468085106383,17,26,10,84,0.8936170212765957,0.3953488372093023,0.7372262773722628,0.3371059853479571,0.8332876380433066,0.7370113805047007
15,sider,SIDER25,tr,118,1366,774,332,0.4289405684754522,324,8,14,760,0.9819121447028424,0.9759036144578314,0.9801084990958409,0.9529772660320939,0.9992644018873456,0.9982215684443199
15,sider,SIDER25,va,118,1366,81,42,0.5185185185185185,16,26,14,67,0.8271604938271605,0.38095238095238093,0.6747967479674797,0.22980739585872223,0.8280842962540786,0.7066431510875956
15,sider,SIDER25,te,118,1366,92,45,0.4891304347826087,26,19,17,75,0.8152173913043478,0.5777777777777777,0.7372262773722628,0.3977308036926378,0.8250075485758144,0.7468599033816425
1,sider,SIDER26,tr,118,1366,1012,94,0.09288537549407115,61,33,219,793,0.7835968379446641,0.648936170212766,0.7721518987341772,0.2773986858849031,0.9824887976348842,0.8371877890841812
1,sider,SIDER26,va,118,1366,111,12,0.10810810810810811,7,5,22,89,0.8018018018018018,0.5833333333333334,0.7804878048780488,0.26921690486505945,0.9691372107416244,0.7822822822822824
1,sider,SIDER26,te,118,1366,134,3,0.022388059701492536,2,1,34,100,0.746268656716418,0.6666666666666666,0.7445255474452555,0.13730397936954614,0.9965546779046859,0.8656716417910448
2,sider,SIDER26,tr,118,1366,1023,83,0.08113391984359726,61,22,212,811,0.7927663734115347,0.7349397590361446,0.7884267631103075,0.32245207793029645,0.9870821927044553,0.8610865750391596
2,sider,SIDER26,va,118,1366,116,7,0.0603448275862069,3,4,28,88,0.7586206896551724,0.42857142857142855,0.7398373983739838,0.09988282400398454,0.9771785903904615,0.6995073891625616
2,sider,SIDER26,te,118,1366,118,19,0.16101694915254236,7,12,24,94,0.7966101694915254,0.3684210526315789,0.7372262773722628,0.13631703785648394,0.9212368644632354,0.6431757359500446
3,sider,SIDER26,tr,118,1366,1020,86,0.08431372549019608,59,27,178,842,0.8254901960784313,0.686046511627907,0.8146473779385172,0.3338428307818545,0.9867111065755866,0.859952120383037
3,sider,SIDER26,va,118,1366,109,14,0.12844036697247707,9,5,19,90,0.8256880733944955,0.6428571428571429,0.8048780487804879,0.35488525606158244,0.9623848943441178,0.7719528178243775
3,sider,SIDER26,te,118,1366,128,9,0.0703125,1,8,33,95,0.7421875,0.1111111111111111,0.7007299270072993,-0.08413997801354924,0.964282140381206,0.6223958333333334
4,sider,SIDER26,tr,118,1366,1022,84,0.0821917808219178,58,26,181,841,0.8228962818003914,0.6904761904761905,0.8128390596745028,0.3304373793835647,0.9866931227184519,0.8595307986208182
4,sider,SIDER26,va,118,1366,109,14,0.12844036697247707,7,7,23,86,0.7889908256880734,0.5,0.7560975609756098,0.21372691694804077,0.9534273638697897,0.7142857142857143
4,sider,SIDER26,te,118,1366,126,11,0.0873015873015873,6,5,23,103,0.8174603174603174,0.5454545454545454,0.7956204379562044,0.2414212494431403,0.9583840471652159,0.7243867243867244
5,sider,SIDER26,tr,118,1366,1018,88,0.08644400785854617,62,26,222,796,0.7819253438113949,0.7045454545454546,0.7757685352622061,0.30135397337074477,0.9850029089660994,0.8490690301839614
5,sider,SIDER26,va,118,1366,114,9,0.07894736842105263,8,1,21,93,0.8157894736842105,0.8888888888888888,0.8211382113821138,0.43231638036211595,0.9888795425509941,0.8713450292397661
5,sider,SIDER26,te,118,1366,125,12,0.096,4,8,21,104,0.832,0.3333333333333333,0.7883211678832117,0.12101160904561796,0.944952919652523,0.6333333333333333
6,sider,SIDER26,tr,118,1366,1025,81,0.07902439024390244,57,24,229,796,0.7765853658536586,0.7037037037037037,0.77124773960217,0.2857703734977596,0.9863352140415302,0.8470460704607047
6,sider,SIDER26,va,118,1366,103,20,0.1941747572815534,14,6,18,85,0.8252427184466019,0.7,0.8048780487804879,0.44177177511803734,0.9633370105098933,0.8514563106796116
6,sider,SIDER26,te,118,1366,129,8,0.06201550387596899,4,4,28,101,0.7829457364341085,0.5,0.7664233576642335,0.15680985892721683,0.9756777576553544,0.7160852713178294
7,sider,SIDER26,tr,118,1366,1015,91,0.0896551724137931,56,35,205,810,0.7980295566502463,0.6153846153846154,0.783001808318264,0.26754107607503314,0.9840190703064815,0.8446814269474368
7,sider,SIDER26,va,118,1366,112,11,0.09821428571428571,8,3,18,94,0.8392857142857143,0.7272727272727273,0.8292682926829268,0.3959838990389548,0.9839740853772759,0.8449675324675324
7,sider,SIDER26,te,118,1366,130,7,0.05384615384615385,3,4,24,106,0.8153846153846154,0.42857142857142855,0.7956204379562044,0.13503739569133494,0.9781567428162292,0.6978021978021978
8,sider,SIDER26,tr,118,1366,1013,93,0.09180651530108588,67,26,215,798,0.7877591312931885,0.7204301075268817,0.7820976491862568,0.3235813639810562,0.9846115938299483,0.8526786188156121
8,sider,SIDER26,va,118,1366,114,9,0.07894736842105263,6,3,27,87,0.7631578947368421,0.6666666666666666,0.7560975609756098,0.25263102516331254,0.9791323352056669,0.7982456140350878
8,sider,SIDER26,te,118,1366,130,7,0.05384615384615385,4,3,25,105,0.8076923076923077,0.5714285714285714,0.7956204379562044,0.20435606063931666,0.9634197354422939,0.6406593406593406
9,sider,SIDER26,tr,118,1366,1021,85,0.0832517140058766,63,22,196,825,0.8080313418217434,0.7411764705882353,0.8028933092224232,0.3454358862661133,0.9860360915043697,0.8568761882813851
9,sider,SIDER26,va,118,1366,109,14,0.12844036697247707,7,7,24,85,0.7798165137614679,0.5,0.7479674796747967,0.20468020705123552,0.9571851008028744,0.7352555701179554
9,sider,SIDER26,te,118,1366,127,10,0.07874015748031496,3,7,30,97,0.7637795275590551,0.3,0.7299270072992701,0.03879801609013203,0.9538995228780865,0.5866141732283464
10,sider,SIDER26,tr,118,1366,1020,86,0.08431372549019608,58,28,217,803,0.7872549019607843,0.6744186046511628,0.7784810126582279,0.286033832882252,0.9845831480355733,0.8421682626538989
10,sider,SIDER26,va,118,1366,116,7,0.0603448275862069,6,1,20,96,0.8275862068965517,0.8571428571428571,0.8292682926829268,0.3885297117053454,0.9914040331089915,0.8805418719211823
10,sider,SIDER26,te,118,1366,121,16,0.1322314049586777,9,7,24,97,0.8016528925619835,0.5625,0.7737226277372263,0.2735034449484303,0.9487363540437272,0.7231404958677686
11,sider,SIDER26,tr,118,1366,1011,95,0.09396636993076163,67,28,207,804,0.7952522255192879,0.7052631578947368,0.7875226039783002,0.3248761770629503,0.9836429778087697,0.8530480503930449
11,sider,SIDER26,va,118,1366,118,5,0.0423728813559322,1,4,27,91,0.7711864406779662,0.2,0.7479674796747967,-0.013570070290798349,0.9689722742306922,0.49830508474576274
11,sider,SIDER26,te,118,1366,128,9,0.0703125,5,4,28,100,0.78125,0.5555555555555556,0.7664233576642335,0.19513350545737873,0.9733427766635343,0.7378472222222222
12,sider,SIDER26,tr,118,1366,1018,88,0.08644400785854617,57,31,192,826,0.8113948919449901,0.6477272727272727,0.798372513562387,0.29747700470262195,0.9858323115720959,0.855811305590284
12,sider,SIDER26,va,118,1366,114,9,0.07894736842105263,5,4,21,93,0.8157894736842105,0.5555555555555556,0.7967479674796748,0.23685292597090607,0.9665101346215714,0.7436647173489279
12,sider,SIDER26,te,118,1366,125,12,0.096,4,8,28,97,0.776,0.3333333333333333,0.7372262773722628,0.07305140612272926,0.9463358197951084,0.6366666666666667
13,sider,SIDER26,tr,118,1366,1016,90,0.08858267716535433,62,28,191,825,0.812007874015748,0.6888888888888889,0.8019891500904159,0.32604801275416295,0.9850163862378472,0.8528105861767279
13,sider,SIDER26,va,118,1366,113,10,0.08849557522123894,7,3,26,87,0.7699115044247787,0.7,0.7642276422764228,0.2898525161079801,0.9753263101694103,0.7876106194690264
13,sider,SIDER26,te,118,1366,128,9,0.0703125,3,6,22,106,0.828125,0.3333333333333333,0.7956204379562044,0.10356373124106429,0.9569650405212725,0.6250000000000001
14,sider,SIDER26,tr,118,1366,1020,86,0.08431372549019608,58,28,203,817,0.8009803921568628,0.6744186046511628,0.7911392405063291,0.2998188708978719,0.9861429094124484,0.8562471500227998
14,sider,SIDER26,va,118,1366,111,12,0.10810810810810811,7,5,25,86,0.7747747747747747,0.5833333333333334,0.7560975609756098,0.24219801603724755,0.9439676060133869,0.6981981981981982
14,sider,SIDER26,te,118,1366,126,11,0.0873015873015873,5,6,26,100,0.7936507936507936,0.45454545454545453,0.7664233576642335,0.16119183818467733,0.9454681692008886,0.7077922077922078
15,sider,SIDER26,tr,118,1366,1020,86,0.08431372549019608,61,25,195,825,0.8088235294117647,0.7093023255813954,0.8010849909584087,0.3289691180794878,0.9859911996575329,0.8556999544003647
15,sider,SIDER26,va,118,1366,112,11,0.09821428571428571,6,5,26,86,0.7678571428571429,0.5454545454545454,0.7479674796747967,0.2037915936176657,0.9595672995518187,0.6810064935064934
15,sider,SIDER26,te,118,1366,125,12,0.096,8,4,30,95,0.76,0.6666666666666666,0.7518248175182481,0.2694169708174513,0.959480945193244,0.7086666666666666
1,sider,SIDER27,tr,118,1366,721,385,0.5339805825242718,384,1,2,719,0.9972260748959778,0.9974025974025974,0.9972875226039783,0.9940290373778169,0.9999961526660581,0.9999927949997298
1,sider,SIDER27,va,118,1366,79,44,0.5569620253164557,15,29,12,67,0.8481012658227848,0.3409090909090909,0.6666666666666666,0.21888096112691813,0.7715125937280413,0.6746260069044878
1,sider,SIDER27,te,118,1366,108,29,0.26851851851851855,4,25,20,88,0.8148148148148148,0.13793103448275862,0.6715328467153284,-0.050781555079261936,0.8299879931559444,0.5488505747126436
2,sider,SIDER27,tr,118,1366,738,368,0.4986449864498645,368,0,2,736,0.997289972899729,1.0,0.9981916817359855,0.9959413719137589,1.0,1.0
2,sider,SIDER27,va,118,1366,85,38,0.4470588235294118,13,25,12,73,0.8588235294117647,0.34210526315789475,0.6991869918699187,0.23070679897424431,0.8244508916433455,0.6671826625386997
2,sider,SIDER27,te,118,1366,85,52,0.611764705882353,12,40,10,75,0.8823529411764706,0.23076923076923078,0.635036496350365,0.14951976613002485,0.7534722619020289,0.6565610859728508
3,sider,SIDER27,tr,118,1366,735,371,0.5047619047619047,371,0,1,734,0.998639455782313,1.0,0.9990958408679927,0.997975421098251,0.9999999999999999,1.0
3,sider,SIDER27,va,118,1366,76,47,0.618421052631579,9,38,10,66,0.868421052631579,0.19148936170212766,0.6097560975609756,0.08054982071433765,0.7279645030619808,0.5755879059350504
3,sider,SIDER27,te,118,1366,97,40,0.41237113402061853,14,26,14,83,0.8556701030927835,0.35,0.708029197080292,0.23189680436108584,0.8218508553362041,0.6652061855670103
4,sider,SIDER27,tr,118,1366,734,372,0.5068119891008175,372,0,0,734,1.0,1.0,1.0,1.0,1.0,1.0
4,sider,SIDER27,va,118,1366,86,37,0.43023255813953487,11,26,15,71,0.8255813953488372,0.2972972972972973,0.6666666666666666,0.13802384723189723,0.8197340244677795,0.652105593966059
4,sider,SIDER27,te,118,1366,88,49,0.5568181818181818,13,36,16,72,0.8181818181818182,0.2653061224489796,0.6204379562043796,0.09796078304624878,0.7225421164099166,0.5855751391465678
5,sider,SIDER27,tr,118,1366,731,375,0.5129958960328317,375,0,1,730,0.9986320109439124,1.0,0.9990958408679927,0.9979860092930128,1.0,1.0
5,sider,SIDER27,va,118,1366,81,42,0.5185185185185185,12,30,10,71,0.8765432098765432,0.2857142857142857,0.6747967479674797,0.20077049779297818,0.8078807897169304,0.6854791299235744
5,sider,SIDER27,te,118,1366,96,41,0.4270833333333333,8,33,12,84,0.875,0.1951219512195122,0.6715328467153284,0.0909439071428317,0.7660286142399872,0.5904471544715447
6,sider,SIDER27,tr,118,1366,736,370,0.5027173913043478,370,0,0,736,1.0,1.0,1.0,1.0,1.0,1.0
6,sider,SIDER27,va,118,1366,79,44,0.5569620253164557,14,30,11,68,0.8607594936708861,0.3181818181818182,0.6666666666666666,0.2131412255513786,0.7996265240094204,0.6740506329113924
6,sider,SIDER27,te,118,1366,93,44,0.4731182795698925,7,37,17,76,0.8172043010752689,0.1590909090909091,0.6058394160583942,-0.0291178348946668,0.7366823229083763,0.5413000977517106
7,sider,SIDER27,tr,118,1366,731,375,0.5129958960328317,375,0,4,727,0.9945280437756497,1.0,0.9963833634719711,0.9919837224384114,0.9999962648745571,0.9999927040583676
7,sider,SIDER27,va,118,1366,74,49,0.6621621621621622,11,38,6,68,0.918918918918919,0.22448979591836735,0.6422764227642277,0.20342861880698174,0.7902633005857677,0.7225592939878653
7,sider,SIDER27,te,118,1366,103,34,0.3300970873786408,7,27,20,83,0.8058252427184466,0.20588235294117646,0.656934306569343,0.012712985779210402,0.8644338603600776,0.6490576813249571
8,sider,SIDER27,tr,118,1366,731,375,0.5129958960328317,375,0,0,731,1.0,1.0,1.0,1.0,1.0,1.0
8,sider,SIDER27,va,118,1366,80,43,0.5375,12,31,13,67,0.8375,0.27906976744186046,0.6422764227642277,0.13812812263595367,0.7789740939998717,0.643313953488372
8,sider,SIDER27,te,118,1366,97,40,0.41237113402061853,8,32,17,80,0.8247422680412371,0.2,0.6423357664233577,0.02912569883869595,0.7795086469116577,0.6061855670103092
9,sider,SIDER27,tr,118,1366,751,355,0.47270306258322237,355,0,3,748,0.996005326231691,1.0,0.9972875226039783,0.9938103002501941,1.0,1.0
9,sider,SIDER27,va,118,1366,76,47,0.618421052631579,12,35,12,64,0.8421052631578947,0.2553191489361702,0.6178861788617886,0.11945389099725147,0.7753447204648014,0.6702127659574468
9,sider,SIDER27,te,118,1366,81,56,0.691358024691358,10,46,7,74,0.9135802469135802,0.17857142857142858,0.6131386861313869,0.1374120045572368,0.7616660809055478,0.6448412698412698
10,sider,SIDER27,tr,118,1366,737,369,0.5006784260515604,369,0,3,734,0.9959294436906377,1.0,0.9972875226039783,0.993930457642091,1.0,1.0
10,sider,SIDER27,va,118,1366,84,39,0.4642857142857143,7,32,11,73,0.8690476190476191,0.1794871794871795,0.6504065040650406,0.06389903149456462,0.808147622680393,0.6367521367521367
10,sider,SIDER27,te,118,1366,87,50,0.5747126436781609,12,38,9,78,0.896551724137931,0.24,0.656934306569343,0.18247491689193104,0.799527577391538,0.6960919540229884
11,sider,SIDER27,tr,118,1366,740,366,0.4945945945945946,366,0,4,736,0.9945945945945946,1.0,0.9963833634719711,0.9918882097287867,0.9999891239278935,0.9999778466991581
11,sider,SIDER27,va,118,1366,82,41,0.5,8,33,11,71,0.8658536585365854,0.1951219512195122,0.6422764227642277,0.07953559537197216,0.7887295207604648,0.6290898274836407
11,sider,SIDER27,te,118,1366,86,51,0.5930232558139535,11,40,11,75,0.872093023255814,0.21568627450980393,0.6277372262773723,0.115575599609964,0.709580482199005,0.6361149110807113
12,sider,SIDER27,tr,118,1366,745,361,0.48456375838926175,361,0,2,743,0.9973154362416108,1.0,0.9981916817359855,0.9959018954461465,1.0,1.0
12,sider,SIDER27,va,118,1366,79,44,0.5569620253164557,13,31,8,71,0.8987341772151899,0.29545454545454547,0.6829268292682927,0.2473740592929076,0.7939501563927419,0.7059838895281934
12,sider,SIDER27,te,118,1366,84,53,0.6309523809523809,14,39,8,76,0.9047619047619048,0.2641509433962264,0.656934306569343,0.22406808484523466,0.7258205349197722,0.612533692722372
13,sider,SIDER27,tr,118,1366,730,376,0.5150684931506849,376,0,3,727,0.9958904109589041,1.0,0.9972875226039783,0.9939856002000933,0.999994366557752,0.999989070241912
13,sider,SIDER27,va,118,1366,87,36,0.41379310344827586,8,28,16,71,0.8160919540229885,0.2222222222222222,0.6422764227642277,0.04398931013693863,0.8132496050038375,0.6088761174968071
13,sider,SIDER27,te,118,1366,91,46,0.5054945054945055,12,34,14,77,0.8461538461538461,0.2608695652173913,0.6496350364963503,0.12889326905410822,0.7658731968609709,0.6247013855709508
14,sider,SIDER27,tr,118,1366,743,363,0.48855989232839836,363,0,5,738,0.9932705248990579,1.0,0.9954792043399638,0.9898358457153033,0.9999999999999999,1.0
14,sider,SIDER27,va,118,1366,80,43,0.5375,10,33,15,65,0.8125,0.23255813953488372,0.6097560975609756,0.053391169597438455,0.7533102946374037,0.6031976744186046
14,sider,SIDER27,te,118,1366,85,52,0.611764705882353,15,37,15,70,0.8235294117647058,0.28846153846153844,0.6204379562043796,0.13141397380615064,0.6794712366490313,0.5809954751131221
15,sider,SIDER27,tr,118,1366,741,365,0.4925775978407557,365,0,4,737,0.9946018893387314,1.0,0.9963833634719711,0.9918771582420761,1.0,1.0
15,sider,SIDER27,va,118,1366,78,45,0.5769230769230769,11,34,7,71,0.9102564102564102,0.24444444444444444,0.6666666666666666,0.21082172827407453,0.7326511283575675,0.6438746438746439
15,sider,SIDER27,te,118,1366,89,48,0.5393258426966292,18,30,22,67,0.7528089887640449,0.375,0.6204379562043796,0.13410999857515074,0.7807888464444078,0.6549625468164794
