split,dataset,subtask,set,num_of_retained_feature,num_of_compounds,postives,negtives,negtives/postives,tn,fp,fn,tp,se,sp,acc,mcc,auc_prc,auc_roc
1,sider,SIDER1,tr,509,1366,595,511,0.8588235294117647,503,8,19,576,0.9680672268907563,0.9843444227005871,0.9755877034358047,0.951156448884736,0.9972588996832183,0.99649394004177
1,sider,SIDER1,va,509,1366,62,61,0.9838709677419355,35,26,17,45,0.7258064516129032,0.5737704918032787,0.6504065040650406,0.30320635629726034,0.7155034920152725,0.7181385510312004
1,sider,SIDER1,te,509,1366,77,60,0.7792207792207793,37,23,13,64,0.8311688311688312,0.6166666666666667,0.7372262773722628,0.4615246210843412,0.7960152457508847,0.7694805194805194
2,sider,SIDER1,tr,509,1366,597,509,0.8525963149078727,500,9,22,575,0.9631490787269682,0.9823182711198428,0.9719710669077758,0.9439541876751271,0.9972671200642863,0.9964590470360972
2,sider,SIDER1,va,509,1366,64,59,0.921875,35,24,12,52,0.8125,0.5932203389830508,0.7073170731707317,0.4171450047853463,0.69570766387944,0.7492055084745762
2,sider,SIDER1,te,509,1366,73,64,0.8767123287671232,30,34,18,55,0.7534246575342466,0.46875,0.6204379562043796,0.23234338615912553,0.7495216601960473,0.7022688356164384
3,sider,SIDER1,tr,509,1366,599,507,0.8464106844741235,494,13,20,579,0.9666110183639399,0.9743589743589743,0.9701627486437613,0.9400495635450611,0.9975510941192066,0.996894890563826
3,sider,SIDER1,va,509,1366,63,60,0.9523809523809523,38,22,10,53,0.8412698412698413,0.6333333333333333,0.7398373983739838,0.4863235363526855,0.831726316123234,0.8145502645502646
3,sider,SIDER1,te,509,1366,72,65,0.9027777777777778,38,27,16,56,0.7777777777777778,0.5846153846153846,0.6861313868613139,0.3703113260868514,0.7196597324915475,0.7388888888888889
4,sider,SIDER1,tr,509,1366,601,505,0.8402662229617305,500,5,27,574,0.9550748752079867,0.9900990099009901,0.9710669077757685,0.9426490827724553,0.9975696556404834,0.9968896723282977
4,sider,SIDER1,va,509,1366,65,58,0.8923076923076924,36,22,9,56,0.8615384615384616,0.6206896551724138,0.7479674796747967,0.4997693816243872,0.7802203152885634,0.7856763925729444
4,sider,SIDER1,te,509,1366,68,69,1.0147058823529411,36,33,20,48,0.7058823529411765,0.5217391304347826,0.6131386861313869,0.2315025227584915,0.6444454410593699,0.6807331628303496
5,sider,SIDER1,tr,509,1366,596,510,0.8557046979865772,498,12,18,578,0.9697986577181208,0.9764705882352941,0.972875226039783,0.9455229767159177,0.9972281356663334,0.9964896696933807
5,sider,SIDER1,va,509,1366,62,61,0.9838709677419355,33,28,11,51,0.8225806451612904,0.5409836065573771,0.6829268292682927,0.37922944636457107,0.7426622547192584,0.7548915917503966
5,sider,SIDER1,te,509,1366,76,61,0.8026315789473685,31,30,20,56,0.7368421052631579,0.5081967213114754,0.635036496350365,0.25192560144092796,0.7316992153929682,0.6725625539257981
6,sider,SIDER1,tr,509,1366,609,497,0.8160919540229885,488,9,25,584,0.9589490968801314,0.9818913480885312,0.969258589511754,0.9384622120469772,0.9974105119460954,0.996669673211684
6,sider,SIDER1,va,509,1366,61,62,1.0163934426229508,39,23,11,50,0.819672131147541,0.6290322580645161,0.7235772357723578,0.45674588975300384,0.8200558001969904,0.8368588048651506
6,sider,SIDER1,te,509,1366,64,73,1.140625,38,35,20,44,0.6875,0.5205479452054794,0.5985401459854015,0.21008125609882633,0.664388137370121,0.6767979452054794
7,sider,SIDER1,tr,509,1366,582,524,0.9003436426116839,510,14,22,560,0.9621993127147767,0.9732824427480916,0.9674502712477396,0.9348688632790286,0.9972901122106651,0.9969931271477663
7,sider,SIDER1,va,509,1366,73,50,0.684931506849315,34,16,17,56,0.7671232876712328,0.68,0.7317073170731707,0.4457818538110479,0.8315572853697799,0.795068493150685
7,sider,SIDER1,te,509,1366,79,58,0.7341772151898734,35,23,21,58,0.7341772151898734,0.603448275862069,0.6788321167883211,0.3393331185022587,0.7292021471102458,0.6839807944129203
8,sider,SIDER1,tr,509,1366,598,508,0.8494983277591973,496,12,21,577,0.9648829431438127,0.9763779527559056,0.9701627486437613,0.9401335378536759,0.9975660488938078,0.9969188634029442
8,sider,SIDER1,va,509,1366,60,63,1.05,38,25,12,48,0.8,0.6031746031746031,0.6991869918699187,0.4102916087063206,0.7074585296551924,0.7653439153439154
8,sider,SIDER1,te,509,1366,76,61,0.8026315789473685,35,26,15,61,0.8026315789473685,0.5737704918032787,0.7007299270072993,0.38857878783921396,0.7860376508087222,0.7504314063848145
9,sider,SIDER1,tr,509,1366,594,512,0.8619528619528619,501,11,21,573,0.9646464646464646,0.978515625,0.9710669077757685,0.9420476356478178,0.997413865483169,0.9967908249158249
9,sider,SIDER1,va,509,1366,67,56,0.835820895522388,35,21,16,51,0.7611940298507462,0.625,0.6991869918699187,0.3903782693130952,0.7583827150688487,0.7417377398720683
9,sider,SIDER1,te,509,1366,73,64,0.8767123287671232,31,33,19,54,0.7397260273972602,0.484375,0.6204379562043796,0.23224727987218752,0.6863356163237864,0.670804794520548
10,sider,SIDER1,tr,509,1366,598,508,0.8494983277591973,499,9,20,578,0.9665551839464883,0.9822834645669292,0.9737793851717902,0.9474844363261938,0.997783650104567,0.9972513364759171
10,sider,SIDER1,va,509,1366,70,53,0.7571428571428571,35,18,18,52,0.7428571428571429,0.660377358490566,0.7073170731707317,0.4032345013477088,0.7950561570400793,0.7576819407008086
10,sider,SIDER1,te,509,1366,66,71,1.0757575757575757,42,29,11,55,0.8333333333333334,0.5915492957746479,0.708029197080292,0.43590569205005,0.7057537367805488,0.765685019206146
11,sider,SIDER1,tr,509,1366,602,504,0.8372093023255814,495,9,16,586,0.973421926910299,0.9821428571428571,0.9773960216998192,0.9545632646750812,0.9973391615205421,0.9964733955597743
11,sider,SIDER1,va,509,1366,64,59,0.921875,34,25,14,50,0.78125,0.576271186440678,0.6829268292682927,0.36615631213356703,0.7118266055460862,0.7121292372881357
11,sider,SIDER1,te,509,1366,68,69,1.0147058823529411,35,34,14,54,0.7941176470588235,0.5072463768115942,0.6496350364963503,0.31436271553501066,0.6876856366256565,0.7035379369138961
12,sider,SIDER1,tr,509,1366,590,516,0.8745762711864407,506,10,22,568,0.9627118644067797,0.9806201550387597,0.9710669077757685,0.9421814556981635,0.9967234921767785,0.9958415451320457
12,sider,SIDER1,va,509,1366,65,58,0.8923076923076924,40,18,14,51,0.7846153846153846,0.6896551724137931,0.7398373983739838,0.47706264758174594,0.8472785237787812,0.8079575596816977
12,sider,SIDER1,te,509,1366,79,58,0.7341772151898734,37,21,24,55,0.6962025316455697,0.6379310344827587,0.6715328467153284,0.3321818768995098,0.800708436965373,0.7540375381929288
13,sider,SIDER1,tr,509,1366,592,514,0.8682432432432432,505,9,24,568,0.9594594594594594,0.9824902723735408,0.9701627486437613,0.9404904654128092,0.9965457249458369,0.9956127090125145
13,sider,SIDER1,va,509,1366,72,51,0.7083333333333334,34,17,17,55,0.7638888888888888,0.6666666666666666,0.7235772357723578,0.4305555555555554,0.7953599839219654,0.7671568627450981
13,sider,SIDER1,te,509,1366,70,67,0.9571428571428572,35,32,20,50,0.7142857142857143,0.5223880597014925,0.6204379562043796,0.24135054646854454,0.6910377704383898,0.7081023454157783
14,sider,SIDER1,tr,509,1366,610,496,0.8131147540983606,485,11,26,584,0.9573770491803278,0.9778225806451613,0.9665461121157324,0.9329130088573216,0.9967449095730743,0.9956173982020096
14,sider,SIDER1,va,509,1366,61,62,1.0163934426229508,37,25,16,45,0.7377049180327869,0.5967741935483871,0.6666666666666666,0.3377091350241447,0.7548810953963956,0.757006874669487
14,sider,SIDER1,te,509,1366,63,74,1.1746031746031746,39,35,17,46,0.7301587301587301,0.527027027027027,0.6204379562043796,0.2607333145226499,0.6220307591510377,0.6855426855426855
15,sider,SIDER1,tr,509,1366,593,513,0.8650927487352446,502,11,17,576,0.9713322091062394,0.9785575048732943,0.9746835443037974,0.9491972789639108,0.9978575519315958,0.9973373568829325
15,sider,SIDER1,va,509,1366,65,58,0.8923076923076924,37,21,17,48,0.7384615384615385,0.6379310344827587,0.6910569105691057,0.3786084434667212,0.7821689561043779,0.7591511936339523
15,sider,SIDER1,te,509,1366,76,61,0.8026315789473685,43,18,23,53,0.6973684210526315,0.7049180327868853,0.7007299270072993,0.40013448347754293,0.7905816558917467,0.7532355478861087
1,sider,SIDER2,tr,509,1366,762,344,0.45144356955380577,304,40,23,739,0.9698162729658792,0.8837209302325582,0.9430379746835443,0.8658378305785593,0.9944761452006265,0.987445065006409
1,sider,SIDER2,va,509,1366,82,41,0.5,12,29,19,63,0.7682926829268293,0.2926829268292683,0.6097560975609756,0.06620339266654697,0.6884680551177655,0.535990481856038
1,sider,SIDER2,te,509,1366,112,25,0.22321428571428573,5,20,25,87,0.7767857142857143,0.2,0.6715328467153284,-0.021681125571623674,0.8818688288058854,0.582857142857143
2,sider,SIDER2,tr,509,1366,784,322,0.4107142857142857,278,44,16,768,0.9795918367346939,0.8633540372670807,0.945750452079566,0.8668300863457166,0.990274693583449,0.9797700912663202
2,sider,SIDER2,va,509,1366,78,45,0.5769230769230769,10,35,14,64,0.8205128205128205,0.2222222222222222,0.6016260162601627,0.05194149944491426,0.7104695709177749,0.5757834757834758
2,sider,SIDER2,te,509,1366,94,43,0.4574468085106383,14,29,14,80,0.851063829787234,0.32558139534883723,0.6861313868613139,0.20328615076159562,0.7912044982911378,0.6308758040573973
3,sider,SIDER2,tr,509,1366,768,338,0.4401041666666667,285,53,40,728,0.9479166666666666,0.8431952662721893,0.9159132007233273,0.8000363099913244,0.9891431170282226,0.974994606755424
3,sider,SIDER2,va,509,1366,86,37,0.43023255813953487,13,24,17,69,0.8023255813953488,0.35135135135135137,0.6666666666666666,0.16411817155360656,0.7681407311027375,0.5876807039597737
3,sider,SIDER2,te,509,1366,102,35,0.3431372549019608,10,25,31,71,0.696078431372549,0.2857142857142857,0.5912408759124088,-0.017340104231962992,0.7456944161283612,0.4879551820728292
4,sider,SIDER2,tr,509,1366,782,324,0.4143222506393862,278,46,27,755,0.9654731457800512,0.8580246913580247,0.933996383363472,0.8386334228865313,0.9921441827087739,0.9809210318587983
4,sider,SIDER2,va,509,1366,87,36,0.41379310344827586,14,22,18,69,0.7931034482758621,0.3888888888888889,0.6747967479674797,0.18874188741017506,0.8676845765489508,0.7027458492975734
4,sider,SIDER2,te,509,1366,87,50,0.5747126436781609,13,37,14,73,0.8390804597701149,0.26,0.6277372262773723,0.11990972777520768,0.7174377946525083,0.619080459770115
5,sider,SIDER2,tr,509,1366,770,336,0.43636363636363634,287,49,41,729,0.9467532467532468,0.8541666666666666,0.918625678119349,0.8064498633750092,0.9876318393955781,0.9706883889919604
5,sider,SIDER2,va,509,1366,90,33,0.36666666666666664,11,22,19,71,0.7888888888888889,0.3333333333333333,0.6666666666666666,0.1261032555619456,0.7875285214503773,0.5515151515151515
5,sider,SIDER2,te,509,1366,96,41,0.4270833333333333,11,30,16,80,0.8333333333333334,0.2682926829268293,0.6642335766423357,0.11699147642851698,0.7247821829184972,0.5391260162601627
6,sider,SIDER2,tr,509,1366,793,313,0.39470365699873894,285,28,41,752,0.9482976040353089,0.9105431309904153,0.9376130198915009,0.8485262769768795,0.9930533205004621,0.9815679528139591
6,sider,SIDER2,va,509,1366,79,44,0.5569620253164557,16,28,17,62,0.7848101265822784,0.36363636363636365,0.6341463414634146,0.16059484223074413,0.6784479217665884,0.567318757192175
6,sider,SIDER2,te,509,1366,84,53,0.6309523809523809,16,37,15,69,0.8214285714285714,0.3018867924528302,0.6204379562043796,0.1435360488278573,0.7480058352224042,0.6615004492362982
7,sider,SIDER2,tr,509,1366,766,340,0.44386422976501305,296,44,34,732,0.9556135770234987,0.8705882352941177,0.9294755877034359,0.8332055537005812,0.9922912622978812,0.981158808170788
7,sider,SIDER2,va,509,1366,91,32,0.3516483516483517,7,25,17,74,0.8131868131868132,0.21875,0.6585365853658537,0.03535607488540024,0.7778874077991034,0.5281593406593407
7,sider,SIDER2,te,509,1366,99,38,0.3838383838383838,17,21,16,83,0.8383838383838383,0.4473684210526316,0.7299270072992701,0.2991750891092588,0.857053220385029,0.7134502923976608
8,sider,SIDER2,tr,509,1366,784,322,0.4107142857142857,284,38,44,740,0.9438775510204082,0.8819875776397516,0.9258589511754068,0.8214258686251833,0.990782594837334,0.9770447775383445
8,sider,SIDER2,va,509,1366,74,49,0.6621621621621622,11,38,9,65,0.8783783783783784,0.22448979591836735,0.6178861788617886,0.1364775827331455,0.6663277802854615,0.6097628240485383
8,sider,SIDER2,te,509,1366,98,39,0.3979591836734694,10,29,10,88,0.8979591836734694,0.2564102564102564,0.7153284671532847,0.1972871238876971,0.7530475919518467,0.5821559392987965
9,sider,SIDER2,tr,509,1366,785,321,0.4089171974522293,293,28,35,750,0.9554140127388535,0.9127725856697819,0.9430379746835443,0.8627276195877109,0.9935964150006247,0.9833720261126655
9,sider,SIDER2,va,509,1366,77,46,0.5974025974025974,13,33,19,58,0.7532467532467533,0.2826086956521739,0.5772357723577236,0.03954428770762579,0.7264544712794435,0.5990965556182948
9,sider,SIDER2,te,509,1366,94,43,0.4574468085106383,14,29,18,76,0.8085106382978723,0.32558139534883723,0.656934306569343,0.14707250624845333,0.707337650830238,0.5846115784265214
10,sider,SIDER2,tr,509,1366,764,342,0.4476439790575916,304,38,25,739,0.9672774869109948,0.8888888888888888,0.9430379746835443,0.8655844418138231,0.9928172604879197,0.9836368298582407
10,sider,SIDER2,va,509,1366,95,28,0.29473684210526313,12,16,13,82,0.8631578947368421,0.42857142857142855,0.7642276422764228,0.30397499553935364,0.8611420563065388,0.6522556390977443
10,sider,SIDER2,te,509,1366,97,40,0.41237113402061853,12,28,10,87,0.8969072164948454,0.3,0.7226277372262774,0.2438468979607567,0.8070732798184241,0.6798969072164949
11,sider,SIDER2,tr,509,1366,784,322,0.4107142857142857,284,38,39,745,0.9502551020408163,0.8819875776397516,0.930379746835443,0.8314838318943518,0.9900684638434628,0.9765931993915579
11,sider,SIDER2,va,509,1366,85,38,0.4470588235294118,10,28,18,67,0.788235294117647,0.2631578947368421,0.6260162601626016,0.05663253584718907,0.7315957432704919,0.5343653250773994
11,sider,SIDER2,te,509,1366,87,50,0.5747126436781609,10,40,20,67,0.7701149425287356,0.2,0.5620437956204379,-0.034789341437464004,0.7055906863861785,0.5441379310344827
12,sider,SIDER2,tr,509,1366,773,333,0.4307891332470893,295,38,55,718,0.9288486416558862,0.8858858858858859,0.9159132007233273,0.8035873017034516,0.9879526586284513,0.971986216488157
12,sider,SIDER2,va,509,1366,87,36,0.41379310344827586,19,17,22,65,0.7471264367816092,0.5277777777777778,0.6829268292682927,0.2653343152526161,0.8250859244551553,0.6475095785440612
12,sider,SIDER2,te,509,1366,96,41,0.4270833333333333,14,27,20,76,0.7916666666666666,0.34146341463414637,0.656934306569343,0.14113855645872803,0.7660437956944872,0.6041666666666667
13,sider,SIDER2,tr,509,1366,769,337,0.43823146944083224,301,36,34,735,0.9557867360208062,0.8931750741839762,0.9367088607594937,0.8503871364500349,0.993754022025582,0.9848892353165889
13,sider,SIDER2,va,509,1366,92,31,0.33695652173913043,9,22,18,74,0.8043478260869565,0.2903225806451613,0.6747967479674797,0.09930508899982043,0.8060769374621947,0.5936185133239832
13,sider,SIDER2,te,509,1366,95,42,0.4421052631578947,11,31,15,80,0.8421052631578947,0.2619047619047619,0.6642335766423357,0.12229634718724795,0.7567534633085555,0.5847117794486215
14,sider,SIDER2,tr,509,1366,773,333,0.4307891332470893,296,37,49,724,0.9366106080206986,0.8888888888888888,0.9222423146473779,0.8173852580215216,0.9889278624595924,0.9740801603673531
14,sider,SIDER2,va,509,1366,83,40,0.4819277108433735,19,21,20,63,0.7590361445783133,0.475,0.6666666666666666,0.2356025737392285,0.7209656319858304,0.6156626506024097
14,sider,SIDER2,te,509,1366,100,37,0.37,13,24,25,75,0.75,0.35135135135135137,0.6423357664233577,0.10051271638672257,0.7652606386368895,0.5527027027027027
15,sider,SIDER2,tr,509,1366,782,324,0.4143222506393862,288,36,35,747,0.9552429667519181,0.8888888888888888,0.9358047016274864,0.8448975082749834,0.9918174095992427,0.9808480155347163
15,sider,SIDER2,va,509,1366,81,42,0.5185185185185185,17,25,21,60,0.7407407407407407,0.40476190476190477,0.6260162601626016,0.14932646463847954,0.7648292576594562,0.6193415637860082
15,sider,SIDER2,te,509,1366,93,44,0.4731182795698925,17,27,25,68,0.7311827956989247,0.38636363636363635,0.6204379562043796,0.11903942379129855,0.7750001589653817,0.6226783968719453
1,sider,SIDER3,tr,509,1366,16,1090,68.125,1042,48,1,15,0.9375,0.9559633027522936,0.9556962025316456,0.4602963496615301,0.6314759566969321,0.9892488532110092
1,sider,SIDER3,va,509,1366,3,120,40.0,116,4,3,0,0.0,0.9666666666666667,0.943089430894309,-0.028988551782621573,0.033344295472501305,0.6499999999999999
1,sider,SIDER3,te,509,1366,2,135,67.5,122,13,2,0,0.0,0.9037037037037037,0.8905109489051095,-0.03941022797821735,0.0162061961224692,0.5018518518518519
2,sider,SIDER3,tr,509,1366,16,1090,68.125,1074,16,2,14,0.875,0.9853211009174312,0.9837251356238698,0.6323638751345052,0.5915729488127718,0.991829128440367
2,sider,SIDER3,va,509,1366,2,121,60.5,121,0,2,0,0.0,1.0,0.983739837398374,0.0,0.016362558740104144,0.5454545454545454
2,sider,SIDER3,te,509,1366,3,134,44.666666666666664,132,2,3,0,0.0,0.9850746268656716,0.9635036496350365,-0.01821194549027093,0.033878370910189,0.695273631840796
3,sider,SIDER3,tr,509,1366,16,1090,68.125,1071,19,3,13,0.8125,0.9825688073394495,0.9801084990958409,0.566370762302679,0.671776412092357,0.9928038990825687
3,sider,SIDER3,va,509,1366,3,120,40.0,118,2,3,0,0.0,0.9833333333333333,0.959349593495935,-0.020327890704542377,0.049913386407194456,0.7638888888888888
3,sider,SIDER3,te,509,1366,2,135,67.5,129,6,2,0,0.0,0.9555555555555556,0.9416058394160584,-0.026048822172151504,0.022173796072101154,0.6907407407407407
4,sider,SIDER3,tr,509,1366,18,1088,60.44444444444444,1043,45,3,15,0.8333333333333334,0.9586397058823529,0.9566003616636528,0.44240459605778776,0.6385897944199426,0.9799325980392157
4,sider,SIDER3,va,509,1366,1,122,122.0,116,6,1,0,0.0,0.9508196721311475,0.943089430894309,-0.020502309202617044,0.0040650406504065045,0.2459016393442623
4,sider,SIDER3,te,509,1366,2,135,67.5,129,6,2,0,0.0,0.9555555555555556,0.9416058394160584,-0.026048822172151504,0.02182773961165975,0.5592592592592592
5,sider,SIDER3,tr,509,1366,17,1089,64.05882352941177,1080,9,4,13,0.7647058823529411,0.9917355371900827,0.9882459312839059,0.6664809185543643,0.8147021494258153,0.990034030140982
5,sider,SIDER3,va,509,1366,1,122,122.0,122,0,1,0,0.0,1.0,0.991869918699187,0.0,0.16666666666666666,0.9836065573770492
5,sider,SIDER3,te,509,1366,3,134,44.666666666666664,132,2,3,0,0.0,0.9850746268656716,0.9635036496350365,-0.01821194549027093,0.044852860214306,0.7288557213930349
6,sider,SIDER3,tr,509,1366,16,1090,68.125,1074,16,2,14,0.875,0.9853211009174312,0.9837251356238698,0.6323638751345052,0.5915729488127718,0.991829128440367
6,sider,SIDER3,va,509,1366,2,121,60.5,121,0,2,0,0.0,1.0,0.983739837398374,0.0,0.016362558740104144,0.5454545454545454
6,sider,SIDER3,te,509,1366,3,134,44.666666666666664,132,2,3,0,0.0,0.9850746268656716,0.9635036496350365,-0.01821194549027093,0.033878370910189,0.695273631840796
7,sider,SIDER3,tr,509,1366,18,1088,60.44444444444444,1086,2,5,13,0.7222222222222222,0.9981617647058824,0.9936708860759493,0.7880553938998651,0.8758981966899793,0.9946895424836601
7,sider,SIDER3,va,509,1366,2,121,60.5,121,0,2,0,0.0,1.0,0.983739837398374,0.0,0.012359793736826257,0.39669421487603307
7,sider,SIDER3,te,509,1366,1,136,136.0,135,1,1,0,0.0,0.9926470588235294,0.9854014598540146,-0.0073529411764686,0.025,0.8602941176470589
8,sider,SIDER3,tr,509,1366,17,1089,64.05882352941177,1074,15,2,15,0.8823529411764706,0.9862258953168044,0.984629294755877,0.657780327649548,0.6901679006007828,0.9865229838491871
8,sider,SIDER3,va,509,1366,1,122,122.0,121,1,1,0,0.0,0.9918032786885246,0.983739837398374,-0.008196721311472656,0.007936507936507936,0.5204918032786885
8,sider,SIDER3,te,509,1366,3,134,44.666666666666664,134,0,3,0,0.0,1.0,0.9781021897810219,0.0,0.023815752132806886,0.5398009950248757
9,sider,SIDER3,tr,509,1366,18,1088,60.44444444444444,1085,3,2,16,0.8888888888888888,0.9972426470588235,0.9954792043399638,0.8628937440161948,0.8849844683475275,0.9969107434640523
9,sider,SIDER3,va,509,1366,1,122,122.0,122,0,1,0,0.0,1.0,0.991869918699187,0.0,0.006666666666666667,0.4016393442622951
9,sider,SIDER3,te,509,1366,2,135,67.5,135,0,2,0,0.0,1.0,0.9854014598540146,0.0,0.02450947788493515,0.6018518518518519
10,sider,SIDER3,tr,509,1366,18,1088,60.44444444444444,1072,16,5,13,0.7222222222222222,0.9852941176470589,0.9810126582278481,0.5602480116067288,0.6951909731432129,0.9886131535947713
10,sider,SIDER3,va,509,1366,2,121,60.5,117,4,2,0,0.0,0.9669421487603306,0.9512195121951219,-0.023571044492804952,0.08041666666666666,0.8884297520661157
10,sider,SIDER3,te,509,1366,1,136,136.0,133,3,1,0,0.0,0.9779411764705882,0.9708029197080292,-0.012830357985666504,0.0036496350364963502,0.10294117647058826
11,sider,SIDER3,tr,509,1366,18,1088,60.44444444444444,1057,31,2,16,0.8888888888888888,0.9715073529411765,0.9701627486437613,0.5396998482505695,0.54060430108967,0.9760008169934641
11,sider,SIDER3,va,509,1366,1,122,122.0,118,4,0,1,1.0,0.9672131147540983,0.967479674796748,0.4398211260851312,0.25,0.9918032786885246
11,sider,SIDER3,te,509,1366,2,135,67.5,133,2,2,0,0.0,0.9851851851851852,0.9708029197080292,-0.014814814814813799,0.026610520094562648,0.75
12,sider,SIDER3,tr,509,1366,16,1090,68.125,1074,16,2,14,0.875,0.9853211009174312,0.9837251356238698,0.6323638751345052,0.5915729488127718,0.991829128440367
12,sider,SIDER3,va,509,1366,2,121,60.5,121,0,2,0,0.0,1.0,0.983739837398374,0.0,0.016362558740104144,0.5454545454545454
12,sider,SIDER3,te,509,1366,3,134,44.666666666666664,132,2,3,0,0.0,0.9850746268656716,0.9635036496350365,-0.01821194549027093,0.033878370910189,0.695273631840796
13,sider,SIDER3,tr,509,1366,17,1089,64.05882352941177,1080,9,1,16,0.9411764705882353,0.9917355371900827,0.9909584086799277,0.7721403218620975,0.8193361087584243,0.9967050180953924
13,sider,SIDER3,va,509,1366,2,121,60.5,120,1,2,0,0.0,0.9917355371900827,0.975609756097561,-0.011639716357534026,0.04202279202279202,0.8264462809917357
13,sider,SIDER3,te,509,1366,2,135,67.5,133,2,2,0,0.0,0.9851851851851852,0.9708029197080292,-0.014814814814813799,0.01021954228486461,0.35185185185185186
14,sider,SIDER3,tr,509,1366,15,1091,72.73333333333333,1075,16,2,13,0.8666666666666667,0.9853345554537122,0.9837251356238698,0.6167247419703421,0.6907012290995956,0.9899175068744273
14,sider,SIDER3,va,509,1366,3,120,40.0,119,1,3,0,0.0,0.9916666666666667,0.967479674796748,-0.014314958357845076,0.03780240129339328,0.6194444444444442
14,sider,SIDER3,te,509,1366,3,134,44.666666666666664,132,2,2,1,0.3333333333333333,0.9850746268656716,0.9708029197080292,0.3184079601989951,0.11457811194653299,0.7898009950248756
15,sider,SIDER3,tr,509,1366,13,1093,84.07692307692308,1090,3,2,11,0.8461538461538461,0.9972552607502287,0.9954792043399638,0.8131013950744758,0.8886745058809835,0.9973256386797099
15,sider,SIDER3,va,509,1366,2,121,60.5,120,1,2,0,0.0,0.9917355371900827,0.975609756097561,-0.011639716357534026,0.04754273504273504,0.8181818181818181
15,sider,SIDER3,te,509,1366,6,131,21.833333333333332,131,0,6,0,0.0,1.0,0.9562043795620438,0.0,0.05266313481709578,0.5388040712468193
1,sider,SIDER4,tr,509,1366,670,436,0.6507462686567164,434,2,6,664,0.991044776119403,0.9954128440366973,0.9927667269439421,0.9849079094718073,0.9999244812603736,0.999883609475558
1,sider,SIDER4,va,509,1366,84,39,0.4642857142857143,17,22,15,69,0.8214285714285714,0.4358974358974359,0.6991869918699187,0.27293544713381834,0.8222440386214186,0.6883394383394383
1,sider,SIDER4,te,509,1366,99,38,0.3838383838383838,16,22,14,85,0.8585858585858586,0.42105263157894735,0.7372262773722628,0.30272886178054725,0.8398610476250257,0.6953748006379585
2,sider,SIDER4,tr,509,1366,704,402,0.5710227272727273,402,0,6,698,0.9914772727272727,1.0,0.9945750452079566,0.9883808600933806,0.9997465974119149,0.9994911804613297
2,sider,SIDER4,va,509,1366,71,52,0.7323943661971831,20,32,12,59,0.8309859154929577,0.38461538461538464,0.6422764227642277,0.24276525857579737,0.6673937477530958,0.6695557963163598
2,sider,SIDER4,te,509,1366,78,59,0.7564102564102564,16,43,9,69,0.8846153846153846,0.2711864406779661,0.6204379562043796,0.19974082200918375,0.7013777257669398,0.6316818774445893
3,sider,SIDER4,tr,509,1366,695,411,0.5913669064748202,409,2,3,692,0.99568345323741,0.9951338199513382,0.9954792043399638,0.9903268163164926,0.9998389335139597,0.9997094295366626
3,sider,SIDER4,va,509,1366,68,55,0.8088235294117647,22,33,8,60,0.8823529411764706,0.4,0.6666666666666666,0.32690835139030716,0.8024151392819403,0.7649732620320855
3,sider,SIDER4,te,509,1366,90,47,0.5222222222222223,15,32,20,70,0.7777777777777778,0.3191489361702128,0.6204379562043796,0.10550658470918348,0.769837046627585,0.6260047281323877
4,sider,SIDER4,tr,509,1366,690,416,0.6028985507246377,415,1,3,687,0.9956521739130435,0.9975961538461539,0.9963833634719711,0.9923084582674786,0.9999895055772983,0.9999825808249722
4,sider,SIDER4,va,509,1366,77,46,0.5974025974025974,18,28,17,60,0.7792207792207793,0.391304347826087,0.6341463414634146,0.18286782603154197,0.7203557897546273,0.6270468661773009
4,sider,SIDER4,te,509,1366,86,51,0.5930232558139535,12,39,8,78,0.9069767441860465,0.23529411764705882,0.656934306569343,0.19477909664239657,0.7843774145597939,0.6837665298677611
5,sider,SIDER4,tr,509,1366,685,421,0.6145985401459854,417,4,6,679,0.9912408759124087,0.9904988123515439,0.9909584086799277,0.9808489838083487,0.9996845210600103,0.9994243806023198
5,sider,SIDER4,va,509,1366,72,51,0.7083333333333334,19,32,14,58,0.8055555555555556,0.37254901960784315,0.6260162601626016,0.19803784299522884,0.7273710650687416,0.6476034858387799
5,sider,SIDER4,te,509,1366,96,41,0.4270833333333333,12,29,13,83,0.8645833333333334,0.2926829268292683,0.6934306569343066,0.18645931674290844,0.8001730108751393,0.6168699186991868
6,sider,SIDER4,tr,509,1366,694,412,0.5936599423631124,412,0,2,692,0.9971181556195965,1.0,0.9981916817359855,0.9961431421732164,0.9998473574405432,0.9997167118994992
6,sider,SIDER4,va,509,1366,74,49,0.6621621621621622,21,28,15,59,0.7972972972972973,0.42857142857142855,0.6504065040650406,0.24302957375296136,0.7517485200113382,0.6555432984004412
6,sider,SIDER4,te,509,1366,85,52,0.611764705882353,20,32,8,77,0.9058823529411765,0.38461538461538464,0.708029197080292,0.3495921116141292,0.8556769717275636,0.7608597285067874
7,sider,SIDER4,tr,509,1366,697,409,0.5868005738880918,407,2,5,692,0.9928263988522238,0.9951100244498777,0.9936708860759493,0.9864582224160049,0.9998915823964974,0.9998105748352177
7,sider,SIDER4,va,509,1366,75,48,0.64,16,32,11,64,0.8533333333333334,0.3333333333333333,0.6504065040650406,0.21998877636914801,0.7574424203073234,0.6716666666666666
7,sider,SIDER4,te,509,1366,81,56,0.691358024691358,19,37,12,69,0.8518518518518519,0.3392857142857143,0.6423357664233577,0.22456847768326801,0.7422312646018927,0.6567460317460317
8,sider,SIDER4,tr,509,1366,688,418,0.6075581395348837,418,0,7,681,0.9898255813953488,1.0,0.9936708860759493,0.9866724744409491,0.9999171523982129,0.9998609102036276
8,sider,SIDER4,va,509,1366,74,49,0.6621621621621622,18,31,12,62,0.8378378378378378,0.3673469387755102,0.6504065040650406,0.23391438696716815,0.7641716691608847,0.6632653061224489
8,sider,SIDER4,te,509,1366,91,46,0.5054945054945055,18,28,8,83,0.9120879120879121,0.391304347826087,0.7372262773722628,0.36538940111320856,0.862633637725502,0.7615862398471096
9,sider,SIDER4,tr,509,1366,701,405,0.5777460770328102,403,2,9,692,0.9871611982881597,0.9950617283950617,0.9900542495479204,0.9787420431315564,0.9995864020758284,0.999232137510787
9,sider,SIDER4,va,509,1366,73,50,0.684931506849315,20,30,15,58,0.7945205479452054,0.4,0.6341463414634146,0.21175640642656704,0.7689458138603249,0.7093150684931506
9,sider,SIDER4,te,509,1366,79,58,0.7341772151898734,16,42,8,71,0.8987341772151899,0.27586206896551724,0.635036496350365,0.22694342347253796,0.7313794848659347,0.6460061108686163
10,sider,SIDER4,tr,509,1366,690,416,0.6028985507246377,414,2,4,686,0.9942028985507246,0.9951923076923077,0.9945750452079566,0.9884589827995974,0.9999458311714088,0.9999094202898551
10,sider,SIDER4,va,509,1366,79,44,0.5569620253164557,14,30,11,68,0.8607594936708861,0.3181818181818182,0.6666666666666666,0.2131412255513786,0.811666888360253,0.6777905638665132
10,sider,SIDER4,te,509,1366,84,53,0.6309523809523809,13,40,11,73,0.8690476190476191,0.24528301886792453,0.6277372262773723,0.14648574424358574,0.7030030315140243,0.605570530098832
11,sider,SIDER4,tr,509,1366,688,418,0.6075581395348837,417,1,4,684,0.9941860465116279,0.9976076555023924,0.9954792043399638,0.9904153724196174,0.9997317343039608,0.9994888449983309
11,sider,SIDER4,va,509,1366,70,53,0.7571428571428571,19,34,10,60,0.8571428571428571,0.3584905660377358,0.6422764227642277,0.25155914294805687,0.71135156436878,0.6584905660377358
11,sider,SIDER4,te,509,1366,95,42,0.4421052631578947,14,28,18,77,0.8105263157894737,0.3333333333333333,0.6642335766423357,0.15676741814488382,0.7856601168708837,0.6401002506265664
12,sider,SIDER4,tr,509,1366,704,402,0.5710227272727273,401,1,4,700,0.9943181818181818,0.9975124378109452,0.9954792043399638,0.9902625318716796,0.9998146600817576,0.9996466530981457
12,sider,SIDER4,va,509,1366,70,53,0.7571428571428571,17,36,7,63,0.9,0.32075471698113206,0.6504065040650406,0.275850470345273,0.7116415491263637,0.6452830188679245
12,sider,SIDER4,te,509,1366,79,58,0.7341772151898734,24,34,13,66,0.8354430379746836,0.41379310344827586,0.656934306569343,0.2773560856455107,0.6749931933839044,0.6383675250982104
13,sider,SIDER4,tr,509,1366,685,421,0.6145985401459854,418,3,7,678,0.9897810218978103,0.9928741092636579,0.9909584086799277,0.9808880394260205,0.9996995586456341,0.9994278481890528
13,sider,SIDER4,va,509,1366,82,41,0.5,17,24,19,63,0.7682926829268293,0.4146341463414634,0.6504065040650406,0.18952451089472577,0.7728563143914723,0.6433670434265317
13,sider,SIDER4,te,509,1366,86,51,0.5930232558139535,18,33,9,77,0.8953488372093024,0.35294117647058826,0.6934306569343066,0.30172781058866033,0.7895416115147391,0.6792065663474692
14,sider,SIDER4,tr,509,1366,677,429,0.6336779911373708,426,3,8,669,0.9881831610044313,0.993006993006993,0.9900542495479204,0.9791442112232751,0.9996883780245467,0.9994628709547468
14,sider,SIDER4,va,509,1366,84,39,0.4642857142857143,21,18,18,66,0.7857142857142857,0.5384615384615384,0.7073170731707317,0.324175824175824,0.8334804944226035,0.7087912087912088
14,sider,SIDER4,te,509,1366,92,45,0.4891304347826087,17,28,12,80,0.8695652173913043,0.37777777777777777,0.708029197080292,0.2843733599888936,0.7914409365334111,0.673671497584541
15,sider,SIDER4,tr,509,1366,693,413,0.5959595959595959,411,2,7,686,0.98989898989899,0.9951573849878934,0.9918625678119349,0.9826986717836333,0.9998337613655333,0.99971699003176
15,sider,SIDER4,va,509,1366,71,52,0.7323943661971831,19,33,14,57,0.8028169014084507,0.36538461538461536,0.6178861788617886,0.1875350848687572,0.7087424779032494,0.628385698808234
15,sider,SIDER4,te,509,1366,89,48,0.5393258426966292,16,32,10,79,0.8876404494382022,0.3333333333333333,0.6934306569343066,0.2688488659621812,0.8184223211616848,0.7158239700374532
1,sider,SIDER5,tr,509,1366,893,213,0.23852183650615902,206,7,21,872,0.9764837625979843,0.9671361502347418,0.9746835443037974,0.9213088905418978,0.9992476337379634,0.9966931112618225
1,sider,SIDER5,va,509,1366,93,30,0.3225806451612903,8,22,6,87,0.9354838709677419,0.26666666666666666,0.7723577235772358,0.273337825756678,0.8757953334790743,0.7146953405017922
1,sider,SIDER5,te,509,1366,121,16,0.1322314049586777,4,12,8,113,0.9338842975206612,0.25,0.8540145985401459,0.20890637443179363,0.9347742165328542,0.7097107438016529
2,sider,SIDER5,tr,509,1366,899,207,0.23025583982202447,204,3,28,871,0.9688542825361512,0.9855072463768116,0.9719710669077758,0.9142779252450429,0.9986602367111412,0.9938095468394834
2,sider,SIDER5,va,509,1366,101,22,0.21782178217821782,6,16,10,91,0.900990099009901,0.2727272727272727,0.7886178861788617,0.19790802152211326,0.9379084941934368,0.7506750675067507
2,sider,SIDER5,te,509,1366,107,30,0.2803738317757009,4,26,6,101,0.9439252336448598,0.13333333333333333,0.7664233576642335,0.12282797845688338,0.8868748702527256,0.6931464174454829
3,sider,SIDER5,tr,509,1366,898,208,0.23162583518930957,202,6,34,864,0.9621380846325167,0.9711538461538461,0.9638336347197106,0.890167468878487,0.9980468487697063,0.9909949460339216
3,sider,SIDER5,va,509,1366,98,25,0.25510204081632654,5,20,12,86,0.8775510204081632,0.2,0.7398373983739838,0.09042596777430434,0.9115482347151717,0.6865306122448979
3,sider,SIDER5,te,509,1366,111,26,0.23423423423423423,8,18,20,91,0.8198198198198198,0.3076923076923077,0.7226277372262774,0.12399591869110875,0.893695196018906,0.6534996534996533
4,sider,SIDER5,tr,509,1366,909,197,0.21672167216721672,194,3,21,888,0.976897689768977,0.9847715736040609,0.9783001808318263,0.9297853696070898,0.9991221430909919,0.9956554031037622
4,sider,SIDER5,va,509,1366,92,31,0.33695652173913043,7,24,4,88,0.9565217391304348,0.22580645161290322,0.7723577235772358,0.2774107133568834,0.929064201332239,0.8071528751753155
4,sider,SIDER5,te,509,1366,106,31,0.29245283018867924,6,25,6,100,0.9433962264150944,0.1935483870967742,0.7737226277372263,0.202690364974659,0.885444344712244,0.7063298843578819
5,sider,SIDER5,tr,509,1366,889,217,0.2440944881889764,209,8,28,861,0.968503937007874,0.9631336405529954,0.9674502712477396,0.9016618269786765,0.9987247684773272,0.9945001114492026
5,sider,SIDER5,va,509,1366,105,18,0.17142857142857143,6,12,7,98,0.9333333333333333,0.3333333333333333,0.8455284552845529,0.3065713848127604,0.9462929101838649,0.7793650793650795
5,sider,SIDER5,te,509,1366,113,24,0.21238938053097345,6,18,7,106,0.9380530973451328,0.25,0.8175182481751825,0.24391741835391262,0.9004803514447978,0.6847345132743362
6,sider,SIDER5,tr,509,1366,906,200,0.22075055187637968,195,5,27,879,0.9701986754966887,0.975,0.9710669077757685,0.9082378176851883,0.9987968775786825,0.9942494481236203
6,sider,SIDER5,va,509,1366,94,29,0.30851063829787234,9,20,2,92,0.9787234042553191,0.3103448275862069,0.8211382113821138,0.4299895863763963,0.9162043203498694,0.7964049889948642
6,sider,SIDER5,te,509,1366,107,30,0.2803738317757009,4,26,14,93,0.8691588785046729,0.13333333333333333,0.708029197080292,0.0030508983465276124,0.8518153675339735,0.6003115264797508
7,sider,SIDER5,tr,509,1366,898,208,0.23162583518930957,202,6,34,864,0.9621380846325167,0.9711538461538461,0.9638336347197106,0.890167468878487,0.9983608928535274,0.9923869282165496
7,sider,SIDER5,va,509,1366,100,23,0.23,10,13,6,94,0.94,0.43478260869565216,0.8455284552845529,0.4344016514688472,0.9036646710817995,0.7495652173913043
7,sider,SIDER5,te,509,1366,109,28,0.25688073394495414,5,23,11,98,0.8990825688073395,0.17857142857142858,0.7518248175182481,0.09749972816969944,0.8914054419932358,0.6664482306684141
8,sider,SIDER5,tr,509,1366,898,208,0.23162583518930957,202,6,37,861,0.9587973273942093,0.9711538461538461,0.961121157323689,0.8829202618569268,0.99835606036567,0.9925528953229398
8,sider,SIDER5,va,509,1366,92,31,0.33695652173913043,8,23,6,86,0.9347826086956522,0.25806451612903225,0.7642276422764228,0.263639610955924,0.8604572858689392,0.6802244039270688
8,sider,SIDER5,te,509,1366,117,20,0.17094017094017094,6,14,10,107,0.9145299145299145,0.3,0.8248175182481752,0.23585392713554007,0.9371358991421194,0.7226495726495726
9,sider,SIDER5,tr,509,1366,902,204,0.2261640798226164,199,5,23,879,0.9745011086474501,0.9754901960784313,0.9746835443037974,0.9198888672976671,0.9991473432952687,0.9959947393591583
9,sider,SIDER5,va,509,1366,92,31,0.33695652173913043,11,20,8,84,0.9130434782608695,0.3548387096774194,0.7723577235772358,0.3218289644842399,0.8329412757029387,0.6746143057503506
9,sider,SIDER5,te,509,1366,113,24,0.21238938053097345,5,19,10,103,0.911504424778761,0.20833333333333334,0.7883211678832117,0.14588578395374288,0.888524973830812,0.6471238938053097
10,sider,SIDER5,tr,509,1366,902,204,0.2261640798226164,201,3,19,883,0.9789356984478935,0.9852941176470589,0.9801084990958409,0.9368513950335307,0.999267825389871,0.9966088430937785
10,sider,SIDER5,va,509,1366,99,24,0.24242424242424243,5,19,6,93,0.9393939393939394,0.20833333333333334,0.7967479674796748,0.2051533175632355,0.9291940428425453,0.7550505050505051
10,sider,SIDER5,te,509,1366,106,31,0.29245283018867924,10,21,6,100,0.9433962264150944,0.3225806451612903,0.8029197080291971,0.34651734372607546,0.9047972316288357,0.7446743761412051
11,sider,SIDER5,tr,509,1366,893,213,0.23852183650615902,207,6,32,861,0.9641657334826428,0.971830985915493,0.9656419529837251,0.8967705932747184,0.9984326030151625,0.9929866620401768
11,sider,SIDER5,va,509,1366,100,23,0.23,7,16,17,83,0.83,0.30434782608695654,0.7317073170731707,0.1321817031023813,0.8904689427602834,0.6469565217391305
11,sider,SIDER5,te,509,1366,114,23,0.20175438596491227,8,15,9,105,0.9210526315789473,0.34782608695652173,0.8248175182481752,0.3048299884309553,0.9267003447786913,0.7562929061784897
12,sider,SIDER5,tr,509,1366,901,205,0.22752497225305215,198,7,37,864,0.9589345172031076,0.9658536585365853,0.9602169981916817,0.8784935670629331,0.9981127628160963,0.991191359194391
12,sider,SIDER5,va,509,1366,98,25,0.25510204081632654,8,17,8,90,0.9183673469387755,0.32,0.7967479674796748,0.2851529867017163,0.9164026465209397,0.7322448979591836
12,sider,SIDER5,te,509,1366,108,29,0.26851851851851855,8,21,18,90,0.8333333333333334,0.27586206896551724,0.7153284671532847,0.11375410189798157,0.8418128964131848,0.6190932311621966
13,sider,SIDER5,tr,509,1366,893,213,0.23852183650615902,208,5,35,858,0.9608062709966405,0.9765258215962441,0.9638336347197106,0.8926896165894731,0.9984937670299819,0.9932653029036481
13,sider,SIDER5,va,509,1366,104,19,0.18269230769230768,5,14,12,92,0.8846153846153846,0.2631578947368421,0.7886178861788617,0.15474334766451414,0.9371407422011846,0.7191295546558704
13,sider,SIDER5,te,509,1366,110,27,0.24545454545454545,7,20,9,101,0.9181818181818182,0.25925925925925924,0.7883211678832117,0.2197757212960574,0.8672083994240962,0.6346801346801347
14,sider,SIDER5,tr,509,1366,896,210,0.234375,204,6,28,868,0.96875,0.9714285714285714,0.969258589511754,0.9056789876698583,0.9986253271291833,0.9937021683673469
14,sider,SIDER5,va,509,1366,100,23,0.23,7,16,10,90,0.9,0.30434782608695654,0.7886178861788617,0.23086417570802034,0.9205025134311368,0.7243478260869565
14,sider,SIDER5,te,509,1366,111,26,0.23423423423423423,7,19,11,100,0.9009009009009009,0.2692307692307692,0.781021897810219,0.19748021687566458,0.8643639398982945,0.6205821205821206
15,sider,SIDER5,tr,509,1366,894,212,0.2371364653243848,209,3,28,866,0.9686800894854586,0.9858490566037735,0.9719710669077758,0.9156759812849125,0.9986426820683654,0.9938056645983707
15,sider,SIDER5,va,509,1366,99,24,0.24242424242424243,7,17,7,92,0.9292929292929293,0.2916666666666667,0.8048780487804879,0.27571399967924526,0.9105805726044754,0.7053872053872055
15,sider,SIDER5,te,509,1366,114,23,0.20175438596491227,9,14,9,105,0.9210526315789473,0.391304347826087,0.8321167883211679,0.34558734029549304,0.9511759052682605,0.8035850495804729
1,sider,SIDER6,tr,509,1366,777,329,0.42342342342342343,315,14,28,749,0.963963963963964,0.9574468085106383,0.9620253164556962,0.9106519350881955,0.9967176473572438,0.9915386511131191
1,sider,SIDER6,va,509,1366,80,43,0.5375,11,32,14,66,0.825,0.2558139534883721,0.6260162601626016,0.09575964611669606,0.8054263133524986,0.6822674418604652
1,sider,SIDER6,te,509,1366,105,32,0.3047619047619048,10,22,14,91,0.8666666666666667,0.3125,0.7372262773722628,0.19942610631026403,0.8932589089264804,0.6875
2,sider,SIDER6,tr,509,1366,784,322,0.4107142857142857,301,21,27,757,0.9655612244897959,0.9347826086956522,0.9566003616636528,0.8955042289235732,0.9964833687289196,0.9909169413106859
2,sider,SIDER6,va,509,1366,84,39,0.4642857142857143,15,24,11,73,0.8690476190476191,0.38461538461538464,0.7154471544715447,0.2891056213342387,0.8084950241979768,0.6660561660561661
2,sider,SIDER6,te,509,1366,94,43,0.4574468085106383,8,35,17,77,0.8191489361702128,0.18604651162790697,0.6204379562043796,0.006242263891081347,0.8191420578059136,0.6679861454725383
3,sider,SIDER6,tr,509,1366,777,329,0.42342342342342343,306,23,46,731,0.9407979407979408,0.9300911854103343,0.9376130198915009,0.8547012158264147,0.9936484252245407,0.9833315729972264
3,sider,SIDER6,va,509,1366,87,36,0.41379310344827586,12,24,22,65,0.7471264367816092,0.3333333333333333,0.6260162601626016,0.08185688280597829,0.7942197701831605,0.5980204342273308
3,sider,SIDER6,te,509,1366,98,39,0.3979591836734694,18,21,27,71,0.7244897959183674,0.46153846153846156,0.6496350364963503,0.1787409610915574,0.7892371388261223,0.6459968602825745
4,sider,SIDER6,tr,509,1366,790,316,0.4,304,12,28,762,0.9645569620253165,0.9620253164556962,0.9638336347197106,0.9132749686674372,0.9974792007112512,0.9931501361961225
4,sider,SIDER6,va,509,1366,80,43,0.5375,16,27,11,69,0.8625,0.37209302325581395,0.6910569105691057,0.2702569149246683,0.8430171046820001,0.7523255813953488
4,sider,SIDER6,te,509,1366,92,45,0.4891304347826087,20,25,11,81,0.8804347826086957,0.4444444444444444,0.7372262773722628,0.36466017346834045,0.7588848001539503,0.667632850241546
5,sider,SIDER6,tr,509,1366,769,337,0.43823146944083224,318,19,29,740,0.9622886866059818,0.9436201780415431,0.9566003616636528,0.898621912366043,0.9951499341284178,0.9872662095364514
5,sider,SIDER6,va,509,1366,95,28,0.29473684210526313,10,18,11,84,0.8842105263157894,0.35714285714285715,0.7642276422764228,0.2689580061047255,0.8687331330784112,0.7308270676691729
5,sider,SIDER6,te,509,1366,98,39,0.3979591836734694,11,28,12,86,0.8775510204081632,0.28205128205128205,0.708029197080292,0.19269398133442084,0.822639786025458,0.6653584510727367
6,sider,SIDER6,tr,509,1366,785,321,0.4089171974522293,309,12,31,754,0.9605095541401274,0.9626168224299065,0.961121157323689,0.9080184259318494,0.9963880800722074,0.9901541758438002
6,sider,SIDER6,va,509,1366,82,41,0.5,14,27,16,66,0.8048780487804879,0.34146341463414637,0.6504065040650406,0.1606438657804997,0.7821809883590198,0.6766805472932779
6,sider,SIDER6,te,509,1366,95,42,0.4421052631578947,11,31,12,83,0.8736842105263158,0.2619047619047619,0.6861313868613139,0.1672609170508686,0.8254103340426876,0.6518796992481203
7,sider,SIDER6,tr,509,1366,777,329,0.42342342342342343,311,18,35,742,0.954954954954955,0.9452887537993921,0.9520795660036167,0.8876131095155213,0.9955187062591495,0.987865416436845
7,sider,SIDER6,va,509,1366,88,35,0.3977272727272727,11,24,10,78,0.8863636363636364,0.3142857142857143,0.7235772357723578,0.24060429941884282,0.8441852519119104,0.7094155844155844
7,sider,SIDER6,te,509,1366,97,40,0.41237113402061853,11,29,15,82,0.845360824742268,0.275,0.6788321167883211,0.1395573950471596,0.8752537524795765,0.7167525773195876
8,sider,SIDER6,tr,509,1366,775,331,0.4270967741935484,313,18,35,740,0.9548387096774194,0.945619335347432,0.9520795660036167,0.8879818844874494,0.9951657636563959,0.9874865997466136
8,sider,SIDER6,va,509,1366,88,35,0.3977272727272727,10,25,16,72,0.8181818181818182,0.2857142857142857,0.6666666666666666,0.11481591176777159,0.8390987850920062,0.650974025974026
8,sider,SIDER6,te,509,1366,99,38,0.3838383838383838,17,21,20,79,0.797979797979798,0.4473684210526316,0.7007299270072993,0.24739529926651982,0.8611875578961927,0.7044125465178097
9,sider,SIDER6,tr,509,1366,787,319,0.40533672172808133,297,22,26,761,0.9669631512071156,0.9310344827586207,0.9566003616636528,0.8946965401638021,0.996073586162169,0.9893209800321047
9,sider,SIDER6,va,509,1366,80,43,0.5375,16,27,9,71,0.8875,0.37209302325581395,0.7073170731707317,0.30760202871298414,0.8237437124504345,0.7061046511627908
9,sider,SIDER6,te,509,1366,95,42,0.4421052631578947,9,33,13,82,0.8631578947368421,0.21428571428571427,0.6642335766423357,0.09725496255863036,0.7123026314068215,0.5606516290726817
10,sider,SIDER6,tr,509,1366,779,327,0.4197689345314506,302,25,26,753,0.9666238767650834,0.9235474006116208,0.953887884267631,0.8893843064331429,0.9955034720089797,0.9883525102754649
10,sider,SIDER6,va,509,1366,85,38,0.4470588235294118,11,27,18,67,0.788235294117647,0.2894736842105263,0.6341463414634146,0.08458815152241637,0.8264193195386171,0.6712074303405573
10,sider,SIDER6,te,509,1366,98,39,0.3979591836734694,13,26,12,86,0.8775510204081632,0.3333333333333333,0.7226277372262774,0.24638296925985403,0.8648461881558549,0.7459445316588174
11,sider,SIDER6,tr,509,1366,790,316,0.4,299,17,30,760,0.9620253164556962,0.9462025316455697,0.9575045207956601,0.897518569242624,0.9965158117730252,0.9902980291619932
11,sider,SIDER6,va,509,1366,78,45,0.5769230769230769,14,31,13,65,0.8333333333333334,0.3111111111111111,0.6422764227642277,0.16808807460092237,0.7754829632813103,0.6789173789173789
11,sider,SIDER6,te,509,1366,94,43,0.4574468085106383,14,29,12,82,0.8723404255319149,0.32558139534883723,0.7007299270072993,0.23423062056897695,0.7734108455533428,0.6338446313706085
12,sider,SIDER6,tr,509,1366,779,327,0.4197689345314506,313,14,29,750,0.962772785622593,0.9571865443425076,0.961121157323689,0.9083464037504208,0.9965014762500459,0.9906725865906655
12,sider,SIDER6,va,509,1366,89,34,0.38202247191011235,12,22,13,76,0.8539325842696629,0.35294117647058826,0.7154471544715447,0.22990945353742276,0.8249655583416868,0.6751487111698612
12,sider,SIDER6,te,509,1366,94,43,0.4574468085106383,13,30,17,77,0.8191489361702128,0.3023255813953488,0.656934306569343,0.13631097409519952,0.7717869303111786,0.6177634834240475
13,sider,SIDER6,tr,509,1366,770,336,0.43636363636363634,315,21,38,732,0.9506493506493506,0.9375,0.9466546112115732,0.8762260552260898,0.9948033399835869,0.9865878169449599
13,sider,SIDER6,va,509,1366,92,31,0.33695652173913043,9,22,15,77,0.8369565217391305,0.2903225806451613,0.6991869918699187,0.13944683008165626,0.8820225912239168,0.7005610098176718
13,sider,SIDER6,te,509,1366,100,37,0.37,9,28,10,90,0.9,0.24324324324324326,0.7226277372262774,0.18401668528530044,0.8196827545867398,0.7035135135135137
14,sider,SIDER6,tr,509,1366,783,323,0.4125159642401022,309,14,35,748,0.9553001277139208,0.9566563467492261,0.9556962025316456,0.8957762552272839,0.9967320076632803,0.9912221391884037
14,sider,SIDER6,va,509,1366,78,45,0.5769230769230769,17,28,12,66,0.8461538461538461,0.37777777777777777,0.6747967479674797,0.25410081737165297,0.7506138205992285,0.6666666666666666
14,sider,SIDER6,te,509,1366,101,36,0.3564356435643564,12,24,16,85,0.8415841584158416,0.3333333333333333,0.708029197080292,0.19092065415675152,0.8642773098317631,0.6732673267326732
15,sider,SIDER6,tr,509,1366,779,327,0.4197689345314506,311,16,41,738,0.9473684210526315,0.9510703363914373,0.9484629294755877,0.8801852349613348,0.9943409318999957,0.9843640203664229
15,sider,SIDER6,va,509,1366,84,39,0.4642857142857143,9,30,19,65,0.7738095238095238,0.23076923076923078,0.6016260162601627,0.00508134279664707,0.7965083572395746,0.6098901098901099
15,sider,SIDER6,te,509,1366,99,38,0.3838383838383838,13,25,17,82,0.8282828282828283,0.34210526315789475,0.6934306569343066,0.18445741483016234,0.8521305671253394,0.720361509835194
1,sider,SIDER7,tr,509,1366,1012,94,0.09288537549407115,85,9,36,976,0.9644268774703557,0.9042553191489362,0.9593128390596745,0.7760760899616582,0.9986465319670059,0.9852094020687915
1,sider,SIDER7,va,509,1366,106,17,0.16037735849056603,4,13,5,101,0.9528301886792453,0.23529411764705882,0.8536585365853658,0.24931512396490943,0.9087880516960342,0.622364039955605
1,sider,SIDER7,te,509,1366,129,8,0.06201550387596899,1,7,13,116,0.8992248062015504,0.125,0.8540145985401459,0.018753554135294816,0.9322742123372346,0.4626937984496124
2,sider,SIDER7,tr,509,1366,1012,94,0.09288537549407115,83,11,31,981,0.9693675889328063,0.8829787234042553,0.9620253164556962,0.7817394120520984,0.9987415725017812,0.9862080565133294
2,sider,SIDER7,va,509,1366,113,10,0.08849557522123894,1,9,8,105,0.9292035398230089,0.1,0.8617886178861789,0.030647922286936916,0.9646834526043464,0.70929203539823
2,sider,SIDER7,te,509,1366,122,15,0.12295081967213115,2,13,4,118,0.9672131147540983,0.13333333333333333,0.8759124087591241,0.15341965617506262,0.9390109626029464,0.6800546448087432
3,sider,SIDER7,tr,509,1366,1011,95,0.09396636993076163,82,13,27,984,0.973293768545994,0.8631578947368421,0.9638336347197106,0.7863527345809136,0.9987607736162603,0.9868290905304805
3,sider,SIDER7,va,509,1366,115,8,0.06956521739130435,3,5,7,108,0.9391304347826087,0.375,0.9024390243902439,0.2834423286569764,0.9897226993562912,0.8630434782608697
3,sider,SIDER7,te,509,1366,121,16,0.1322314049586777,4,12,12,109,0.9008264462809917,0.25,0.8248175182481752,0.15082644628099154,0.9409249727811353,0.6751033057851239
4,sider,SIDER7,tr,509,1366,1015,91,0.0896551724137931,83,8,28,987,0.9724137931034482,0.9120879120879121,0.9674502712477396,0.8088711803722864,0.9988639113397288,0.9871975315325069
4,sider,SIDER7,va,509,1366,111,12,0.10810810810810811,4,8,6,105,0.9459459459459459,0.3333333333333333,0.8861788617886179,0.3032156449425999,0.9400650693680788,0.6411411411411412
4,sider,SIDER7,te,509,1366,121,16,0.1322314049586777,6,10,2,119,0.9834710743801653,0.375,0.9124087591240876,0.49098355411033406,0.9606306252869905,0.7766012396694215
5,sider,SIDER7,tr,509,1366,1007,99,0.09831181727904667,84,15,30,977,0.9702085402184707,0.8484848484848485,0.9593128390596745,0.7686795976062223,0.9983910331252773,0.9835695585447324
5,sider,SIDER7,va,509,1366,112,11,0.09821428571428571,4,7,5,107,0.9553571428571429,0.36363636363636365,0.9024390243902439,0.3495533881980378,0.9618469441522898,0.7792207792207791
5,sider,SIDER7,te,509,1366,128,9,0.0703125,1,8,7,121,0.9453125,0.1111111111111111,0.8905109489051095,0.05961386344913053,0.9453101081298949,0.576388888888889
6,sider,SIDER7,tr,509,1366,1019,87,0.08537782139352307,77,10,28,991,0.97252208047105,0.8850574712643678,0.9656419529837251,0.7876067819563102,0.9990448747626165,0.9887426257430656
6,sider,SIDER7,va,509,1366,107,16,0.14953271028037382,2,14,0,107,1.0,0.125,0.8861788617886179,0.33247133723471856,0.9325877668697073,0.678446261682243
6,sider,SIDER7,te,509,1366,121,16,0.1322314049586777,4,12,5,116,0.9586776859504132,0.25,0.8759124087591241,0.2705219124993983,0.9362766361060394,0.6880165289256199
7,sider,SIDER7,tr,509,1366,1005,101,0.10049751243781095,85,16,28,977,0.972139303482587,0.8415841584158416,0.9602169981916817,0.7739389605744875,0.9982810000459699,0.9831584651002414
7,sider,SIDER7,va,509,1366,111,12,0.10810810810810811,5,7,5,106,0.954954954954955,0.4166666666666667,0.9024390243902439,0.403472430770395,0.9496112032313127,0.7316066066066066
7,sider,SIDER7,te,509,1366,131,6,0.04580152671755725,3,3,6,125,0.9541984732824428,0.5,0.9343065693430657,0.3751722462770784,0.9867233629091002,0.772264631043257
8,sider,SIDER7,tr,509,1366,1004,102,0.10159362549800798,88,14,21,983,0.9790836653386454,0.8627450980392157,0.9683544303797469,0.817202853977247,0.9987029223976157,0.9872177954847278
8,sider,SIDER7,va,509,1366,112,11,0.09821428571428571,1,10,4,108,0.9642857142857143,0.09090909090909091,0.8861788617886179,0.07975860564850923,0.9368596703473863,0.59375
8,sider,SIDER7,te,509,1366,131,6,0.04580152671755725,1,5,6,125,0.9541984732824428,0.16666666666666666,0.9197080291970803,0.11232893365178186,0.9889443459161917,0.811704834605598
9,sider,SIDER7,tr,509,1366,1014,92,0.09072978303747535,83,9,17,997,0.9832347140039448,0.9021739130434783,0.976491862567812,0.8526241901977496,0.9994648410740274,0.9941364376983106
9,sider,SIDER7,va,509,1366,112,11,0.09821428571428571,3,8,2,110,0.9821428571428571,0.2727272727272727,0.9186991869918699,0.3682970907887044,0.9736233707719064,0.7881493506493507
9,sider,SIDER7,te,509,1366,121,16,0.1322314049586777,1,15,5,116,0.9586776859504132,0.0625,0.8540145985401459,0.03323685383552636,0.9093570000073774,0.5382231404958677
10,sider,SIDER7,tr,509,1366,1016,90,0.08858267716535433,78,12,21,995,0.9793307086614174,0.8666666666666667,0.9701627486437613,0.8102234185144123,0.9990193642764479,0.9889435695538058
10,sider,SIDER7,va,509,1366,113,10,0.08849557522123894,2,8,1,112,0.9911504424778761,0.2,0.926829268292683,0.33865951261809085,0.9756124412300089,0.7986725663716814
10,sider,SIDER7,te,509,1366,118,19,0.16101694915254236,7,12,4,114,0.9661016949152542,0.3684210526315789,0.8832116788321168,0.42546304514620575,0.9423608351405992,0.7930419268510259
11,sider,SIDER7,tr,509,1366,1012,94,0.09288537549407115,85,9,35,977,0.9654150197628458,0.9042553191489362,0.9602169981916817,0.7797937693190387,0.9988869370228675,0.9876166848877301
11,sider,SIDER7,va,509,1366,112,11,0.09821428571428571,3,8,8,104,0.9285714285714286,0.2727272727272727,0.8699186991869918,0.20129870129870062,0.9459661829723822,0.676948051948052
11,sider,SIDER7,te,509,1366,123,14,0.11382113821138211,2,12,6,117,0.9512195121951219,0.14285714285714285,0.8686131386861314,0.12152303079671041,0.9383646883502532,0.6399535423925669
12,sider,SIDER7,tr,509,1366,1015,91,0.0896551724137931,79,12,24,991,0.9763546798029556,0.8681318681318682,0.9674502712477396,0.7985045118070668,0.9990061589372017,0.9891246684350133
12,sider,SIDER7,va,509,1366,107,16,0.14953271028037382,4,12,6,101,0.9439252336448598,0.25,0.8536585365853658,0.23869701157820472,0.9399639312601792,0.7155373831775701
12,sider,SIDER7,te,509,1366,125,12,0.096,5,7,9,116,0.928,0.4166666666666667,0.8832116788321168,0.3216831701278079,0.9579113512539984,0.7176666666666666
13,sider,SIDER7,tr,509,1366,1005,101,0.10049751243781095,88,13,32,973,0.9681592039800995,0.8712871287128713,0.9593128390596745,0.7775128464993075,0.9988454102658395,0.9882961430471405
13,sider,SIDER7,va,509,1366,115,8,0.06956521739130435,3,5,6,109,0.9478260869565217,0.375,0.9105691056910569,0.3056953659291732,0.9648926608098295,0.6880434782608695
13,sider,SIDER7,te,509,1366,127,10,0.07874015748031496,3,7,5,122,0.9606299212598425,0.3,0.9124087591240876,0.2891254253206858,0.9556953853202989,0.6811023622047244
14,sider,SIDER7,tr,509,1366,1010,96,0.09504950495049505,85,11,26,984,0.9742574257425742,0.8854166666666666,0.9665461121157324,0.8054843604892652,0.9986956393046069,0.9863397277227722
14,sider,SIDER7,va,509,1366,114,9,0.07894736842105263,3,6,7,107,0.9385964912280702,0.3333333333333333,0.8943089430894309,0.25911425206228483,0.948086022475311,0.5828460038986355
14,sider,SIDER7,te,509,1366,123,14,0.11382113821138211,5,9,14,109,0.8861788617886179,0.35714285714285715,0.8321167883211679,0.21324538707336133,0.9680729056400436,0.7613240418118467
15,sider,SIDER7,tr,509,1366,1015,91,0.0896551724137931,81,10,29,986,0.9714285714285714,0.8901098901098901,0.9647377938517179,0.7910471603210489,0.9988616569231414,0.9873707573214964
15,sider,SIDER7,va,509,1366,110,13,0.11818181818181818,3,10,6,104,0.9454545454545454,0.23076923076923078,0.8699186991869918,0.20804574678833662,0.9238283977877502,0.636013986013986
15,sider,SIDER7,te,509,1366,122,15,0.12295081967213115,6,9,13,109,0.8934426229508197,0.4,0.8394160583941606,0.2651129465971624,0.9444980500505925,0.7426229508196721
1,sider,SIDER8,tr,509,1366,190,916,4.821052631578947,849,67,46,144,0.7578947368421053,0.9268558951965066,0.8978300180831826,0.6573614528215364,0.7930915695792345,0.9432142036313492
1,sider,SIDER8,va,509,1366,24,99,4.125,84,15,18,6,0.25,0.8484848484848485,0.7317073170731707,0.10372487162750836,0.25042410373433965,0.6338383838383839
1,sider,SIDER8,te,509,1366,31,106,3.4193548387096775,83,23,26,5,0.16129032258064516,0.7830188679245284,0.6423357664233577,-0.057786320974152705,0.23537016658973686,0.5572124163116251
2,sider,SIDER8,tr,509,1366,201,905,4.502487562189055,842,63,44,157,0.7810945273631841,0.9303867403314917,0.903254972875226,0.6873177934309113,0.8442403347611559,0.9480003298425002
2,sider,SIDER8,va,509,1366,17,106,6.235294117647059,92,14,11,6,0.35294117647058826,0.8679245283018868,0.7967479674796748,0.2065722921713713,0.2167861643863391,0.6914539400665927
2,sider,SIDER8,te,509,1366,27,110,4.074074074074074,96,14,18,9,0.3333333333333333,0.8727272727272727,0.7664233576642335,0.2193092015847249,0.4124999647172884,0.6878787878787879
3,sider,SIDER8,tr,509,1366,194,912,4.701030927835052,861,51,33,161,0.8298969072164949,0.944078947368421,0.9240506329113924,0.7478061054974467,0.8500000724124119,0.9572651021884608
3,sider,SIDER8,va,509,1366,27,96,3.5555555555555554,87,9,23,4,0.14814814814814814,0.90625,0.7398373983739838,0.07323751421732905,0.330231488485817,0.6809413580246914
3,sider,SIDER8,te,509,1366,24,113,4.708333333333333,98,15,16,8,0.3333333333333333,0.8672566371681416,0.7737226277372263,0.20400354459238107,0.3834273274565728,0.6858407079646018
4,sider,SIDER8,tr,509,1366,205,901,4.3951219512195125,818,83,43,162,0.7902439024390244,0.9078801331853497,0.8860759493670886,0.6532618532826319,0.8119956958112455,0.9367910993205382
4,sider,SIDER8,va,509,1366,19,104,5.473684210526316,90,14,16,3,0.15789473684210525,0.8653846153846154,0.7560975609756098,0.024377376686875514,0.1693284064384334,0.5495951417004049
4,sider,SIDER8,te,509,1366,21,116,5.523809523809524,94,22,11,10,0.47619047619047616,0.8103448275862069,0.7591240875912408,0.24397601977456118,0.2757048055615728,0.6830870279146141
5,sider,SIDER8,tr,509,1366,200,906,4.53,838,68,37,163,0.815,0.9249448123620309,0.9050632911392406,0.7005972204593777,0.8304861221033597,0.9462748344370862
5,sider,SIDER8,va,509,1366,28,95,3.392857142857143,85,10,21,7,0.25,0.8947368421052632,0.7479674796747967,0.17585005880036614,0.3108590195844597,0.6571428571428571
5,sider,SIDER8,te,509,1366,17,120,7.0588235294117645,104,16,13,4,0.23529411764705882,0.8666666666666667,0.7883211678832117,0.09520073963938878,0.22169617937544261,0.7200980392156863
6,sider,SIDER8,tr,509,1366,198,908,4.585858585858586,846,62,29,169,0.8535353535353535,0.9317180616740088,0.9177215189873418,0.740585725322949,0.8433749443115086,0.9562419347661638
6,sider,SIDER8,va,509,1366,19,104,5.473684210526316,92,12,14,5,0.2631578947368421,0.8846153846153846,0.7886178861788617,0.15474334766451414,0.22370228736302628,0.6634615384615385
6,sider,SIDER8,te,509,1366,28,109,3.892857142857143,101,8,21,7,0.25,0.926605504587156,0.7883211678832117,0.22807146681255655,0.2804738782697016,0.6448230668414154
7,sider,SIDER8,tr,509,1366,194,912,4.701030927835052,849,63,27,167,0.8608247422680413,0.930921052631579,0.918625678119349,0.7419387917760811,0.8702275195362267,0.9593733043950081
7,sider,SIDER8,va,509,1366,22,101,4.590909090909091,86,15,15,7,0.3181818181818182,0.8514851485148515,0.7560975609756098,0.1696669666966695,0.2771966706180513,0.6764176417641764
7,sider,SIDER8,te,509,1366,29,108,3.7241379310344827,94,14,23,6,0.20689655172413793,0.8703703703703703,0.7299270072992701,0.08939156910395936,0.3370425776916618,0.5779054916985951
8,sider,SIDER8,tr,509,1366,190,916,4.821052631578947,873,43,32,158,0.8315789473684211,0.9530567685589519,0.9321880650994575,0.767485699311884,0.8920916368970097,0.9653183176281315
8,sider,SIDER8,va,509,1366,24,99,4.125,92,7,20,4,0.16666666666666666,0.9292929292929293,0.7804878048780488,0.13326198405817005,0.3737755610981775,0.6725589225589225
8,sider,SIDER8,te,509,1366,31,106,3.4193548387096775,97,9,24,7,0.22580645161290322,0.9150943396226415,0.7591240875912408,0.18356696812948847,0.4056058523353286,0.6783323189287888
9,sider,SIDER8,tr,509,1366,204,902,4.421568627450981,849,53,36,168,0.8235294117647058,0.9412416851441242,0.9195298372513563,0.7417918313132973,0.8872403674489421,0.9610125646711013
9,sider,SIDER8,va,509,1366,15,108,7.2,96,12,10,5,0.3333333333333333,0.8888888888888888,0.8211382113821138,0.21070148679394923,0.2414489196378396,0.7179012345679012
9,sider,SIDER8,te,509,1366,26,111,4.269230769230769,94,17,18,8,0.3076923076923077,0.8468468468468469,0.7445255474452555,0.15689448561335603,0.31639319429236007,0.6489951489951491
10,sider,SIDER8,tr,509,1366,204,902,4.421568627450981,828,74,37,167,0.8186274509803921,0.917960088691796,0.8996383363471971,0.6920319496781794,0.833982214853894,0.9459045258901787
10,sider,SIDER8,va,509,1366,14,109,7.785714285714286,91,18,10,4,0.2857142857142857,0.8348623853211009,0.7723577235772358,0.09992370507749213,0.1726916821906676,0.59043250327654
10,sider,SIDER8,te,509,1366,27,110,4.074074074074074,98,12,21,6,0.2222222222222222,0.8909090909090909,0.7591240875912408,0.13321444491617115,0.32046914875418137,0.673063973063973
11,sider,SIDER8,tr,509,1366,202,904,4.475247524752476,854,50,34,168,0.8316831683168316,0.9446902654867256,0.9240506329113924,0.754042520432122,0.8813241230973357,0.9637748619994743
11,sider,SIDER8,va,509,1366,16,107,6.6875,88,19,12,4,0.25,0.822429906542056,0.7479674796747967,0.06248933269389449,0.1752549791335523,0.6501168224299065
11,sider,SIDER8,te,509,1366,27,110,4.074074074074074,97,13,20,7,0.25925925925925924,0.8818181818181818,0.7591240875912408,0.15893804605419268,0.28960211381306067,0.6501683501683502
12,sider,SIDER8,tr,509,1366,203,903,4.448275862068965,830,73,34,169,0.8325123152709359,0.9191583610188261,0.903254972875226,0.7038092138059838,0.8445652546024279,0.9483004107817947
12,sider,SIDER8,va,509,1366,20,103,5.15,93,10,13,7,0.35,0.9029126213592233,0.8130081300813008,0.2704124729178001,0.3291821066523657,0.6771844660194175
12,sider,SIDER8,te,509,1366,22,115,5.2272727272727275,95,20,18,4,0.18181818181818182,0.8260869565217391,0.7226277372262774,0.007635278670939114,0.1675098166927826,0.5478260869565217
13,sider,SIDER8,tr,509,1366,201,905,4.502487562189055,854,51,31,170,0.845771144278607,0.943646408839779,0.9258589511754068,0.7613096330268684,0.8853622899302909,0.9597702097248563
13,sider,SIDER8,va,509,1366,22,101,4.590909090909091,90,11,17,5,0.22727272727272727,0.8910891089108911,0.7723577235772358,0.13484406647750205,0.3233071980644184,0.7353735373537353
13,sider,SIDER8,te,509,1366,22,115,5.2272727272727275,99,16,16,6,0.2727272727272727,0.8608695652173913,0.7664233576642335,0.13359683794466393,0.2764709661741175,0.7296442687747036
14,sider,SIDER8,tr,509,1366,211,895,4.241706161137441,815,80,39,172,0.8151658767772512,0.9106145251396648,0.8924050632911392,0.6798745375854668,0.8175183277084437,0.9393364928909952
14,sider,SIDER8,va,509,1366,17,106,6.235294117647059,90,16,13,4,0.23529411764705882,0.8490566037735849,0.7642276422764228,0.07889193067851366,0.19351542618831102,0.6398446170921198
14,sider,SIDER8,te,509,1366,17,120,7.0588235294117645,101,19,13,4,0.23529411764705882,0.8416666666666667,0.7664233576642335,0.06788412508320565,0.19939764540994442,0.5916666666666667
15,sider,SIDER8,tr,509,1366,191,915,4.790575916230367,841,74,35,156,0.8167539267015707,0.9191256830601093,0.9014466546112115,0.6853588559510029,0.8233545862274623,0.9545275083683804
15,sider,SIDER8,va,509,1366,22,101,4.590909090909091,87,14,18,4,0.18181818181818182,0.8613861386138614,0.7398373983739838,0.046845545837381264,0.19581143859451638,0.5378037803780378
15,sider,SIDER8,te,509,1366,32,105,3.28125,93,12,22,10,0.3125,0.8857142857142857,0.7518248175182481,0.22842536623373824,0.3357404338905774,0.6053571428571428
1,sider,SIDER9,tr,509,1366,792,314,0.39646464646464646,237,77,121,671,0.8472222222222222,0.7547770700636943,0.8209764918625678,0.5801376925868365,0.9510846028689534,0.8799057453516053
1,sider,SIDER9,va,509,1366,91,32,0.3516483516483517,14,18,29,62,0.6813186813186813,0.4375,0.6178861788617886,0.1093203949889579,0.8449452268281499,0.6184752747252747
1,sider,SIDER9,te,509,1366,104,33,0.3173076923076923,13,20,22,82,0.7884615384615384,0.3939393939393939,0.6934306569343066,0.17884079244638942,0.8916929328590024,0.7033799533799534
2,sider,SIDER9,tr,509,1366,806,300,0.37220843672456577,225,75,159,647,0.8027295285359801,0.75,0.7884267631103075,0.5161864545440995,0.9477764762248448,0.8685235732009926
2,sider,SIDER9,va,509,1366,86,37,0.43023255813953487,19,18,16,70,0.813953488372093,0.5135135135135135,0.7235772357723578,0.33284518063851587,0.8481822587249516,0.7064739157762414
2,sider,SIDER9,te,509,1366,95,42,0.4421052631578947,15,27,31,64,0.6736842105263158,0.35714285714285715,0.5766423357664233,0.03009671193986283,0.7486187559338161,0.5583959899749373
3,sider,SIDER9,tr,509,1366,794,312,0.3929471032745592,237,75,134,660,0.8312342569269522,0.7596153846153846,0.8110307414104883,0.5631627231258547,0.952880574880391,0.8817130078150229
3,sider,SIDER9,va,509,1366,87,36,0.41379310344827586,11,25,24,63,0.7241379310344828,0.3055555555555556,0.6016260162601627,0.029943096752686863,0.8078881978547432,0.5967432950191571
3,sider,SIDER9,te,509,1366,106,31,0.29245283018867924,13,18,31,75,0.7075471698113207,0.41935483870967744,0.6423357664233577,0.11371937467406364,0.8633651642318316,0.630249543517955
4,sider,SIDER9,tr,509,1366,810,296,0.3654320987654321,223,73,146,664,0.8197530864197531,0.7533783783783784,0.8019891500904159,0.5381405146660326,0.951151416339903,0.8726267934601267
4,sider,SIDER9,va,509,1366,81,42,0.5185185185185185,21,21,22,59,0.7283950617283951,0.5,0.6504065040650406,0.22713007424990697,0.8263817490812995,0.6893004115226337
4,sider,SIDER9,te,509,1366,96,41,0.4270833333333333,13,28,26,70,0.7291666666666666,0.3170731707317073,0.6058394160583942,0.04692437553095606,0.7417981498965506,0.5360772357723578
5,sider,SIDER9,tr,509,1366,802,304,0.3790523690773067,233,71,126,676,0.8428927680798005,0.7664473684210527,0.8218806509945751,0.5810001389713364,0.9560350069399847,0.8861358117863236
5,sider,SIDER9,va,509,1366,84,39,0.4642857142857143,14,25,15,69,0.8214285714285714,0.358974358974359,0.6747967479674797,0.19776644579643354,0.8277520526095213,0.6669719169719169
5,sider,SIDER9,te,509,1366,101,36,0.3564356435643564,16,20,22,79,0.7821782178217822,0.4444444444444444,0.6934306569343066,0.22279522505934138,0.8594654419403733,0.7079207920792079
6,sider,SIDER9,tr,509,1366,808,298,0.3688118811881188,219,79,129,679,0.8403465346534653,0.7348993288590604,0.8119349005424955,0.5495954037262186,0.9546239636833296,0.877205296032959
6,sider,SIDER9,va,509,1366,85,38,0.4470588235294118,18,20,22,63,0.7411764705882353,0.47368421052631576,0.6585365853658537,0.2119284039520331,0.8244290320605514,0.6619195046439628
6,sider,SIDER9,te,509,1366,94,43,0.4574468085106383,11,32,27,67,0.7127659574468085,0.2558139534883721,0.5693430656934306,-0.03256838105850437,0.7905968680488938,0.5883226125680355
7,sider,SIDER9,tr,509,1366,797,309,0.3877038895859473,239,70,151,646,0.8105395232120451,0.7734627831715211,0.8001808318264014,0.5484463468151404,0.9471544749704612,0.8686660738286374
7,sider,SIDER9,va,509,1366,91,32,0.3516483516483517,17,15,22,69,0.7582417582417582,0.53125,0.6991869918699187,0.27293544713381834,0.7946710936601449,0.6476648351648352
7,sider,SIDER9,te,509,1366,99,38,0.3838383838383838,11,27,31,68,0.6868686868686869,0.2894736842105263,0.5766423357664233,-0.02297175433506511,0.8260152086453063,0.6047315257841573
8,sider,SIDER9,tr,509,1366,789,317,0.4017743979721166,240,77,139,650,0.8238276299112801,0.7570977917981072,0.8047016274864376,0.5534797093783859,0.9470374882435421,0.8720178479327344
8,sider,SIDER9,va,509,1366,95,28,0.29473684210526313,13,15,28,67,0.7052631578947368,0.4642857142857143,0.6504065040650406,0.1508123367044474,0.8565944664767582,0.668045112781955
8,sider,SIDER9,te,509,1366,103,34,0.3300970873786408,12,22,35,68,0.6601941747572816,0.35294117647058826,0.583941605839416,0.011951697076068782,0.816408776428133,0.5722444317532838
9,sider,SIDER9,tr,509,1366,798,308,0.38596491228070173,237,71,140,658,0.8245614035087719,0.7694805194805194,0.8092224231464737,0.5617711860778589,0.9488437017176172,0.8765908277186473
9,sider,SIDER9,va,509,1366,88,35,0.3977272727272727,19,16,26,62,0.7045454545454546,0.5428571428571428,0.6585365853658537,0.23175336828107518,0.8160484996621359,0.6607142857142857
9,sider,SIDER9,te,509,1366,101,36,0.3564356435643564,15,21,28,73,0.7227722772277227,0.4166666666666667,0.6423357664233577,0.13225066590746412,0.8331843597761233,0.6234873487348735
10,sider,SIDER9,tr,509,1366,799,307,0.38423028785982477,224,83,128,671,0.8397997496871089,0.7296416938110749,0.8092224231464737,0.547437626815278,0.9519499816172665,0.8769104703354764
10,sider,SIDER9,va,509,1366,91,32,0.3516483516483517,12,20,24,67,0.7362637362637363,0.375,0.6422764227642277,0.10728486231736266,0.8252214452101919,0.6088598901098901
10,sider,SIDER9,te,509,1366,97,40,0.41237113402061853,14,26,21,76,0.7835051546391752,0.35,0.656934306569343,0.13918094755867735,0.770147099936233,0.5917525773195876
11,sider,SIDER9,tr,509,1366,808,298,0.3688118811881188,231,67,135,673,0.8329207920792079,0.7751677852348994,0.8173598553345389,0.5733558596416984,0.9555310475804735,0.8828701242607482
11,sider,SIDER9,va,509,1366,78,45,0.5769230769230769,25,20,23,55,0.7051282051282052,0.5555555555555556,0.6504065040650406,0.2574045891337652,0.7911400128816484,0.6891737891737891
11,sider,SIDER9,te,509,1366,101,36,0.3564356435643564,15,21,27,74,0.7326732673267327,0.4166666666666667,0.6496350364963503,0.1425612335204108,0.8201934929123572,0.6122112211221121
12,sider,SIDER9,tr,509,1366,800,306,0.3825,223,83,149,651,0.81375,0.7287581699346405,0.7902350813743219,0.5136798022173669,0.946445794738602,0.8627900326797386
12,sider,SIDER9,va,509,1366,90,33,0.36666666666666664,14,19,24,66,0.7333333333333333,0.42424242424242425,0.6504065040650406,0.1511006620633811,0.8220568273630902,0.6090909090909091
12,sider,SIDER9,te,509,1366,97,40,0.41237113402061853,19,21,29,68,0.7010309278350515,0.475,0.635036496350365,0.16776030957294497,0.7998749166204359,0.6270618556701031
13,sider,SIDER9,tr,509,1366,789,317,0.4017743979721166,238,79,116,673,0.85297845373891,0.750788643533123,0.8236889692585895,0.5852305966374026,0.9500728824768425,0.877847213059697
13,sider,SIDER9,va,509,1366,91,32,0.3516483516483517,16,16,29,62,0.6813186813186813,0.5,0.6341463414634146,0.165152320037444,0.8178226557240673,0.6067994505494505
13,sider,SIDER9,te,509,1366,107,30,0.2803738317757009,10,20,24,83,0.7757009345794392,0.3333333333333333,0.6788321167883211,0.10438965379745045,0.8369135577659288,0.5856697819314641
14,sider,SIDER9,tr,509,1366,808,298,0.3688118811881188,229,69,145,663,0.8205445544554455,0.7684563758389261,0.8065099457504521,0.552380643352501,0.949947314229953,0.8743978005183068
14,sider,SIDER9,va,509,1366,88,35,0.3977272727272727,21,14,28,60,0.6818181818181818,0.6,0.6585365853658537,0.25973499468163197,0.8432181220954224,0.7090909090909091
14,sider,SIDER9,te,509,1366,91,46,0.5054945054945055,18,28,23,68,0.7472527472527473,0.391304347826087,0.6277372262773723,0.14288967113228168,0.7704555884346768,0.6337792642140468
15,sider,SIDER9,tr,509,1366,793,313,0.39470365699873894,238,75,137,656,0.8272383354350568,0.7603833865814696,0.8083182640144665,0.5591550886921363,0.9493117546406766,0.8752301487859022
15,sider,SIDER9,va,509,1366,90,33,0.36666666666666664,14,19,21,69,0.7666666666666667,0.42424242424242425,0.6747967479674797,0.1874690057027388,0.8393851828476785,0.6326599326599327
15,sider,SIDER9,te,509,1366,104,33,0.3173076923076923,17,16,30,74,0.7115384615384616,0.5151515151515151,0.6642335766423357,0.20419061336756786,0.8435347148459565,0.6448135198135199
1,sider,SIDER10,tr,509,1366,559,547,0.9785330948121646,518,29,29,530,0.9481216457960644,0.946983546617916,0.9475587703435805,0.8951051924139803,0.9894024880880816,0.9885666818195197
1,sider,SIDER10,va,509,1366,64,59,0.921875,42,17,20,44,0.6875,0.711864406779661,0.6991869918699187,0.3990474927711889,0.7573300394781168,0.7447033898305083
1,sider,SIDER10,te,509,1366,85,52,0.611764705882353,31,21,25,60,0.7058823529411765,0.5961538461538461,0.6642335766423357,0.29814917233904625,0.7359871393146277,0.6599547511312218
2,sider,SIDER10,tr,509,1366,574,532,0.926829268292683,498,34,29,545,0.9494773519163763,0.9360902255639098,0.9430379746835443,0.8859085244233443,0.9902390701732154,0.9888740797988003
2,sider,SIDER10,va,509,1366,64,59,0.921875,32,27,16,48,0.75,0.5423728813559322,0.6504065040650406,0.29943449525589483,0.6462786793685599,0.6713453389830508
2,sider,SIDER10,te,509,1366,70,67,0.9571428571428572,33,34,22,48,0.6857142857142857,0.4925373134328358,0.5912408759124088,0.18177392508802093,0.6213152530670853,0.6347547974413646
3,sider,SIDER10,tr,509,1366,576,530,0.9201388888888888,495,35,26,550,0.9548611111111112,0.9339622641509434,0.9448462929475587,0.8895448495444382,0.9897639402008106,0.9882009958071278
3,sider,SIDER10,va,509,1366,61,62,1.0163934426229508,37,25,19,42,0.6885245901639344,0.5967741935483871,0.6422764227642277,0.28643709964620495,0.6726796961605626,0.6969857218402962
3,sider,SIDER10,te,509,1366,71,66,0.9295774647887324,36,30,16,55,0.7746478873239436,0.5454545454545454,0.6642335766423357,0.329593761049897,0.6947220898337613,0.6929150661545027
4,sider,SIDER10,tr,509,1366,580,526,0.906896551724138,505,21,28,552,0.9517241379310345,0.9600760456273765,0.9556962025316456,0.9113089356049225,0.9917147566211786,0.9897469516192474
4,sider,SIDER10,va,509,1366,61,62,1.0163934426229508,41,21,18,43,0.7049180327868853,0.6612903225806451,0.6829268292682927,0.36649918931571396,0.7414294662442811,0.7265996827075621
4,sider,SIDER10,te,509,1366,67,70,1.044776119402985,40,30,22,45,0.6716417910447762,0.5714285714285714,0.6204379562043796,0.24411358770691818,0.6724264027428859,0.6622601279317697
5,sider,SIDER10,tr,509,1366,567,539,0.9506172839506173,499,40,22,545,0.9611992945326279,0.9257884972170687,0.9439421338155516,0.8881918007559118,0.9867060370924291,0.9850431755193659
5,sider,SIDER10,va,509,1366,64,59,0.921875,32,27,15,49,0.765625,0.5423728813559322,0.6585365853658537,0.3166707836588497,0.7213059602932439,0.7219279661016949
5,sider,SIDER10,te,509,1366,77,60,0.7792207792207793,35,25,28,49,0.6363636363636364,0.5833333333333334,0.6131386861313869,0.21870510472305582,0.6497376281490184,0.6432900432900432
6,sider,SIDER10,tr,509,1366,578,528,0.9134948096885813,490,38,22,556,0.9619377162629758,0.928030303030303,0.945750452079566,0.89151176376537,0.9899552718868334,0.9888493499003879
6,sider,SIDER10,va,509,1366,60,63,1.05,40,23,21,39,0.65,0.6349206349206349,0.6422764227642277,0.28484528898915196,0.6291851257293972,0.6677248677248677
6,sider,SIDER10,te,509,1366,70,67,0.9571428571428572,38,29,19,51,0.7285714285714285,0.5671641791044776,0.6496350364963503,0.299921513068705,0.7155119309689002,0.7025586353944563
7,sider,SIDER10,tr,509,1366,567,539,0.9506172839506173,502,37,31,536,0.9453262786596119,0.9313543599257885,0.9385171790235082,0.8769733820792394,0.9903324291876068,0.9885934171648457
7,sider,SIDER10,va,509,1366,68,55,0.8088235294117647,31,24,22,46,0.6764705882352942,0.5636363636363636,0.6260162601626016,0.24107578009172237,0.7678067968565905,0.7200534759358288
7,sider,SIDER10,te,509,1366,73,64,0.8767123287671232,38,26,22,51,0.6986301369863014,0.59375,0.6496350364963503,0.29402096220705387,0.7013744859873865,0.6847174657534246
8,sider,SIDER10,tr,509,1366,554,552,0.9963898916967509,528,24,23,531,0.9584837545126353,0.9565217391304348,0.9575045207956601,0.9150099818132255,0.9876497582427276,0.98692643750327
8,sider,SIDER10,va,509,1366,65,58,0.8923076923076924,28,30,24,41,0.6307692307692307,0.4827586206896552,0.5609756097560976,0.1147208213614556,0.6557854413512072,0.6214854111405835
8,sider,SIDER10,te,509,1366,89,48,0.5393258426966292,27,21,33,56,0.6292134831460674,0.5625,0.6058394160583942,0.18435176161962052,0.7986807874288416,0.6835205992509363
9,sider,SIDER10,tr,509,1366,566,540,0.9540636042402827,513,27,34,532,0.9399293286219081,0.95,0.9448462929475587,0.8897357643207227,0.990181478729417,0.989055751864939
9,sider,SIDER10,va,509,1366,67,56,0.835820895522388,40,16,29,38,0.5671641791044776,0.7142857142857143,0.6341463414634146,0.2824301639035151,0.6835229124312856,0.656183368869936
9,sider,SIDER10,te,509,1366,75,62,0.8266666666666667,35,27,28,47,0.6266666666666667,0.5645161290322581,0.5985401459854015,0.19093658465575722,0.7340423122260296,0.6713978494623656
10,sider,SIDER10,tr,509,1366,571,535,0.9369527145359019,497,38,36,535,0.9369527145359019,0.9289719626168225,0.9330922242314648,0.8660324116690723,0.9856190207573698,0.9835442002062295
10,sider,SIDER10,va,509,1366,59,64,1.0847457627118644,31,33,16,43,0.7288135593220338,0.484375,0.6016260162601627,0.2191917290157988,0.6290792834754514,0.6763771186440678
10,sider,SIDER10,te,509,1366,78,59,0.7564102564102564,28,31,31,47,0.6025641025641025,0.4745762711864407,0.5474452554744526,0.07714037375054322,0.6194783806463214,0.6021295089091698
11,sider,SIDER10,tr,509,1366,572,534,0.9335664335664335,502,32,25,547,0.9562937062937062,0.9400749063670412,0.9484629294755877,0.8968311704288882,0.986574293696606,0.9857455278803593
11,sider,SIDER10,va,509,1366,60,63,1.05,31,32,23,37,0.6166666666666667,0.49206349206349204,0.5528455284552846,0.10951522422284264,0.6457192431029697,0.6201058201058202
11,sider,SIDER10,te,509,1366,76,61,0.8026315789473685,29,32,22,54,0.7105263157894737,0.47540983606557374,0.6058394160583942,0.19116185602295768,0.7010138586849952,0.6406384814495254
12,sider,SIDER10,tr,509,1366,577,529,0.9168110918544194,506,23,15,562,0.9740034662045061,0.9565217391304348,0.9656419529837251,0.9312088384113916,0.9938692724717958,0.9934967713189596
12,sider,SIDER10,va,509,1366,64,59,0.921875,33,26,15,49,0.765625,0.559322033898305,0.6666666666666666,0.33279540369473093,0.6346265811618997,0.6596927966101694
12,sider,SIDER10,te,509,1366,67,70,1.044776119402985,37,33,24,43,0.6417910447761194,0.5285714285714286,0.583941605839416,0.17135178949926702,0.5980338331280359,0.6130063965884861
13,sider,SIDER10,tr,509,1366,573,533,0.9301919720767888,501,32,23,550,0.9598603839441536,0.9399624765478424,0.9502712477396021,0.9004732213965871,0.9934280239890643,0.9920369078841815
13,sider,SIDER10,va,509,1366,64,59,0.921875,35,24,17,47,0.734375,0.5932203389830508,0.6666666666666666,0.33130108687274834,0.7241232168892682,0.6965042372881356
13,sider,SIDER10,te,509,1366,71,66,0.9295774647887324,42,24,23,48,0.676056338028169,0.6363636363636364,0.656934306569343,0.312620179458422,0.74037760143065,0.7044387537345284
14,sider,SIDER10,tr,509,1366,577,529,0.9168110918544194,502,27,29,548,0.949740034662045,0.9489603024574669,0.9493670886075949,0.8985649295042911,0.9906107790147106,0.9885857689044107
14,sider,SIDER10,va,509,1366,63,60,0.9523809523809523,34,26,16,47,0.746031746031746,0.5666666666666667,0.6585365853658537,0.3182182949415164,0.6932785700934039,0.688888888888889
14,sider,SIDER10,te,509,1366,68,69,1.0147058823529411,39,30,25,43,0.6323529411764706,0.5652173913043478,0.5985401459854015,0.19799276258139947,0.565910802293778,0.6304347826086957
15,sider,SIDER10,tr,509,1366,575,531,0.9234782608695652,503,28,24,551,0.9582608695652174,0.9472693032015066,0.9529837251356239,0.9058150230645335,0.9895941734955236,0.9879472693032014
15,sider,SIDER10,va,509,1366,60,63,1.05,38,25,23,37,0.6166666666666667,0.6031746031746031,0.6097560975609756,0.21978313384399745,0.6432675761817601,0.6732804232804233
15,sider,SIDER10,te,509,1366,73,64,0.8767123287671232,43,21,24,49,0.6712328767123288,0.671875,0.6715328467153284,0.34244882778660923,0.7045010748170684,0.700556506849315
1,sider,SIDER11,tr,509,1366,283,823,2.908127208480565,800,23,30,253,0.8939929328621908,0.9720534629404617,0.9520795660036167,0.8732542476524798,0.9630173087231315,0.9863680664980743
1,sider,SIDER11,va,509,1366,33,90,2.727272727272727,80,10,19,14,0.42424242424242425,0.8888888888888888,0.7642276422764228,0.35009145102269407,0.5770019208592908,0.7451178451178452
1,sider,SIDER11,te,509,1366,42,95,2.261904761904762,87,8,23,19,0.4523809523809524,0.9157894736842105,0.7737226277372263,0.42673387881661484,0.5956073088850484,0.7593984962406015
2,sider,SIDER11,tr,509,1366,289,817,2.8269896193771626,798,19,31,258,0.8927335640138409,0.9767441860465116,0.9547920433996383,0.8816602740049826,0.9712031174313462,0.9886071499663296
2,sider,SIDER11,va,509,1366,30,93,3.1,87,6,16,14,0.4666666666666667,0.9354838709677419,0.8211382113821138,0.46801216855487815,0.6613351770438498,0.8225806451612904
2,sider,SIDER11,te,509,1366,39,98,2.5128205128205128,90,8,18,21,0.5384615384615384,0.9183673469387755,0.8102189781021898,0.5046473782195375,0.6048920123030411,0.8069073783359498
3,sider,SIDER11,tr,509,1366,292,814,2.787671232876712,788,26,31,261,0.8938356164383562,0.9680589680589681,0.9484629294755877,0.8667121422121049,0.9675907964764333,0.988724714752112
3,sider,SIDER11,va,509,1366,31,92,2.967741935483871,83,9,20,11,0.3548387096774194,0.9021739130434783,0.7642276422764228,0.3024096209801662,0.5172573572010477,0.7584151472650771
3,sider,SIDER11,te,509,1366,35,102,2.914285714285714,94,8,20,15,0.42857142857142855,0.9215686274509803,0.7956204379562044,0.4085634962223933,0.5735291727019739,0.7658263305322128
4,sider,SIDER11,tr,509,1366,294,812,2.761904761904762,788,24,34,260,0.8843537414965986,0.9704433497536946,0.9475587703435805,0.8644097099509578,0.9685501278887245,0.9870270768405884
4,sider,SIDER11,va,509,1366,27,96,3.5555555555555554,86,10,21,6,0.2222222222222222,0.8958333333333334,0.7479674796747967,0.14526200949274076,0.3720118029597617,0.7357253086419753
4,sider,SIDER11,te,509,1366,37,100,2.7027027027027026,84,16,20,17,0.4594594594594595,0.84,0.7372262773722628,0.31093188430689545,0.5052438702722177,0.7148648648648649
5,sider,SIDER11,tr,509,1366,286,820,2.867132867132867,792,28,27,259,0.9055944055944056,0.9658536585365853,0.9502712477396021,0.8704594670298409,0.9589847097165541,0.9845940644721132
5,sider,SIDER11,va,509,1366,37,86,2.324324324324324,70,16,25,12,0.32432432432432434,0.813953488372093,0.6666666666666666,0.1512382942545684,0.4657237726706528,0.6954745443117537
5,sider,SIDER11,te,509,1366,35,102,2.914285714285714,82,20,27,8,0.22857142857142856,0.803921568627451,0.656934306569343,0.03514241608949901,0.339860838693374,0.5809523809523809
6,sider,SIDER11,tr,509,1366,292,814,2.787671232876712,788,26,28,264,0.9041095890410958,0.9680589680589681,0.9511754068716094,0.8740976960785657,0.963102246176224,0.986137289219481
6,sider,SIDER11,va,509,1366,27,96,3.5555555555555554,87,9,16,11,0.4074074074074074,0.90625,0.7967479674796748,0.35183532129642425,0.46548296798917077,0.7295524691358024
6,sider,SIDER11,te,509,1366,39,98,2.5128205128205128,85,13,25,14,0.358974358974359,0.8673469387755102,0.7226277372262774,0.2567394115420048,0.5085446712455538,0.705913134484563
7,sider,SIDER11,tr,509,1366,287,819,2.8536585365853657,794,25,23,264,0.9198606271777003,0.9694749694749695,0.9566003616636528,0.8873370702205273,0.9670691756011007,0.9882834935099744
7,sider,SIDER11,va,509,1366,35,88,2.5142857142857142,76,12,21,14,0.4,0.8636363636363636,0.7317073170731707,0.2913453761107204,0.5324216927538288,0.7542207792207792
7,sider,SIDER11,te,509,1366,36,101,2.8055555555555554,91,10,21,15,0.4166666666666667,0.900990099009901,0.7737226277372263,0.3619853807014643,0.5653892824120924,0.6936193619361936
8,sider,SIDER11,tr,509,1366,292,814,2.787671232876712,791,23,29,263,0.9006849315068494,0.9717444717444718,0.9529837251356239,0.878302217971328,0.9681731440380715,0.9871512234525933
8,sider,SIDER11,va,509,1366,30,93,3.1,80,13,19,11,0.36666666666666664,0.8602150537634409,0.7398373983739838,0.24585462930551108,0.47765292049174457,0.7577060931899642
8,sider,SIDER11,te,509,1366,36,101,2.8055555555555554,88,13,23,13,0.3611111111111111,0.8712871287128713,0.7372262773722628,0.26085346399500425,0.5543964012082433,0.7607260726072607
9,sider,SIDER11,tr,509,1366,300,806,2.6866666666666665,772,34,31,269,0.8966666666666666,0.9578163771712159,0.9412296564195298,0.8518291749478635,0.9586809281589841,0.9822084367245658
9,sider,SIDER11,va,509,1366,15,108,7.2,88,20,12,3,0.2,0.8148148148148148,0.7398373983739838,0.012433397443204168,0.14316991177925295,0.5728395061728395
9,sider,SIDER11,te,509,1366,43,94,2.186046511627907,78,16,21,22,0.5116279069767442,0.8297872340425532,0.7299270072992701,0.35389264457272457,0.5117180902420563,0.6892627412172191
10,sider,SIDER11,tr,509,1366,284,822,2.8943661971830985,801,21,31,253,0.8908450704225352,0.9744525547445255,0.9529837251356239,0.8756360758523899,0.967606039262077,0.988374284637264
10,sider,SIDER11,va,509,1366,33,90,2.727272727272727,82,8,17,16,0.48484848484848486,0.9111111111111111,0.7967479674796748,0.4426962864545035,0.6412626133441703,0.8043771043771043
10,sider,SIDER11,te,509,1366,41,96,2.341463414634146,86,10,31,10,0.24390243902439024,0.8958333333333334,0.7007299270072993,0.1812288004657878,0.5779037926355024,0.7647357723577236
11,sider,SIDER11,tr,509,1366,289,817,2.8269896193771626,788,29,27,262,0.9065743944636678,0.9645042839657283,0.9493670886075949,0.869144596192091,0.9594907106711591,0.9853332938042378
11,sider,SIDER11,va,509,1366,27,96,3.5555555555555554,87,9,18,9,0.3333333333333333,0.90625,0.7804878048780488,0.280571270972703,0.5015888792250669,0.7145061728395061
11,sider,SIDER11,te,509,1366,42,95,2.261904761904762,81,14,23,19,0.4523809523809524,0.8526315789473684,0.7299270072992701,0.3288747195892334,0.5841714539067198,0.7197994987468672
12,sider,SIDER11,tr,509,1366,291,815,2.8006872852233675,793,22,24,267,0.9175257731958762,0.9730061349693252,0.9584086799276673,0.8925135829669338,0.9630498630250403,0.988927539898383
12,sider,SIDER11,va,509,1366,32,91,2.84375,80,11,16,16,0.5,0.8791208791208791,0.7804878048780488,0.4018425207434017,0.5394853999291068,0.7317994505494505
12,sider,SIDER11,te,509,1366,35,102,2.914285714285714,94,8,23,12,0.34285714285714286,0.9215686274509803,0.7737226277372263,0.3266103609054653,0.4512167912293986,0.7028011204481793
13,sider,SIDER11,tr,509,1366,289,817,2.8269896193771626,793,24,26,263,0.9100346020761245,0.9706242350061199,0.9547920433996383,0.8826423223018707,0.9669462558929467,0.9869299869130459
13,sider,SIDER11,va,509,1366,37,86,2.324324324324324,77,9,20,17,0.4594594594594595,0.8953488372093024,0.7642276422764228,0.3985394463550178,0.6471980163848985,0.8035826524198617
13,sider,SIDER11,te,509,1366,32,105,3.28125,89,16,18,14,0.4375,0.8476190476190476,0.7518248175182481,0.29170465135071283,0.5048366122117859,0.7354166666666666
14,sider,SIDER11,tr,509,1366,295,811,2.7491525423728813,782,29,29,266,0.9016949152542373,0.9642416769420469,0.9475587703435805,0.8659365921962842,0.9579253054179474,0.9844928838638216
14,sider,SIDER11,va,509,1366,30,93,3.1,83,10,21,9,0.3,0.8924731182795699,0.7479674796747967,0.22870660858795946,0.4544972919615699,0.7362007168458781
14,sider,SIDER11,te,509,1366,33,104,3.1515151515151514,89,15,22,11,0.3333333333333333,0.8557692307692307,0.7299270072992701,0.20621625417673045,0.45264356560096697,0.6963869463869464
15,sider,SIDER11,tr,509,1366,286,820,2.867132867132867,798,22,27,259,0.9055944055944056,0.973170731707317,0.9556962025316456,0.8838582654921903,0.9653044680959368,0.9881033600545795
15,sider,SIDER11,va,509,1366,35,88,2.5142857142857142,83,5,28,7,0.2,0.9431818181818182,0.7317073170731707,0.21772641354413352,0.39444902217277866,0.6704545454545455
15,sider,SIDER11,te,509,1366,37,100,2.7027027027027026,94,6,25,12,0.32432432432432434,0.94,0.7737226277372263,0.34739875644569235,0.6049695896584923,0.7770270270270271
1,sider,SIDER12,tr,509,1366,995,111,0.11155778894472362,111,0,1,994,0.9989949748743718,1.0,0.9990958408679927,0.9950253146952706,1.0,1.0
1,sider,SIDER12,va,509,1366,114,9,0.07894736842105263,0,9,1,113,0.9912280701754386,0.0,0.9186991869918699,-0.02543834855531489,0.9546493228750672,0.6257309941520468
1,sider,SIDER12,te,509,1366,129,8,0.06201550387596899,0,8,1,128,0.9922480620155039,0.0,0.9343065693430657,-0.021354071087948342,0.9562269969750842,0.6492248062015504
2,sider,SIDER12,tr,509,1366,1006,100,0.09940357852882704,100,0,0,1006,1.0,1.0,1.0,1.0,1.0,1.0
2,sider,SIDER12,va,509,1366,112,11,0.09821428571428571,0,11,1,111,0.9910714285714286,0.0,0.9024390243902439,-0.028373140975323247,0.9603901368046637,0.6866883116883117
2,sider,SIDER12,te,509,1366,120,17,0.14166666666666666,1,16,0,120,1.0,0.058823529411764705,0.8832116788321168,0.22782254977690278,0.9119128897987804,0.5754901960784313
3,sider,SIDER12,tr,509,1366,1000,106,0.106,106,0,1,999,0.999,1.0,0.9990958408679927,0.9948183509575349,1.0,1.0
3,sider,SIDER12,va,509,1366,112,11,0.09821428571428571,0,11,0,112,1.0,0.0,0.9105691056910569,0.0,0.9401999067002188,0.5868506493506493
3,sider,SIDER12,te,509,1366,126,11,0.0873015873015873,0,11,1,125,0.9920634920634921,0.0,0.9124087591240876,-0.02533620800437684,0.9653618426410766,0.725108225108225
4,sider,SIDER12,tr,509,1366,1005,101,0.10049751243781095,101,0,0,1005,1.0,1.0,1.0,1.0,1.0,1.0
4,sider,SIDER12,va,509,1366,108,15,0.1388888888888889,0,15,0,108,1.0,0.0,0.8780487804878049,0.0,0.8787467543724777,0.5376543209876543
4,sider,SIDER12,te,509,1366,125,12,0.096,0,12,0,125,1.0,0.0,0.9124087591240876,0.0,0.9403464110170132,0.5513333333333333
5,sider,SIDER12,tr,509,1366,1000,106,0.106,106,0,1,999,0.999,1.0,0.9990958408679927,0.9948183509575349,0.9999970074805524,0.9999716981132075
5,sider,SIDER12,va,509,1366,112,11,0.09821428571428571,0,11,0,112,1.0,0.0,0.9105691056910569,0.0,0.9481059072472209,0.6241883116883117
5,sider,SIDER12,te,509,1366,126,11,0.0873015873015873,0,11,0,126,1.0,0.0,0.9197080291970803,0.0,0.920291193951383,0.5887445887445888
6,sider,SIDER12,tr,509,1366,1011,95,0.09396636993076163,95,0,0,1011,1.0,1.0,1.0,1.0,1.0,1.0
6,sider,SIDER12,va,509,1366,105,18,0.17142857142857143,0,18,2,103,0.9809523809523809,0.0,0.8373983739837398,-0.05323091306991941,0.9083847380824346,0.5862433862433862
6,sider,SIDER12,te,509,1366,122,15,0.12295081967213115,0,15,0,122,1.0,0.0,0.8905109489051095,0.0,0.9008950277904192,0.5114754098360657
7,sider,SIDER12,tr,509,1366,998,108,0.10821643286573146,108,0,0,998,1.0,1.0,1.0,1.0,1.0,1.0
7,sider,SIDER12,va,509,1366,113,10,0.08849557522123894,0,10,0,113,1.0,0.0,0.9186991869918699,0.0,0.9642136270063817,0.7035398230088495
7,sider,SIDER12,te,509,1366,127,10,0.07874015748031496,0,10,0,127,1.0,0.0,0.927007299270073,0.0,0.965109389439389,0.6708661417322834
8,sider,SIDER12,tr,509,1366,995,111,0.11155778894472362,111,0,1,994,0.9989949748743718,1.0,0.9990958408679927,0.9950253146952706,1.0,1.0
8,sider,SIDER12,va,509,1366,115,8,0.06956521739130435,0,8,0,115,1.0,0.0,0.9349593495934959,0.0,0.957842110630351,0.6380434782608695
8,sider,SIDER12,te,509,1366,128,9,0.0703125,0,9,2,126,0.984375,0.0,0.9197080291970803,-0.032274861218394624,0.9560852881457695,0.5763888888888888
9,sider,SIDER12,tr,509,1366,1009,97,0.09613478691774034,97,0,1,1008,0.9990089197224975,1.0,0.9990958408679927,0.9943917493392133,1.0,1.0
9,sider,SIDER12,va,509,1366,109,14,0.12844036697247707,0,14,0,109,1.0,0.0,0.8861788617886179,0.0,0.9252016833323138,0.6415465268676278
9,sider,SIDER12,te,509,1366,120,17,0.14166666666666666,0,17,0,120,1.0,0.0,0.8759124087591241,0.0,0.9048855118948822,0.6142156862745098
10,sider,SIDER12,tr,509,1366,996,110,0.11044176706827309,110,0,0,996,1.0,1.0,1.0,1.0,1.0,1.0
10,sider,SIDER12,va,509,1366,115,8,0.06956521739130435,0,8,1,114,0.991304347826087,0.0,0.926829268292683,-0.023879001233901583,0.9676431012976409,0.641304347826087
10,sider,SIDER12,te,509,1366,127,10,0.07874015748031496,0,10,0,127,1.0,0.0,0.927007299270073,0.0,0.9496072072282671,0.6448818897637795
11,sider,SIDER12,tr,509,1366,998,108,0.10821643286573146,108,0,0,998,1.0,1.0,1.0,1.0,1.0,1.0
11,sider,SIDER12,va,509,1366,113,10,0.08849557522123894,0,10,0,113,1.0,0.0,0.9186991869918699,0.0,0.9280473894568523,0.49115044247787604
11,sider,SIDER12,te,509,1366,127,10,0.07874015748031496,1,9,1,126,0.9921259842519685,0.1,0.927007299270073,0.1998030526356355,0.9573348231308179,0.6598425196850394
12,sider,SIDER12,tr,509,1366,1003,103,0.10269192422731804,103,0,2,1001,0.9980059820538385,1.0,0.9981916817359855,0.9894424411255219,0.9999960377179568,0.9999612812049289
12,sider,SIDER12,va,509,1366,110,13,0.11818181818181818,0,13,0,110,1.0,0.0,0.8943089430894309,0.0,0.9560869236874291,0.7167832167832168
12,sider,SIDER12,te,509,1366,125,12,0.096,0,12,2,123,0.984,0.0,0.8978102189781022,-0.03771236166328207,0.9265819769891493,0.5026666666666667
13,sider,SIDER12,tr,509,1366,999,107,0.10710710710710711,107,0,1,998,0.998998998998999,1.0,0.9990958408679927,0.9948613010201608,1.0,1.0
13,sider,SIDER12,va,509,1366,115,8,0.06956521739130435,0,8,0,115,1.0,0.0,0.9349593495934959,0.0,0.9796969323648433,0.7663043478260869
13,sider,SIDER12,te,509,1366,124,13,0.10483870967741936,0,13,1,123,0.9919354838709677,0.0,0.8978102189781022,-0.027764597336808382,0.9289316906050036,0.6228287841191067
14,sider,SIDER12,tr,509,1366,1004,102,0.10159362549800798,102,0,0,1004,1.0,1.0,1.0,1.0,1.0,1.0
14,sider,SIDER12,va,509,1366,110,13,0.11818181818181818,0,13,1,109,0.990909090909091,0.0,0.8861788617886179,-0.03112400083086629,0.9593396072565532,0.7251748251748252
14,sider,SIDER12,te,509,1366,124,13,0.10483870967741936,0,13,0,124,1.0,0.0,0.9051094890510949,0.0,0.9568745888068467,0.6836228287841192
15,sider,SIDER12,tr,509,1366,1007,99,0.09831181727904667,99,0,0,1007,1.0,1.0,1.0,1.0,1.0,1.0
15,sider,SIDER12,va,509,1366,105,18,0.17142857142857143,0,18,0,105,1.0,0.0,0.8536585365853658,0.0,0.9195451616308141,0.691005291005291
15,sider,SIDER12,te,509,1366,126,11,0.0873015873015873,0,11,1,125,0.9920634920634921,0.0,0.9124087591240876,-0.02533620800437684,0.9521736448933382,0.6623376623376623
1,sider,SIDER13,tr,509,1366,248,858,3.4596774193548385,835,23,9,239,0.9637096774193549,0.9731934731934732,0.9710669077757685,0.9190567197188748,0.9406604897269089,0.9883731859538312
1,sider,SIDER13,va,509,1366,29,94,3.2413793103448274,90,4,26,3,0.10344827586206896,0.9574468085106383,0.7560975609756098,0.11157506478205559,0.30550248353723036,0.6162876008804109
1,sider,SIDER13,te,509,1366,38,99,2.6052631578947367,92,7,26,12,0.3157894736842105,0.9292929292929293,0.7591240875912408,0.3174707524405737,0.5442968781222806,0.7286018075491759
2,sider,SIDER13,tr,509,1366,264,842,3.1893939393939394,823,19,6,258,0.9772727272727273,0.9774346793349169,0.9773960216998192,0.939314769719676,0.9596280600811735,0.9907687324551933
2,sider,SIDER13,va,509,1366,22,101,4.590909090909091,90,11,16,6,0.2727272727272727,0.8910891089108911,0.7804878048780488,0.18190806870103737,0.4328702951637214,0.7056705670567057
2,sider,SIDER13,te,509,1366,29,108,3.7241379310344827,95,13,18,11,0.3793103448275862,0.8796296296296297,0.7737226277372263,0.2782691970897394,0.40091282489062313,0.7046615581098339
3,sider,SIDER13,tr,509,1366,262,844,3.2213740458015265,820,24,9,253,0.9656488549618321,0.9715639810426541,0.9701627486437613,0.9196931402309441,0.9632176285811667,0.9916383271227525
3,sider,SIDER13,va,509,1366,22,101,4.590909090909091,94,7,17,5,0.22727272727272727,0.9306930693069307,0.8048780487804879,0.2040248074908208,0.3846898745925017,0.666966696669667
3,sider,SIDER13,te,509,1366,31,106,3.4193548387096775,99,7,15,16,0.5161290322580645,0.9339622641509434,0.8394160583941606,0.5038694769531896,0.6454107042110196,0.7979306147291539
4,sider,SIDER13,tr,509,1366,252,854,3.388888888888889,828,26,12,240,0.9523809523809523,0.9695550351288056,0.9656419529837251,0.9047935839242808,0.9611392334602934,0.9915105386416861
4,sider,SIDER13,va,509,1366,36,87,2.4166666666666665,79,8,26,10,0.2777777777777778,0.9080459770114943,0.7235772357723578,0.23921103264995594,0.4912521518552432,0.6507024265644955
4,sider,SIDER13,te,509,1366,27,110,4.074074074074074,103,7,17,10,0.37037037037037035,0.9363636363636364,0.8248175182481752,0.37010509909989747,0.48374086124510984,0.7053872053872053
5,sider,SIDER13,tr,509,1366,246,860,3.4959349593495936,835,25,6,240,0.975609756097561,0.9709302325581395,0.9719710669077758,0.9222205824154863,0.9487152718452907,0.9890669313669881
5,sider,SIDER13,va,509,1366,37,86,2.324324324324324,82,4,30,7,0.1891891891891892,0.9534883720930233,0.7235772357723578,0.2292980763333304,0.5818212714624316,0.7539283469516027
5,sider,SIDER13,te,509,1366,32,105,3.28125,101,4,27,5,0.15625,0.9619047619047619,0.7737226277372263,0.20178767133362874,0.4418286628196952,0.668154761904762
6,sider,SIDER13,tr,509,1366,253,853,3.3715415019762847,830,23,10,243,0.9604743083003953,0.9730363423212193,0.9701627486437613,0.9174313828611166,0.9468312098157708,0.9887307758249193
6,sider,SIDER13,va,509,1366,29,94,3.2413793103448274,90,4,24,5,0.1724137931034483,0.9574468085106383,0.7723577235772358,0.21167358042626425,0.5704515395145143,0.7787967718268526
6,sider,SIDER13,te,509,1366,33,104,3.1515151515151514,99,5,22,11,0.3333333333333333,0.9519230769230769,0.8029197080291971,0.3798012377368983,0.5077523839927536,0.7199883449883451
7,sider,SIDER13,tr,509,1366,256,850,3.3203125,829,21,8,248,0.96875,0.9752941176470589,0.9737793851717902,0.9280745575861415,0.9449452575593745,0.9883409926470589
7,sider,SIDER13,va,509,1366,29,94,3.2413793103448274,89,5,21,8,0.27586206896551724,0.9468085106382979,0.7886178861788617,0.3074381418474263,0.4203548935082567,0.6874541452677917
7,sider,SIDER13,te,509,1366,30,107,3.566666666666667,100,7,20,10,0.3333333333333333,0.9345794392523364,0.8029197080291971,0.3360708553497719,0.47226126880043534,0.6716510903426792
8,sider,SIDER13,tr,509,1366,258,848,3.2868217054263567,824,24,11,247,0.9573643410852714,0.9716981132075472,0.9683544303797469,0.9135341889881586,0.9580049163625262,0.9902323753108089
8,sider,SIDER13,va,509,1366,24,99,4.125,97,2,16,8,0.3333333333333333,0.9797979797979798,0.8536585365853658,0.4540571257281509,0.44893586699596405,0.7112794612794613
8,sider,SIDER13,te,509,1366,33,104,3.1515151515151514,92,12,24,9,0.2727272727272727,0.8846153846153846,0.7372262773722628,0.18675897351736268,0.4546624094384333,0.6445221445221446
9,sider,SIDER13,tr,509,1366,259,847,3.27027027027027,827,20,9,250,0.9652509652509652,0.9763872491145218,0.9737793851717902,0.9283048971214493,0.9539190764778054,0.9901902239564577
9,sider,SIDER13,va,509,1366,26,97,3.730769230769231,91,6,22,4,0.15384615384615385,0.9381443298969072,0.7723577235772358,0.1374283151138639,0.4140781269879523,0.6839809674861221
9,sider,SIDER13,te,509,1366,30,107,3.566666666666667,100,7,21,9,0.3,0.9345794392523364,0.7956204379562044,0.30205761121733526,0.40220923433530786,0.7040498442367601
10,sider,SIDER13,tr,509,1366,262,844,3.2213740458015265,829,15,9,253,0.9656488549618321,0.9822274881516587,0.9783001808318263,0.9405548928820642,0.953544139417291,0.9905665496906768
10,sider,SIDER13,va,509,1366,25,98,3.92,84,14,16,9,0.36,0.8571428571428571,0.7560975609756098,0.22411177335544344,0.5157437745056257,0.7751020408163265
10,sider,SIDER13,te,509,1366,28,109,3.892857142857143,102,7,21,7,0.25,0.9357798165137615,0.7956204379562044,0.24732853251987233,0.3754969352351374,0.7057667103538663
11,sider,SIDER13,tr,509,1366,264,842,3.1893939393939394,821,21,9,255,0.9659090909090909,0.9750593824228029,0.972875226039783,0.9269141132870772,0.9662440340028298,0.9921993090045347
11,sider,SIDER13,va,509,1366,25,98,3.92,95,3,16,9,0.36,0.9693877551020408,0.8455284552845529,0.446723068886962,0.5721923932128103,0.8028571428571428
11,sider,SIDER13,te,509,1366,26,111,4.269230769230769,106,5,20,6,0.23076923076923078,0.954954954954955,0.8175182481751825,0.2680001340001002,0.31410458555256954,0.6514206514206514
12,sider,SIDER13,tr,509,1366,245,861,3.5142857142857142,837,24,6,239,0.9755102040816327,0.9721254355400697,0.972875226039783,0.9243455229977575,0.9669205266765448,0.992765886842542
12,sider,SIDER13,va,509,1366,32,91,2.84375,86,5,24,8,0.25,0.945054945054945,0.7642276422764228,0.2783457737851644,0.4838924041494441,0.7053571428571429
12,sider,SIDER13,te,509,1366,38,99,2.6052631578947367,97,2,28,10,0.2631578947368421,0.9797979797979798,0.781021897810219,0.38476111144867264,0.6036228699018968,0.7522594364699628
13,sider,SIDER13,tr,509,1366,247,859,3.477732793522267,836,23,6,241,0.9757085020242915,0.9732246798603027,0.9737793851717902,0.927091677606142,0.9559788379820815,0.9909083625154944
13,sider,SIDER13,va,509,1366,30,93,3.1,91,2,22,8,0.26666666666666666,0.978494623655914,0.8048780487804879,0.38522527897075054,0.5661297145295237,0.7433691756272401
13,sider,SIDER13,te,509,1366,38,99,2.6052631578947367,92,7,23,15,0.39473684210526316,0.9292929292929293,0.781021897810219,0.3951245820118485,0.5845067096828568,0.733652312599681
14,sider,SIDER13,tr,509,1366,250,856,3.424,835,21,8,242,0.968,0.9754672897196262,0.9737793851717902,0.926919615408482,0.9777770731567014,0.9947429906542056
14,sider,SIDER13,va,509,1366,28,95,3.392857142857143,91,4,18,10,0.35714285714285715,0.9578947368421052,0.8211382113821138,0.41593544696448403,0.4298074708846341,0.6244360902255639
14,sider,SIDER13,te,509,1366,37,100,2.7027027027027026,95,5,25,12,0.32432432432432434,0.95,0.781021897810219,0.369445257950554,0.6260447698705276,0.7686486486486487
15,sider,SIDER13,tr,509,1366,246,860,3.4959349593495936,839,21,8,238,0.967479674796748,0.9755813953488373,0.9737793851717902,0.9261151940255833,0.9697338641863265,0.9929098128190584
15,sider,SIDER13,va,509,1366,29,94,3.2413793103448274,88,6,22,7,0.2413793103448276,0.9361702127659575,0.7723577235772358,0.24514013287340086,0.47488539123720364,0.7061628760088041
15,sider,SIDER13,te,509,1366,40,97,2.425,93,4,24,16,0.4,0.9587628865979382,0.7956204379562044,0.46197177650144544,0.6552510577617235,0.7739690721649485
1,sider,SIDER14,tr,509,1366,155,951,6.135483870967742,939,12,2,153,0.9870967741935484,0.9873817034700315,0.9873417721518988,0.9494925805634636,0.9940541629122068,0.9990570197754486
1,sider,SIDER14,va,509,1366,27,96,3.5555555555555554,91,5,25,2,0.07407407407407407,0.9479166666666666,0.7560975609756098,0.039289756969682565,0.26514263175291264,0.5968364197530864
1,sider,SIDER14,te,509,1366,27,110,4.074074074074074,100,10,27,0,0.0,0.9090909090909091,0.7299270072992701,-0.1390220470405683,0.20875461135683235,0.5430976430976431
2,sider,SIDER14,tr,509,1366,175,931,5.32,909,22,7,168,0.96,0.9763694951664876,0.9737793851717902,0.905975773443332,0.9847352395176043,0.9968390363664262
2,sider,SIDER14,va,509,1366,19,104,5.473684210526316,99,5,14,5,0.2631578947368421,0.9519230769230769,0.8455284552845529,0.28441744988888534,0.2219058105093777,0.5511133603238866
2,sider,SIDER14,te,509,1366,15,122,8.133333333333333,113,9,14,1,0.06666666666666667,0.9262295081967213,0.8321167883211679,-0.00852738648684509,0.15552513768924223,0.6568306010928961
3,sider,SIDER14,tr,509,1366,163,943,5.785276073619632,934,9,2,161,0.9877300613496932,0.9904559915164369,0.9900542495479204,0.9614102096824608,0.9881665480011288,0.9983410210202395
3,sider,SIDER14,va,509,1366,23,100,4.3478260869565215,98,2,21,2,0.08695652173913043,0.98,0.8130081300813008,0.14718153448062501,0.2995072372903288,0.6513043478260869
3,sider,SIDER14,te,509,1366,23,114,4.956521739130435,110,4,19,4,0.17391304347826086,0.9649122807017544,0.8321167883211679,0.22128154310585313,0.335269577930293,0.6796338672768878
4,sider,SIDER14,tr,509,1366,168,938,5.583333333333333,920,18,5,163,0.9702380952380952,0.9808102345415778,0.9792043399638336,0.9226744475085942,0.9733331375264123,0.9963384607574374
4,sider,SIDER14,va,509,1366,20,103,5.15,98,5,20,0,0.0,0.9514563106796117,0.7967479674796748,-0.09070691237501212,0.16578785150712938,0.5320388349514564
4,sider,SIDER14,te,509,1366,21,116,5.523809523809524,110,6,19,2,0.09523809523809523,0.9482758620689655,0.8175182481751825,0.06685399655355377,0.22313268564827277,0.5357142857142857
5,sider,SIDER14,tr,509,1366,167,939,5.622754491017964,923,16,3,164,0.9820359281437125,0.9829605963791267,0.9828209764918626,0.9359982462825458,0.9835362308294644,0.9974683221416591
5,sider,SIDER14,va,509,1366,23,100,4.3478260869565215,95,5,21,2,0.08695652173913043,0.95,0.7886178861788617,0.06219808207315483,0.2550700992815075,0.5808695652173913
5,sider,SIDER14,te,509,1366,19,118,6.2105263157894735,113,5,17,2,0.10526315789473684,0.9576271186440678,0.8394160583941606,0.0987144232309278,0.17218594797015369,0.5557537912578054
6,sider,SIDER14,tr,509,1366,165,941,5.703030303030303,932,9,4,161,0.9757575757575757,0.9904357066950054,0.9882459312839059,0.9544175408383743,0.9938875457294248,0.9989952661578592
6,sider,SIDER14,va,509,1366,16,107,6.6875,107,0,14,2,0.125,1.0,0.8861788617886179,0.33247133723471856,0.2753364269352651,0.5700934579439253
6,sider,SIDER14,te,509,1366,28,109,3.892857142857143,107,2,23,5,0.17857142857142858,0.981651376146789,0.8175182481751825,0.2934241791485833,0.30196074672800366,0.6176277850589778
7,sider,SIDER14,tr,509,1366,173,933,5.393063583815029,920,13,5,168,0.9710982658959537,0.9860664523043944,0.9837251356238698,0.9398107350099355,0.9801533238527922,0.9969456473926485
7,sider,SIDER14,va,509,1366,16,107,6.6875,99,8,14,2,0.125,0.9252336448598131,0.8211382113821138,0.06183115360158315,0.21840749658124864,0.5870327102803738
7,sider,SIDER14,te,509,1366,20,117,5.85,112,5,19,1,0.05,0.9572649572649573,0.8248175182481752,0.01253515532261883,0.1752297517210173,0.5393162393162393
8,sider,SIDER14,tr,509,1366,171,935,5.4678362573099415,926,9,3,168,0.9824561403508771,0.9903743315508021,0.9891500904159132,0.9592825313169359,0.9817642934444033,0.9979485255027051
8,sider,SIDER14,va,509,1366,18,105,5.833333333333333,101,4,17,1,0.05555555555555555,0.9619047619047619,0.8292682926829268,0.031250504434992346,0.2967398542296106,0.6820105820105821
8,sider,SIDER14,te,509,1366,20,117,5.85,113,4,19,1,0.05,0.9658119658119658,0.8321167883211679,0.029772947224424733,0.1989558575448779,0.5534188034188035
9,sider,SIDER14,tr,509,1366,175,931,5.32,913,18,4,171,0.9771428571428571,0.9806659505907627,0.9801084990958409,0.9286608160229164,0.983778900344025,0.9975755715820163
9,sider,SIDER14,va,509,1366,17,106,6.235294117647059,100,6,14,3,0.17647058823529413,0.9433962264150944,0.8373983739837398,0.1588556542077299,0.18931551568094335,0.5960044395116537
9,sider,SIDER14,te,509,1366,17,120,7.0588235294117645,112,8,15,2,0.11764705882352941,0.9333333333333333,0.8321167883211679,0.06461247767353574,0.16515619801630607,0.593627450980392
10,sider,SIDER14,tr,509,1366,172,934,5.430232558139535,925,9,4,168,0.9767441860465116,0.9903640256959315,0.9882459312839059,0.9559127236337709,0.9908518568501302,0.998549624022708
10,sider,SIDER14,va,509,1366,16,107,6.6875,101,6,14,2,0.125,0.9439252336448598,0.8373983739837398,0.09402345665989653,0.18299208754978802,0.5058411214953271
10,sider,SIDER14,te,509,1366,21,116,5.523809523809524,110,6,19,2,0.09523809523809523,0.9482758620689655,0.8175182481751825,0.06685399655355377,0.26997125840079994,0.7101806239737274
11,sider,SIDER14,tr,509,1366,171,935,5.4678362573099415,927,8,4,167,0.9766081871345029,0.9914438502673797,0.9891500904159132,0.9589781215182757,0.995662918983448,0.9992557150451887
11,sider,SIDER14,va,509,1366,17,106,6.235294117647059,105,1,16,1,0.058823529411764705,0.9905660377358491,0.8617886178861789,0.1347736313956723,0.33935683357753,0.7586015538290788
11,sider,SIDER14,te,509,1366,21,116,5.523809523809524,114,2,19,2,0.09523809523809523,0.9827586206896551,0.8467153284671532,0.16690107840932714,0.33630601839486896,0.680623973727422
12,sider,SIDER14,tr,509,1366,176,930,5.284090909090909,906,24,5,171,0.9715909090909091,0.9741935483870968,0.9737793851717902,0.9078487225083602,0.9794164885947524,0.99613880742913
12,sider,SIDER14,va,509,1366,17,106,6.235294117647059,97,9,16,1,0.058823529411764705,0.9150943396226415,0.7967479674796748,-0.03293678788094055,0.1594540793702684,0.5815760266370699
12,sider,SIDER14,te,509,1366,16,121,7.5625,111,10,16,0,0.0,0.9173553719008265,0.8102189781021898,-0.10203882423023865,0.13785635321168094,0.5821280991735538
13,sider,SIDER14,tr,509,1366,173,933,5.393063583815029,922,11,2,171,0.9884393063583815,0.9882100750267953,0.9882459312839059,0.9568213847791656,0.9868654859292566,0.9983458171477426
13,sider,SIDER14,va,509,1366,18,105,5.833333333333333,98,7,17,1,0.05555555555555555,0.9333333333333333,0.8048780487804879,-0.015925551431765106,0.1906002125788302,0.6396825396825397
13,sider,SIDER14,te,509,1366,18,119,6.611111111111111,116,3,17,1,0.05555555555555555,0.9747899159663865,0.8540145985401459,0.060890257022263056,0.2615140390268518,0.6083099906629319
14,sider,SIDER14,tr,509,1366,172,934,5.430232558139535,928,6,4,168,0.9767441860465116,0.9935760171306209,0.9909584086799277,0.9657620936001158,0.9872351371798557,0.998605647129127
14,sider,SIDER14,va,509,1366,23,100,4.3478260869565215,96,4,22,1,0.043478260869565216,0.96,0.7886178861788617,0.006867522060273384,0.2636486945353696,0.678695652173913
14,sider,SIDER14,te,509,1366,14,123,8.785714285714286,120,3,14,0,0.0,0.975609756097561,0.8759124087591241,-0.05048003999174545,0.12395435835354583,0.5853658536585366
15,sider,SIDER14,tr,509,1366,162,944,5.827160493827161,932,12,4,158,0.9753086419753086,0.9872881355932204,0.9855334538878843,0.9436816774196486,0.9904194612940518,0.9984110169491525
15,sider,SIDER14,va,509,1366,24,99,4.125,97,2,20,4,0.16666666666666666,0.9797979797979798,0.8211382113821138,0.2694557587800618,0.3517814597804716,0.5606060606060606
15,sider,SIDER14,te,509,1366,23,114,4.956521739130435,108,6,22,1,0.043478260869565216,0.9473684210526315,0.7956204379562044,-0.015537251721682977,0.2301008994805568,0.6380625476735317
1,sider,SIDER15,tr,509,1366,850,256,0.30117647058823527,248,8,18,832,0.9788235294117648,0.96875,0.976491862567812,0.935108283879455,0.9983427328828697,0.9938051470588235
1,sider,SIDER15,va,509,1366,95,28,0.29473684210526313,9,19,7,88,0.9263157894736842,0.32142857142857145,0.7886178861788617,0.3088109675649919,0.9033700764388517,0.7672932330827067
1,sider,SIDER15,te,509,1366,118,19,0.16101694915254236,3,16,11,107,0.9067796610169492,0.15789473684210525,0.8029197080291971,0.07379613633803674,0.9217313880884622,0.6636931311329171
2,sider,SIDER15,tr,509,1366,860,246,0.28604651162790695,239,7,20,840,0.9767441860465116,0.9715447154471545,0.9755877034358047,0.9312490864070317,0.9988831379337292,0.9958215163546985
2,sider,SIDER15,va,509,1366,99,24,0.24242424242424243,8,16,8,91,0.9191919191919192,0.3333333333333333,0.8048780487804879,0.2974925895518899,0.8901584393551268,0.7188552188552189
2,sider,SIDER15,te,509,1366,104,33,0.3173076923076923,9,24,7,97,0.9326923076923077,0.2727272727272727,0.7737226277372263,0.2735034449484303,0.8716923812789019,0.7176573426573426
3,sider,SIDER15,tr,509,1366,869,237,0.2727272727272727,231,6,17,852,0.9804372842347526,0.9746835443037974,0.9792043399638336,0.9396646580703997,0.9988648541000484,0.9954892621132007
3,sider,SIDER15,va,509,1366,89,34,0.38202247191011235,5,29,5,84,0.9438202247191011,0.14705882352941177,0.7235772357723578,0.14871645012692727,0.814636385453389,0.6692002643754131
3,sider,SIDER15,te,509,1366,105,32,0.3047619047619048,10,22,7,98,0.9333333333333333,0.3125,0.7883211678832117,0.3154970660605425,0.89610071443508,0.7773809523809524
4,sider,SIDER15,tr,509,1366,873,233,0.26689576174112256,224,9,23,850,0.9736540664375716,0.9613733905579399,0.9710669077757685,0.9155127309492063,0.9981828940191266,0.992443795505607
4,sider,SIDER15,va,509,1366,91,32,0.3516483516483517,9,23,4,87,0.9560439560439561,0.28125,0.7804878048780488,0.3386213550801912,0.8535832095267271,0.7032967032967032
4,sider,SIDER15,te,509,1366,99,38,0.3838383838383838,6,32,4,95,0.9595959595959596,0.15789473684210525,0.7372262773722628,0.20221390371293088,0.7866758941377401,0.6241360978203084
5,sider,SIDER15,tr,509,1366,865,241,0.2786127167630058,235,6,18,847,0.9791907514450867,0.975103734439834,0.9783001808318263,0.9379165801696927,0.9984276089251756,0.9935576715515795
5,sider,SIDER15,va,509,1366,96,27,0.28125,8,19,8,88,0.9166666666666666,0.2962962962962963,0.7804878048780488,0.2620412720261206,0.86362457618438,0.679398148148148
5,sider,SIDER15,te,509,1366,102,35,0.3431372549019608,5,30,5,97,0.9509803921568627,0.14285714285714285,0.7445255474452555,0.15732902037863403,0.8647516320482824,0.6686274509803922
6,sider,SIDER15,tr,509,1366,868,238,0.27419354838709675,227,11,20,848,0.9769585253456221,0.9537815126050421,0.9719710669077758,0.9183995855635402,0.9984813384817794,0.9937797699725052
6,sider,SIDER15,va,509,1366,92,31,0.33695652173913043,7,24,5,87,0.9456521739130435,0.22580645161290322,0.7642276422764228,0.2508892112227003,0.8805555764091357,0.7359747545582047
6,sider,SIDER15,te,509,1366,103,34,0.3300970873786408,4,30,5,98,0.9514563106796117,0.11764705882352941,0.7445255474452555,0.1204844655578634,0.8490801660547758,0.6536264991433467
7,sider,SIDER15,tr,509,1366,858,248,0.289044289044289,234,14,22,836,0.9743589743589743,0.9435483870967742,0.9674502712477396,0.9076928023246423,0.9978781270473637,0.9916629069854876
7,sider,SIDER15,va,509,1366,95,28,0.29473684210526313,8,20,7,88,0.9263157894736842,0.2857142857142857,0.7804878048780488,0.2716944571175573,0.8441954357035073,0.6725563909774436
7,sider,SIDER15,te,509,1366,110,27,0.24545454545454545,4,23,11,99,0.9,0.14814814814814814,0.7518248175182481,0.061338375231640034,0.8748772941846118,0.6373737373737374
8,sider,SIDER15,tr,509,1366,854,252,0.29508196721311475,241,11,22,832,0.9742388758782201,0.9563492063492064,0.9701627486437613,0.9168431203012157,0.9977511244746522,0.9914222519608936
8,sider,SIDER15,va,509,1366,98,25,0.25510204081632654,8,17,6,92,0.9387755102040817,0.32,0.8130081300813008,0.3278905867416437,0.9215802102935594,0.7444897959183673
8,sider,SIDER15,te,509,1366,111,26,0.23423423423423423,4,22,5,106,0.954954954954955,0.15384615384615385,0.8029197080291971,0.17220876220697276,0.9034898677955079,0.7099792099792099
9,sider,SIDER15,tr,509,1366,864,242,0.2800925925925926,233,9,18,846,0.9791666666666666,0.9628099173553719,0.9755877034358047,0.929789726446391,0.9982194291929645,0.9927685950413224
9,sider,SIDER15,va,509,1366,95,28,0.29473684210526313,4,24,4,91,0.9578947368421052,0.14285714285714285,0.7723577235772358,0.17131684274478598,0.8556569084529665,0.6665413533834587
9,sider,SIDER15,te,509,1366,104,33,0.3173076923076923,6,27,8,96,0.9230769230769231,0.18181818181818182,0.7445255474452555,0.14808541529122005,0.8188077782516501,0.5812937062937064
10,sider,SIDER15,tr,509,1366,863,243,0.28157589803012745,233,10,12,851,0.9860950173812283,0.9588477366255144,0.9801084990958409,0.9421703130157972,0.9989753865862472,0.9959753754011511
10,sider,SIDER15,va,509,1366,95,28,0.29473684210526313,6,22,8,87,0.9157894736842105,0.21428571428571427,0.7560975609756098,0.17173468335287767,0.8611672714359825,0.6646616541353383
10,sider,SIDER15,te,509,1366,105,32,0.3047619047619048,9,23,7,98,0.9333333333333333,0.28125,0.781021897810219,0.28269162970786194,0.8580401771167,0.6880952380952381
11,sider,SIDER15,tr,509,1366,858,248,0.289044289044289,242,6,25,833,0.9708624708624709,0.9758064516129032,0.9719710669077758,0.9226372688566769,0.9978173114139242,0.9916159109707496
11,sider,SIDER15,va,509,1366,96,27,0.28125,5,22,12,84,0.875,0.18518518518518517,0.7235772357723578,0.07218213217071662,0.8522873264845506,0.6234567901234568
11,sider,SIDER15,te,509,1366,109,28,0.25688073394495414,8,20,4,105,0.963302752293578,0.2857142857142857,0.8248175182481752,0.35520224181535043,0.8719106687365772,0.7060943643512451
12,sider,SIDER15,tr,509,1366,865,241,0.2786127167630058,230,11,19,846,0.9780346820809248,0.9543568464730291,0.972875226039783,0.921562532398254,0.9982797419932135,0.9931547262130334
12,sider,SIDER15,va,509,1366,92,31,0.33695652173913043,7,24,9,83,0.9021739130434783,0.22580645161290322,0.7317073170731707,0.16518333255070838,0.8126998026861885,0.6332398316970548
12,sider,SIDER15,te,509,1366,106,31,0.29245283018867924,11,20,10,96,0.9056603773584906,0.3548387096774194,0.781021897810219,0.30255291609443963,0.8872587020875257,0.6835057821059038
13,sider,SIDER15,tr,509,1366,857,249,0.29054842473745623,240,9,23,834,0.9731621936989499,0.963855421686747,0.9710669077757685,0.9192765428932345,0.9977396984399785,0.9913071187902134
13,sider,SIDER15,va,509,1366,103,20,0.1941747572815534,6,14,8,95,0.9223300970873787,0.3,0.8211382113821138,0.25831795923673734,0.9103742948534264,0.6631067961165048
13,sider,SIDER15,te,509,1366,103,34,0.3300970873786408,10,24,6,97,0.941747572815534,0.29411764705882354,0.781021897810219,0.31722638338284964,0.8104746336292507,0.6587664191890348
14,sider,SIDER15,tr,509,1366,863,243,0.28157589803012745,234,9,20,843,0.9768250289687138,0.9629629629629629,0.9737793851717902,0.9251278827848219,0.9983209703477509,0.9934480637454758
14,sider,SIDER15,va,509,1366,96,27,0.28125,8,19,10,86,0.8958333333333334,0.2962962962962963,0.7642276422764228,0.22499918348535602,0.8431179849549805,0.658179012345679
14,sider,SIDER15,te,509,1366,104,33,0.3173076923076923,11,22,11,93,0.8942307692307693,0.3333333333333333,0.7591240875912408,0.2650434852102515,0.8228981579975387,0.6238344988344988
15,sider,SIDER15,tr,509,1366,863,243,0.28157589803012745,240,3,14,849,0.9837775202780996,0.9876543209876543,0.984629294755877,0.9562781077173885,0.9987513525168559,0.9949406081760916
15,sider,SIDER15,va,509,1366,92,31,0.33695652173913043,5,26,6,86,0.9347826086956522,0.16129032258064516,0.7398373983739838,0.1461741066534347,0.8816705722329088,0.738429172510519
15,sider,SIDER15,te,509,1366,108,29,0.26851851851851855,10,19,11,97,0.8981481481481481,0.3448275862068966,0.781021897810219,0.2755085861686032,0.8810128133245045,0.7094508301404853
1,sider,SIDER16,tr,509,1366,695,411,0.5913669064748202,391,20,26,669,0.962589928057554,0.9513381995133819,0.9584086799276673,0.9112713541372727,0.9958312742839933,0.9925782002135518
1,sider,SIDER16,va,509,1366,72,51,0.7083333333333334,30,21,15,57,0.7916666666666666,0.5882352941176471,0.7073170731707317,0.38857004094753717,0.7554990800254473,0.7158224400871459
1,sider,SIDER16,te,509,1366,92,45,0.4891304347826087,25,20,22,70,0.7608695652173914,0.5555555555555556,0.6934306569343066,0.3130407975785197,0.8412542275278869,0.7152173913043478
2,sider,SIDER16,tr,509,1366,704,402,0.5710227272727273,375,27,28,676,0.9602272727272727,0.9328358208955224,0.9502712477396021,0.8925885527000412,0.9943972961114268,0.9897388059701492
2,sider,SIDER16,va,509,1366,74,49,0.6621621621621622,25,24,19,55,0.7432432432432432,0.5102040816326531,0.6504065040650406,0.25885808120049975,0.8067566320588195,0.7027027027027026
2,sider,SIDER16,te,509,1366,81,56,0.691358024691358,29,27,16,65,0.8024691358024691,0.5178571428571429,0.6861313868613139,0.33529642336283166,0.7272771771513786,0.6869488536155203
3,sider,SIDER16,tr,509,1366,701,405,0.5777460770328102,386,19,29,672,0.9586305278174037,0.9530864197530864,0.9566003616636528,0.9071591311007765,0.9946701346592723,0.9898311054754232
3,sider,SIDER16,va,509,1366,72,51,0.7083333333333334,28,23,13,59,0.8194444444444444,0.5490196078431373,0.7073170731707317,0.3850770231077026,0.7736881505994672,0.7380174291938998
3,sider,SIDER16,te,509,1366,86,51,0.5930232558139535,30,21,26,60,0.6976744186046512,0.5882352941176471,0.656934306569343,0.28114262784997923,0.8073838053749973,0.7163702690378476
4,sider,SIDER16,tr,509,1366,706,400,0.56657223796034,379,21,43,663,0.9390934844192634,0.9475,0.9421338155515371,0.8769455026604976,0.9921712900323743,0.9852124645892353
4,sider,SIDER16,va,509,1366,72,51,0.7083333333333334,30,21,14,58,0.8055555555555556,0.5882352941176471,0.7154471544715447,0.40474088111771367,0.6905638366377733,0.7026143790849673
4,sider,SIDER16,te,509,1366,81,56,0.691358024691358,32,24,18,63,0.7777777777777778,0.5714285714285714,0.6934306569343066,0.3565939953281673,0.773464913351618,0.7458112874779541
5,sider,SIDER16,tr,509,1366,692,414,0.5982658959537572,397,17,21,671,0.9696531791907514,0.9589371980676329,0.9656419529837251,0.9268192311444585,0.9947761475610395,0.9916279215883388
5,sider,SIDER16,va,509,1366,80,43,0.5375,26,17,11,69,0.8625,0.6046511627906976,0.7723577235772358,0.4857206503316442,0.8935659076860347,0.8171511627906978
5,sider,SIDER16,te,509,1366,87,50,0.5747126436781609,20,30,15,72,0.8275862068965517,0.4,0.6715328467153284,0.25122129967080303,0.7188787489617507,0.6473563218390805
6,sider,SIDER16,tr,509,1366,703,403,0.5732574679943101,390,13,41,662,0.9416785206258891,0.967741935483871,0.9511754068716094,0.8974378513886824,0.9954251719511629,0.9913239607636891
6,sider,SIDER16,va,509,1366,79,44,0.5569620253164557,22,22,21,58,0.7341772151898734,0.5,0.6504065040650406,0.23539937190235305,0.8201661887380126,0.7172036823935557
6,sider,SIDER16,te,509,1366,77,60,0.7792207792207793,25,35,17,60,0.7792207792207793,0.4166666666666667,0.6204379562043796,0.21078569960966148,0.7325423426678607,0.6476190476190475
7,sider,SIDER16,tr,509,1366,690,416,0.6028985507246377,395,21,41,649,0.9405797101449276,0.9495192307692307,0.9439421338155516,0.8823255367299075,0.9943074478674561,0.9896146878483835
7,sider,SIDER16,va,509,1366,80,43,0.5375,21,22,20,60,0.75,0.4883720930232558,0.6585365853658537,0.24112141108520596,0.8299377976505818,0.7087209302325581
7,sider,SIDER16,te,509,1366,89,48,0.5393258426966292,22,26,22,67,0.7528089887640449,0.4583333333333333,0.6496350364963503,0.21573623887377047,0.7318552717389183,0.676498127340824
8,sider,SIDER16,tr,509,1366,702,404,0.5754985754985755,387,17,29,673,0.9586894586894587,0.9579207920792079,0.9584086799276673,0.911114037270896,0.9953029563154496,0.9903423034611153
8,sider,SIDER16,va,509,1366,72,51,0.7083333333333334,29,22,14,58,0.8055555555555556,0.5686274509803921,0.7073170731707317,0.38659494869276945,0.7251037093777323,0.7205882352941176
8,sider,SIDER16,te,509,1366,85,52,0.611764705882353,20,32,19,66,0.7764705882352941,0.38461538461538464,0.6277372262773723,0.1732301644243263,0.7245829028410227,0.6272624434389141
9,sider,SIDER16,tr,509,1366,697,409,0.5868005738880918,392,17,29,668,0.9583931133428981,0.9584352078239609,0.9584086799276673,0.9115483929281394,0.9959627924551828,0.992419485535284
9,sider,SIDER16,va,509,1366,73,50,0.684931506849315,24,26,18,55,0.7534246575342466,0.48,0.6422764227642277,0.2417831369396971,0.7029641580782857,0.6510958904109589
9,sider,SIDER16,te,509,1366,89,48,0.5393258426966292,22,26,20,69,0.7752808988764045,0.4583333333333333,0.6642335766423357,0.2417288419259827,0.8056764473480447,0.7083333333333333
10,sider,SIDER16,tr,509,1366,700,406,0.58,389,17,33,667,0.9528571428571428,0.958128078817734,0.9547920433996383,0.9039389333716408,0.9949998467816871,0.9907600281491907
10,sider,SIDER16,va,509,1366,76,47,0.618421052631579,23,24,25,51,0.6710526315789473,0.48936170212765956,0.6016260162601627,0.15978928243669824,0.7954956985347935,0.6822508398656216
10,sider,SIDER16,te,509,1366,83,54,0.6506024096385542,31,23,14,69,0.8313253012048193,0.5740740740740741,0.7299270072992701,0.4218119028339564,0.8408332430332004,0.7987505577867025
11,sider,SIDER16,tr,509,1366,697,409,0.5868005738880918,393,16,39,658,0.9440459110473458,0.960880195599022,0.9502712477396021,0.895404636633577,0.9943577549670346,0.9898429525069018
11,sider,SIDER16,va,509,1366,79,44,0.5569620253164557,25,19,18,61,0.7721518987341772,0.5681818181818182,0.6991869918699187,0.3421098979858522,0.8089411113706878,0.7223820483314154
11,sider,SIDER16,te,509,1366,83,54,0.6506024096385542,29,25,20,63,0.7590361445783133,0.5370370370370371,0.6715328467153284,0.3018530863103996,0.7657084322308005,0.6981258366800535
12,sider,SIDER16,tr,509,1366,698,408,0.5845272206303725,381,27,30,668,0.9570200573065902,0.9338235294117647,0.9484629294755877,0.8894999693051369,0.9946193708566953,0.9900521096690826
12,sider,SIDER16,va,509,1366,77,46,0.5974025974025974,20,26,19,58,0.7532467532467533,0.43478260869565216,0.6341463414634146,0.1955140644707526,0.8004441449356581,0.6849237718802936
12,sider,SIDER16,te,509,1366,84,53,0.6309523809523809,22,31,29,55,0.6547619047619048,0.41509433962264153,0.5620437956204379,0.07037987603146088,0.7350952302935075,0.6147798742138365
13,sider,SIDER16,tr,509,1366,693,413,0.5959595959595959,385,28,33,660,0.9523809523809523,0.9322033898305084,0.9448462929475587,0.8824671159268659,0.9939099037824569,0.9892665849082314
13,sider,SIDER16,va,509,1366,82,41,0.5,19,22,21,61,0.7439024390243902,0.4634146341463415,0.6504065040650406,0.2086242948113717,0.8238849188938353,0.6912552052349792
13,sider,SIDER16,te,509,1366,84,53,0.6309523809523809,32,21,20,64,0.7619047619047619,0.6037735849056604,0.7007299270072993,0.36699968208875944,0.7722913044104299,0.713162623539982
14,sider,SIDER16,tr,509,1366,712,394,0.5533707865168539,369,25,26,686,0.9634831460674157,0.9365482233502538,0.953887884267631,0.8995232768763903,0.9963545037434629,0.9933553869845434
14,sider,SIDER16,va,509,1366,67,56,0.835820895522388,21,35,12,55,0.8208955223880597,0.375,0.6178861788617886,0.22017991492054576,0.620064205256049,0.5980810234541578
14,sider,SIDER16,te,509,1366,80,57,0.7125,25,32,20,60,0.75,0.43859649122807015,0.6204379562043796,0.1979319299720218,0.7281625401311067,0.6663377192982456
15,sider,SIDER16,tr,509,1366,687,419,0.6098981077147017,397,22,23,664,0.9665211062590975,0.9474940334128878,0.9593128390596745,0.9135915338709747,0.9967292965905203,0.9945458272104163
15,sider,SIDER16,va,509,1366,77,46,0.5974025974025974,21,25,17,60,0.7792207792207793,0.45652173913043476,0.6585365853658537,0.24686580429917737,0.7915364153543564,0.668266516092603
15,sider,SIDER16,te,509,1366,95,42,0.4421052631578947,27,15,24,71,0.7473684210526316,0.6428571428571429,0.7153284671532847,0.3721927001789069,0.8673340795565249,0.7447368421052631
1,sider,SIDER17,tr,509,1366,1027,79,0.07692307692307693,79,0,1,1026,0.9990262901655307,1.0,0.9990958408679927,0.9932464253841852,1.0,1.0
1,sider,SIDER17,va,509,1366,114,9,0.07894736842105263,2,7,0,114,1.0,0.2222222222222222,0.943089430894309,0.4575657233497332,0.9675621162603195,0.7115009746588694
1,sider,SIDER17,te,509,1366,129,8,0.06201550387596899,1,7,1,128,0.9922480620155039,0.125,0.9416058394160584,0.229225875210905,0.9538437067294194,0.6182170542635659
2,sider,SIDER17,tr,509,1366,1034,72,0.06963249516441006,72,0,2,1032,0.9980657640232108,1.0,0.9981916817359855,0.9854395027824919,1.0,1.0
2,sider,SIDER17,va,509,1366,110,13,0.11818181818181818,3,10,0,110,1.0,0.23076923076923078,0.9186991869918699,0.45993310550389543,0.9485914872799284,0.6958041958041958
2,sider,SIDER17,te,509,1366,126,11,0.0873015873015873,0,11,0,126,1.0,0.0,0.9197080291970803,0.0,0.9568762157814066,0.6515151515151515
3,sider,SIDER17,tr,509,1366,1025,81,0.07902439024390244,81,0,2,1023,0.9980487804878049,1.0,0.9981916817359855,0.9869140855633176,1.0,1.0
3,sider,SIDER17,va,509,1366,116,7,0.0603448275862069,1,6,2,114,0.9827586206896551,0.14285714285714285,0.9349593495934959,0.18865612368784876,0.9725696025711521,0.6859605911330049
3,sider,SIDER17,te,509,1366,129,8,0.06201550387596899,1,7,1,128,0.9922480620155039,0.125,0.9416058394160584,0.229225875210905,0.9529268921966567,0.6288759689922481
4,sider,SIDER17,tr,509,1366,1028,78,0.07587548638132295,78,0,1,1027,0.9990272373540856,1.0,0.9990958408679927,0.9931673187118062,0.9999934177475959,0.9999127007881872
4,sider,SIDER17,va,509,1366,119,4,0.03361344537815126,1,3,1,118,0.9915966386554622,0.25,0.967479674796748,0.3388337645840712,0.9836825245660371,0.680672268907563
4,sider,SIDER17,te,509,1366,123,14,0.11382113821138211,1,13,1,122,0.991869918699187,0.07142857142857142,0.8978102189781022,0.15985566897494705,0.9391149373967115,0.7148664343786295
5,sider,SIDER17,tr,509,1366,1023,83,0.08113391984359726,83,0,2,1021,0.9980449657869013,1.0,0.9981916817359855,0.9871988425981919,0.9999702271270923,0.9996231259348243
5,sider,SIDER17,va,509,1366,115,8,0.06956521739130435,1,7,0,115,1.0,0.125,0.943089430894309,0.34326064273733525,0.9468780999851352,0.5543478260869565
5,sider,SIDER17,te,509,1366,132,5,0.03787878787878788,0,5,1,131,0.9924242424242424,0.0,0.9562043795620438,-0.016688933432328842,0.9734526943709663,0.7287878787878788
6,sider,SIDER17,tr,509,1366,1032,74,0.07170542635658915,74,0,0,1032,1.0,1.0,1.0,1.0,1.0,1.0
6,sider,SIDER17,va,509,1366,113,10,0.08849557522123894,1,9,2,111,0.9823008849557522,0.1,0.9105691056910569,0.1458117345994558,0.9721565940186394,0.7672566371681416
6,sider,SIDER17,te,509,1366,125,12,0.096,0,12,1,124,0.992,0.0,0.9051094890510949,-0.026568446566202206,0.9464488664183455,0.752
7,sider,SIDER17,tr,509,1366,1027,79,0.07692307692307693,79,0,1,1026,0.9990262901655307,1.0,0.9990958408679927,0.9932464253841852,0.9999868986633057,0.9998274438268029
7,sider,SIDER17,va,509,1366,118,5,0.0423728813559322,1,4,1,117,0.9915254237288136,0.2,0.959349593495935,0.2990506527298657,0.9740893321038142,0.6983050847457627
7,sider,SIDER17,te,509,1366,125,12,0.096,1,11,0,125,1.0,0.08333333333333333,0.9197080291970803,0.276754651731273,0.956483730847176,0.7233333333333333
8,sider,SIDER17,tr,509,1366,1023,83,0.08113391984359726,83,0,2,1021,0.9980449657869013,1.0,0.9981916817359855,0.9871988425981919,0.9999784955537132,0.999729121765655
8,sider,SIDER17,va,509,1366,113,10,0.08849557522123894,1,9,0,113,1.0,0.1,0.926829268292683,0.304340189294259,0.9571520164239787,0.7433628318584071
8,sider,SIDER17,te,509,1366,134,3,0.022388059701492536,1,2,0,134,1.0,0.3333333333333333,0.9854014598540146,0.5730893233597705,0.9824819790984524,0.5373134328358209
9,sider,SIDER17,tr,509,1366,1023,83,0.08113391984359726,83,0,2,1021,0.9980449657869013,1.0,0.9981916817359855,0.9871988425981919,0.9999721372733352,0.9996466805638977
9,sider,SIDER17,va,509,1366,118,5,0.0423728813559322,1,4,1,117,0.9915254237288136,0.2,0.959349593495935,0.2990506527298657,0.9849917162951132,0.7169491525423729
9,sider,SIDER17,te,509,1366,129,8,0.06201550387596899,0,8,1,128,0.9922480620155039,0.0,0.9343065693430657,-0.021354071087948342,0.9779848485915186,0.7354651162790697
10,sider,SIDER17,tr,509,1366,1032,74,0.07170542635658915,74,0,2,1030,0.998062015503876,1.0,0.9981916817359855,0.9857977610150042,0.9999761760717903,0.9996595432641945
10,sider,SIDER17,va,509,1366,115,8,0.06956521739130435,0,8,0,115,1.0,0.0,0.9349593495934959,0.0,0.9501153734125107,0.5652173913043479
10,sider,SIDER17,te,509,1366,123,14,0.11382113821138211,2,12,1,122,0.991869918699187,0.14285714285714285,0.9051094890510949,0.27884212566868916,0.9521857732894269,0.7154471544715447
11,sider,SIDER17,tr,509,1366,1030,76,0.07378640776699029,76,0,2,1028,0.9980582524271845,1.0,0.9981916817359855,0.9861374220591478,0.9999925001510089,0.9998978027593255
11,sider,SIDER17,va,509,1366,112,11,0.09821428571428571,0,11,1,111,0.9910714285714286,0.0,0.9024390243902439,-0.028373140975323247,0.9377949056598923,0.6387987012987013
11,sider,SIDER17,te,509,1366,128,9,0.0703125,2,7,0,128,1.0,0.2222222222222222,0.948905109489051,0.4590202484393902,0.9571046902702588,0.6527777777777778
12,sider,SIDER17,tr,509,1366,1025,81,0.07902439024390244,81,0,1,1024,0.9990243902439024,1.0,0.9990958408679927,0.9933987950328083,1.0,1.0
12,sider,SIDER17,va,509,1366,117,6,0.05128205128205128,0,6,1,116,0.9914529914529915,0.0,0.943089430894309,-0.020502309202617044,0.9771707473835977,0.6951566951566952
12,sider,SIDER17,te,509,1366,128,9,0.0703125,2,7,0,128,1.0,0.2222222222222222,0.948905109489051,0.4590202484393902,0.9264459843801462,0.53125
13,sider,SIDER17,tr,509,1366,1026,80,0.07797270955165692,80,0,1,1025,0.9990253411306043,1.0,0.9990958408679927,0.9933235600466782,0.9999943306305473,0.9999269005847954
13,sider,SIDER17,va,509,1366,118,5,0.0423728813559322,1,4,0,118,1.0,0.2,0.967479674796748,0.4398211260851312,0.9652529513277079,0.6
13,sider,SIDER17,te,509,1366,126,11,0.0873015873015873,0,11,0,126,1.0,0.0,0.9197080291970803,0.0,0.9330739960917779,0.5894660894660895
14,sider,SIDER17,tr,509,1366,1034,72,0.06963249516441006,72,0,2,1032,0.9980657640232108,1.0,0.9981916817359855,0.9854395027824919,0.9999852559396604,0.9997850848914679
14,sider,SIDER17,va,509,1366,115,8,0.06956521739130435,1,7,1,114,0.991304347826087,0.125,0.9349593495934959,0.22676821473116213,0.981970835172689,0.7902173913043479
14,sider,SIDER17,te,509,1366,121,16,0.1322314049586777,1,15,0,121,1.0,0.0625,0.8905109489051095,0.23581055457094516,0.9264912176506479,0.696797520661157
15,sider,SIDER17,tr,509,1366,1025,81,0.07902439024390244,81,0,2,1023,0.9980487804878049,1.0,0.9981916817359855,0.9869140855633176,0.9999813191004373,0.9997591087021982
15,sider,SIDER17,va,509,1366,115,8,0.06956521739130435,0,8,1,114,0.991304347826087,0.0,0.926829268292683,-0.023879001233901583,0.9330102069198137,0.533695652173913
15,sider,SIDER17,te,509,1366,130,7,0.05384615384615385,1,6,1,129,0.9923076923076923,0.14285714285714285,0.948905109489051,0.24814328839420394,0.9735226863600095,0.6912087912087912
1,sider,SIDER18,tr,509,1366,194,912,4.701030927835052,764,148,52,142,0.7319587628865979,0.8377192982456141,0.8191681735985533,0.49258785566074087,0.6451885661756299,0.8631081569904142
1,sider,SIDER18,va,509,1366,29,94,3.2413793103448274,75,19,18,11,0.3793103448275862,0.7978723404255319,0.6991869918699187,0.17513869258560064,0.3897651645998409,0.6672780630961115
1,sider,SIDER18,te,509,1366,26,111,4.269230769230769,87,24,18,8,0.3076923076923077,0.7837837837837838,0.6934306569343066,0.08477857740848911,0.2233355244355263,0.5422730422730423
2,sider,SIDER18,tr,509,1366,206,900,4.368932038834951,802,98,72,134,0.6504854368932039,0.8911111111111111,0.8462929475587704,0.5178822709521587,0.647612164625657,0.8646008629989214
2,sider,SIDER18,va,509,1366,16,107,6.6875,87,20,9,7,0.4375,0.8130841121495327,0.7642276422764228,0.20365164075943068,0.26206490459691845,0.7353971962616823
2,sider,SIDER18,te,509,1366,27,110,4.074074074074074,91,19,20,7,0.25925925925925924,0.8272727272727273,0.7153284671532847,0.08778225545285921,0.2317241746337528,0.5404040404040403
3,sider,SIDER18,tr,509,1366,204,902,4.421568627450981,780,122,73,131,0.6421568627450981,0.8647450110864745,0.8236889692585895,0.4680664069129718,0.6506595258465829,0.8742228598756574
3,sider,SIDER18,va,509,1366,21,102,4.857142857142857,83,19,17,4,0.19047619047619047,0.8137254901960784,0.7073170731707317,0.004054794588182805,0.25538819738707613,0.6209150326797386
3,sider,SIDER18,te,509,1366,24,113,4.708333333333333,90,23,18,6,0.25,0.7964601769911505,0.7007299270072993,0.04323294554045273,0.2528980913719342,0.5855457227138643
4,sider,SIDER18,tr,509,1366,205,901,4.3951219512195125,774,127,63,142,0.6926829268292682,0.8590455049944506,0.8282097649186256,0.49971895341238265,0.6377943964576537,0.8528301886792453
4,sider,SIDER18,va,509,1366,25,98,3.92,77,21,20,5,0.2,0.7857142857142857,0.6666666666666666,-0.014080317925903798,0.26144978851132195,0.5571428571428572
4,sider,SIDER18,te,509,1366,19,118,6.2105263157894735,90,28,12,7,0.3684210526315789,0.7627118644067796,0.708029197080292,0.10391910990361171,0.24574027559715939,0.6529884032114184
5,sider,SIDER18,tr,509,1366,196,910,4.642857142857143,786,124,58,138,0.7040816326530612,0.8637362637362638,0.8354430379746836,0.5099597966740338,0.5941220271299473,0.8536162816775061
5,sider,SIDER18,va,509,1366,29,94,3.2413793103448274,77,17,20,9,0.3103448275862069,0.8191489361702128,0.6991869918699187,0.13462919175574714,0.3478465934278223,0.5946441672780631
5,sider,SIDER18,te,509,1366,24,113,4.708333333333333,86,27,18,6,0.25,0.7610619469026548,0.6715328467153284,0.009833378872908936,0.16726514678467944,0.5106932153392331
6,sider,SIDER18,tr,509,1366,201,905,4.502487562189055,781,124,62,139,0.6915422885572139,0.8629834254143647,0.8318264014466547,0.5022874722954128,0.6532168321546089,0.8636760946647977
6,sider,SIDER18,va,509,1366,21,102,4.857142857142857,84,18,14,7,0.3333333333333333,0.8235294117647058,0.7398373983739838,0.14667175952451367,0.2736486992961146,0.6325863678804855
6,sider,SIDER18,te,509,1366,27,110,4.074074074074074,80,30,17,10,0.37037037037037035,0.7272727272727273,0.656934306569343,0.08542872219819915,0.2520493273302561,0.565993265993266
7,sider,SIDER18,tr,509,1366,199,907,4.557788944723618,754,153,61,138,0.6934673366834171,0.8313120176405733,0.8065099457504521,0.4578061512560777,0.6249605961566843,0.8446477148698288
7,sider,SIDER18,va,509,1366,25,98,3.92,81,17,15,10,0.4,0.826530612244898,0.7398373983739838,0.22023809523809507,0.27440763388724393,0.6036734693877551
7,sider,SIDER18,te,509,1366,25,112,4.48,87,25,18,7,0.28,0.7767857142857143,0.6861313868613139,0.051838027763881765,0.2979864513206818,0.5821428571428571
8,sider,SIDER18,tr,509,1366,208,898,4.3173076923076925,762,136,82,126,0.6057692307692307,0.8485523385300668,0.8028933092224232,0.4175527253405948,0.5856206865723222,0.8388191708069215
8,sider,SIDER18,va,509,1366,15,108,7.2,85,23,13,2,0.13333333333333333,0.7870370370370371,0.7073170731707317,-0.06475139970820959,0.12537751909753533,0.5518518518518518
8,sider,SIDER18,te,509,1366,26,111,4.269230769230769,90,21,15,11,0.4230769230769231,0.8108108108108109,0.7372262773722628,0.2167634081467051,0.3352658004997389,0.6223146223146224
9,sider,SIDER18,tr,509,1366,195,911,4.671794871794872,761,150,58,137,0.7025641025641025,0.8353457738748628,0.8119349005424955,0.46763080590620637,0.6251982993924375,0.8556277970108924
9,sider,SIDER18,va,509,1366,26,97,3.730769230769231,79,18,19,7,0.2692307692307692,0.8144329896907216,0.6991869918699187,0.08488420235330575,0.22505698374544725,0.5325138778747026
9,sider,SIDER18,te,509,1366,28,109,3.892857142857143,91,18,18,10,0.35714285714285715,0.8348623853211009,0.7372262773722628,0.19200524246395798,0.3515162290857579,0.6009174311926605
10,sider,SIDER18,tr,509,1366,206,900,4.368932038834951,749,151,65,141,0.6844660194174758,0.8322222222222222,0.8047016274864376,0.45633083431594434,0.6416982869803363,0.8453290183387271
10,sider,SIDER18,va,509,1366,16,107,6.6875,90,17,7,9,0.5625,0.8411214953271028,0.8048780487804879,0.3325474531443511,0.27250570998022716,0.8060747663551402
10,sider,SIDER18,te,509,1366,27,110,4.074074074074074,83,27,17,10,0.37037037037037035,0.7545454545454545,0.6788321167883211,0.11191668117552234,0.2745642277318123,0.5905723905723905
11,sider,SIDER18,tr,509,1366,204,902,4.421568627450981,782,120,60,144,0.7058823529411765,0.8669623059866962,0.8372513562386981,0.5211913646324117,0.643628350641267,0.8722229468283987
11,sider,SIDER18,va,509,1366,21,102,4.857142857142857,80,22,15,6,0.2857142857142857,0.7843137254901961,0.6991869918699187,0.0628406556319452,0.2817766957620745,0.6227824463118581
11,sider,SIDER18,te,509,1366,24,113,4.708333333333333,97,16,17,7,0.2916666666666667,0.8584070796460177,0.7591240875912408,0.15262765192849098,0.28363641548171303,0.5741150442477876
12,sider,SIDER18,tr,509,1366,205,901,4.3951219512195125,756,145,75,130,0.6341463414634146,0.8390677025527192,0.8010849909584087,0.42543194015737973,0.6148621763624414,0.8563060014617905
12,sider,SIDER18,va,509,1366,23,100,4.3478260869565215,83,17,13,10,0.43478260869565216,0.83,0.7560975609756098,0.24942264249536744,0.39849203630876506,0.7243478260869565
12,sider,SIDER18,te,509,1366,21,116,5.523809523809524,94,22,16,5,0.23809523809523808,0.8103448275862069,0.7226277372262774,0.04386974809727102,0.25059922163803644,0.5135467980295567
13,sider,SIDER18,tr,509,1366,201,905,4.502487562189055,750,155,54,147,0.7313432835820896,0.8287292817679558,0.8110307414104883,0.48476931514983235,0.6459727134518405,0.8617685055386053
13,sider,SIDER18,va,509,1366,19,104,5.473684210526316,83,21,12,7,0.3684210526315789,0.7980769230769231,0.7317073170731707,0.14350320790747412,0.33967176158098844,0.6685222672064778
13,sider,SIDER18,te,509,1366,29,108,3.7241379310344827,81,27,19,10,0.3448275862068966,0.75,0.6642335766423357,0.08724583642733293,0.2972501844671711,0.555874840357599
14,sider,SIDER18,tr,509,1366,207,899,4.342995169082125,781,118,72,135,0.6521739130434783,0.8687430478309233,0.8282097649186256,0.4837252308670214,0.6402026928650524,0.851912753300769
14,sider,SIDER18,va,509,1366,20,103,5.15,85,18,16,4,0.2,0.8252427184466019,0.7235772357723578,0.02430511644734573,0.19255633428050317,0.5597087378640777
14,sider,SIDER18,te,509,1366,22,115,5.2272727272727275,100,15,13,9,0.4090909090909091,0.8695652173913043,0.7956204379562044,0.2691435731506038,0.3513457600343371,0.675494071146245
15,sider,SIDER18,tr,509,1366,203,903,4.448275862068965,754,149,69,134,0.6600985221674877,0.8349944629014396,0.8028933092224232,0.4392234628775084,0.5986317986843286,0.8553371629325346
15,sider,SIDER18,va,509,1366,21,102,4.857142857142857,86,16,14,7,0.3333333333333333,0.8431372549019608,0.7560975609756098,0.17030137270367782,0.22440401524338807,0.5966386554621849
15,sider,SIDER18,te,509,1366,25,112,4.48,91,21,19,6,0.24,0.8125,0.708029197080292,0.05097533568780931,0.2811264554629615,0.5728571428571428
1,sider,SIDER19,tr,509,1366,775,331,0.4270967741935484,320,11,23,752,0.9703225806451613,0.9667673716012085,0.969258589511754,0.9277624700577676,0.9981802931804233,0.9953805671961797
1,sider,SIDER19,va,509,1366,85,38,0.4470588235294118,13,25,17,68,0.8,0.34210526315789475,0.6585365853658537,0.1529006468588252,0.8215345290719567,0.6557275541795665
1,sider,SIDER19,te,509,1366,103,34,0.3300970873786408,8,26,19,84,0.8155339805825242,0.23529411764705882,0.6715328467153284,0.055192962651206136,0.868586916681963,0.6593375214163334
2,sider,SIDER19,tr,509,1366,782,324,0.4143222506393862,312,12,28,754,0.9641943734015346,0.9629629629629629,0.9638336347197106,0.9144826651012072,0.9975932996509711,0.9938034795238546
2,sider,SIDER19,va,509,1366,87,36,0.41379310344827586,12,24,12,75,0.8620689655172413,0.3333333333333333,0.7073170731707317,0.224345481698387,0.8449592562838283,0.6762452107279693
2,sider,SIDER19,te,509,1366,94,43,0.4574468085106383,9,34,15,79,0.8404255319148937,0.20930232558139536,0.6423357664233577,0.06070899734541108,0.8102777802686452,0.6152894606630381
3,sider,SIDER19,tr,509,1366,787,319,0.40533672172808133,311,8,21,766,0.9733163913595934,0.9749216300940439,0.9737793851717902,0.937261009898315,0.9986370835367581,0.9963513680378248
3,sider,SIDER19,va,509,1366,78,45,0.5769230769230769,17,28,11,67,0.8589743589743589,0.37777777777777777,0.6829268292682927,0.2719610111658847,0.8103387299648188,0.6903133903133903
3,sider,SIDER19,te,509,1366,98,39,0.3979591836734694,16,23,13,85,0.8673469387755102,0.41025641025641024,0.7372262773722628,0.30666143659274303,0.8830805043226889,0.7388801674515961
4,sider,SIDER19,tr,509,1366,789,317,0.4017743979721166,308,9,28,761,0.9645120405576679,0.9716088328075709,0.9665461121157324,0.9204179094514484,0.9980399837728735,0.9948423312662676
4,sider,SIDER19,va,509,1366,87,36,0.41379310344827586,15,21,14,73,0.8390804597701149,0.4166666666666667,0.7154471544715447,0.27413135556006096,0.8812651228468174,0.7535121328224776
4,sider,SIDER19,te,509,1366,87,50,0.5747126436781609,15,35,15,72,0.8275862068965517,0.3,0.635036496350365,0.14852372690609633,0.7456309423246827,0.6195402298850575
5,sider,SIDER19,tr,509,1366,775,331,0.4270967741935484,321,10,25,750,0.967741935483871,0.9697885196374623,0.9683544303797469,0.9259880605382326,0.9977928712036034,0.9944371893577624
5,sider,SIDER19,va,509,1366,90,33,0.36666666666666664,8,25,13,77,0.8555555555555555,0.24242424242424243,0.6910569105691057,0.11537322461489824,0.8308867028389819,0.6599326599326598
5,sider,SIDER19,te,509,1366,98,39,0.3979591836734694,14,25,14,84,0.8571428571428571,0.358974358974359,0.7153284671532847,0.24184796717025375,0.8307978194890945,0.6826268969126112
6,sider,SIDER19,tr,509,1366,791,315,0.39823008849557523,307,8,24,767,0.9696586599241467,0.9746031746031746,0.9710669077757685,0.9306172686448853,0.9983958916397434,0.9957819115846929
6,sider,SIDER19,va,509,1366,81,42,0.5185185185185185,21,21,11,70,0.8641975308641975,0.5,0.7398373983739838,0.39364837810417236,0.8609156246073695,0.7698412698412699
6,sider,SIDER19,te,509,1366,91,46,0.5054945054945055,12,34,19,72,0.7912087912087912,0.2608695652173913,0.6131386861313869,0.058779123007700676,0.7750060919731716,0.5993788819875776
7,sider,SIDER19,tr,509,1366,772,334,0.4326424870466321,327,7,19,753,0.9753886010362695,0.9790419161676647,0.976491862567812,0.9451078168407588,0.9986911543615671,0.9968120753312029
7,sider,SIDER19,va,509,1366,88,35,0.3977272727272727,14,21,8,80,0.9090909090909091,0.4,0.7642276422764228,0.36390629045589273,0.8726935183763908,0.7571428571428572
7,sider,SIDER19,te,509,1366,103,34,0.3300970873786408,13,21,12,91,0.883495145631068,0.38235294117647056,0.7591240875912408,0.29731210682295883,0.9093187411696226,0.7561393489434609
8,sider,SIDER19,tr,509,1366,790,316,0.4,304,12,38,752,0.9518987341772152,0.9620253164556962,0.9547920433996383,0.8933208303154635,0.9978842448411911,0.9946603108476206
8,sider,SIDER19,va,509,1366,81,42,0.5185185185185185,16,26,13,68,0.8395061728395061,0.38095238095238093,0.6829268292682927,0.24628115576109547,0.8158615241186067,0.6975308641975309
8,sider,SIDER19,te,509,1366,92,45,0.4891304347826087,18,27,15,77,0.8369565217391305,0.4,0.6934306569343066,0.2602526720886442,0.7927656991717029,0.6666666666666666
9,sider,SIDER19,tr,509,1366,789,317,0.4017743979721166,310,7,28,761,0.9645120405576679,0.9779179810725552,0.9683544303797469,0.9250778554316559,0.9983066850619533,0.9954660493456957
9,sider,SIDER19,va,509,1366,82,41,0.5,21,20,14,68,0.8292682926829268,0.5121951219512195,0.7235772357723578,0.35675303400633773,0.8406135254114102,0.7224866151100535
9,sider,SIDER19,te,509,1366,92,45,0.4891304347826087,11,34,14,78,0.8478260869565217,0.24444444444444444,0.6496350364963503,0.1121977574819967,0.7881297127359257,0.6468599033816425
10,sider,SIDER19,tr,509,1366,772,334,0.4326424870466321,319,15,28,744,0.9637305699481865,0.9550898203592815,0.961121157323689,0.9091318705087568,0.9974108456577248,0.9939344109708046
10,sider,SIDER19,va,509,1366,91,32,0.3516483516483517,13,19,27,64,0.7032967032967034,0.40625,0.6260162601626016,0.10259494332117346,0.8677971700377576,0.6617445054945055
10,sider,SIDER19,te,509,1366,100,37,0.37,13,24,16,84,0.84,0.35135135135135137,0.708029197080292,0.20797997370556132,0.8154686416066792,0.6216216216216215
11,sider,SIDER19,tr,509,1366,777,329,0.42342342342342343,318,11,30,747,0.9613899613899614,0.9665653495440729,0.9629294755877035,0.9135057709134242,0.9970398332367708,0.9925674697711172
11,sider,SIDER19,va,509,1366,88,35,0.3977272727272727,13,22,19,69,0.7840909090909091,0.37142857142857144,0.6666666666666666,0.15994271721930384,0.857746633354637,0.6785714285714287
11,sider,SIDER19,te,509,1366,98,39,0.3979591836734694,10,29,19,79,0.8061224489795918,0.2564102564102564,0.6496350364963503,0.06907830664058962,0.8028964423939682,0.6145996860282574
12,sider,SIDER19,tr,509,1366,788,318,0.4035532994923858,312,6,19,769,0.9758883248730964,0.9811320754716981,0.9773960216998192,0.9458734082257539,0.9985826063823573,0.9961889027232386
12,sider,SIDER19,va,509,1366,82,41,0.5,16,25,7,75,0.9146341463414634,0.3902439024390244,0.7398373983739838,0.3686048903872426,0.8076117512872667,0.7052349791790601
12,sider,SIDER19,te,509,1366,93,44,0.4731182795698925,15,29,17,76,0.8172043010752689,0.3409090909090909,0.6642335766423357,0.17448850812708802,0.8130718019307476,0.6810850439882699
13,sider,SIDER19,tr,509,1366,781,325,0.41613316261203587,314,11,35,746,0.9551856594110115,0.9661538461538461,0.9584086799276673,0.9030800276615946,0.9974112890461804,0.993393085787452
13,sider,SIDER19,va,509,1366,83,40,0.4819277108433735,15,25,14,69,0.8313253012048193,0.375,0.6829268292682927,0.22769767908648597,0.8612043602602152,0.7322289156626506
13,sider,SIDER19,te,509,1366,99,38,0.3838383838383838,10,28,14,85,0.8585858585858586,0.2631578947368421,0.6934306569343066,0.1433874825107846,0.7908484888045066,0.5837320574162679
14,sider,SIDER19,tr,509,1366,796,310,0.38944723618090454,302,8,30,766,0.9623115577889447,0.9741935483870968,0.9656419529837251,0.9177153760607738,0.9975427202049597,0.9929567190792673
14,sider,SIDER19,va,509,1366,77,46,0.5974025974025974,17,29,15,62,0.8051948051948052,0.3695652173913043,0.6422764227642277,0.19273948103165642,0.8100675365574714,0.6888763410502541
14,sider,SIDER19,te,509,1366,90,47,0.5222222222222223,11,36,14,76,0.8444444444444444,0.23404255319148937,0.635036496350365,0.09646924605269289,0.7773884347142281,0.6080378250591018
15,sider,SIDER19,tr,509,1366,782,324,0.4143222506393862,317,7,22,760,0.9718670076726342,0.9783950617283951,0.9737793851717902,0.9380408356567232,0.9987122114541565,0.9967596539420922
15,sider,SIDER19,va,509,1366,80,43,0.5375,20,23,10,70,0.875,0.46511627906976744,0.7317073170731707,0.3776630870919712,0.855898567363788,0.7616279069767443
15,sider,SIDER19,te,509,1366,101,36,0.3564356435643564,18,18,14,87,0.8613861386138614,0.5,0.7664233576642335,0.37593589013771345,0.8993467200940176,0.7604510451045104
1,sider,SIDER20,tr,509,1366,818,288,0.35207823960880197,287,1,7,811,0.991442542787286,0.9965277777777778,0.9927667269439421,0.9814430729680771,0.999942073218471,0.9998344539527303
1,sider,SIDER20,va,509,1366,95,28,0.29473684210526313,3,25,12,83,0.8736842105263158,0.10714285714285714,0.6991869918699187,-0.024568115803183372,0.8713043846182694,0.6447368421052633
1,sider,SIDER20,te,509,1366,108,29,0.26851851851851855,5,24,14,94,0.8703703703703703,0.1724137931034483,0.7226277372262774,0.0505680396145645,0.8581584824361761,0.5977011494252874
2,sider,SIDER20,tr,509,1366,829,277,0.3341375150784077,269,8,3,826,0.9963811821471653,0.9711191335740073,0.9900542495479204,0.9734211718411163,0.9998326234812189,0.99949049134924
2,sider,SIDER20,va,509,1366,91,32,0.3516483516483517,6,26,8,83,0.9120879120879121,0.1875,0.7235772357723578,0.13757041448655155,0.8343073361692993,0.657967032967033
2,sider,SIDER20,te,509,1366,101,36,0.3564356435643564,6,30,5,96,0.9504950495049505,0.16666666666666666,0.7445255474452555,0.18976497024355138,0.8262026624901555,0.6773927392739273
3,sider,SIDER20,tr,509,1366,833,273,0.3277310924369748,270,3,7,826,0.9915966386554622,0.989010989010989,0.9909584086799277,0.9758474722541169,0.9997636543625035,0.9992304614153353
3,sider,SIDER20,va,509,1366,85,38,0.4470588235294118,5,33,9,76,0.8941176470588236,0.13157894736842105,0.6585365853658537,0.037385187609478024,0.8197694002231184,0.6622291021671827
3,sider,SIDER20,te,509,1366,103,34,0.3300970873786408,11,23,10,93,0.9029126213592233,0.3235294117647059,0.7591240875912408,0.2715041513767503,0.8055070373856421,0.6276413478012565
4,sider,SIDER20,tr,509,1366,836,270,0.3229665071770335,260,10,5,831,0.9940191387559809,0.9629629629629629,0.9864376130198915,0.9630922791328789,0.9997128096797903,0.9990962254120149
4,sider,SIDER20,va,509,1366,86,37,0.43023255813953487,8,29,4,82,0.9534883720930233,0.21621621621621623,0.7317073170731707,0.26229593481917424,0.8183418552075563,0.6788183532369579
4,sider,SIDER20,te,509,1366,99,38,0.3838383838383838,6,32,4,95,0.9595959595959596,0.15789473684210525,0.7372262773722628,0.20221390371293088,0.7907211926891686,0.5930356193514088
5,sider,SIDER20,tr,509,1366,825,281,0.3406060606060606,276,5,2,823,0.9975757575757576,0.9822064056939501,0.9936708860759493,0.9832684332222082,0.9998921106312428,0.999680793702146
5,sider,SIDER20,va,509,1366,100,23,0.23,4,19,11,89,0.89,0.17391304347826086,0.7560975609756098,0.07615455933962553,0.8844800242093296,0.6626086956521738
5,sider,SIDER20,te,509,1366,96,41,0.4270833333333333,6,35,9,87,0.90625,0.14634146341463414,0.6788321167883211,0.0771289209818163,0.7872829154171712,0.6420223577235773
6,sider,SIDER20,tr,509,1366,834,272,0.3261390887290168,270,2,2,832,0.9976019184652278,0.9926470588235294,0.9963833634719711,0.9902489772887573,0.9999813432668079,0.9999426929044999
6,sider,SIDER20,va,509,1366,88,35,0.3977272727272727,11,24,4,84,0.9545454545454546,0.3142857142857143,0.7723577235772358,0.37067856345167455,0.8582045861518571,0.7425324675324675
6,sider,SIDER20,te,509,1366,99,38,0.3838383838383838,5,33,4,95,0.9595959595959596,0.13157894736842105,0.7299270072992701,0.1647625424347662,0.7901090437400116,0.6594896331738437
7,sider,SIDER20,tr,509,1366,821,285,0.3471376370280146,280,5,4,817,0.9951278928136419,0.9824561403508771,0.9918625678119349,0.9787077546782924,0.9999453524244077,0.9998418702053551
7,sider,SIDER20,va,509,1366,90,33,0.36666666666666664,7,26,3,87,0.9666666666666667,0.21212121212121213,0.7642276422764228,0.2898525161079801,0.8018414837186945,0.6646464646464647
7,sider,SIDER20,te,509,1366,110,27,0.24545454545454545,4,23,4,106,0.9636363636363636,0.14814814814814814,0.8029197080291971,0.189635661265753,0.872879364036088,0.6407407407407408
8,sider,SIDER20,tr,509,1366,822,284,0.34549878345498786,278,6,4,818,0.9951338199513382,0.9788732394366197,0.9909584086799277,0.9762679304396396,0.9998300854018516,0.9994945341146636
8,sider,SIDER20,va,509,1366,96,27,0.28125,5,22,6,90,0.9375,0.18518518518518517,0.7723577235772358,0.1779525712222712,0.8529031548903491,0.6045524691358024
8,sider,SIDER20,te,509,1366,103,34,0.3300970873786408,7,27,10,93,0.9029126213592233,0.20588235294117646,0.7299270072992701,0.14254494511097993,0.8308178278237164,0.6544831524842947
9,sider,SIDER20,tr,509,1366,835,271,0.32455089820359284,266,5,3,832,0.9964071856287425,0.981549815498155,0.9927667269439421,0.980412352241361,0.9998741586846189,0.9996022714718165
9,sider,SIDER20,va,509,1366,87,36,0.41379310344827586,7,29,4,83,0.9540229885057471,0.19444444444444445,0.7317073170731707,0.23672096484320482,0.873583976390885,0.7209450830140485
9,sider,SIDER20,te,509,1366,99,38,0.3838383838383838,3,35,7,92,0.9292929292929293,0.07894736842105263,0.6934306569343066,0.014182423111087911,0.7416606677233046,0.5255183413078149
10,sider,SIDER20,tr,509,1366,821,285,0.3471376370280146,283,2,4,817,0.9951278928136419,0.9929824561403509,0.9945750452079566,0.985862976412624,0.999866294710548,0.9995939910678034
10,sider,SIDER20,va,509,1366,97,26,0.26804123711340205,7,19,6,91,0.9381443298969072,0.2692307692307692,0.7967479674796748,0.2753982200578484,0.8813365374225576,0.6752577319587628
10,sider,SIDER20,te,509,1366,103,34,0.3300970873786408,6,28,7,96,0.9320388349514563,0.17647058823529413,0.7445255474452555,0.1599348130448015,0.8821006224485579,0.7221587664191891
11,sider,SIDER20,tr,509,1366,821,285,0.3471376370280146,280,5,7,814,0.9914738124238733,0.9824561403508771,0.9891500904159132,0.9717148323325857,0.9997109590589812,0.9991324230185695
11,sider,SIDER20,va,509,1366,95,28,0.29473684210526313,4,24,9,86,0.9052631578947369,0.14285714285714285,0.7317073170731707,0.06562980782916188,0.7990138170003638,0.5507518796992481
11,sider,SIDER20,te,509,1366,105,32,0.3047619047619048,3,29,12,93,0.8857142857142857,0.09375,0.7007299270072993,-0.027826200313510043,0.8354081580220584,0.6202380952380951
12,sider,SIDER20,tr,509,1366,829,277,0.3341375150784077,273,4,8,821,0.9903498190591074,0.9855595667870036,0.9891500904159132,0.9712846168190882,0.9995490878717099,0.9985542147687833
12,sider,SIDER20,va,509,1366,93,30,0.3225806451612903,7,23,7,86,0.9247311827956989,0.23333333333333334,0.7560975609756098,0.21372691694804077,0.8740184430849935,0.7258064516129032
12,sider,SIDER20,te,509,1366,99,38,0.3838383838383838,6,32,10,89,0.898989898989899,0.15789473684210525,0.6934306569343066,0.07929607684964157,0.7505896601667323,0.5624667729930888
13,sider,SIDER20,tr,509,1366,819,287,0.3504273504273504,276,11,8,811,0.9902319902319903,0.9616724738675958,0.9828209764918626,0.9551711223319188,0.9996718508444253,0.9990385147179572
13,sider,SIDER20,va,509,1366,96,27,0.28125,7,20,8,88,0.9166666666666666,0.25925925925925924,0.7723577235772358,0.2225306501599968,0.9163917105647953,0.7669753086419754
13,sider,SIDER20,te,509,1366,106,31,0.29245283018867924,7,24,8,98,0.9245283018867925,0.22580645161290322,0.7664233576642335,0.2014501636411977,0.7968901788559645,0.6174680462568474
14,sider,SIDER20,tr,509,1366,831,275,0.3309265944645006,271,4,4,827,0.9951865222623345,0.9854545454545455,0.9927667269439421,0.98064106771688,0.9999367817323994,0.9998074608904934
14,sider,SIDER20,va,509,1366,96,27,0.28125,7,20,10,86,0.8958333333333334,0.25925925925925924,0.7560975609756098,0.18600780213223128,0.8560594500905402,0.6400462962962963
14,sider,SIDER20,te,509,1366,94,43,0.4574468085106383,6,37,8,86,0.9148936170212766,0.13953488372093023,0.6715328467153284,0.08338884386903941,0.7378806912764622,0.5569025235032162
15,sider,SIDER20,tr,509,1366,839,267,0.3182359952324195,262,5,2,837,0.9976162097735399,0.9812734082397003,0.9936708860759493,0.9826804688485102,0.9999372232762702,0.9998035828277823
15,sider,SIDER20,va,509,1366,87,36,0.41379310344827586,5,31,5,82,0.9425287356321839,0.1388888888888889,0.7073170731707317,0.13554705368839587,0.7723237097170627,0.6146232439335888
15,sider,SIDER20,te,509,1366,95,42,0.4421052631578947,7,35,12,83,0.8736842105263158,0.16666666666666666,0.656934306569343,0.05382965843012485,0.7883716543919026,0.6182957393483709
1,sider,SIDER21,tr,509,1366,776,330,0.4252577319587629,323,7,7,769,0.990979381443299,0.9787878787878788,0.9873417721518988,0.9697672602311778,0.9995569377579391,0.9989378319275226
1,sider,SIDER21,va,509,1366,90,33,0.36666666666666664,10,23,11,79,0.8777777777777778,0.30303030303030304,0.7235772357723578,0.21290522892852357,0.8351878968048607,0.6565656565656566
1,sider,SIDER21,te,509,1366,116,21,0.1810344827586207,9,12,15,101,0.8706896551724138,0.42857142857142855,0.8029197080291971,0.2836246962224015,0.8948943206407408,0.7023809523809524
2,sider,SIDER21,tr,509,1366,798,308,0.38596491228070173,302,6,17,781,0.9786967418546366,0.9805194805194806,0.9792043399638336,0.9490970230997974,0.9990593229320667,0.9974489795918366
2,sider,SIDER21,va,509,1366,92,31,0.33695652173913043,8,23,14,78,0.8478260869565217,0.25806451612903225,0.6991869918699187,0.11996654598904821,0.8454450571562092,0.6640953716690041
2,sider,SIDER21,te,509,1366,92,45,0.4891304347826087,15,30,3,89,0.967391304347826,0.3333333333333333,0.7591240875912408,0.41808005317773705,0.7869595316595636,0.6845410628019324
3,sider,SIDER21,tr,509,1366,800,306,0.3825,300,6,8,792,0.99,0.9803921568627451,0.9873417721518988,0.9684477188495277,0.999595756254618,0.9989011437908497
3,sider,SIDER21,va,509,1366,85,38,0.4470588235294118,11,27,10,75,0.8823529411764706,0.2894736842105263,0.6991869918699187,0.21099977331022637,0.8390438092586046,0.6975232198142416
3,sider,SIDER21,te,509,1366,97,40,0.41237113402061853,12,28,9,88,0.9072164948453608,0.3,0.7299270072992701,0.26151797454109094,0.8542278970429026,0.7030927835051547
4,sider,SIDER21,tr,509,1366,796,310,0.38944723618090454,301,9,10,786,0.9874371859296482,0.9709677419354839,0.9828209764918626,0.9574644547176334,0.999480206926942,0.9986424055762685
4,sider,SIDER21,va,509,1366,88,35,0.3977272727272727,13,22,7,81,0.9204545454545454,0.37142857142857144,0.7642276422764228,0.3569034312823667,0.8432880949375826,0.7422077922077922
4,sider,SIDER21,te,509,1366,98,39,0.3979591836734694,8,31,5,93,0.9489795918367347,0.20512820512820512,0.7372262773722628,0.23729437018565117,0.879090085263841,0.7462061747776034
5,sider,SIDER21,tr,509,1366,785,321,0.4089171974522293,310,11,17,768,0.978343949044586,0.9657320872274143,0.9746835443037974,0.9389699925410033,0.9988664750367613,0.9971030021628272
5,sider,SIDER21,va,509,1366,87,36,0.41379310344827586,11,25,9,78,0.896551724137931,0.3055555555555556,0.7235772357723578,0.24920641817029976,0.8322206687468011,0.6912515964240102
5,sider,SIDER21,te,509,1366,110,27,0.24545454545454545,6,21,10,100,0.9090909090909091,0.2222222222222222,0.7737226277372263,0.16264237439366677,0.8714652935098033,0.661952861952862
6,sider,SIDER21,tr,509,1366,807,299,0.3705080545229244,296,3,7,800,0.9913258983890955,0.9899665551839465,0.9909584086799277,0.9772186203981943,0.9997586523586214,0.9993286170755057
6,sider,SIDER21,va,509,1366,84,39,0.4642857142857143,12,27,4,80,0.9523809523809523,0.3076923076923077,0.7479674796747967,0.35976239691318534,0.8623857876068604,0.7417582417582418
6,sider,SIDER21,te,509,1366,91,46,0.5054945054945055,4,42,5,86,0.945054945054945,0.08695652173913043,0.656934306569343,0.061020947496238,0.7752552194129732,0.6495461060678451
7,sider,SIDER21,tr,509,1366,795,311,0.39119496855345914,301,10,15,780,0.9811320754716981,0.9678456591639871,0.9773960216998192,0.9444146053474958,0.9989994160670174,0.9972860927420171
7,sider,SIDER21,va,509,1366,83,40,0.4819277108433735,9,31,9,74,0.891566265060241,0.225,0.6747967479674797,0.15449378778681028,0.818944863322957,0.6846385542168675
7,sider,SIDER21,te,509,1366,104,33,0.3173076923076923,7,26,14,90,0.8653846153846154,0.21212121212121213,0.708029197080292,0.09199608695484902,0.9126111722707554,0.7432983682983683
8,sider,SIDER21,tr,509,1366,793,313,0.39470365699873894,302,11,12,781,0.9848675914249685,0.9648562300319489,0.9792043399638336,0.948808745182873,0.9992549818192147,0.9980742035945513
8,sider,SIDER21,va,509,1366,83,40,0.4819277108433735,14,26,7,76,0.9156626506024096,0.35,0.7317073170731707,0.33074235167155014,0.8656162606722436,0.7521084337349397
8,sider,SIDER21,te,509,1366,106,31,0.29245283018867924,9,22,10,96,0.9056603773584906,0.2903225806451613,0.7664233576642335,0.23726533075560988,0.8898364186697526,0.7060255629945222
9,sider,SIDER21,tr,509,1366,801,305,0.3807740324594257,298,7,14,787,0.982521847690387,0.9770491803278688,0.9810126582278481,0.9529184957185116,0.9993497808051908,0.9982399050367368
9,sider,SIDER21,va,509,1366,84,39,0.4642857142857143,13,26,9,75,0.8928571428571429,0.3333333333333333,0.7154471544715447,0.27464660449648803,0.8884827843762164,0.7835775335775336
9,sider,SIDER21,te,509,1366,97,40,0.41237113402061853,5,35,10,87,0.8969072164948454,0.125,0.6715328467153284,0.031899033012579306,0.7884938427523474,0.5961340206185568
10,sider,SIDER21,tr,509,1366,788,318,0.4035532994923858,311,7,13,775,0.983502538071066,0.9779874213836478,0.9819168173598554,0.9561929569892224,0.9994473201010061,0.9986112441337037
10,sider,SIDER21,va,509,1366,91,32,0.3516483516483517,8,24,11,80,0.8791208791208791,0.25,0.7154471544715447,0.15674680218320616,0.8766120803786313,0.6960851648351648
10,sider,SIDER21,te,509,1366,103,34,0.3300970873786408,12,22,10,93,0.9029126213592233,0.35294117647058826,0.7664233576642335,0.3010160677861222,0.8681072453542749,0.7621359223300971
11,sider,SIDER21,tr,509,1366,797,309,0.3877038895859473,305,4,13,784,0.9836888331242158,0.9870550161812298,0.984629294755877,0.9623573757022083,0.9994038732906827,0.9983839072898775
11,sider,SIDER21,va,509,1366,87,36,0.41379310344827586,9,27,12,75,0.8620689655172413,0.25,0.6829268292682927,0.1355147307440175,0.8486939223616948,0.6944444444444444
11,sider,SIDER21,te,509,1366,98,39,0.3979591836734694,13,26,6,92,0.9387755102040817,0.3333333333333333,0.7664233576642335,0.3552795366858879,0.8045488727648731,0.6658817373103086
12,sider,SIDER21,tr,509,1366,803,303,0.37733499377334995,294,9,16,787,0.9800747198007472,0.9702970297029703,0.9773960216998192,0.9437027578321389,0.9991862340368234,0.997776489977765
12,sider,SIDER21,va,509,1366,89,34,0.38202247191011235,9,25,9,80,0.898876404494382,0.2647058823529412,0.7235772357723578,0.2069854581572932,0.8671568229824681,0.6920026437541309
12,sider,SIDER21,te,509,1366,90,47,0.5222222222222223,14,33,9,81,0.9,0.2978723404255319,0.6934306569343066,0.25132687463969994,0.7443106349872521,0.61725768321513
13,sider,SIDER21,tr,509,1366,785,321,0.4089171974522293,312,9,20,765,0.9745222929936306,0.9719626168224299,0.9737793851717902,0.9372630943805992,0.9989013896606747,0.9971903089469611
13,sider,SIDER21,va,509,1366,100,23,0.23,7,16,14,86,0.86,0.30434782608695654,0.7560975609756098,0.17030137270367782,0.9054468596282826,0.7047826086956521
13,sider,SIDER21,te,509,1366,97,40,0.41237113402061853,13,27,10,87,0.8969072164948454,0.325,0.7299270072992701,0.26994230067015995,0.861014088303891,0.7128865979381442
14,sider,SIDER21,tr,509,1366,804,302,0.3756218905472637,291,11,9,795,0.9888059701492538,0.9635761589403974,0.9819168173598554,0.9543651786525025,0.999435876902776,0.9984390959111726
14,sider,SIDER21,va,509,1366,85,38,0.4470588235294118,14,24,6,79,0.9294117647058824,0.3684210526315789,0.7560975609756098,0.37294105984169046,0.8278984601185646,0.7108359133126935
14,sider,SIDER21,te,509,1366,93,44,0.4731182795698925,14,30,11,82,0.8817204301075269,0.3181818181818182,0.7007299270072993,0.24166094836470797,0.7622961495348466,0.6204789833822092
15,sider,SIDER21,tr,509,1366,793,313,0.39470365699873894,305,8,18,775,0.9773013871374527,0.9744408945686901,0.976491862567812,0.9428573344175833,0.9992729989884166,0.9980862901828702
15,sider,SIDER21,va,509,1366,88,35,0.3977272727272727,14,21,10,78,0.8863636363636364,0.4,0.7479674796747967,0.3260393425532597,0.831117712567763,0.7009740259740259
15,sider,SIDER21,te,509,1366,101,36,0.3564356435643564,14,22,16,85,0.8415841584158416,0.3888888888888889,0.7226277372262774,0.24528984294785716,0.8695071466490143,0.7378987898789879
1,sider,SIDER22,tr,509,1366,705,401,0.5687943262411348,337,64,105,600,0.851063829787234,0.8403990024937655,0.8471971066907775,0.6786414957447466,0.9603984843640085,0.9317486425779522
1,sider,SIDER22,va,509,1366,72,51,0.7083333333333334,23,28,19,53,0.7361111111111112,0.45098039215686275,0.6178861788617886,0.19437403316616694,0.7378008482617002,0.6644880174291938
1,sider,SIDER22,te,509,1366,104,33,0.3173076923076923,14,19,33,71,0.6826923076923077,0.42424242424242425,0.6204379562043796,0.0963212790564234,0.7710805244459586,0.5766317016317016
2,sider,SIDER22,tr,509,1366,715,391,0.5468531468531469,310,81,86,629,0.8797202797202798,0.7928388746803069,0.849005424954792,0.6706487518465291,0.9580702680749673,0.9247402214154131
2,sider,SIDER22,va,509,1366,75,48,0.64,26,22,21,54,0.72,0.5416666666666666,0.6504065040650406,0.2626902339535248,0.8127234544145505,0.7116666666666667
2,sider,SIDER22,te,509,1366,91,46,0.5054945054945055,22,24,32,59,0.6483516483516484,0.4782608695652174,0.5912408759124088,0.12236024319835159,0.7381009324584883,0.5817009077878644
3,sider,SIDER22,tr,509,1366,719,387,0.5382475660639777,325,62,72,647,0.8998609179415855,0.8397932816537468,0.8788426763110307,0.7354112752649677,0.9628593471769513,0.9363600751833764
3,sider,SIDER22,va,509,1366,72,51,0.7083333333333334,15,36,13,59,0.8194444444444444,0.29411764705882354,0.6016260162601627,0.13342705500137278,0.6575142612499025,0.5694444444444445
3,sider,SIDER22,te,509,1366,90,47,0.5222222222222223,23,24,28,62,0.6888888888888889,0.48936170212765956,0.6204379562043796,0.17505190789441058,0.7233962803931364,0.5787234042553191
4,sider,SIDER22,tr,509,1366,725,381,0.5255172413793103,312,69,97,628,0.8662068965517241,0.8188976377952756,0.8499095840867993,0.674388708215275,0.961146409513395,0.9305330799167344
4,sider,SIDER22,va,509,1366,79,44,0.5569620253164557,22,22,22,57,0.7215189873417721,0.5,0.6422764227642277,0.22151898734177206,0.7241325519479084,0.6101841196777905
4,sider,SIDER22,te,509,1366,77,60,0.7792207792207793,32,28,20,57,0.7402597402597403,0.5333333333333333,0.6496350364963503,0.2797144815367406,0.7419894881850628,0.6961038961038961
5,sider,SIDER22,tr,509,1366,711,395,0.5555555555555556,337,58,98,613,0.8621659634317862,0.8531645569620253,0.8589511754068716,0.7016721102462292,0.9607093382849262,0.9301500827858784
5,sider,SIDER22,va,509,1366,76,47,0.618421052631579,24,23,24,52,0.6842105263157895,0.5106382978723404,0.6178861788617886,0.19408959960897376,0.7255768539203182,0.628219484882419
5,sider,SIDER22,te,509,1366,94,43,0.4574468085106383,21,22,23,71,0.7553191489361702,0.4883720930232558,0.6715328467153284,0.242197838742228,0.806954308413849,0.6840672934190994
6,sider,SIDER22,tr,509,1366,720,386,0.5361111111111111,319,67,83,637,0.8847222222222222,0.8264248704663213,0.864376130198915,0.7047254949854973,0.9619942779710583,0.9320236039147956
6,sider,SIDER22,va,509,1366,79,44,0.5569620253164557,23,21,20,59,0.7468354430379747,0.5227272727272727,0.6666666666666666,0.2709695472635194,0.7698091057628453,0.6605293440736479
6,sider,SIDER22,te,509,1366,82,55,0.6707317073170732,23,32,21,61,0.7439024390243902,0.41818181818181815,0.6131386861313869,0.17016149538214786,0.754536134253838,0.6585365853658536
7,sider,SIDER22,tr,509,1366,701,405,0.5777460770328102,319,86,90,611,0.8716119828815977,0.7876543209876543,0.840867992766727,0.657914345955436,0.9530807006682133,0.9183512090311899
7,sider,SIDER22,va,509,1366,86,37,0.43023255813953487,22,15,23,63,0.7325581395348837,0.5945945945945946,0.6910569105691057,0.3114921336935022,0.7924077198619852,0.6730043997485858
7,sider,SIDER22,te,509,1366,94,43,0.4574468085106383,22,21,30,64,0.6808510638297872,0.5116279069767442,0.6277372262773723,0.18406461540509775,0.7689396462421743,0.6375556655121226
8,sider,SIDER22,tr,509,1366,699,407,0.5822603719599427,339,68,95,604,0.8640915593705293,0.8329238329238329,0.8526220614828209,0.688412361256694,0.957087238510659,0.9242810895171412
8,sider,SIDER22,va,509,1366,83,40,0.4819277108433735,19,21,23,60,0.7228915662650602,0.475,0.6422764227642277,0.19549208252922196,0.7027824641316217,0.5861445783132531
8,sider,SIDER22,te,509,1366,99,38,0.3838383838383838,25,13,31,68,0.6868686868686869,0.6578947368421053,0.6788321167883211,0.31397426867775674,0.8498014429941212,0.6977671451355663
9,sider,SIDER22,tr,509,1366,718,388,0.5403899721448467,328,60,99,619,0.862116991643454,0.845360824742268,0.85623869801085,0.6934930083632402,0.9656190063229273,0.9331189156591906
9,sider,SIDER22,va,509,1366,76,47,0.618421052631579,22,25,24,52,0.6842105263157895,0.46808510638297873,0.6016260162601627,0.15293922888648045,0.7451676931053983,0.6248600223964166
9,sider,SIDER22,te,509,1366,87,50,0.5747126436781609,24,26,24,63,0.7241379310344828,0.48,0.635036496350365,0.2059931198845049,0.6759000906550952,0.5898850574712644
10,sider,SIDER22,tr,509,1366,715,391,0.5468531468531469,317,74,97,618,0.8643356643356643,0.8107416879795396,0.8453887884267631,0.6668708286376376,0.9607038231326193,0.9280417791926743
10,sider,SIDER22,va,509,1366,80,43,0.5375,17,26,22,58,0.725,0.3953488372093023,0.6097560975609756,0.12332444602749587,0.789366809407198,0.6351744186046511
10,sider,SIDER22,te,509,1366,86,51,0.5930232558139535,24,27,29,57,0.6627906976744186,0.47058823529411764,0.5912408759124088,0.13238658353184765,0.7304795203483206,0.6157090743274054
11,sider,SIDER22,tr,509,1366,717,389,0.5425383542538355,331,58,110,607,0.8465829846582985,0.8508997429305912,0.8481012658227848,0.6802017083653071,0.9611902242225892,0.927260471903425
11,sider,SIDER22,va,509,1366,72,51,0.7083333333333334,31,20,24,48,0.6666666666666666,0.6078431372549019,0.6422764227642277,0.2720028125606302,0.7574797930882406,0.6683006535947713
11,sider,SIDER22,te,509,1366,92,45,0.4891304347826087,22,23,34,58,0.6304347826086957,0.4888888888888889,0.583941605839416,0.11399616871386019,0.7835992972432135,0.627294685990338
12,sider,SIDER22,tr,509,1366,722,384,0.5318559556786704,316,68,93,629,0.871191135734072,0.8229166666666666,0.8544303797468354,0.6845151967019099,0.961987307380094,0.9278335641735918
12,sider,SIDER22,va,509,1366,75,48,0.64,25,23,19,56,0.7466666666666667,0.5208333333333334,0.6585365853658537,0.2722294795355442,0.7918617207777848,0.6816666666666668
12,sider,SIDER22,te,509,1366,84,53,0.6309523809523809,24,29,28,56,0.6666666666666666,0.4528301886792453,0.583941605839416,0.11992864304128995,0.6727422310253557,0.5934411500449236
13,sider,SIDER22,tr,509,1366,705,401,0.5687943262411348,327,74,102,603,0.8553191489361702,0.8154613466334164,0.840867992766727,0.6617960800418043,0.9553092368252906,0.921147485895191
13,sider,SIDER22,va,509,1366,84,39,0.4642857142857143,22,17,21,63,0.75,0.5641025641025641,0.6910569105691057,0.306523804256747,0.7988669132937865,0.6752136752136751
13,sider,SIDER22,te,509,1366,92,45,0.4891304347826087,16,29,26,66,0.717391304347826,0.35555555555555557,0.5985401459854015,0.07430539112730493,0.7562948409872887,0.5731884057971014
14,sider,SIDER22,tr,509,1366,720,386,0.5361111111111111,309,77,81,639,0.8875,0.8005181347150259,0.8571428571428571,0.6863900374601624,0.9653465475760314,0.934106937248129
14,sider,SIDER22,va,509,1366,71,52,0.7323943661971831,24,28,23,48,0.676056338028169,0.46153846153846156,0.5853658536585366,0.139886930604045,0.6599205815038787,0.6381365113759481
14,sider,SIDER22,te,509,1366,90,47,0.5222222222222223,24,23,34,56,0.6222222222222222,0.5106382978723404,0.583941605839416,0.12765522324634523,0.7265261581041234,0.6115839243498817
15,sider,SIDER22,tr,509,1366,706,400,0.56657223796034,326,74,103,603,0.8541076487252125,0.815,0.8399638336347197,0.659789439769598,0.9519220019588287,0.9212199008498583
15,sider,SIDER22,va,509,1366,80,43,0.5375,20,23,24,56,0.7,0.46511627906976744,0.6178861788617886,0.1642590211800203,0.6713801591704576,0.5857558139534884
15,sider,SIDER22,te,509,1366,95,42,0.4421052631578947,29,13,30,65,0.6842105263157895,0.6904761904761905,0.6861313868613139,0.34888430905493467,0.8831306942966174,0.7431077694235588
1,sider,SIDER23,tr,509,1366,96,1010,10.520833333333334,946,64,26,70,0.7291666666666666,0.9366336633663367,0.918625678119349,0.5744533651271742,0.7395412932995813,0.9550742574257426
1,sider,SIDER23,va,509,1366,12,111,9.25,105,6,8,4,0.3333333333333333,0.9459459459459459,0.8861788617886179,0.3032156449425999,0.27887244649386855,0.68993993993994
1,sider,SIDER23,te,509,1366,12,125,10.416666666666666,115,10,11,1,0.08333333333333333,0.92,0.8467153284671532,0.0034677099107353207,0.18009367784455765,0.5626666666666666
2,sider,SIDER23,tr,509,1366,99,1007,10.171717171717171,966,41,18,81,0.8181818181818182,0.9592850049652433,0.9466546112115732,0.7084949082785735,0.7948542584649959,0.9683729048177907
2,sider,SIDER23,va,509,1366,12,111,9.25,102,9,9,3,0.25,0.918918918918919,0.8536585365853658,0.16891891891891844,0.2119864456763889,0.5803303303303303
2,sider,SIDER23,te,509,1366,9,128,14.222222222222221,120,8,8,1,0.1111111111111111,0.9375,0.8832116788321168,0.04861111111111093,0.20887074676469186,0.7083333333333334
3,sider,SIDER23,tr,509,1366,100,1006,10.06,956,50,24,76,0.76,0.9502982107355865,0.9330922242314648,0.6411230639853569,0.781545316139982,0.9672465208747515
3,sider,SIDER23,va,509,1366,12,111,9.25,98,13,11,1,0.08333333333333333,0.8828828828828829,0.8048780487804879,-0.031563353153622686,0.1448454905955039,0.6231231231231231
3,sider,SIDER23,te,509,1366,8,129,16.125,117,12,6,2,0.25,0.9069767441860465,0.8686131386861314,0.12152303079671041,0.10885688895299132,0.6337209302325582
4,sider,SIDER23,tr,509,1366,97,1009,10.402061855670103,968,41,21,76,0.7835051546391752,0.9593657086223984,0.9439421338155516,0.6832091883248088,0.7675082275874715,0.9635445935038264
4,sider,SIDER23,va,509,1366,11,112,10.181818181818182,106,6,10,1,0.09090909090909091,0.9464285714285714,0.8699186991869918,0.045991170542802086,0.18701570008083457,0.5746753246753247
4,sider,SIDER23,te,509,1366,12,125,10.416666666666666,116,9,8,4,0.3333333333333333,0.928,0.8759124087591241,0.2520913353459272,0.3519700521318804,0.5946666666666667
5,sider,SIDER23,tr,509,1366,97,1009,10.402061855670103,949,60,16,81,0.8350515463917526,0.9405351833498513,0.9312839059674503,0.6577920297285607,0.7259074363083429,0.9666404422057155
5,sider,SIDER23,va,509,1366,12,111,9.25,101,10,10,2,0.16666666666666666,0.9099099099099099,0.8373983739837398,0.07657657657657635,0.10822423803114155,0.524024024024024
5,sider,SIDER23,te,509,1366,11,126,11.454545454545455,114,12,10,1,0.09090909090909091,0.9047619047619048,0.8394160583941606,-0.004014090100972538,0.09107685834783397,0.46969696969696967
6,sider,SIDER23,tr,509,1366,102,1004,9.843137254901961,952,52,24,78,0.7647058823529411,0.9482071713147411,0.9312839059674503,0.6404819929864762,0.7252202410109259,0.9552378720412468
6,sider,SIDER23,va,509,1366,7,116,16.571428571428573,108,8,4,3,0.42857142857142855,0.9310344827586207,0.9024390243902439,0.2919439521412654,0.3282170780510896,0.6650246305418719
6,sider,SIDER23,te,509,1366,11,126,11.454545454545455,116,10,11,0,0.0,0.9206349206349206,0.8467153284671532,-0.08291043801843294,0.07413135869590386,0.5093795093795094
7,sider,SIDER23,tr,509,1366,98,1008,10.285714285714286,966,42,23,75,0.7653061224489796,0.9583333333333334,0.9412296564195298,0.6686124598459305,0.8126837855349974,0.9677376903142209
7,sider,SIDER23,va,509,1366,12,111,9.25,103,8,9,3,0.25,0.9279279279279279,0.8617886178861789,0.1850081582066542,0.2540091738995969,0.6689189189189189
7,sider,SIDER23,te,509,1366,10,127,12.7,116,11,8,2,0.2,0.9133858267716536,0.8613138686131386,0.10064173447956792,0.11587229897379865,0.5425196850393701
8,sider,SIDER23,tr,509,1366,97,1009,10.402061855670103,966,43,23,74,0.7628865979381443,0.9573835480673935,0.9403254972875226,0.6624235868755058,0.6978710865270781,0.957373330744945
8,sider,SIDER23,va,509,1366,11,112,10.181818181818182,105,7,8,3,0.2727272727272727,0.9375,0.8780487804878049,0.219510444116966,0.20353889687723434,0.6469155844155844
8,sider,SIDER23,te,509,1366,12,125,10.416666666666666,117,8,11,1,0.08333333333333333,0.936,0.8613138686131386,0.022061047455069125,0.10606374533626456,0.5573333333333333
9,sider,SIDER23,tr,509,1366,92,1014,11.021739130434783,981,33,22,70,0.7608695652173914,0.9674556213017751,0.9502712477396021,0.6921004650209659,0.7438515478442975,0.9650330160363605
9,sider,SIDER23,va,509,1366,13,110,8.461538461538462,108,2,11,2,0.15384615384615385,0.9818181818181818,0.8943089430894309,0.2351420146559779,0.27625548415064266,0.6132867132867134
9,sider,SIDER23,te,509,1366,15,122,8.133333333333333,117,5,13,2,0.13333333333333333,0.9590163934426229,0.8686131386861314,0.1309605419357528,0.18877490177413248,0.6169398907103825
10,sider,SIDER23,tr,509,1366,99,1007,10.171717171717171,957,50,26,73,0.7373737373737373,0.9503475670307845,0.9312839059674503,0.6244756319606793,0.6955360215046092,0.9584223566348691
10,sider,SIDER23,va,509,1366,10,113,11.3,102,11,6,4,0.4,0.9026548672566371,0.8617886178861789,0.25277223999034026,0.3606643550254812,0.6132743362831858
10,sider,SIDER23,te,509,1366,11,126,11.454545454545455,119,7,8,3,0.2727272727272727,0.9444444444444444,0.8905109489051095,0.22687310766862104,0.13874477226578188,0.6305916305916306
11,sider,SIDER23,tr,509,1366,100,1006,10.06,956,50,24,76,0.76,0.9502982107355865,0.9330922242314648,0.6411230639853569,0.789192280728838,0.9653081510934395
11,sider,SIDER23,va,509,1366,9,114,12.666666666666666,100,14,8,1,0.1111111111111111,0.8771929824561403,0.8211382113821138,-0.009307864628704317,0.073705357179632,0.5253411306042884
11,sider,SIDER23,te,509,1366,11,126,11.454545454545455,117,9,8,3,0.2727272727272727,0.9285714285714286,0.8759124087591241,0.1934982130190309,0.14581314114537489,0.6457431457431457
12,sider,SIDER23,tr,509,1366,94,1012,10.76595744680851,964,48,25,69,0.7340425531914894,0.9525691699604744,0.933996383363472,0.6225501192413548,0.7571036114884062,0.9664241863594315
12,sider,SIDER23,va,509,1366,10,113,11.3,104,9,9,1,0.1,0.9203539823008849,0.8536585365853658,0.02035398230088488,0.06602641333047315,0.42212389380530974
12,sider,SIDER23,te,509,1366,16,121,7.5625,114,7,15,1,0.0625,0.9421487603305785,0.8394160583941606,0.006367221883275226,0.17863937384959389,0.652892561983471
13,sider,SIDER23,tr,509,1366,96,1010,10.520833333333334,970,40,21,75,0.78125,0.9603960396039604,0.9448462929475587,0.6840805426349004,0.7920524461996419,0.9661200495049505
13,sider,SIDER23,va,509,1366,10,113,11.3,107,6,8,2,0.2,0.9469026548672567,0.8861788617886179,0.16280770434968195,0.32360208364283327,0.720353982300885
13,sider,SIDER23,te,509,1366,14,123,8.785714285714286,114,9,11,3,0.21428571428571427,0.926829268292683,0.8540145985401459,0.15119731207167758,0.19953902994886996,0.6753774680603949
14,sider,SIDER23,tr,509,1366,103,1003,9.737864077669903,963,40,25,78,0.7572815533980582,0.9601196410767697,0.9412296564195298,0.6753232445706855,0.7781132442264532,0.9599550861977175
14,sider,SIDER23,va,509,1366,7,116,16.571428571428573,104,12,6,1,0.14285714285714285,0.896551724137931,0.8536585365853658,0.029696409613717646,0.08292199655821025,0.5800492610837438
14,sider,SIDER23,te,509,1366,10,127,12.7,114,13,8,2,0.2,0.8976377952755905,0.8467153284671532,0.08133814802836856,0.11555075069181059,0.6700787401574804
15,sider,SIDER23,tr,509,1366,92,1014,11.021739130434783,984,30,23,69,0.75,0.9704142011834319,0.9520795660036167,0.6968877393724835,0.7794457837223958,0.9768030186090387
15,sider,SIDER23,va,509,1366,14,109,7.785714285714286,104,5,12,2,0.14285714285714285,0.9541284403669725,0.8617886178861789,0.13295553868662052,0.2452018791980214,0.6690694626474443
15,sider,SIDER23,te,509,1366,14,123,8.785714285714286,115,8,11,3,0.21428571428571427,0.9349593495934959,0.8613138686131386,0.16635464606136688,0.19438054938446225,0.6991869918699187
1,sider,SIDER24,tr,509,1366,503,603,1.1988071570576542,596,7,17,486,0.9662027833001988,0.988391376451078,0.9783001808318263,0.9563298787361556,0.9981338994319345,0.998315249465067
1,sider,SIDER24,va,509,1366,60,63,1.05,44,19,28,32,0.5333333333333333,0.6984126984126984,0.6178861788617886,0.23512936445904845,0.7208453641217493,0.694973544973545
1,sider,SIDER24,te,509,1366,78,59,0.7564102564102564,31,28,31,47,0.6025641025641025,0.5254237288135594,0.5693430656934306,0.12732553543772684,0.6899312751030438,0.6064754454584963
2,sider,SIDER24,tr,509,1366,528,578,1.0946969696969697,574,4,13,515,0.9753787878787878,0.9930795847750865,0.984629294755877,0.9693020005029341,0.9987947735875902,0.9988367673272518
2,sider,SIDER24,va,509,1366,55,68,1.2363636363636363,45,23,17,38,0.6909090909090909,0.6617647058823529,0.6747967479674797,0.35071006689674106,0.594483663789613,0.6938502673796791
2,sider,SIDER24,te,509,1366,58,79,1.3620689655172413,50,29,19,39,0.6724137931034483,0.6329113924050633,0.6496350364963503,0.3017249127261327,0.6519624648873868,0.7127891750327368
3,sider,SIDER24,tr,509,1366,527,579,1.0986717267552182,575,4,13,514,0.9753320683111955,0.9930915371329879,0.984629294755877,0.9692959841627655,0.9985412885002264,0.9985317877777887
3,sider,SIDER24,va,509,1366,47,76,1.6170212765957446,47,29,17,30,0.6382978723404256,0.618421052631579,0.6260162601626016,0.24968796957451864,0.6254937047207377,0.6878499440089585
3,sider,SIDER24,te,509,1366,67,70,1.044776119402985,43,27,31,36,0.5373134328358209,0.6142857142857143,0.5766423357664233,0.15205371829805744,0.6320674680395928,0.6304904051172708
4,sider,SIDER24,tr,509,1366,525,581,1.1066666666666667,575,6,13,512,0.9752380952380952,0.9896729776247849,0.9828209764918626,0.9656093562056495,0.9988814103473896,0.9989377919842637
4,sider,SIDER24,va,509,1366,59,64,1.0847457627118644,43,21,22,37,0.6271186440677966,0.671875,0.6504065040650406,0.2992314754542561,0.6176566811839241,0.6914724576271186
4,sider,SIDER24,te,509,1366,57,80,1.4035087719298245,47,33,21,36,0.631578947368421,0.5875,0.6058394160583942,0.21597528967554935,0.5706291165392443,0.6673245614035087
5,sider,SIDER24,tr,509,1366,517,589,1.1392649903288201,583,6,10,507,0.9806576402321083,0.9898132427843803,0.9855334538878843,0.9709556640060821,0.9987702094337013,0.9988670434431371
5,sider,SIDER24,va,509,1366,53,70,1.320754716981132,43,27,24,29,0.5471698113207547,0.6142857142857143,0.5853658536585366,0.16054931344122442,0.586350447424324,0.6668463611859838
5,sider,SIDER24,te,509,1366,71,66,0.9295774647887324,35,31,21,50,0.704225352112676,0.5303030303030303,0.6204379562043796,0.23837462747439891,0.665295192071512,0.6722151088348272
6,sider,SIDER24,tr,509,1366,527,579,1.0986717267552182,576,3,14,513,0.9734345351043643,0.9948186528497409,0.984629294755877,0.9693545840295955,0.9981400034043667,0.9980107035292807
6,sider,SIDER24,va,509,1366,55,68,1.2363636363636363,42,26,25,30,0.5454545454545454,0.6176470588235294,0.5853658536585366,0.16284057193536597,0.6013116230635532,0.6371657754010694
6,sider,SIDER24,te,509,1366,59,78,1.3220338983050848,45,33,21,38,0.6440677966101694,0.5769230769230769,0.6058394160583942,0.21900120458711755,0.5759101857583145,0.6397218600608431
7,sider,SIDER24,tr,509,1366,505,601,1.19009900990099,594,7,16,489,0.9683168316831683,0.9883527454242929,0.9792043399638336,0.958162418085982,0.9972445978799003,0.9972455149009077
7,sider,SIDER24,va,509,1366,65,58,0.8923076923076924,38,20,26,39,0.6,0.6551724137931034,0.6260162601626016,0.25496960087422,0.6661337447156084,0.6578249336870027
7,sider,SIDER24,te,509,1366,71,66,0.9295774647887324,47,19,32,39,0.5492957746478874,0.7121212121212122,0.6277372262773723,0.2643670982453932,0.6987742891888818,0.6737089201877934
8,sider,SIDER24,tr,509,1366,515,591,1.1475728155339806,585,6,15,500,0.970873786407767,0.9898477157360406,0.9810126582278481,0.9619311357988873,0.9975863694839459,0.9974701427562302
8,sider,SIDER24,va,509,1366,54,69,1.2777777777777777,46,23,21,33,0.6111111111111112,0.6666666666666666,0.6422764227642277,0.276813654962252,0.6887491479791222,0.6975308641975309
8,sider,SIDER24,te,509,1366,72,65,0.9027777777777778,42,23,22,50,0.6944444444444444,0.6461538461538462,0.6715328467153284,0.3408897739983199,0.7250050848188493,0.6993589743589743
9,sider,SIDER24,tr,509,1366,523,583,1.1147227533460804,573,10,13,510,0.9751434034416826,0.9828473413379074,0.9792043399638336,0.9582877915507155,0.9976319154192297,0.9976484787264397
9,sider,SIDER24,va,509,1366,49,74,1.510204081632653,43,31,21,28,0.5714285714285714,0.581081081081081,0.5772357723577236,0.14944976573498178,0.6068660861892197,0.668781025923883
9,sider,SIDER24,te,509,1366,69,68,0.9855072463768116,34,34,30,39,0.5652173913043478,0.5,0.5328467153284672,0.06535683425017069,0.6325568219081072,0.6118925831202047
10,sider,SIDER24,tr,509,1366,525,581,1.1066666666666667,570,11,10,515,0.9809523809523809,0.9810671256454389,0.9810126582278481,0.9619327859707916,0.9987547156836636,0.9987869846733874
10,sider,SIDER24,va,509,1366,48,75,1.5625,45,30,18,30,0.625,0.6,0.6097560975609756,0.21957751641341988,0.6184091080340035,0.6738888888888889
10,sider,SIDER24,te,509,1366,68,69,1.0147058823529411,40,29,24,44,0.6470588235294118,0.5797101449275363,0.6131386861313869,0.22725382889601836,0.6335747602673645,0.6506820119352089
11,sider,SIDER24,tr,509,1366,533,573,1.075046904315197,564,9,17,516,0.9681050656660413,0.9842931937172775,0.976491862567812,0.9529975641964833,0.9970630032661995,0.996686410682069
11,sider,SIDER24,va,509,1366,50,73,1.46,45,28,20,30,0.6,0.6164383561643836,0.6097560975609756,0.21296585781946506,0.5953864223757129,0.6572602739726028
11,sider,SIDER24,te,509,1366,58,79,1.3620689655172413,41,38,16,42,0.7241379310344828,0.5189873417721519,0.6058394160583942,0.24371105352670094,0.6108344359471037,0.6553906591008294
12,sider,SIDER24,tr,509,1366,522,584,1.1187739463601531,581,3,11,511,0.9789272030651341,0.9948630136986302,0.9873417721518988,0.9746858680124407,0.9986088923765952,0.9984188841652233
12,sider,SIDER24,va,509,1366,55,68,1.2363636363636363,40,28,13,42,0.7636363636363637,0.5882352941176471,0.6666666666666666,0.3532914550119228,0.5918353990387951,0.6981283422459893
12,sider,SIDER24,te,509,1366,64,73,1.140625,43,30,22,42,0.65625,0.589041095890411,0.6204379562043796,0.24508135571020992,0.5989414030747238,0.6423373287671234
13,sider,SIDER24,tr,509,1366,517,589,1.1392649903288201,584,5,17,500,0.9671179883945842,0.9915110356536503,0.9801084990958409,0.9602196025711134,0.9966160344338966,0.9964336497949184
13,sider,SIDER24,va,509,1366,63,60,0.9523809523809523,42,18,27,36,0.5714285714285714,0.7,0.6341463414634146,0.2733883699577531,0.6724619279721493,0.6383597883597885
13,sider,SIDER24,te,509,1366,61,76,1.2459016393442623,44,32,22,39,0.639344262295082,0.5789473684210527,0.6058394160583942,0.21712391275028067,0.6045934260186241,0.6581104400345126
14,sider,SIDER24,tr,509,1366,518,588,1.135135135135135,581,7,18,500,0.9652509652509652,0.9880952380952381,0.9773960216998192,0.9547436826199082,0.9966841581339748,0.9965461087910068
14,sider,SIDER24,va,509,1366,63,60,0.9523809523809523,39,21,31,32,0.5079365079365079,0.65,0.5772357723577236,0.15941951237759538,0.6310110310209391,0.6275132275132275
14,sider,SIDER24,te,509,1366,60,77,1.2833333333333334,50,27,25,35,0.5833333333333334,0.6493506493506493,0.6204379562043796,0.23193217463569663,0.5794096716902529,0.6482683982683983
15,sider,SIDER24,tr,509,1366,521,585,1.1228406909788868,579,6,17,504,0.9673704414587332,0.9897435897435898,0.9792043399638336,0.9584120375369516,0.9974429450800255,0.9971980248371803
15,sider,SIDER24,va,509,1366,57,66,1.1578947368421053,42,24,32,25,0.43859649122807015,0.6363636363636364,0.5447154471544715,0.07635294851586268,0.5404963096045889,0.5568846358320043
15,sider,SIDER24,te,509,1366,63,74,1.1746031746031746,47,27,20,43,0.6825396825396826,0.6351351351351351,0.656934306569343,0.316725115048415,0.7011738913669278,0.7132132132132132
1,sider,SIDER25,tr,509,1366,751,355,0.47270306258322237,355,0,7,744,0.9906790945406125,1.0,0.9936708860759493,0.9856583162888575,0.999982330571818,0.9999624913261191
1,sider,SIDER25,va,509,1366,89,34,0.38202247191011235,13,21,15,74,0.8314606741573034,0.38235294117647056,0.7073170731707317,0.2280494349528466,0.9037970241790781,0.7584269662921348
1,sider,SIDER25,te,509,1366,107,30,0.2803738317757009,5,25,14,93,0.8691588785046729,0.16666666666666666,0.7153284671532847,0.04286743717328516,0.8285171630477992,0.553582554517134
2,sider,SIDER25,tr,509,1366,771,335,0.4345006485084306,335,0,4,767,0.9948119325551232,1.0,0.9963833634719711,0.9915007507110963,1.0,1.0
2,sider,SIDER25,va,509,1366,91,32,0.3516483516483517,9,23,9,82,0.9010989010989011,0.28125,0.7398373983739838,0.22634345125889196,0.9056156861889886,0.7527472527472527
2,sider,SIDER25,te,509,1366,85,52,0.611764705882353,18,34,6,79,0.9294117647058824,0.34615384615384615,0.708029197080292,0.35179633527715365,0.8366980218079332,0.7703619909502262
3,sider,SIDER25,tr,509,1366,780,326,0.41794871794871796,326,0,3,777,0.9961538461538462,1.0,0.9972875226039783,0.9935141551241625,0.9999901632114938,0.999976403964134
3,sider,SIDER25,va,509,1366,75,48,0.64,12,36,9,66,0.88,0.25,0.6341463414634146,0.1685329681235626,0.8442409275273478,0.7472222222222221
3,sider,SIDER25,te,509,1366,92,45,0.4891304347826087,21,24,7,85,0.9239130434782609,0.4666666666666667,0.7737226277372263,0.4549017260628388,0.8453582779238229,0.7589371980676328
4,sider,SIDER25,tr,509,1366,779,327,0.4197689345314506,327,0,3,776,0.9961489088575096,1.0,0.9972875226039783,0.9935255455629098,0.999996704241065,0.9999921486419113
4,sider,SIDER25,va,509,1366,77,46,0.5974025974025974,15,31,5,72,0.935064935064935,0.32608695652173914,0.7073170731707317,0.34243949201018115,0.8386336268839243,0.7670807453416149
4,sider,SIDER25,te,509,1366,91,46,0.5054945054945055,10,36,10,81,0.8901098901098901,0.21739130434782608,0.6642335766423357,0.14378214988823845,0.7414256648864233,0.631868131868132
5,sider,SIDER25,tr,509,1366,764,342,0.4476439790575916,341,1,6,758,0.9921465968586387,0.9970760233918129,0.9936708860759493,0.985299235128744,0.9999810697435697,0.9999579008603534
5,sider,SIDER25,va,509,1366,85,38,0.4470588235294118,14,24,11,74,0.8705882352941177,0.3684210526315789,0.7154471544715447,0.2744308918460965,0.8078368222659893,0.6693498452012383
5,sider,SIDER25,te,509,1366,98,39,0.3979591836734694,8,31,13,85,0.8673469387755102,0.20512820512820512,0.6788321167883211,0.09078117209775477,0.8103402738977146,0.607796964939822
6,sider,SIDER25,tr,509,1366,776,330,0.4252577319587629,330,0,5,771,0.9935567010309279,1.0,0.9954792043399638,0.9893065735847149,0.999990068095696,0.9999765698219307
6,sider,SIDER25,va,509,1366,75,48,0.64,13,35,10,65,0.8666666666666667,0.2708333333333333,0.6341463414634146,0.17202439159708657,0.7422578423904279,0.6608333333333333
6,sider,SIDER25,te,509,1366,96,41,0.4270833333333333,13,28,7,89,0.9270833333333334,0.3170731707317073,0.7445255474452555,0.31665614045022195,0.8872455990263726,0.7789634146341464
7,sider,SIDER25,tr,509,1366,763,343,0.44954128440366975,343,0,5,758,0.9934469200524246,1.0,0.9954792043399638,0.9895318374908374,0.9999931381303027,0.9999847158485188
7,sider,SIDER25,va,509,1366,79,44,0.5569620253164557,12,32,7,72,0.9113924050632911,0.2727272727272727,0.6829268292682927,0.2442005400031588,0.8738175880202135,0.7678365937859608
7,sider,SIDER25,te,509,1366,105,32,0.3047619047619048,10,22,15,90,0.8571428571428571,0.3125,0.7299270072992701,0.1858344391535384,0.8644560395551639,0.6815476190476191
8,sider,SIDER25,tr,509,1366,767,339,0.44198174706649285,339,0,2,765,0.9973924380704041,1.0,0.9981916817359855,0.9957623356250543,1.0,1.0
8,sider,SIDER25,va,509,1366,83,40,0.4819277108433735,11,29,9,74,0.891566265060241,0.275,0.6910569105691057,0.21145720099715226,0.8654237359238609,0.744578313253012
8,sider,SIDER25,te,509,1366,97,40,0.41237113402061853,15,25,4,93,0.9587628865979382,0.375,0.7883211678832117,0.43907236278439876,0.8705297063491929,0.7842783505154639
9,sider,SIDER25,tr,509,1366,765,341,0.44575163398692813,341,0,3,762,0.996078431372549,1.0,0.9972875226039783,0.9936758530156568,1.0,1.0
9,sider,SIDER25,va,509,1366,85,38,0.4470588235294118,15,23,6,79,0.9294117647058824,0.39473684210526316,0.7642276422764228,0.3980482210014541,0.9121416470440493,0.8281733746130031
9,sider,SIDER25,te,509,1366,97,40,0.41237113402061853,10,30,14,83,0.8556701030927835,0.25,0.6788321167883211,0.1263930375904568,0.8431377872992755,0.6726804123711341
10,sider,SIDER25,tr,509,1366,760,346,0.45526315789473687,346,0,1,759,0.9986842105263158,1.0,0.9990958408679927,0.9979008758621334,1.0,1.0
10,sider,SIDER25,va,509,1366,92,31,0.33695652173913043,12,19,10,82,0.8913043478260869,0.3870967741935484,0.7642276422764228,0.31540873349438503,0.8766080062519606,0.7275596072931276
10,sider,SIDER25,te,509,1366,95,42,0.4421052631578947,12,30,10,85,0.8947368421052632,0.2857142857142857,0.708029197080292,0.22661350499098337,0.8138473399445052,0.6849624060150376
11,sider,SIDER25,tr,509,1366,780,326,0.41794871794871796,326,0,9,771,0.9884615384615385,1.0,0.9918625678119349,0.9807679926153234,0.9999934400749426,0.9999842693094227
11,sider,SIDER25,va,509,1366,74,49,0.6621621621621622,8,41,8,66,0.8918918918918919,0.16326530612244897,0.6016260162601627,0.08027202438503458,0.7401367523704336,0.6326530612244898
11,sider,SIDER25,te,509,1366,93,44,0.4731182795698925,17,27,7,86,0.9247311827956989,0.38636363636363635,0.7518248175182481,0.3821340600093901,0.840545890660483,0.7795698924731183
12,sider,SIDER25,tr,509,1366,773,333,0.4307891332470893,333,0,3,770,0.9961190168175937,1.0,0.9972875226039783,0.9935920173917359,0.9999883077377061,0.9999728059236468
12,sider,SIDER25,va,509,1366,81,42,0.5185185185185185,14,28,4,77,0.9506172839506173,0.3333333333333333,0.7398373983739838,0.3809597294999639,0.8726477421449119,0.7783656672545562
12,sider,SIDER25,te,509,1366,93,44,0.4731182795698925,17,27,13,80,0.8602150537634409,0.38636363636363635,0.708029197080292,0.2784010298808143,0.8235825138474008,0.6854838709677419
13,sider,SIDER25,tr,509,1366,759,347,0.45718050065876153,346,1,1,758,0.9986824769433466,0.9971181556195965,0.9981916817359855,0.995800632562943,0.9999930587949354,0.9999848124143326
13,sider,SIDER25,va,509,1366,87,36,0.41379310344827586,11,25,13,74,0.8505747126436781,0.3055555555555556,0.6910569105691057,0.17925643880802491,0.8615367942070026,0.6938058748403577
13,sider,SIDER25,te,509,1366,101,36,0.3564356435643564,15,21,8,93,0.9207920792079208,0.4166666666666667,0.7883211678832117,0.3973894029794331,0.8676542541061716,0.726897689768977
14,sider,SIDER25,tr,509,1366,776,330,0.4252577319587629,330,0,3,773,0.9961340206185567,1.0,0.9972875226039783,0.9935591780325034,0.9999484721086596,0.9998750390502968
14,sider,SIDER25,va,509,1366,77,46,0.5974025974025974,15,31,7,70,0.9090909090909091,0.32608695652173914,0.6910569105691057,0.2969263198991392,0.7841044484604043,0.6595143986448334
14,sider,SIDER25,te,509,1366,94,43,0.4574468085106383,11,32,7,87,0.925531914893617,0.2558139534883721,0.7153284671532847,0.2491128250231919,0.8933665786751438,0.7780801583374568
15,sider,SIDER25,tr,509,1366,774,332,0.4289405684754522,332,0,5,769,0.9935400516795866,1.0,0.9954792043399638,0.9893427623214974,1.0,1.0
15,sider,SIDER25,va,509,1366,81,42,0.5185185185185185,8,34,13,68,0.8395061728395061,0.19047619047619047,0.6178861788617886,0.037785335600755796,0.8422536619610312,0.7351557907113463
15,sider,SIDER25,te,509,1366,92,45,0.4891304347826087,17,28,10,82,0.8913043478260869,0.37777777777777777,0.7226277372262774,0.3176923781144614,0.8685044878787432,0.7584541062801933
1,sider,SIDER26,tr,509,1366,1012,94,0.09288537549407115,66,28,89,923,0.9120553359683794,0.7021276595744681,0.8942133815551537,0.49339627204012626,0.9946023832185531,0.9424880161466657
1,sider,SIDER26,va,509,1366,111,12,0.10810810810810811,4,8,10,101,0.9099099099099099,0.3333333333333333,0.8536585365853658,0.22725614270608333,0.9745284195327594,0.798048048048048
1,sider,SIDER26,te,509,1366,134,3,0.022388059701492536,1,2,11,123,0.917910447761194,0.3333333333333333,0.9051094890510949,0.13006568056318532,0.9924011075547019,0.7412935323383084
2,sider,SIDER26,tr,509,1366,1023,83,0.08113391984359726,64,19,86,937,0.9159335288367546,0.7710843373493976,0.9050632911392406,0.5286525344066834,0.9956617531511012,0.9471669669881876
2,sider,SIDER26,va,509,1366,116,7,0.0603448275862069,2,5,11,105,0.9051724137931034,0.2857142857142857,0.8699186991869918,0.14384198406644483,0.9586335842152895,0.6600985221674878
2,sider,SIDER26,te,509,1366,118,19,0.16101694915254236,4,15,7,111,0.940677966101695,0.21052631578947367,0.8394160583941606,0.19230929640608502,0.9334395073092572,0.6828724353256023
3,sider,SIDER26,tr,509,1366,1020,86,0.08431372549019608,62,24,82,938,0.9196078431372549,0.7209302325581395,0.9041591320072333,0.5097127300184963,0.995218058296739,0.9434108527131783
3,sider,SIDER26,va,509,1366,109,14,0.12844036697247707,7,7,14,95,0.8715596330275229,0.5,0.8292682926829268,0.31361444562915974,0.96592735027764,0.799475753604194
3,sider,SIDER26,te,509,1366,128,9,0.0703125,1,8,17,111,0.8671875,0.1111111111111111,0.8175182481751825,-0.015914904462295303,0.9728826429783177,0.677951388888889
4,sider,SIDER26,tr,509,1366,1022,84,0.0821917808219178,64,20,84,938,0.9178082191780822,0.7619047619047619,0.9059674502712477,0.5289042329558005,0.9950249160626263,0.9412333426521292
4,sider,SIDER26,va,509,1366,109,14,0.12844036697247707,4,10,11,98,0.8990825688073395,0.2857142857142857,0.8292682926829268,0.17935534935611244,0.9554215508264883,0.7241153342070773
4,sider,SIDER26,te,509,1366,126,11,0.0873015873015873,1,10,8,118,0.9365079365079365,0.09090909090909091,0.8686131386861314,0.030072929899071035,0.958786692919417,0.7077922077922079
5,sider,SIDER26,tr,509,1366,1018,88,0.08644400785854617,67,21,81,937,0.9204322200392927,0.7613636363636364,0.9077757685352622,0.541945944014042,0.9951820207479641,0.9447557599571352
5,sider,SIDER26,va,509,1366,114,9,0.07894736842105263,2,7,8,106,0.9298245614035088,0.2222222222222222,0.8780487804878049,0.14488108717461087,0.9848263653783764,0.8245614035087719
5,sider,SIDER26,te,509,1366,125,12,0.096,3,9,13,112,0.896,0.25,0.8394160583941606,0.12851262921506407,0.9420375737056921,0.6326666666666667
6,sider,SIDER26,tr,509,1366,1025,81,0.07902439024390244,67,14,92,933,0.9102439024390244,0.8271604938271605,0.9041591320072333,0.5475661755925788,0.9965426260863006,0.957061126166817
6,sider,SIDER26,va,509,1366,103,20,0.1941747572815534,13,7,9,94,0.912621359223301,0.65,0.8699186991869918,0.5417236531244943,0.9517169938395067,0.846116504854369
6,sider,SIDER26,te,509,1366,129,8,0.06201550387596899,2,6,11,118,0.9147286821705426,0.25,0.8759124087591241,0.13180338195362046,0.9788412973595775,0.7403100775193798
7,sider,SIDER26,tr,509,1366,1015,91,0.0896551724137931,64,27,79,936,0.9221674876847291,0.7032967032967034,0.9041591320072333,0.5122417889471301,0.9945461080795417,0.9397715584907703
7,sider,SIDER26,va,509,1366,112,11,0.09821428571428571,5,6,10,102,0.9107142857142857,0.45454545454545453,0.8699186991869918,0.31852949464851515,0.9852521504418543,0.857142857142857
7,sider,SIDER26,te,509,1366,130,7,0.05384615384615385,2,5,14,116,0.8923076923076924,0.2857142857142857,0.8613138686131386,0.1220510842606257,0.969225112327624,0.6395604395604396
8,sider,SIDER26,tr,509,1366,1013,93,0.09180651530108588,69,24,91,922,0.910167818361303,0.7419354838709677,0.8960216998191681,0.5144664246542948,0.9944837112465856,0.9403347875468373
8,sider,SIDER26,va,509,1366,114,9,0.07894736842105263,4,5,6,108,0.9473684210526315,0.4444444444444444,0.9105691056910569,0.3733474169499588,0.9703151985712091,0.7651072124756335
8,sider,SIDER26,te,509,1366,130,7,0.05384615384615385,2,5,11,119,0.9153846153846154,0.2857142857142857,0.8832116788321168,0.15109422828003757,0.9696767086627982,0.6978021978021978
9,sider,SIDER26,tr,509,1366,1021,85,0.0832517140058766,66,19,90,931,0.9118511263467189,0.7764705882352941,0.9014466546112115,0.5267319990286805,0.9954618348954658,0.9460621075070577
9,sider,SIDER26,va,509,1366,109,14,0.12844036697247707,7,7,10,99,0.908256880733945,0.5,0.8617886178861789,0.37569324504360085,0.9733626031597482,0.8256880733944956
9,sider,SIDER26,te,509,1366,127,10,0.07874015748031496,0,10,14,113,0.889763779527559,0.0,0.8248175182481752,-0.09466939498778305,0.9534360219373661,0.5968503937007874
10,sider,SIDER26,tr,509,1366,1020,86,0.08431372549019608,66,20,93,927,0.9088235294117647,0.7674418604651163,0.8978300180831826,0.516170192299951,0.9952111387243724,0.9445508435932513
10,sider,SIDER26,va,509,1366,116,7,0.0603448275862069,4,3,9,107,0.9224137931034483,0.5714285714285714,0.9024390243902439,0.37213313297189926,0.9879547958224215,0.8583743842364532
10,sider,SIDER26,te,509,1366,121,16,0.1322314049586777,5,11,10,111,0.9173553719008265,0.3125,0.8467153284671532,0.23641868077775202,0.9544681725861216,0.7288223140495869
11,sider,SIDER26,tr,509,1366,1011,95,0.09396636993076163,73,22,84,927,0.9169139465875371,0.7684210526315789,0.9041591320072333,0.5502465893387702,0.9942451873255005,0.9395387578739132
11,sider,SIDER26,va,509,1366,118,5,0.0423728813559322,1,4,14,104,0.8813559322033898,0.2,0.8536585365853658,0.04909731295457699,0.9810124845807737,0.6440677966101694
11,sider,SIDER26,te,509,1366,128,9,0.0703125,4,5,20,108,0.84375,0.4444444444444444,0.8175182481751825,0.18783088361360878,0.9485423907754508,0.6345486111111112
12,sider,SIDER26,tr,509,1366,1018,88,0.08644400785854617,70,18,98,920,0.9037328094302554,0.7954545454545454,0.895117540687161,0.5271724795392868,0.9948430801067751,0.9413734595463477
12,sider,SIDER26,va,509,1366,114,9,0.07894736842105263,3,6,15,99,0.868421052631579,0.3333333333333333,0.8292682926829268,0.14865029074648353,0.9658636757256951,0.723196881091618
12,sider,SIDER26,te,509,1366,125,12,0.096,1,11,24,101,0.808,0.08333333333333333,0.7445255474452555,-0.07953585594530535,0.9505307368911551,0.636
13,sider,SIDER26,tr,509,1366,1016,90,0.08858267716535433,71,19,82,934,0.9192913385826772,0.7888888888888889,0.9086799276672695,0.5608151535060952,0.9945273202945443,0.9398840769903761
13,sider,SIDER26,va,509,1366,113,10,0.08849557522123894,4,6,15,98,0.8672566371681416,0.4,0.8292682926829268,0.20210369380339618,0.9800830249181309,0.8123893805309735
13,sider,SIDER26,te,509,1366,128,9,0.0703125,2,7,8,120,0.9375,0.2222222222222222,0.8905109489051095,0.15212119310873728,0.9614155791416368,0.6614583333333334
14,sider,SIDER26,tr,509,1366,1020,86,0.08431372549019608,61,25,93,927,0.9088235294117647,0.7093023255813954,0.8933092224231465,0.47813153298347444,0.9949863948185698,0.9414500683994529
14,sider,SIDER26,va,509,1366,111,12,0.10810810810810811,5,7,17,94,0.8468468468468469,0.4166666666666667,0.8048780487804879,0.2040248074908208,0.963650823403512,0.7342342342342343
14,sider,SIDER26,te,509,1366,126,11,0.0873015873015873,4,7,15,111,0.8809523809523809,0.36363636363636365,0.8394160583941606,0.19230929640608502,0.9700678506782437,0.7481962481962482
15,sider,SIDER26,tr,509,1366,1020,86,0.08431372549019608,67,19,83,937,0.9186274509803921,0.7790697674418605,0.9077757685352622,0.5456846374816993,0.995406966545977,0.9456908344733242
15,sider,SIDER26,va,509,1366,112,11,0.09821428571428571,1,10,17,95,0.8482142857142857,0.09090909090909091,0.7804878048780488,-0.04915016808599814,0.9568486514213159,0.6452922077922076
15,sider,SIDER26,te,509,1366,125,12,0.096,2,10,15,110,0.88,0.16666666666666666,0.8175182481751825,0.040016336533252,0.954474377693192,0.6773333333333332
1,sider,SIDER27,tr,509,1366,721,385,0.5339805825242718,351,34,24,697,0.9667128987517337,0.9116883116883117,0.9475587703435805,0.8839274080595403,0.9951576669191292,0.9905686546463246
1,sider,SIDER27,va,509,1366,79,44,0.5569620253164557,19,25,13,66,0.8354430379746836,0.4318181818181818,0.6910569105691057,0.2919981801672859,0.7705763991707961,0.669735327963176
1,sider,SIDER27,te,509,1366,108,29,0.26851851851851855,8,21,21,87,0.8055555555555556,0.27586206896551724,0.6934306569343066,0.08141762452107276,0.7901978452300209,0.5252234993614304
2,sider,SIDER27,tr,509,1366,738,368,0.4986449864498645,326,42,22,716,0.9701897018970189,0.8858695652173914,0.9421338155515371,0.8686237475043951,0.9937204446450755,0.9867333863556028
2,sider,SIDER27,va,509,1366,85,38,0.4470588235294118,11,27,12,73,0.8588235294117647,0.2894736842105263,0.6829268292682927,0.17573988352982678,0.7746675187541746,0.6151702786377709
2,sider,SIDER27,te,509,1366,85,52,0.611764705882353,22,30,12,73,0.8588235294117647,0.4230769230769231,0.6934306569343066,0.3167005639881504,0.759352467915595,0.6545248868778281
3,sider,SIDER27,tr,509,1366,735,371,0.5047619047619047,343,28,15,720,0.9795918367346939,0.9245283018867925,0.961121157323689,0.9123562574719006,0.9964435954295005,0.9928158864624016
3,sider,SIDER27,va,509,1366,76,47,0.618421052631579,18,29,17,59,0.7763157894736842,0.3829787234042553,0.6260162601626016,0.17154623191509827,0.7468999105269392,0.6254199328107504
3,sider,SIDER27,te,509,1366,97,40,0.41237113402061853,18,22,27,70,0.7216494845360825,0.45,0.6423357664233577,0.1661721334854581,0.7745017442693782,0.6018041237113403
4,sider,SIDER27,tr,509,1366,734,372,0.5068119891008175,346,26,32,702,0.9564032697547684,0.9301075268817204,0.9475587703435805,0.8830635105744221,0.9950056620735285,0.9894304298145381
4,sider,SIDER27,va,509,1366,86,37,0.43023255813953487,17,20,19,67,0.7790697674418605,0.4594594594594595,0.6829268292682927,0.24042565702832908,0.8311007862910585,0.6995600251414205
4,sider,SIDER27,te,509,1366,88,49,0.5568181818181818,14,35,23,65,0.7386363636363636,0.2857142857142857,0.5766423357664233,0.0262874863962293,0.6703547450910585,0.5227272727272727
5,sider,SIDER27,tr,509,1366,731,375,0.5129958960328317,348,27,42,689,0.9425444596443229,0.928,0.9376130198915009,0.8625344769730677,0.9934880069096784,0.9859881440948473
5,sider,SIDER27,va,509,1366,81,42,0.5185185185185185,14,28,14,67,0.8271604938271605,0.3333333333333333,0.6585365853658537,0.18150336025973463,0.7705433886553996,0.6410934744268076
5,sider,SIDER27,te,509,1366,96,41,0.4270833333333333,13,28,16,80,0.8333333333333334,0.3170731707317073,0.6788321167883211,0.16860998321231824,0.7716238233551256,0.6222052845528456
6,sider,SIDER27,tr,509,1366,736,370,0.5027173913043478,342,28,25,711,0.9660326086956522,0.9243243243243243,0.9520795660036167,0.8921721509941383,0.9953209058254939,0.9905111633372503
6,sider,SIDER27,va,509,1366,79,44,0.5569620253164557,18,26,17,62,0.7848101265822784,0.4090909090909091,0.6504065040650406,0.2059892965033323,0.7524315257991305,0.6257192174913694
6,sider,SIDER27,te,509,1366,93,44,0.4731182795698925,13,31,23,70,0.7526881720430108,0.29545454545454547,0.6058394160583942,0.05107242465054968,0.7294133157560778,0.5562072336265885
7,sider,SIDER27,tr,509,1366,731,375,0.5129958960328317,351,24,28,703,0.9616963064295485,0.936,0.9529837251356239,0.8953997116968976,0.9955031405761232,0.990562699498404
7,sider,SIDER27,va,509,1366,74,49,0.6621621621621622,14,35,12,62,0.8378378378378378,0.2857142857142857,0.6178861788617886,0.14814656050918745,0.7240952893266113,0.6475455046883618
7,sider,SIDER27,te,509,1366,103,34,0.3300970873786408,11,23,24,79,0.7669902912621359,0.3235294117647059,0.656934306569343,0.08965346584621126,0.8006555163865673,0.5685322672758424
8,sider,SIDER27,tr,509,1366,731,375,0.5129958960328317,339,36,23,708,0.9685362517099864,0.904,0.9466546112115732,0.8802723268972698,0.9947988097482042,0.9895996352029184
8,sider,SIDER27,va,509,1366,80,43,0.5375,14,29,20,60,0.75,0.32558139534883723,0.6016260162601627,0.08058601212696889,0.709819045987246,0.5534883720930233
8,sider,SIDER27,te,509,1366,97,40,0.41237113402061853,18,22,18,79,0.8144329896907216,0.45,0.708029197080292,0.2731615451783312,0.7885008215478702,0.6234536082474227
9,sider,SIDER27,tr,509,1366,751,355,0.47270306258322237,329,26,20,731,0.9733688415446072,0.9267605633802817,0.9584086799276673,0.9042290200211598,0.9965165120275764,0.9921531854241293
9,sider,SIDER27,va,509,1366,76,47,0.618421052631579,16,31,14,62,0.8157894736842105,0.3404255319148936,0.6341463414634146,0.17675689836558234,0.7261835456247389,0.6206606942889138
9,sider,SIDER27,te,509,1366,81,56,0.691358024691358,11,45,14,67,0.8271604938271605,0.19642857142857142,0.5693430656934306,0.030023978407524028,0.7046361096773265,0.591710758377425
10,sider,SIDER27,tr,509,1366,737,369,0.5006784260515604,338,31,24,713,0.9674355495251018,0.9159891598915989,0.9502712477396021,0.8877194109232155,0.9958944653034386,0.9914838225722827
10,sider,SIDER27,va,509,1366,84,39,0.4642857142857143,14,25,21,63,0.75,0.358974358974359,0.6260162601626016,0.11238825063643829,0.7825475457374406,0.5958485958485958
10,sider,SIDER27,te,509,1366,87,50,0.5747126436781609,16,34,16,71,0.8160919540229885,0.32,0.635036496350365,0.1548486557416716,0.747888422230896,0.6668965517241379
11,sider,SIDER27,tr,509,1366,740,366,0.4945945945945946,327,39,21,719,0.9716216216216216,0.8934426229508197,0.945750452079566,0.8765577615755498,0.9950372283379587,0.9887165854378969
11,sider,SIDER27,va,509,1366,82,41,0.5,13,28,12,70,0.8536585365853658,0.3170731707317073,0.6747967479674797,0.19999999999999987,0.7610818652339859,0.6338488994646045
11,sider,SIDER27,te,509,1366,86,51,0.5930232558139535,17,34,13,73,0.8488372093023255,0.3333333333333333,0.656934306569343,0.2129413237053794,0.7057152176132794,0.6062471500227998
12,sider,SIDER27,tr,509,1366,745,361,0.48456375838926175,330,31,19,726,0.974496644295302,0.9141274238227147,0.9547920433996383,0.8965802251540979,0.9959691323749367,0.9911357340720222
12,sider,SIDER27,va,509,1366,79,44,0.5569620253164557,15,29,9,70,0.8860759493670886,0.3409090909090909,0.6910569105691057,0.2745452290952873,0.793372899669148,0.7022439585730724
12,sider,SIDER27,te,509,1366,84,53,0.6309523809523809,15,38,17,67,0.7976190476190477,0.2830188679245283,0.5985401459854015,0.0928212113999654,0.7019104097120525,0.5947888589398024
13,sider,SIDER27,tr,509,1366,730,376,0.5150684931506849,346,30,24,706,0.9671232876712329,0.9202127659574468,0.9511754068716094,0.8908482088873836,0.9954857345051018,0.9907971436898864
13,sider,SIDER27,va,509,1366,87,36,0.41379310344827586,13,23,25,62,0.7126436781609196,0.3611111111111111,0.6097560975609756,0.07262729045926757,0.7323990256437042,0.5584291187739463
13,sider,SIDER27,te,509,1366,91,46,0.5054945054945055,12,34,16,75,0.8241758241758241,0.2608695652173913,0.635036496350365,0.09959972087522256,0.6737887013966035,0.5468227424749165
14,sider,SIDER27,tr,509,1366,743,363,0.48855989232839836,320,43,35,708,0.9528936742934051,0.8815426997245179,0.9294755877034359,0.839279860014111,0.9916464514171948,0.9818841788742682
14,sider,SIDER27,va,509,1366,80,43,0.5375,18,25,19,61,0.7625,0.4186046511627907,0.6422764227642277,0.18830364975520494,0.765910599480863,0.6305232558139535
14,sider,SIDER27,te,509,1366,85,52,0.611764705882353,15,37,17,68,0.8,0.28846153846153844,0.6058394160583942,0.10146026306729633,0.6000146263790225,0.4733031674208145
15,sider,SIDER27,tr,509,1366,741,365,0.4925775978407557,345,20,22,719,0.970310391363023,0.9452054794520548,0.9620253164556962,0.9142525119535599,0.9952396716057612,0.9901798753997745
15,sider,SIDER27,va,509,1366,78,45,0.5769230769230769,14,31,11,67,0.8589743589743589,0.3111111111111111,0.6585365853658537,0.2035812284769244,0.6761578290899993,0.5777777777777778
15,sider,SIDER27,te,509,1366,89,48,0.5393258426966292,21,27,15,74,0.8314606741573034,0.4375,0.6934306569343066,0.2915361870363421,0.7621776013560048,0.6495786516853933
